Account_ID,Customer_ID,Account_Type,Average_Balance,Monthly_Expenses,Monthly_Savings,EMI,Loan_Amount,Credit_Score,Debt_to_Income_Ratio,Number_of_Accounts,Digital_Banking_Usage,Mobile_App_Usage,ATM_Transactions,Online_Transactions
ACC203406,CUST103551,Salary,16591.77,5857.55,3011.73,0,0,577,0.02,1,76,55,12,17
ACC200757,CUST102536,Savings,187029.66,43281.09,33931.15,15352.07,1183382.52,681,0.16,3,86,61,14,26
ACC203624,CUST104283,Current,90674.99,50955.55,-49849.18,85735.87,978044.66,,,3,94,63,8,21
ACC204544,CUST103851,Fixed Deposit Linked,5001.16,1500,579.46,0,0,562,0,4,29,10,15,10
ACC203235,CUST100634,Salary,5874.73,4068.77,1031.62,0,0,623,0.01,3,98,91,14,24
ACC201868,CUST104331,Fixed Deposit Linked,16614.03,1500,1525.13,0,0,,0.02,4,76,76,17,29
ACC202916,CUST104813,Savings,5945.41,1500,1575.56,0,0,534,0,3,67,82,17,29
ACC203335,CUST102477,Savings,95893.65,20119.58,,0,0,585,0,2,45,28,16,14
ACC203527,CUST101418,Salary,90832.38,38532.09,23018.96,0,0,677,0,2,99,68,10,30
ACC202827,CUST104010,Savings,928.41,1500,159.32,0,0,616,0,3,94,93,6,51
ACC204392,CUST100716,Savings,5805.72,2526.5,1614.69,0,0,545,0,3,80,77,9,25
ACC203484,CUST102618,Fixed Deposit Linked,699817.07,117289.25,74901.72,0,,658,0,1,82,61,4,24
ACC202961,CUST104182,Savings,13378.28,4789.29,2680.28,442.01,20422.05,580,0.02,,85,100,9,24
ACC203215,CUST100207,Salary,346270.63,84389.55,63570.77,59017.47,5953713.64,598,0.29,2,71,69,9,30
ACC204301,CUST104464,Salary,111072.64,42683.38,13177.73,56852.33,4993888.45,586,0.45,2,83,59,14,32
ACC200615,CUST102173,Salary,310317.22,45368.36,53913.67,0,0,763,0,3,77,68,9,28
ACC200640,CUST103464,Savings,54293.06,10709.49,12082.14,0,0,547,0,1,46,0,23,8
ACC203708,CUST101521,Salary,106061.36,37100.88,18896.75,0,0,716,0.05,4,47,67,19,25
ACC202366,CUST101140,,3805.97,13146.87,-3425.81,12541.03,378925.1,457,0.62,2,28,14,,5
ACC202755,CUST104590,Salary,109769.72,54215.29,10518.25,90115.38,4395392.68,623,0.6,4,79,71,10,38
ACC202318,CUST100546,Salary,345889.66,103542.24,53709.56,0,0,686,0.04,2,49,36,22,15
ACC204171,CUST103110,Salary,968.58,1500,-1759.18,2270.13,49813.91,483,1.11,3,67,60,13,21
ACC204760,CUST104433,Current,861631.03,502764.8,85304.82,349394.91,19561308.12,581,0.41,1,40,34,16,14
ACC202190,CUST103279,Savings,,218630.91,-2292959.9,2521232.72,28390353.72,612,1.5,4,71,45,11,27
ACC204714,CUST100606,Savings,58075.58,37777.45,16909.38,0,0,619,0,1,81,82,7,33
ACC202867,CUST104126,Fixed Deposit Linked,160647.09,44954.83,15015.31,20700.89,,627,0.26,1,83,100,12,35
ACC203731,CUST101112,Savings,43087.04,69746.14,-1302.53,45698.68,4313919.22,595,0.38,,96,60,7,26
ACC200470,CUST102964,Current,2001260.44,160001.87,138954.15,0,0,634,0.04,1,78,63,12,21
ACC202530,CUST104794,Salary,1009.84,1500,198.2,0,0,509,0,2,90,100,16,30
ACC202211,CUST102944,Salary,16281.15,,-28620.62,55940.24,2744533.86,490,0.61,2,97,75,10,34
ACC200625,CUST104719,Savings,478682.89,45348.95,74454.98,0,0,607,0,1,72,51,7,26
ACC204202,CUST102560,Savings,6832.48,1948.61,1180.26,0,0,544,0,3,100,97,9,34
ACC204819,CUST102931,Savings,64156.2,76454.86,6301.57,55130.25,4944826,607,0.4,2,80,100,9,30
ACC201874,CUST103203,Salary,465662.79,44093.85,83096.92,0,0,620,0,1,83,86,8,34
ACC204575,CUST100753,Salary,161656.23,55169.65,31880.62,0,0,613,0.03,3,67,61,6,28
ACC202061,CUST102906,Current,163641.69,26522.41,27656,0,0,721,0.02,4,24,29,10,5
ACC203691,CUST103223,Current,,3454.97,359.34,0,0,563,,2,100,100,3,33
ACC202288,CUST103364,Savings,110475.35,26677.2,25414.82,0,0,638,0.01,1,48,18,11,14
ACC204126,CUST102188,Fixed Deposit Linked,121766.03,44881.68,23045.46,0,0,681,0,1,78,90,9,32
ACC200370,CUST103945,Savings,18974.86,65088.58,-7688.38,39832.32,3843966.68,638,0.39,2,57,90,9,39
ACC204398,CUST101460,Salary,281642.68,31687.87,57591.42,0,0,685,0.01,4,100,89,14,30
ACC203244,CUST103041,Salary,168337.64,174352.17,12232.09,,8443774.28,589,0.28,3,52,34,10,12
ACC201218,CUST100332,,103994,45096.96,16181.05,0,0,632,,2,83,68,8,21
ACC203503,CUST104768,Salary,486290.05,136582.85,,0,,657,0,4,70,79,9,40
ACC203557,CUST102109,Savings,184181.07,55557.35,48889.26,0,0,670,0,1,76,71,13,33
ACC200275,CUST103248,Salary,12313.11,27187.29,,32440.33,2040847.39,523,0.55,3,94,100,10,42
ACC204550,CUST101122,Savings,,43827.6,-30275.48,50252.41,1089418.02,494,0.84,1,91,100,,43
ACC203070,CUST101655,Current,1354969.98,133377.2,113557.13,0,0,654,0.01,2,52,45,5,19
ACC200195,CUST101096,Savings,570437.24,80186.25,90067.13,0,,718,0,2,60,68,15,16
ACC203778,CUST102120,Current,946.93,1500,-347.46,0,0,512,0.02,3,59,48,12,17
ACC202261,CUST102189,Savings,8271.37,2222.62,1911.76,0,0,540,0.01,3,89,100,6,39
ACC204337,CUST101887,Salary,18881.84,43923.47,-102717.19,133360.24,2806486.77,429,1.5,1,70,67,15,25
ACC201440,CUST104197,Savings,225580.97,32774.51,39702.53,0,0,650,0,2,82,73,9,33
ACC201125,CUST100402,Salary,9241.31,4513.02,2658.47,0,0,494,0.03,1,100,95,10,37
ACC200676,CUST103002,NRI,8484.02,1835.81,1910.07,0,0,580,0.05,2,74,62,9,35
ACC202605,CUST100741,Current,196461.64,10056.49,11530.08,0,0,629,0,1,47,21,14,10
ACC203018,CUST103623,Salary,68030.02,47290,11549.97,21295.99,2322093.12,657,0.35,3,90,89,6,
ACC203032,CUST101246,Savings,2787.22,1500,336.56,0,0,466,0,1,64,46,10,28
ACC200161,CUST103143,Savings,144701.03,36399.52,32634.3,0,0,704,0,2,37,39,11,11
ACC202063,CUST102759,Salary,255429.87,60749.04,63688.27,0,0,720,0.02,3,45,81,16,32
ACC203690,CUST103699,Salary,121062.67,18227.49,20891.11,0,0,645,0.01,3,,54,27,12
ACC201841,CUST100411,Salary,58108.8,58912.74,-190203.98,261582.72,5627824.54,523,1.5,,78,93,4,34
ACC204558,CUST100728,Savings,2238.76,1500,343.65,0,0,566,0,1,100,100,14,43
ACC200078,CUST102527,Savings,117869.22,31021.61,23327.62,28175.7,2633766.97,,0.31,2,65,53,11,22
ACC201536,CUST103855,Savings,117578.26,38975.92,24699.96,11865.28,684530.75,729,0.16,3,35,14,17,14
ACC202764,CUST103662,Savings,294255.45,33235.89,50052.06,0,0,697,0,3,55,64,8,24
ACC202921,CUST100406,Fixed Deposit Linked,77672.68,52777.95,7479.14,17381.04,1220989.92,565,0.29,4,88,93,11,37
ACC202172,CUST100612,Salary,199840.87,62288.61,44568.83,0,0,718,0.03,2,62,63,13,26
ACC204433,CUST104571,Savings,11101.25,4809.4,1615.24,0,0,586,0.03,3,100,93,6,39
ACC200567,CUST101867,Savings,25158.04,4794.47,5510.88,0,0,539,0.02,1,65,43,16,21
ACC201947,CUST100729,Salary,27873.38,28462.83,,229821.51,2635332.43,558,1.5,3,71,98,,28
ACC203383,CUST101453,Savings,192576.61,582165.16,-751810.48,1349802.95,28434352.82,586,1.16,1,31,41,18,17
ACC201252,CUST100490,Current,68230.93,53509.88,-54344.3,109634.56,3427427.65,476,0.97,4,64,71,12,23
ACC201982,CUST102098,,23465.7,49552.15,-215489.79,297992.33,3375276.44,,1.5,3,49,50,11,16
ACC200402,CUST100787,Savings,89956.59,102296.63,-114242.65,245603.66,5207233.68,,1.07,3,46,2,13,12
ACC203893,CUST103229,,43063.9,56210.23,-13456.51,44697.29,1335458,559,0.47,3,82,74,8,34
ACC204434,CUST101145,Savings,275178.94,121464.87,49462.29,0,0,682,0,3,81,68,10,31
ACC202316,CUST102841,Current,9289622.52,450343.58,,0,0,724,0.03,2,60,67,12,27
ACC200687,CUST102052,Savings,3917.48,7024.64,524.72,0,0,615,0.07,1,73,100,9,30
ACC200459,CUST100812,Salary,21427.51,63638.71,-353075.9,383753.83,4315511.2,464,1.5,1,58,76,11,22
ACC200145,CUST103238,Savings,250952.73,64731.8,,0,0,724,0,1,74,60,10,39
ACC204758,CUST102869,Fixed Deposit Linked,13771.1,2426.01,2011.64,0,0,562,0,2,100,100,9,46
ACC202754,CUST102562,Savings,,36174.56,-27689.08,80833.65,1740531.65,541,0.92,4,49,71,14,29
ACC204138,CUST102116,Salary,87868.85,27284.04,20394.57,0,,578,0.01,2,66,46,12,15
ACC204311,CUST100638,Fixed Deposit Linked,7865362.66,453386,731203.96,0,0,714,0.03,2,39,44,12,13
ACC201569,CUST102083,Savings,,23706.68,13326.03,0,0,554,0,1,100,100,6,27
ACC201227,CUST103153,Savings,105367.89,52184.53,14295.96,15035.55,691068.29,665,0.19,3,,90,5,46
ACC203788,CUST103562,Salary,204164.05,44667.43,,0,0,607,,2,81,76,9,27
ACC202688,CUST103492,Savings,208992.22,41691.8,41398.48,,0,,0,2,92,80,10,27
ACC202036,CUST104640,Savings,296033.95,66503.56,85175.89,0,0,,0.04,5,94,91,7,37
ACC201858,CUST102321,Salary,500,1500,-846.13,704.72,34633.22,524,0.57,5,44,44,12,14
ACC203490,CUST103935,Fixed Deposit Linked,136978.37,47489.45,13294.86,,2480333.6,600,0.3,1,93,90,12,34
ACC203735,CUST104060,Savings,425158.44,54156.46,87116.69,0,0,619,0,2,68,82,11,25
ACC200004,CUST100705,,27727.63,38549.54,-15089.7,35222.06,1628780.69,573,0.6,3,52,58,11,21
ACC204133,CUST103205,Current,253436.61,268507.89,-228272.06,460964.96,14299425.6,503,0.89,2,65,51,15,30
ACC201272,CUST102835,Salary,263664.1,117339.33,74329.2,0,0,593,0,2,81,68,10,37
ACC204635,CUST100512,Savings,176010.09,32083.75,45502.25,0,0,665,0.02,4,87,100,11,37
ACC201343,CUST100564,Salary,49155.27,16715.65,14192.93,7383.16,693217.15,569,0.16,4,54,34,19,15
ACC203986,CUST102209,Savings,95699.05,15161.43,23435.01,0,0,588,0,2,46,30,21,15
ACC200735,CUST104841,Savings,16668.78,4829.22,3281.11,0,0,602,0.01,3,82,96,7,47
ACC201193,CUST104812,Savings,225995.64,74378.22,36521.59,0,0,688,0.03,4,78,65,4,37
ACC203439,CUST102412,Current,571878.15,268678.3,-116765.06,450792.68,27920806.21,556,0.73,4,59,74,13,20
ACC203449,CUST101690,Savings,187372.4,233535.95,-174899.17,354954.17,28033355.19,548,0.87,4,87,76,10,19
ACC200213,CUST102483,Savings,154473.64,,31507.66,57730.1,5846019.83,,0.36,1,94,67,10,37
ACC201637,CUST102643,Salary,108677.69,38138.47,23077.45,0,0,649,,3,68,88,6,27
ACC201661,CUST100761,Fixed Deposit Linked,9242.77,1500,1067.04,0,0,599,0.02,2,85,,10,27
ACC204146,CUST102371,Savings,99257.28,38119.9,26777.74,0,0,674,0.08,3,40,36,12,17
ACC204348,CUST104138,Savings,479310.51,65721.14,105457.88,0,0,675,0.02,5,79,81,7,32
ACC204662,CUST101715,Savings,3787.27,1500,563.92,0,0,588,0,,88,100,7,35
ACC200766,CUST101010,NRI,483419.63,91016.25,87492.61,0,0,619,0,3,81,64,11,23
ACC203939,CUST102001,Salary,39518.36,67404.09,-7986.74,33131.41,2777295.25,642,0.36,3,90,99,7,39
ACC202451,CUST102647,Salary,87486.37,11107.54,19129.74,0,0,623,0,,24,41,13,11
ACC204883,CUST104191,Fixed Deposit Linked,58598.01,89033.84,-5707.95,43533.91,941561.41,651,0.34,3,70,48,13,27
ACC201382,CUST102547,Current,801250.21,826783.25,-378731.11,823108.59,81447114.35,610,0.58,3,52,45,12,19
ACC203769,CUST103861,Savings,7502.43,5561.22,1905.84,0,0,654,0,1,95,100,8,43
ACC202610,CUST101206,Salary,15730.87,62502.95,-3086.13,42933,,573,0.43,1,,85,10,47
ACC204310,CUST100055,Savings,589.08,,-43.8,0,0,610,0.03,4,90,87,8,35
ACC203874,CUST102541,Salary,17101.15,57245.29,-129385.81,157375.66,3400554.66,525,1.5,2,75,79,7,33
ACC200876,CUST103085,,18645.43,46810.44,-78869.28,115328.89,2529501.58,498,1.44,3,100,76,14,26
ACC204010,CUST102637,Current,1135834.8,385977.83,39040.57,458373.54,22526958.23,602,0.48,4,73,57,10,25
ACC202304,CUST104065,Salary,1061.82,1500,-1142.28,2931.08,64798.1,477,0.83,2,61,55,9,24
ACC201731,CUST103885,Savings,2874.13,2397.42,412.36,0,0,617,0,3,100,75,12,36
ACC201144,CUST102910,Salary,231509.4,25135.61,36538.85,2876.23,298757.75,627,0.03,2,48,21,20,16
ACC200449,CUST100093,Savings,100346.6,45247.26,21049.41,11086.31,1021530.2,584,0.17,1,86,82,4,30
ACC203375,CUST104931,Savings,132936.42,25495.52,32657.33,0,0,708,0,4,100,100,22,44
ACC202643,CUST104550,Savings,3206.41,5903.17,512.4,0,0,567,,4,96,99,10,30
ACC200723,CUST103838,Current,,409009.88,-328458.82,628878.1,39616019.67,579,0.83,2,46,17,8,9
ACC200561,CUST103338,Savings,12054.01,31936.94,-87371.83,134560.75,2868461.21,517,1.5,1,99,61,13,27
ACC202273,CUST104155,Savings,1333637.94,234591.83,364329.21,0,0,696,0.03,4,69,72,7,29
ACC201634,CUST103204,Savings,82811.31,33786.06,20214.45,0,,684,0,2,36,14,21,8
ACC200194,CUST102018,Savings,6390.22,2517.63,885.37,0,0,579,0,2,71,68,7,34
ACC203190,CUST102335,Savings,44591.99,50553.02,5905.37,12978.33,832597.05,543,0.15,3,67,61,10,20
ACC200770,CUST102229,Salary,9168.81,,-1852.96,20606.84,934746.01,565,0.36,3,100,89,11,35
ACC200616,CUST101456,Savings,5289.59,3151.36,1356.03,0,0,574,0.02,3,76,91,13,34
ACC204079,CUST103877,Savings,259067.4,101781.88,70747.45,0,0,677,0.01,2,80,,12,30
ACC203613,CUST100398,Savings,54560.63,42358.18,13584.1,9137.04,,554,0.16,4,,17,14,7
ACC202447,CUST100460,Savings,2921.85,1600,931.25,0,0,560,0,3,85,88,7,35
ACC201095,CUST100432,Current,468504.41,500034.35,-4084868.83,4456229.42,51164265.39,538,1.5,5,,65,12,27
ACC202421,CUST102698,Savings,504340.56,106360.68,150560.8,0,0,680,0,4,59,46,23,20
ACC204030,CUST103212,Fixed Deposit Linked,57081.4,162079.28,-72934.81,134079.79,5833601.74,560,0.56,2,80,74,6,31
ACC202466,CUST102285,Savings,3430.91,6448.08,-3996.12,4586.64,,458,0.64,5,76,98,7,36
ACC203598,CUST101325,Salary,13424.89,95872.53,-34869.99,66373.08,4564057.55,640,0.55,1,50,46,23,15
ACC203765,CUST103569,Salary,37692.78,69211.49,-1650.99,39166.43,1844913.87,648,0.41,1,72,57,14,26
ACC201178,CUST104221,Current,6186045.07,456478.8,357202.1,478813.67,,659,0.39,2,30,30,13,15
ACC204440,CUST101353,Savings,84446.45,68339.13,12082.32,,1304563.22,561,0.11,1,59,82,13,22
ACC200446,CUST102328,Current,408852.09,24619.83,39794.4,0,0,667,0,5,39,28,19,14
ACC200172,CUST102696,Savings,,5937.01,1021.51,0,0,573,0.01,3,93,100,8,40
ACC204285,CUST101169,Fixed Deposit Linked,244412.96,69844.26,24772.88,0,0,660,0,2,60,48,11,27
ACC203816,CUST100028,Savings,120698.61,114969.08,16361.97,,,620,0.38,1,86,77,7,36
ACC201179,CUST104693,Savings,138240.48,27186.51,38384.89,0,0,644,0.03,3,38,6,11,9
ACC200732,CUST103822,Savings,171030.96,19231.19,32430.84,0,0,646,0.01,2,10,23,17,6
ACC201901,CUST100816,Fixed Deposit Linked,8995.99,1591.68,904.46,0,0,604,0.02,4,100,100,5,
ACC202670,CUST103889,Salary,88107.87,41302.55,12846.99,43779.48,2074504.89,631,0.42,2,47,61,18,19
ACC201124,CUST102589,Salary,164323.97,69044.9,40584.98,0,0,671,0,2,66,66,6,30
ACC202646,CUST100456,Salary,7726.88,2456,1279.92,0,0,615,0.03,2,95,100,10,50
ACC202338,CUST101582,Salary,409356.75,96913.7,72893.23,0,0,688,0,5,85,71,12,42
ACC200318,CUST104802,Salary,7672.99,1901.25,1330.5,1051.71,32332.99,555,0.21,3,44,64,,21
ACC204036,CUST101724,Salary,20053.12,54523.09,-57192.05,108162.56,2389709.58,570,1.06,1,86,80,12,25
ACC201003,CUST103671,Savings,236740.7,64106.4,50660.56,35910.19,3219236.43,643,0.22,2,56,64,13,19
ACC202725,CUST102010,Savings,29412.36,,-424205.53,519668.09,5914039.94,570,1.5,3,81,72,10,31
ACC204154,CUST102645,Savings,49343.29,54979.86,-7070.44,64545.53,2950507.23,590,0.62,2,77,67,10,31
ACC201391,CUST100809,Savings,212346.21,107041.82,42533.89,0,0,542,0.02,2,61,79,9,
ACC203677,CUST103598,Salary,68689.57,90122.87,-23437.67,73679.99,842028.37,598,0.56,2,58,71,13,29
ACC203159,CUST102579,Salary,88776.44,20084.36,15820.62,,0,621,0.06,2,100,93,12,48
ACC200981,CUST100239,Fixed Deposit Linked,445907.34,69829.19,40772.7,0,0,689,0,2,49,45,22,13
ACC202761,CUST102493,Savings,3390.39,2157.08,491.34,0,0,610,0,5,100,93,6,31
ACC201206,CUST101361,Salary,25979.52,120689.13,-141021.08,223728.56,4680700.82,480,1.13,3,61,78,8,32
ACC200594,CUST104741,Current,2452.48,1568.57,216.47,357.74,20000,487,0.17,2,94,100,10,39
ACC203945,CUST100181,Salary,4434.1,1500,1434.03,,0,571,0.05,3,81,72,8,30
ACC202120,CUST102535,Savings,409362.01,80184.69,76259.41,0,0,710,0.05,1,66,35,17,18
ACC203814,CUST101319,Salary,179510.23,130647.51,44015.31,0,0,692,0.02,4,39,17,8,11
ACC204720,CUST102565,,1417322.66,86669.64,88832.48,0,0,642,0,2,100,74,13,40
ACC202432,CUST100361,Fixed Deposit Linked,487749.53,82603.6,78863.75,39424.29,4563776.73,724,0.26,1,69,51,11,26
ACC201406,CUST101482,Current,514323.32,,44076.15,0,0,642,0,1,,14,19,6
ACC200739,CUST100274,Savings,83854.46,29877.7,15559.47,0,0,586,0.02,3,47,23,22,8
ACC204286,CUST104516,Salary,39270.2,85644.94,6111.88,31294.96,2947012.91,633,0.3,2,82,79,8,38
ACC200921,CUST101543,Savings,,49172.13,59385.18,0,,705,0,3,66,85,14,26
ACC202547,CUST102855,Savings,852604.4,368474.81,231039.57,0,0,712,0,1,73,65,11,30
ACC203571,CUST100053,,96033.26,27208.47,21488.98,0,0,617,0,1,63,59,11,22
ACC202740,CUST102453,Savings,38049.69,50046.23,-900.13,26959.89,,655,0.36,1,67,86,10,43
ACC203062,CUST103519,Current,2969055.46,265298.54,131915.73,322712.37,23809444.72,620,,1,56,50,9,24
ACC200699,CUST100511,Salary,134304.71,42471.43,41409.81,0,0,590,0.03,1,89,75,7,30
ACC204649,CUST104738,,191843.39,34491.95,49447.46,0,0,,0,6,66,46,11,21
ACC201602,CUST104365,Savings,49965.52,10394.8,12740.8,0,0,681,0.02,5,33,26,17,12
ACC202395,CUST103606,Salary,107573.94,57492.7,18795.4,24394.72,1431453.16,,,1,69,65,10,21
ACC202077,CUST101904,Savings,243419.5,45029.96,40532.89,0,0,619,0.04,4,60,37,13,19
ACC200473,CUST102778,Salary,166241.54,38219.39,35169.98,0,0,648,0,2,86,66,8,
ACC200138,CUST100964,Current,2114862.08,446936.05,,,0,664,0,3,48,,19,18
ACC203756,CUST102322,Savings,372242.83,61976.21,91529.44,0,0,747,0.02,2,74,70,10,32
ACC203021,CUST102793,Salary,135286.21,30935.85,29014.5,13771.66,1284189.96,681,0.18,3,62,88,7,34
ACC200474,CUST102948,Fixed Deposit Linked,201069.83,19600.44,25132.68,0,0,615,0,3,33,22,16,13
ACC202244,CUST103508,Fixed Deposit Linked,232637.1,47229.46,21724.56,0,0,635,0,1,95,83,11,29
ACC200328,CUST104152,Salary,2855.77,1706.21,598.46,990.04,21854.2,540,0.29,3,100,80,11,37
ACC204047,CUST104727,Current,39510.96,18173.99,-36158.33,63957.38,730282.39,,1.45,1,74,80,12,29
ACC203006,CUST101142,Savings,6975.69,,1041.8,,0,655,0.01,4,93,81,18,33
ACC204856,CUST104744,Fixed Deposit Linked,272542.07,61809.85,56427.03,0,0,657,0,1,92,100,,44
ACC200746,CUST100605,Fixed Deposit Linked,598066.81,74411.49,60637.6,0,0,670,0,1,100,88,9,33
ACC204597,CUST102839,,58398.86,11661.6,16403.1,0,0,601,0,4,74,69,8,25
ACC203377,CUST104580,Savings,196450.45,78536.3,35566.4,0,0,677,0,1,74,51,9,27
ACC202780,CUST103848,Savings,252959.61,93658.7,61714.24,0,0,678,0.05,2,76,57,7,19
ACC202082,CUST103355,Salary,99292.55,32736.51,15004.97,0,,663,0.04,1,50,57,13,24
ACC202996,CUST103648,Savings,83408.82,73793.39,6719.18,116624.44,10391010.44,574,0.6,2,76,55,12,26
ACC202103,CUST101602,Salary,98546.36,41942.77,26389.08,0,,667,0,1,100,85,7,33
ACC202626,CUST104162,Current,547036.24,39036.71,,0,0,655,,5,50,41,,19
ACC204105,CUST103476,Savings,,17897.18,11944.53,0,0,672,0,5,27,29,15,9
ACC202498,CUST104087,Fixed Deposit Linked,2302458.13,255149.59,195818.92,0,,616,0,4,73,37,7,14
ACC203105,CUST102113,Salary,11081.8,,-55552.12,76889.25,3417565.36,457,0.95,2,67,,14,15
ACC201170,CUST101864,Savings,5334.74,1500,1013.62,0,0,652,0,1,54,61,,19
ACC201335,CUST103438,Salary,108350.88,,20759.09,18269.44,1493162.67,655,0.32,2,74,77,14,24
ACC202659,CUST103336,Savings,5817.58,1854,1583.27,0,0,540,0,,77,82,6,33
ACC200207,CUST103425,Salary,7033.52,2107.92,1300.75,0,0,614,0,4,91,88,6,36
ACC203832,CUST103028,Fixed Deposit Linked,147436.96,52719.63,23188.06,0,0,702,0.04,3,89,78,9,32
ACC204420,CUST100255,Savings,4180.92,7581.67,1099.49,0,0,609,0,2,90,71,5,44
ACC201873,CUST103622,Salary,23177.92,33830.49,3460.08,18428.94,1518796.08,571,0.32,4,89,,9,34
ACC202933,CUST103965,Savings,10569.14,57099.35,-14061.6,46773.48,3142442.15,582,0.54,1,68,77,14,34
ACC204306,CUST103287,Salary,175628.07,48102.81,39186.32,,0,672,0,2,79,66,9,34
ACC204621,CUST102744,Salary,110684.97,20937.21,16837.2,0,0,559,0,3,87,100,12,37
ACC201422,CUST100576,Savings,51928.4,28512.29,9847,20504.42,635290.28,575,0.37,1,33,34,23,8
ACC204939,CUST103843,Savings,19362.31,34598.18,-60211.73,74659.52,,448,1.5,2,76,61,9,28
ACC202853,CUST100719,Fixed Deposit Linked,1263705.15,342327.7,248294.06,0,,667,0.03,5,69,97,12,30
ACC202392,CUST102023,Salary,,52739.13,28534.7,0,0,685,0.02,5,98,100,14,55
ACC204684,CUST100537,Fixed Deposit Linked,517458.04,141636.46,58756.04,,0,725,0,2,76,61,9,36
ACC202981,CUST103481,Current,735209.71,444012.4,-578673.91,,44547867.76,453,1.19,1,55,56,14,23
ACC203313,CUST104530,Savings,248796.92,34454.93,40499.09,0,0,654,0,2,94,74,11,27
ACC202522,CUST104236,Salary,18163.34,44774.25,-104894,138369,2963399.35,418,1.5,3,62,54,17,
ACC200500,CUST103716,Current,406307.21,231782.97,-27781.94,388322.7,30530915.13,533,0.68,1,84,71,11,27
ACC202406,CUST104135,Salary,,,64646.37,0,0,687,0.03,3,65,61,8,20
ACC204059,CUST103572,Current,27654.46,3122.9,3942.43,0,0,630,0,3,90,75,7,38
ACC203038,CUST102289,Savings,3092.79,3445.89,576.2,0,0,553,0,2,100,87,12,42
ACC203942,CUST104527,Savings,120193.46,,25087.25,0,0,697,,5,41,34,17,17
ACC204685,CUST102806,Savings,216998.93,33153.68,35529.24,0,0,,0.01,1,26,32,19,13
ACC202343,CUST101775,Savings,1372.21,5112.26,-7370.97,11686.27,132834.38,457,1.2,4,79,62,10,38
ACC202413,CUST102281,Savings,4405.35,1901.9,1281.89,0,0,641,0,1,100,100,6,43
ACC203899,CUST104526,Savings,175021.51,43619.77,28942.63,0,0,675,0,3,1,12,23,4
ACC202893,CUST101443,Savings,27512.14,42903.16,-8478.96,48850.31,2400237.08,604,0.62,3,,88,12,27
ACC203283,CUST102848,Current,245799.54,12018.51,22512.43,0,0,658,0.02,2,57,79,8,20
ACC204644,CUST104806,Salary,233834.32,33850.89,34751.35,22562.66,1926330.05,670,0.22,2,69,55,12,27
ACC201390,CUST101477,Salary,140275.08,40029.92,20578.99,,0,721,0,3,100,89,10,41
ACC202414,CUST101416,Savings,95824.52,255630.55,-1103251.38,1200943.13,25621160.61,508,1.5,4,59,65,18,27
ACC200767,CUST102794,Salary,11461.19,3098.36,1806.35,0,0,,0,3,88,100,11,44
ACC201537,CUST101350,Salary,188349.89,48107.68,28875.35,0,0,691,0.06,2,60,52,19,24
ACC204417,CUST100009,Current,677035.06,29258.73,53390.74,0,0,631,0.04,3,30,49,8,15
ACC200188,CUST100530,Savings,123822.82,54449.18,29201.59,0,0,675,0,4,50,44,12,11
ACC204922,CUST103993,Salary,234600.29,87783.99,52654.6,0,0,727,0,2,50,66,9,15
ACC204808,CUST100659,Fixed Deposit Linked,1023563.86,64587.18,99571.71,0,0,,0.02,2,80,98,14,33
ACC201146,CUST101623,Savings,63281.45,27413.31,,0,0,649,0,4,23,0,15,
ACC204752,CUST104891,Savings,122269.13,49235.57,20528,0,0,718,0.02,3,100,86,7,40
ACC204502,CUST101217,,629277.17,63664.02,104862.41,0,0,696,0,3,32,27,23,15
ACC204424,CUST100924,Salary,22427.6,38905.57,-57515.4,77142.02,1656485.41,511,1.3,3,69,93,7,26
ACC201459,CUST102409,Savings,248108.57,42209.33,38672.81,14822.18,1053354.24,679,0.14,2,59,,14,22
ACC203983,CUST104922,Savings,8848.22,1962.29,1407.18,0,0,605,0,2,92,100,4,44
ACC201793,CUST100222,Savings,402629.75,55066.71,,,0,716,0,2,69,55,13,24
ACC204857,CUST100709,Savings,183935.24,47427.06,33771.62,0,0,654,0,2,93,66,8,29
ACC201990,CUST103317,Savings,11385.53,4773.31,2153.16,0,0,573,0,2,100,73,16,39
ACC202397,CUST104847,Current,11853.65,3834.43,2503.1,0,0,621,0,3,71,81,12,37
ACC200427,CUST101434,Fixed Deposit Linked,176685.46,49551.5,33398.16,0,0,627,0.01,1,54,29,16,13
ACC204693,CUST103009,Current,396289.61,56084.75,35163.7,17240.99,1827156.38,640,0.14,5,40,,16,20
ACC203666,CUST101449,Fixed Deposit Linked,1919158.28,141382.6,,0,0,731,0,1,75,57,14,27
ACC200909,CUST104458,Salary,39248.84,72544.06,-360678.02,391922.4,4413893.84,523,1.5,1,,87,14,34
ACC201561,CUST100286,Savings,275228.74,57853.77,71283.73,0,0,668,,3,85,50,14,34
ACC202461,CUST102250,Savings,137455.41,22612.7,27306.3,0,0,581,0,2,32,34,16,11
ACC201458,CUST104411,Savings,243576.78,65627.2,42301.66,0,0,643,0,2,94,95,12,41
ACC200700,CUST104729,Savings,216960.62,66478.43,47681.93,0,0,,0,1,80,66,11,21
ACC203067,CUST104050,Savings,59804.97,17231.79,10110.6,0,0,624,0.05,4,31,25,17,15
ACC203795,CUST101785,Savings,38324.54,104215.72,-233338.51,269682.32,5830856,524,1.5,2,81,88,8,39
ACC201398,CUST101514,Current,1327265.26,869989.9,-5005894.48,5354380.12,59771598.51,455,1.5,2,78,,8,21
ACC200054,CUST101144,Current,568701.43,424786.62,-1147562.35,1413634.93,31055448.06,,1.5,1,40,38,18,18
ACC203303,CUST102548,Savings,847567.8,210053.6,279243.95,0,0,707,0.01,4,,49,16,30
ACC201584,CUST103366,Salary,122387.06,27796.8,26273.01,0,0,722,0,3,79,88,14,30
ACC204778,CUST102255,Savings,278382.43,66270.09,61500.05,27139.35,1479058.59,655,0.19,5,73,56,11,18
ACC201058,CUST101566,Salary,374885.11,92170.94,,0,,692,0.02,4,,61,13,30
ACC204913,CUST102695,Savings,4719.38,3449.58,1174.32,0,0,552,0,2,100,90,11,42
ACC201845,CUST102379,,138211.45,48116.69,22636.3,0,0,639,0,3,59,63,8,26
ACC203961,CUST103680,Salary,14470.73,5400.7,3307.35,0,0,568,0.07,2,100,100,11,34
ACC203445,CUST100359,Savings,1599517.55,397011.31,266662.76,0,,601,0,3,82,65,9,17
ACC203324,CUST104732,Current,1948740.98,193511.55,124752.3,0,0,635,0.01,1,39,75,7,20
ACC200788,CUST103259,Savings,16252.05,81146.45,-32541.47,70447.31,3231566.42,549,0.61,3,89,89,7,35
ACC204400,CUST102756,Salary,162537.61,71061.25,44638.55,0,0,658,0,1,72,92,5,40
ACC201965,CUST104669,Current,66996.74,75164.98,-59954.9,107703.09,1227945.52,557,0.95,1,84,88,11,29
ACC204119,CUST103531,Current,4960245.19,251596.88,454657.12,0,0,703,0,2,72,95,11,34
ACC200210,CUST103145,Savings,21001.76,65506.72,-124302.86,158176.07,3454076.44,481,1.5,4,63,60,13,32
ACC201598,CUST102282,Current,42040.68,3089.83,2894.81,0,0,675,0.01,2,57,,12,17
ACC200588,CUST100807,Savings,201952.55,43131.6,38187.63,8671.83,857032.61,636,0.06,3,58,58,15,28
ACC202167,CUST104241,Savings,157684.84,98335.65,22885.6,32009.74,3218604.48,609,,4,75,43,,18
ACC201137,CUST102395,Salary,30867.24,45021.97,-111061.61,132506.11,2826153.49,513,1.5,1,79,83,12,33
ACC202242,CUST100572,Savings,2328.04,1500,549.25,0,0,546,0,1,68,55,10,24
ACC203037,CUST101239,Savings,9193.12,2772.93,1809.59,0,0,641,0.01,2,100,97,11,28
ACC202117,CUST104240,Savings,31029.17,39029.28,-1090.53,37568.07,3088185.1,590,0.49,3,84,95,3,35
ACC203944,CUST102516,Savings,202379,30612.81,40729.87,0,0,669,0.02,3,92,62,8,27
ACC201807,CUST102361,Salary,105754.71,45822.41,20541.32,11570.23,946235.69,578,0.19,4,68,55,12,27
ACC202534,CUST100435,Savings,50487.14,86152.33,-54886.89,87796.6,1861236.9,553,0.78,2,67,77,8,28
ACC201521,CUST102318,Current,489629.44,183462.32,-247013.81,404058.89,12326007.13,536,1.17,1,56,43,9,15
ACC204980,CUST100474,,70295.41,,11045.1,5459.5,381450.18,663,0.2,3,43,41,13,18
ACC202425,CUST101506,Savings,85131.25,29286.01,14635.97,12184.79,1001840.35,677,0.25,3,73,,10,35
ACC200960,CUST101569,Savings,179616.3,37149.56,41931.11,0,0,588,0.04,3,39,45,12,19
ACC201114,CUST103381,Fixed Deposit Linked,845047.36,324499.22,131807.75,0,0,694,0,4,76,79,13,29
ACC204510,CUST100953,Savings,37046.81,119478.34,-60702.55,126582.66,5526166.41,566,0.69,2,66,65,21,36
ACC203702,CUST104860,Savings,481982.43,140314.07,,0,0,662,0.03,3,79,81,14,35
ACC202378,CUST101938,Salary,13586.11,3645.89,2275.12,0,0,621,0,3,99,100,9,39
ACC204537,CUST104558,Savings,14047.48,56887.42,-46897.36,67899.96,3070084.45,511,0.88,2,98,92,13,
ACC202631,CUST102148,Savings,18061.66,6164.14,3858.42,0,0,652,0,1,91,98,11,35
ACC204177,CUST103054,Savings,175821.55,24859.41,34399.91,0,0,687,0,3,55,74,11,27
ACC201104,CUST100270,Savings,174061.38,68503.64,27375.43,,1726033.32,641,0.1,3,56,61,11,23
ACC203897,CUST101387,Savings,76859.3,76177.49,7094.05,0,0,638,0.07,2,97,100,5,46
ACC204954,CUST102612,Savings,14133.9,27359.25,-16599.9,37744.41,812345.2,514,0.75,4,80,79,8,35
ACC204989,CUST100769,Savings,49191.05,64425.06,-16515.17,56542.64,1178955.78,647,0.51,4,61,53,14,21
ACC204527,CUST102782,Salary,42528.5,37685.78,8884.89,29139.38,886844.41,638,0.3,1,80,69,5,26
ACC204515,CUST102982,Savings,80355.3,12639.97,18394.65,0,0,618,0.07,3,39,16,25,11
ACC204715,CUST104276,Savings,30220.61,135385.99,1125.27,51425.66,4846368.87,555,0.2,1,91,86,6,41
ACC204318,CUST102878,Current,3207671.55,896181.83,435037.57,0,0,591,0,3,51,36,19,18
ACC204314,CUST101276,Current,,303910.7,-470114.94,1022117.06,32215875.4,531,1.21,2,93,90,8,30
ACC204410,CUST100223,Savings,196351.76,42312.03,46925.59,28771.42,2667656.79,,0.19,2,93,87,5,31
ACC203390,CUST104745,Savings,109877.03,169975.46,-352363.39,443966.49,13729454.81,493,1.5,1,62,74,16,28
ACC200187,CUST103661,Salary,111986.71,42575.12,26782.96,,0,645,0.06,2,90,100,7,46
ACC201090,CUST102316,Fixed Deposit Linked,301496.89,76037.78,32651.32,19039.78,1819001.3,661,0.17,3,87,77,5,26
ACC204299,CUST104345,Current,90261.28,70193.83,-201266.13,318263.54,3604407.93,548,1.5,4,100,74,4,24
ACC204091,CUST100201,Savings,,76031.83,85516.51,0,0,711,0,1,51,64,13,21
ACC203612,CUST103753,Salary,36302.72,67330.92,-3325.29,33105.81,1982375.7,638,0.38,1,92,74,8,38
ACC200305,CUST104504,Salary,69501.85,48775.18,9564.61,48401.67,2870896.22,606,,3,95,82,8,36
ACC200661,CUST100051,Current,254133.54,45948.49,30665.76,0,0,642,0.02,2,29,0,18,7
ACC202805,CUST101005,Fixed Deposit Linked,49963.71,25589.04,-176966.08,220281.89,2480495.15,497,1.5,3,80,82,11,38
ACC200678,CUST104200,Savings,79000.35,120540.03,-99792.3,208715.01,13766451.41,569,0.95,3,82,57,16,31
ACC202169,CUST102172,Salary,16635.72,70344.69,-15306.6,65868.87,5829378.88,628,0.55,2,98,100,11,49
ACC204175,CUST101997,Salary,317438.15,82874.35,51630.34,0,0,713,0,3,76,60,7,22
ACC200562,CUST103220,Salary,3709.41,1500,587.06,0,0,641,0.03,2,92,66,7,32
ACC201059,CUST100031,Salary,28373.87,,-40313.5,,702919.56,447,1.13,2,68,31,14,15
ACC201262,CUST101942,Current,569370.93,242070.31,-1781695.27,2117706.79,24048801.48,568,1.5,2,85,73,15,32
ACC202857,CUST101660,Current,225780.24,314037.54,-1302467.97,1432322.05,30187285.42,522,1.5,4,100,82,,44
ACC202000,CUST104576,Salary,85304.12,151391.65,-21262.21,82071.29,6607083.36,619,0.38,2,71,65,8,22
ACC203492,CUST103796,Savings,55856.94,83047.67,4313.32,,2457932.76,666,0.37,1,81,59,,26
ACC204934,CUST101981,Savings,130386.66,38014.99,37908.78,0,0,598,0,3,80,87,8,40
ACC202757,CUST100656,Savings,455138,81023.1,100937.18,0,0,677,0,1,62,74,12,14
ACC200889,CUST104059,Savings,251819.84,28875,47919.04,0,0,678,0,2,94,80,8,39
ACC200985,CUST101946,Salary,61466.94,65855.59,-225465.13,286888.36,3202057.57,499,1.5,2,,83,6,30
ACC200183,CUST100100,Fixed Deposit Linked,37479.73,2957.46,3046.04,0,0,589,0,2,82,57,7,35
ACC201625,CUST102592,Savings,126566.21,17079.26,20971,1546.07,124809.13,647,0.07,3,87,75,8,40
ACC202717,CUST100261,,31734.76,57233.23,-83347.27,110851.67,2446752.63,513,1.27,1,,58,10,28
ACC201435,CUST101119,Savings,28301.94,75417.52,-6358.34,29896.13,1633018.45,623,0.3,1,48,42,10,27
ACC201940,CUST104824,Current,412768.66,55988.28,33133.04,0,0,722,,6,26,,17,8
ACC200674,CUST101945,Savings,554770.13,104195.1,122735.63,0,0,634,0,,61,61,21,30
ACC202509,CUST103034,Savings,56348.48,28096.14,6122.27,13376.37,843574.13,660,0.23,1,41,,18,16
ACC204525,CUST100143,Salary,395664.19,53525.85,87691.09,0,0,673,0.02,1,84,49,12,27
ACC202842,CUST103038,Savings,46776.86,18949.42,,2990.13,138794.54,651,0.09,3,39,2,22,5
ACC202927,CUST102545,Savings,879.82,1500,-39.33,372.78,30230.53,515,0.2,1,98,87,9,41
ACC201381,CUST103312,Salary,153207.56,29480.36,,0,0,633,0,1,99,85,8,32
ACC201564,CUST102520,Fixed Deposit Linked,,15050.22,15215.93,0,0,660,0.02,1,46,32,11,18
ACC201549,CUST102952,Fixed Deposit Linked,1790831.35,220688.01,,0,0,683,0,2,55,56,16,16
ACC201489,CUST100507,Current,3801473.82,472274.34,166813.7,0,0,677,0.02,1,93,87,5,34
ACC204071,CUST102687,Salary,420595.86,45707.34,85958.76,0,0,608,0,7,99,91,7,38
ACC204478,CUST103522,Savings,39645.72,60741.16,-63238.29,104689.76,4859907.15,541,1.04,1,78,69,4,
ACC202152,CUST100246,Savings,688865.86,307319.21,88758.35,463556.92,46035213.56,588,0.53,1,80,74,10,33
ACC201498,CUST102380,NRI,105856.29,167887.21,-119816.03,207705.74,16234142.79,505,0.84,1,72,76,11,27
ACC202881,CUST104678,Salary,284060.95,94576.37,53886.25,0,0,616,0,4,61,29,23,20
ACC203087,CUST100861,Salary,1310.76,2452.06,-839.92,,20000,508,0.54,1,81,68,13,27
ACC203464,CUST100425,Savings,242924.13,107466.99,35484.66,31729.28,2675396.59,,0.18,1,63,54,14,19
ACC204935,CUST104297,Savings,173649.8,58974.69,33048.95,0,0,665,0,2,86,56,8,25
ACC204852,CUST100663,,3315676.23,259376.85,317912.11,,0,646,0.03,3,82,96,9,
ACC203199,CUST103529,Salary,307181.07,135266.67,58277.59,0,0,698,0,3,51,47,15,23
ACC200831,CUST101921,Savings,64143.89,49819.39,-214242.25,292707.83,3293101.51,503,1.5,3,74,25,9,20
ACC202749,CUST103094,Fixed Deposit Linked,536657.63,562977,-351023.84,754163.51,56169302.62,578,0.81,1,70,66,6,28
ACC200229,CUST102339,Salary,52040.59,25785.65,7973.73,0,0,632,0,3,86,93,7,29
ACC201648,CUST101627,,23598.83,36330.24,,319070.27,3560991.87,,1.5,5,70,82,12,24
ACC203360,CUST103424,Savings,238232.43,57198.6,44024.69,0,0,546,0.02,4,55,88,15,32
ACC204383,CUST103962,Savings,278409.54,68518.81,61378.11,0,0,693,0,4,83,72,11,29
ACC200718,CUST101371,Salary,327209.83,80814.42,68949.13,0,0,677,0.04,2,71,58,7,30
ACC202681,CUST100237,Fixed Deposit Linked,710387.61,128496.46,86864.48,0,0,715,0.01,2,50,50,9,24
ACC202862,CUST104974,Savings,23373.73,45505.17,-21624.13,60950.96,3257245.4,596,0.73,1,73,100,10,33
ACC204780,CUST103170,Salary,206442.41,40474.17,40611.74,0,,632,0,4,82,67,8,25
ACC201196,CUST100618,Salary,50652.53,64889.08,-28427.56,70781.52,1522044.45,626,0.62,5,65,57,6,20
ACC200622,CUST100596,Salary,35745.32,99203.8,-245396.29,283142.06,3224138.77,542,1.5,2,83,77,15,31
ACC204707,CUST102975,Fixed Deposit Linked,125246.02,,-59438.18,103597.95,6125318.07,584,0.67,1,63,65,10,31
ACC202116,CUST102655,,9159.86,41138.14,-215654.9,232799.86,2620184.74,466,1.5,4,,72,8,26
ACC204366,CUST102482,Savings,16679.31,69499.63,-76319.79,122382.49,1400853.56,,0.99,3,71,76,20,35
ACC202341,CUST102725,Salary,29127.23,36620.66,-18387.23,43394.82,2119842.08,538,0.7,2,97,68,11,30
ACC201806,CUST100295,Fixed Deposit Linked,3744.03,1500,446.63,0,0,567,0,2,73,87,7,35
ACC202835,CUST100630,,6644.69,,1217.06,0,0,651,0.02,4,100,84,7,45
ACC203609,CUST103211,Salary,41743.67,80552.53,-9909.05,40548.84,2800383.03,623,0.38,3,75,80,7,35
ACC204374,CUST103374,Savings,45555.86,83452.41,-40148.4,120219.77,3729313.02,551,0.75,4,64,88,12,28
ACC201557,CUST103213,Savings,48113.82,54094.88,82.57,86434.06,3985286.07,544,,5,75,59,15,32
ACC202234,CUST101517,Savings,2963.9,2871.31,363.14,0,0,616,0,3,95,90,8,41
ACC200737,CUST100828,Salary,302112.54,64127.88,88128.1,0,0,639,0,2,92,84,8,33
ACC200798,CUST104674,Savings,31317.96,58996.38,,270102.99,3058176.72,565,1.5,2,54,71,,27
ACC204653,CUST104142,Salary,123583.85,33905.02,39699.24,0,0,623,0.02,2,87,100,11,26
ACC204380,CUST101077,Savings,87697.71,19756.76,16831.89,0,0,693,0,1,34,8,21,7
ACC200387,CUST100315,Salary,71236.16,87318.58,7919.48,52925.8,4026694.4,653,0.35,2,79,65,16,31
ACC203538,CUST104004,Savings,48052.74,20684.13,10200.64,20358.53,1102538.35,552,0.42,2,81,,8,32
ACC200979,CUST103646,,236174.84,28504.66,17826.97,18346.36,585149.49,649,0.28,4,73,91,13,32
ACC203174,CUST101230,Fixed Deposit Linked,142269.6,18865.43,25335.75,0,0,593,0,2,70,93,12,30
ACC203457,CUST100588,Savings,15681.23,1717.25,2627.08,0,0,549,0,4,62,79,8,26
ACC201791,CUST101302,Salary,1238.47,1500,219.7,0,0,543,0.01,2,77,44,13,13
ACC204129,CUST100362,Salary,110976.56,172472.04,-47248.37,110069.34,5992222.75,621,0.42,4,73,53,5,19
ACC200708,CUST103526,Savings,9194.58,2164.6,2772.96,0,0,629,0,2,29,20,12,13
ACC200950,CUST103043,,24192.44,6988.31,3926.96,0,0,580,0,3,74,96,17,36
ACC202079,CUST103352,Fixed Deposit Linked,778658.43,171564.37,85132.78,0,0,631,0,3,67,,13,24
ACC204269,CUST104398,Current,134157.57,182338,-27229.68,96370.59,6345208.16,577,0.37,1,60,73,11,29
ACC200915,CUST102462,Savings,29399.59,21352.37,4024.87,4087.49,220706.79,595,0.1,2,73,89,11,31
ACC201175,CUST100073,Salary,166347.9,70098.26,,0,0,747,0,1,85,83,7,44
ACC200681,CUST100644,Salary,119207.75,59597.44,22261.92,0,0,630,,2,80,79,8,35
ACC202345,CUST101283,Salary,412168.65,73755.58,113253.77,0,0,620,0,2,69,82,9,21
ACC203384,CUST103971,Savings,325691.69,88141.72,79756.14,0,0,661,0,2,69,78,6,24
ACC203092,CUST102639,Fixed Deposit Linked,279830.34,39455.46,22116.05,21972.69,1208709.21,585,0.24,2,64,70,8,31
ACC201591,CUST102921,Fixed Deposit Linked,625444.75,,-4567316.29,4792918.38,54207368.94,433,1.5,2,81,84,10,26
ACC201434,CUST100293,Savings,161748.2,114664.66,39336.75,23538.57,1568187.94,605,0.15,4,88,100,13,36
ACC200171,CUST101807,Fixed Deposit Linked,271168.02,31590.75,30525.09,0,0,596,0.03,4,72,65,12,27
ACC202296,CUST101431,Salary,23566.43,6659.16,4024.54,0,0,613,0.04,1,61,65,10,30
ACC202794,CUST104280,Current,489852.77,885864.44,-81964.59,436910.17,28925520.74,641,0.35,4,61,81,10,27
ACC202887,CUST102137,Savings,9086.42,1760.48,2653.3,0,0,611,0,1,78,61,,29
ACC202264,CUST104705,,613088.09,446342.6,-1036630.35,1302374.41,38220345.79,576,1.5,1,62,66,11,40
ACC200934,CUST102167,Salary,28682.84,43408.15,-138300.18,188129.55,3953056.9,440,1.5,1,23,27,21,16
ACC204828,CUST101733,Savings,51989.87,20524.56,12995.47,0,0,606,0,4,34,52,18,13
ACC204702,CUST102065,,329018.02,60797.72,117140.33,0,0,577,0,3,71,73,17,26
ACC201921,CUST101213,Salary,236801.38,42900.45,44082.39,0,0,759,0.04,5,81,84,12,41
ACC201702,CUST100910,Savings,500,1500,-986.38,0,0,615,,,100,97,10,27
ACC200905,CUST100907,Salary,50768.16,76043.54,-844.67,48681.04,2727603.98,629,0.36,4,91,81,9,29
ACC202781,CUST100057,Salary,500,,-479.07,0,0,614,0,2,95,100,4,32
ACC203815,CUST100148,Salary,155437.08,29079.4,31326.57,0,0,632,0.02,1,100,100,12,41
ACC204759,CUST103777,Fixed Deposit Linked,6328.68,9272.48,716.6,0,0,623,0,3,91,100,9,39
ACC204493,CUST101680,Salary,221641.76,65242.04,42124.02,60796.01,3878498.14,697,0.36,1,46,53,24,17
ACC204155,CUST102243,Savings,16291.61,85176.87,,174164.99,3657488.61,480,1.3,3,62,56,13,29
ACC204266,CUST104828,Salary,26721.02,42647.67,-68626.64,127710.6,1459095.35,529,1.24,3,79,68,10,34
ACC203974,CUST104685,Salary,379861.64,49292.38,60086.21,0,0,635,0.02,1,92,89,10,34
ACC200453,CUST101397,Savings,135174.64,45200.02,39443.01,0,0,575,0.01,3,48,25,17,15
ACC201060,CUST100937,Savings,148377.11,101615.8,34259.69,0,0,638,0,2,,86,8,42
ACC202976,CUST100493,Savings,133152.57,26339.01,22696.6,0,0,671,0,1,56,26,10,12
ACC200722,CUST100856,Savings,122576.52,19453.98,25235.28,6058.07,521762.47,605,0.14,2,69,67,7,34
ACC201423,CUST102063,Salary,19691.57,62486.4,-83086.91,103456.93,,489,1.25,,51,57,11,25
ACC202892,CUST104834,Savings,22747.63,6171.99,3239.42,2634.91,,538,0.18,1,59,33,9,22
ACC201118,CUST100461,Salary,27917.54,49566.59,-185220.81,200783.29,2280640.52,,1.5,2,100,87,10,35
ACC203660,CUST103241,Fixed Deposit Linked,66801.07,,-22753.91,48581.38,3309821.74,571,0.56,3,84,88,,29
ACC202016,CUST101299,Savings,275218.77,333083.93,-188725.83,454308.01,,595,0.78,5,93,80,10,39
ACC203329,CUST101709,Savings,2180877.75,199238.96,348989.87,0,0,734,0.03,1,55,22,13,19
ACC202272,CUST102651,Fixed Deposit Linked,41782.13,134891.79,-498668.48,587641.63,6614894.69,472,1.5,2,84,46,9,21
ACC200886,CUST104652,Savings,22233.51,76591.12,-122315.65,176907.05,5577233.39,586,1.25,3,70,53,10,13
ACC202174,CUST104205,Salary,,53065.71,-240140.17,277771.35,3119409.11,442,1.5,2,71,69,10,25
ACC201323,CUST100857,Current,87590.53,55568.52,-56455.8,88613.11,2821943.12,394,0.94,2,91,64,13,34
ACC202269,CUST102694,Salary,22732.53,37410.94,-11705.15,47055.5,3009781.14,612,0.64,2,70,67,12,29
ACC200799,CUST101075,Savings,86036.39,32141.45,20791.69,27708.23,2654417.04,611,0.33,3,81,83,11,39
ACC201216,CUST101253,Current,399439.18,684563.85,-881791.99,1332281.37,76766975.85,485,1.16,2,72,62,12,27
ACC204991,CUST100130,Savings,86277.45,33742.38,16760.45,,0,634,0,3,100,100,10,40
ACC200569,CUST103866,Savings,36792.54,5514.48,6046.46,0,0,671,0,3,73,74,13,36
ACC204034,CUST102608,Savings,109156.26,22001.94,34030.9,0,0,627,0,6,33,28,21,10
ACC201046,CUST102960,Fixed Deposit Linked,,65004.09,-70426.95,106791.92,3374336.5,474,0.94,2,85,76,9,35
ACC204044,CUST101107,Savings,11080.47,2068.39,1604.75,0,0,596,0,2,89,93,11,22
ACC201136,CUST103065,Savings,1122783.11,249681.57,186780.41,0,0,300,0,2,66,45,12,16
ACC200596,CUST103109,Savings,9636.55,31548.99,-24709.22,43194.07,2018515.38,520,0.87,3,96,70,7,23
ACC201688,CUST100368,,544804.29,63684.97,102011.51,0,,640,0,,71,51,12,24
ACC203978,CUST104717,Salary,500,1500,,0,0,702,0.04,3,77,98,9,36
ACC201276,CUST102945,Salary,555.55,1500,17.8,0,0,608,0,1,64,73,16,29
ACC203368,CUST103201,Savings,1630.13,2132.52,118.41,3261.98,148604.41,541,0.55,3,100,100,9,35
ACC200407,CUST100811,Savings,159790.34,39744.6,46518.4,0,0,707,0,2,57,57,11,26
ACC201640,CUST102226,Salary,256198.12,124521.51,70791.1,0,0,669,0.01,1,,55,17,26
ACC201523,CUST104541,Fixed Deposit Linked,592222.56,549098.4,-510178.98,706348.45,31649868.1,506,0.96,1,68,59,13,30
ACC200433,CUST102845,Savings,165590.51,53042.29,24256.28,66691.08,5098035.1,641,0.45,2,53,49,10,18
ACC200132,CUST101973,NRI,,148940.69,-126202.53,189451.95,8729027.7,553,0.91,3,84,57,10,28
ACC202607,CUST102452,NRI,15528.79,5365.84,2704.38,0,0,542,0.04,2,72,60,7,30
ACC203957,CUST103489,Savings,1686285.35,214267.21,329432.22,0,0,729,0,1,96,91,4,31
ACC201555,CUST100682,NRI,676254.59,345977.18,116654.99,0,0,781,0,2,52,49,14,18
ACC200419,CUST102809,Salary,59997.47,25985.3,,24390.69,1594945.79,559,0.43,6,75,70,12,32
ACC203197,CUST101266,Savings,5947.29,4231.24,1886.27,0,0,523,0.01,2,98,87,7,35
ACC204626,CUST102294,Salary,102131.45,,20523.16,19623.97,2281846.99,582,0.28,2,49,56,15,19
ACC202431,CUST102789,Salary,78179.33,63493.01,8715.63,19089.65,1105446.29,569,0.23,3,62,58,13,25
ACC200325,CUST100977,Salary,315320.78,44771.03,75981.83,0,0,759,0,2,65,50,,20
ACC204086,CUST100936,Savings,188455.63,55457.15,68816.28,10502.64,1045261.99,665,0.04,3,78,88,11,28
ACC204224,CUST103713,Savings,328514.05,96423.54,,0,0,714,0.05,4,77,87,14,32
ACC203918,CUST100745,Fixed Deposit Linked,23735.04,46566.95,-68503.95,142253.53,,564,1.16,3,63,61,11,21
ACC202215,CUST104022,Fixed Deposit Linked,7434.2,4761.03,859.71,0,0,608,0.01,1,100,99,7,40
ACC201772,CUST102640,Salary,130152.03,47287.23,29786.07,0,0,642,0,2,47,50,7,26
ACC200431,CUST104410,Savings,602.01,1500,46.09,0,0,525,0,5,54,41,14,32
ACC200680,CUST102922,Savings,16481.16,13985.15,-19385.05,45325.09,517519.66,525,,2,90,82,10,38
ACC204593,CUST103546,Savings,21057.41,36795.31,-18473.35,39185.03,2168503.67,503,0.66,3,82,66,8,33
ACC200650,CUST103705,,36234.84,83066.8,-77348.91,239563.3,2675035.61,503,1.03,2,89,72,13,23
ACC200664,CUST102181,Salary,11045.44,3652.74,1535.65,682.75,20000,573,0.11,3,84,87,11,43
ACC200426,CUST100599,Current,432223.33,456864.2,-526956.74,739844.73,32854820.48,583,1.02,6,73,50,21,25
ACC204494,CUST100499,Savings,7080.04,1500,1132.15,0,0,461,0,2,78,73,6,33
ACC201979,CUST104194,Current,9470.13,3537.75,679.59,0,0,630,,3,86,100,11,32
ACC203224,CUST101883,Savings,122336.71,44349.65,31503.82,31516.55,2369961.57,533,0.27,2,74,75,10,27
ACC203255,CUST102636,Savings,372394.5,65811.86,68197.98,0,0,690,0,2,57,61,13,19
ACC203194,CUST100684,Savings,112786.92,57403.98,25269.98,0,0,653,0.02,4,83,78,11,35
ACC200444,CUST101617,Salary,112064.07,62710.3,21069.97,0,0,633,0,1,94,69,8,34
ACC201429,CUST102663,Savings,1255.12,1500,109.98,0,0,611,0,1,83,,9,37
ACC201260,CUST102677,Savings,981.17,3255.9,168.66,939.3,76630.93,517,0.26,3,64,69,16,26
ACC204955,CUST102824,Current,1088577.77,183284.08,110188.36,0,0,654,0,3,88,63,11,28
ACC203564,CUST101913,Fixed Deposit Linked,62629.5,111975.06,-378244.23,451976.55,5113812.72,543,1.5,2,60,64,16,
ACC201062,CUST101937,Salary,15333.31,68743.21,-79588.5,114943.62,2458992.32,431,1.1,1,80,78,5,24
ACC201538,CUST103296,Savings,220986.78,47942.56,33241.73,0,0,769,0,3,78,75,12,25
ACC204360,CUST103177,Salary,24558.86,3717.3,3840.34,515.85,52006.53,591,0.03,5,,100,10,44
ACC203117,CUST101851,Salary,24404.35,39091.67,-108107.72,165361.04,3605736.72,452,1.5,2,97,95,11,39
ACC203787,CUST104125,Salary,13086.98,39899.28,-104055.44,175812.48,3887260.26,530,1.5,1,76,77,10,34
ACC202728,CUST101601,Savings,8964.94,5548.69,1455.11,0,0,571,0,1,100,80,11,30
ACC203505,CUST104490,Salary,518236.87,135875.68,88113.78,0,0,689,0,1,53,54,13,21
ACC203938,CUST102054,Salary,98279.29,63073.45,19821.09,0,0,,0,3,98,71,12,29
ACC200631,CUST100598,Savings,62949.17,14543.23,17576.88,0,0,645,0,2,47,45,13,15
ACC204300,CUST103345,Fixed Deposit Linked,2174984.93,167702.52,299084.28,0,0,671,0.02,2,62,72,6,26
ACC200415,CUST104212,Salary,56159.02,33749.23,9258.26,28712.95,2938686.5,518,0.39,,62,81,8,42
ACC204492,CUST100510,Salary,910.61,1500,,4570.78,134715.04,,1.46,3,92,100,9,46
ACC200083,CUST101615,Salary,76967.69,75183.96,-226179.33,321275.25,6760329.77,450,,3,57,77,14,28
ACC202054,CUST103132,Savings,12968.94,3831.32,3093.57,,0,621,0.03,1,93,,9,30
ACC202163,CUST102985,Salary,2074.29,1579.74,248.26,1088.88,63926.7,,0.35,2,99,95,9,35
ACC200131,CUST103107,Salary,35977.98,20608.36,8479.38,3111.44,290973.2,538,0.09,1,73,28,7,19
ACC202510,CUST102216,Salary,53841.62,20766.45,,,0,687,0,1,32,12,22,12
ACC201747,CUST102267,,33831.19,,5079.44,9176.68,845968.93,555,0.23,3,72,77,12,33
ACC200372,CUST101541,Savings,500,1500,-275.42,0,0,450,0,4,82,46,9,30
ACC200840,CUST104561,Current,47044.67,4183.12,3331.25,0,0,550,0.02,2,97,100,7,44
ACC201684,CUST104747,Fixed Deposit Linked,68683.09,33218.06,-256030.62,296469.55,3333776,450,1.5,3,100,,11,34
ACC203125,CUST103260,Salary,9289.31,7230.3,2603.84,0,0,640,0,3,44,30,13,21
ACC200245,CUST101831,Salary,202627.09,139569.43,55391.66,0,0,,0.02,2,69,43,12,24
ACC201352,CUST101533,Salary,121987.19,39788.25,25013.15,0,0,645,0.01,2,86,77,10,30
ACC201674,CUST102955,Savings,103307.05,21629.5,23891.65,0,0,653,0.01,4,20,38,17,12
ACC201781,CUST102705,Savings,575.98,1500,-218.34,0,0,560,0,1,100,90,9,47
ACC202460,CUST104420,Savings,405105.72,55215.06,72897.13,0,0,646,0,2,86,100,10,40
ACC202123,CUST104621,Fixed Deposit Linked,334985.36,35613.74,32689.32,7436.98,451632.85,,0.12,3,90,89,4,42
ACC203830,CUST100701,Salary,65657.93,107933.31,-25272.35,69434.25,5043167.27,582,0.44,1,72,27,17,23
ACC200095,CUST104740,Salary,345031.62,84161.98,65020.13,0,0,688,0.03,1,66,75,5,
ACC203667,CUST104919,Salary,7299.88,2213.93,1668.3,0,,602,0.02,2,82,93,14,28
ACC204969,CUST101899,Salary,79498,39277.94,12516.59,0,0,654,0,4,86,83,13,26
ACC200672,CUST101115,Savings,78099,43227,,,0,,0.03,1,68,88,15,26
ACC201580,CUST104083,Savings,22795.7,3215.32,3883.94,0,0,583,0.04,2,36,44,19,17
ACC204942,CUST101021,Fixed Deposit Linked,216841.7,44076.25,38901.86,0,0,611,0,2,89,82,15,26
ACC203179,CUST100754,Salary,67351.24,77390.13,-16530.47,81223.2,6557328.43,632,0.57,1,,100,9,49
ACC200773,CUST100376,Current,79477.15,13704.23,7388.89,7612.39,235621.56,504,0.27,3,57,71,10,22
ACC203129,CUST104198,Salary,47505.1,78786.65,-46977.63,,2041911.21,551,0.74,1,78,66,15,27
ACC204705,CUST103327,Current,17844.11,7729.93,1913.67,0,0,580,0,2,96,83,12,31
ACC204938,CUST101500,Salary,89998.07,46404.81,19475.03,27497.18,2212664.08,641,0.32,3,85,93,7,30
ACC203811,CUST102723,Salary,171179.48,40271.2,27543.23,0,0,638,0.03,4,65,78,10,25
ACC204868,CUST104953,Current,268742.26,87396.04,42778.3,0,0,578,0,2,69,65,14,29
ACC201141,CUST104909,Savings,349440.79,30343.23,56859.53,0,0,636,0.01,2,80,76,15,38
ACC204207,CUST101908,Savings,11020.08,44062.86,-248952.27,276459.57,3161568.63,,1.5,3,86,87,9,40
ACC200089,CUST103849,Salary,27718.92,63475.37,-36515.64,81453.48,3988585.73,577,0.67,1,56,38,8,16
ACC202801,CUST103173,Salary,69512.09,161269.56,-10028.02,,,546,0.34,3,73,47,12,26
ACC200929,CUST101345,Savings,21800.7,2560.81,4125.16,0,0,578,0.03,2,65,83,13,40
ACC201328,CUST100540,Salary,816445.74,91048.92,133981.95,0,0,643,0,2,74,72,15,30
ACC203315,CUST102781,Savings,215565.35,84777.71,55183.41,36622.1,1754749.96,655,0.21,3,84,83,13,35
ACC202270,CUST101422,Salary,244102.29,104505.02,60356.63,0,0,756,0.02,3,77,100,12,28
ACC204514,CUST103294,Salary,251692.09,114147.55,59766.52,0,0,644,0,1,52,72,10,16
ACC204600,CUST101015,Current,85328.53,69875.24,-39651.76,73673.57,839642.82,547,0.7,3,52,52,9,19
ACC203276,CUST101576,Savings,57806.75,8968.62,15317.82,,,598,0,2,52,13,11,12
ACC202017,CUST102990,Current,3783944.12,343526.58,287360.65,157570.8,15235534.14,656,0.14,2,94,76,6,35
ACC204131,CUST100345,Fixed Deposit Linked,214298.25,84669.55,34886.51,0,0,672,0,2,82,72,5,37
ACC200412,CUST102623,,,61741.84,32637.57,0,0,645,0.01,3,100,92,8,40
ACC204596,CUST100335,Savings,219628.61,40459.75,35773.99,0,0,649,0.03,3,31,36,20,12
ACC202417,CUST104163,Salary,268834.16,47609.03,64472,0,0,658,0,4,62,72,11,25
ACC202940,CUST101947,Salary,14177943.21,33200.87,40526.2,13471.05,1154718.35,696,0.17,4,76,82,7,24
ACC203470,CUST104358,Current,9322.67,2187.21,875.92,0,0,,0.01,3,65,55,10,22
ACC203757,CUST102571,Savings,1941.36,1500,418.64,0,0,560,0.04,1,79,46,7,30
ACC204599,CUST101348,Savings,3997.43,4627.16,909.56,0,0,664,0,2,,100,7,43
ACC204634,CUST102849,NRI,686136.61,171286.15,200895.93,0,0,626,0,3,66,54,12,29
ACC204317,CUST104143,Salary,82395.61,15694.85,23876.7,0,0,564,0.03,3,66,66,16,26
ACC204961,CUST102435,Current,132253.34,152912.38,-46997.45,,5443336.34,591,0.49,1,77,93,8,29
ACC202616,CUST104563,Salary,30405.82,132256.86,-679861.1,761188.09,8484546.59,505,1.5,1,,62,14,19
ACC204491,CUST104312,Salary,4694.23,1500,750.83,0,0,571,0.01,3,59,61,13,19
ACC202838,CUST100482,Fixed Deposit Linked,278295.63,21512.28,40305.15,0,0,660,0,2,43,16,22,12
ACC200665,CUST102688,Salary,78512.65,,-205285.04,282773.39,6208382.09,549,1.5,4,60,48,12,22
ACC200760,CUST103725,,361537.6,66920.37,95658.35,0,0,676,0,3,71,36,13,17
ACC201493,CUST102704,,360762.83,,93773.19,0,0,707,0,1,72,85,12,34
ACC204274,CUST102362,Current,185589.36,37290.17,36153.62,0,0,587,0,4,79,45,9,27
ACC204931,CUST103342,Savings,14302,4348.2,2123.23,0,0,,0.01,1,73,68,13,27
ACC203898,CUST104695,Current,197522.93,133222.34,3622.85,57830.63,4607466.95,642,0.31,2,71,53,11,22
ACC201790,CUST104322,Salary,126277.1,105102.97,15692.98,50041.41,3367278.15,622,0.31,2,72,,11,34
ACC200356,CUST103245,Savings,,1891.01,1157.62,0,0,587,0,2,100,100,9,44
ACC200695,CUST102463,Fixed Deposit Linked,3374473.82,419081.99,358823.83,0,0,731,0.02,4,59,66,11,31
ACC200638,CUST104760,,353386.59,70726.36,94911.7,0,0,730,0,1,72,64,9,26
ACC202289,CUST101974,Savings,71212.41,28973.42,7797.57,17009.51,505169.05,601,0.35,5,48,31,10,15
ACC201723,CUST103466,Current,7453062.45,660443.08,417692.03,0,0,727,0.01,5,52,43,11,23
ACC203340,CUST101294,Savings,222812.96,57159.55,33601.5,0,0,657,0,3,84,100,10,36
ACC202333,CUST100601,Current,437608.21,742264.48,-115179.24,,23566316.71,549,0.42,1,61,28,16,5
ACC200651,CUST100751,Savings,499083.84,150068.8,73332.81,0,0,696,0,2,69,59,13,30
ACC203699,CUST103042,Savings,26191.55,55136.08,-86481.32,133649.78,3992172.43,476,,3,62,88,,26
ACC204506,CUST101542,Salary,339220.16,107770.71,69738.82,0,0,691,0,3,87,90,9,32
ACC202379,CUST102576,Savings,101255.19,29017.21,18344.5,0,0,622,0.02,4,24,11,9,7
ACC201163,CUST102426,Salary,339376.27,47857.05,53042.06,0,0,651,0,1,69,51,13,29
ACC202703,CUST104649,Current,792306.24,520681.18,-563852.57,873985.17,37958155.44,,1.02,1,60,51,8,15
ACC201627,CUST102757,Salary,203132.62,55699.63,55102.07,0,0,626,0.01,2,61,66,,23
ACC201732,CUST100324,Salary,129585.43,,24120.14,0,0,705,0.01,3,63,58,14,24
ACC203061,CUST103166,Savings,200005.92,30720.08,43016.64,0,0,666,0,4,43,57,18,28
ACC203995,CUST103335,Salary,191984.67,69092.46,39237.98,0,0,645,0.04,2,84,87,10,40
ACC201057,CUST103017,Salary,55802.85,65737.3,4750.25,,1427065.87,533,0.2,2,86,71,,39
ACC204022,CUST102079,Savings,19210.92,2297.14,3155.22,0,0,504,0,2,76,71,11,33
ACC203126,CUST102381,Savings,92319.72,48999.6,30052.72,0,0,642,0,1,76,86,15,29
ACC203952,CUST101311,Salary,110603.9,62283.82,21468.61,0,0,578,0,2,,57,,20
ACC203262,CUST104957,Salary,181742.3,48309.6,,0,0,628,0,2,49,53,11,18
ACC203227,CUST103399,Current,843662.31,445948.77,-1256962.91,1460183.87,31767583.63,463,1.5,4,50,32,15,17
ACC200006,CUST100589,Salary,4653.68,5033.31,446.46,0,0,528,0.01,3,88,97,8,36
ACC204865,CUST101529,NRI,73096.14,23712.7,16139.38,0,,622,0,1,45,52,,17
ACC203924,CUST100513,Savings,385294.3,86127.17,59994.74,0,0,673,0,2,72,67,9,31
ACC202600,CUST102260,Salary,52565.12,,-43000.58,86061.41,3704952.12,566,0.75,5,79,100,10,35
ACC204974,CUST101806,Salary,481920.2,120115.84,76705.13,0,0,692,0,1,66,46,13,30
ACC204594,CUST100895,Salary,210580.62,64793.62,33335.81,65555.68,5652342.05,624,0.39,2,66,32,9,19
ACC204871,CUST103060,Salary,101020.34,58462.07,19423.14,17520.61,1389085.21,685,0.19,3,85,91,6,40
ACC202575,CUST102803,,119753.83,120719.42,9790.49,67502.93,5860722.66,593,0.34,4,40,47,11,17
ACC203052,CUST102166,Fixed Deposit Linked,1432054.54,331878.77,176112.64,0,0,665,0,2,56,36,12,15
ACC202168,CUST104549,Fixed Deposit Linked,314945.29,77058.63,72750.37,0,0,710,0.02,1,79,100,10,37
ACC202599,CUST104680,Current,142470.89,13893.88,15485.03,0,0,627,0,1,,20,21,15
ACC203033,CUST101208,Fixed Deposit Linked,261366.79,323571.25,-94796.4,317483.49,19577237.52,663,0.54,2,75,81,11,32
ACC202789,CUST102564,Savings,89821.26,24475.42,21042.32,0,0,708,0,3,40,21,14,16
ACC200800,CUST102829,Savings,8581.06,3435.41,1873.65,0,0,584,,5,100,84,7,45
ACC202265,CUST103710,Current,30782.37,33899.48,-55534.22,108649.62,4854441.5,483,1.31,2,78,70,8,25
ACC204746,CUST104735,Salary,55569.86,89502.52,-16278.13,53515.95,3347049.7,541,0.41,1,66,74,8,26
ACC200517,CUST100095,Current,3991776.17,512837.63,257906.62,0,0,705,0,3,61,48,19,
ACC203839,CUST102040,Salary,230251.09,24501.17,43170.94,0,,624,0.04,4,76,95,10,
ACC201721,CUST104770,Savings,232760.28,63046.7,35087.99,0,0,619,0.02,1,71,78,6,33
ACC204996,CUST100466,Salary,23502.42,59131.61,-151736.66,174556.43,3732533.64,525,1.5,1,87,76,4,29
ACC204804,CUST100146,Salary,113884.36,35319.47,24976.93,23794.57,755535.43,614,0.29,4,21,15,11,5
ACC200051,CUST104628,Savings,91138.1,40065.82,11910.8,13275.66,1386089.22,657,,2,51,69,7,28
ACC203362,CUST104572,Current,1721160.09,192122.77,101556.01,0,0,736,0.02,2,71,57,12,
ACC202858,CUST101656,Salary,50081.21,101752.19,5270.75,,2488890.75,645,0.29,2,81,83,5,48
ACC201228,CUST103265,Savings,441003.84,78710.72,77931.08,0,0,691,0.03,1,58,38,17,17
ACC200511,CUST102519,,500,1500,-301.29,0,0,712,0,2,40,48,12,17
ACC200961,CUST101034,Salary,249318.95,40738.85,45461.68,0,0,576,0,3,93,100,6,31
ACC204816,CUST103582,Savings,117553.54,60617.11,21695.95,0,0,656,,2,78,63,13,33
ACC203772,CUST100060,Current,3707378.01,323570.69,338795.94,0,0,742,0.04,2,23,22,,11
ACC202436,CUST102155,Savings,9801.76,6127.41,2168.57,1859.54,54647.07,537,,1,93,100,7,27
ACC201916,CUST100864,Savings,581748.64,63837.77,117759.76,0,0,751,0.03,2,74,50,10,23
ACC200212,CUST103653,Savings,56050.14,68678.97,2718.92,94984.06,4436872.08,563,0.58,2,77,60,10,20
ACC201875,CUST104278,Salary,74068.45,20103.3,15917.5,0,0,618,0,2,,23,13,17
ACC201209,CUST102765,Current,194925.88,19534.52,25619.73,0,0,687,0.01,2,48,11,,17
ACC200115,CUST103601,Salary,59424.3,10746.94,9763.57,9850.27,457476.84,632,0.3,3,69,63,16,32
ACC203060,CUST103920,Current,482171.85,633972.5,-3237956.26,3708715.62,41759205.18,553,1.5,1,83,61,16,28
ACC202099,CUST101829,Fixed Deposit Linked,110769.49,15726.52,15906.49,0,0,654,0,2,45,11,,11
ACC203025,CUST101661,Savings,149690.5,54454.82,30729.22,0,0,,0.04,3,79,74,,27
ACC204262,CUST103517,Salary,290083.75,54418.1,48469.76,0,0,628,0,4,89,100,7,39
ACC201127,CUST104189,Fixed Deposit Linked,22904.59,4288.36,3411.04,0,0,610,0,4,100,91,10,41
ACC204151,CUST102912,,154711.91,33930.27,18570.82,0,0,644,0,2,77,93,7,35
ACC202886,CUST100349,Savings,10005.83,26670.48,-54344.85,84890.01,954853.42,500,1.5,3,66,60,9,23
ACC200491,CUST101433,Salary,9856.85,2328.82,1439.93,0,0,567,0,2,93,100,10,32
ACC204211,CUST101604,Savings,24154.89,30918.57,-3596.07,29201.69,1306605.49,518,0.54,3,93,86,10,41
ACC200377,CUST100254,Current,325590.67,201172.77,-3438.57,254844.5,26254266.39,512,0.6,6,73,60,9,36
ACC202204,CUST100880,Savings,14128.09,2565.17,4070.62,0,0,567,0,3,100,68,6,35
ACC200231,CUST103774,NRI,134142.82,31204.91,24989.97,0,0,609,0.02,1,74,84,7,27
ACC201757,CUST100439,Savings,1613951.13,963402.09,366517.31,0,0,626,0.01,3,79,78,11,
ACC203989,CUST100777,Savings,21008.17,26013.68,-226242.44,260880.68,2951959.07,492,1.5,2,100,80,6,41
ACC204917,CUST103884,Savings,97240.21,15627.41,21042.55,0,0,636,0.03,4,0,8,23,2
ACC200422,CUST102372,Fixed Deposit Linked,101506.04,73648.8,-34098.82,118756.97,5398572.03,570,0.79,3,73,61,14,29
ACC204346,CUST104042,Salary,500,1500,-217.82,0,0,482,0,3,57,44,12,20
ACC204696,CUST104949,Salary,121498.31,64937.93,25721.49,0,0,676,,3,75,68,8,32
ACC202623,CUST103738,Salary,22067.95,64166.16,-15606.4,43643.19,3773443.69,641,0.51,3,76,76,8,25
ACC203987,CUST101901,Current,394438.68,65195.96,46449.62,0,0,682,0,4,69,72,14,28
ACC201849,CUST103702,Savings,31079.4,108416.87,-309231.22,362259.1,4062405.91,472,1.5,2,89,97,9,33
ACC201699,CUST101844,Current,15754.17,3576.92,1119.98,0,0,648,0.02,2,100,100,8,51
ACC203506,CUST103111,Salary,,17394.91,21632.49,0,0,607,0,1,37,40,16,12
ACC202516,CUST103831,Savings,268135.52,45694.13,40191.72,0,0,607,0,2,96,82,13,29
ACC202864,CUST104476,Savings,24455.62,,-131839.16,182840.66,3853074.88,537,1.5,2,68,67,11,30
ACC204033,CUST100326,Current,3795952.36,536218.11,213757.02,0,0,705,0,2,84,71,13,31
ACC202410,CUST104456,Savings,234145.85,27273.09,37588.37,0,0,623,0.01,3,34,20,8,13
ACC204265,CUST101605,Salary,114222.3,61186.02,29521.72,0,0,686,0.01,2,100,100,6,34
ACC203497,CUST104622,Fixed Deposit Linked,251318.64,20901.15,33943.17,0,0,670,0.01,4,100,72,8,39
ACC200186,CUST103684,Savings,241233.14,66675.93,66285.27,0,0,749,0,2,41,43,15,13
ACC201771,CUST104829,Salary,18603.31,56574.61,-44665.67,108808.79,4971563.6,528,0.88,4,51,51,12,22
ACC201012,CUST103948,Salary,206604.34,28916.2,35022.69,,0,669,0.01,4,92,91,6,36
ACC202556,CUST103656,Savings,67062.66,,19439.89,0,0,636,0,1,94,62,12,30
ACC204249,CUST100003,Savings,181811.02,36411.48,46082.68,0,0,,0.01,1,67,60,9,23
ACC200635,CUST100810,Savings,7488.67,2074.1,2201.91,0,0,519,0,2,100,,9,29
ACC203001,CUST103807,Fixed Deposit Linked,186268.69,25262.89,25222.96,0,0,,0,1,46,29,16,14
ACC203908,CUST100933,Savings,532792.63,81788.25,91497.42,0,0,677,0.04,3,64,49,15,25
ACC201078,CUST103872,,126135.14,66653.3,16746.9,20523.47,1916477.63,634,0.17,1,67,46,15,18
ACC200742,CUST103641,Current,8643.46,1500,598.28,0,0,534,0.03,2,86,100,,51
ACC200721,CUST101056,Savings,27722.58,32329.7,-100241.8,146033.42,1639051,506,1.5,1,61,49,15,21
ACC202134,CUST103318,Savings,158594.31,,,0,0,644,0,3,72,,10,26
ACC200932,CUST101815,Savings,17866.01,6467.79,5119.55,0,0,616,0.05,4,100,100,9,35
ACC200255,CUST100877,Savings,22891.97,56135.12,2592.53,47563.67,1497374.15,614,0.49,3,66,76,11,36
ACC200315,CUST100994,Salary,356542.29,83096.97,56484.83,0,0,692,0,3,79,65,10,26
ACC201167,CUST101626,Salary,40432.14,77484.61,-33983.29,132114.73,1484143,537,0.75,3,72,83,8,32
ACC203621,CUST100145,Salary,5308.06,1500,1055.4,0,0,,0.02,3,94,77,6,37
ACC202015,CUST101892,Savings,4726.32,1729.76,1385.9,0,0,579,0.02,2,100,91,9,39
ACC203328,CUST104166,Salary,10662.49,19265.08,-66935.11,78615.94,893329.39,467,1.5,3,70,54,11,27
ACC200807,CUST104588,Savings,1138.78,1500,210.53,0,0,537,0.02,4,89,80,8,36
ACC201032,CUST102574,Salary,73642.86,44836.29,18354.75,28776.94,2510602.43,712,0.32,4,86,77,6,29
ACC204896,CUST101570,Current,577391.62,56021.02,42447.32,0,0,655,0,3,66,36,6,24
ACC202889,CUST104560,Savings,56818.81,55638.78,7245.98,23401.58,1074365.27,650,0.3,2,73,79,8,40
ACC204429,CUST102779,Savings,129776.22,58280.57,29982.69,0,0,588,0.01,2,73,78,14,25
ACC200360,CUST100422,Salary,69760.68,35127.19,15187.54,35318.65,3909992.72,641,0.39,2,84,,8,44
ACC204225,CUST102060,Salary,12452.09,1672.81,2438.86,0,0,601,0.02,2,54,75,11,28
ACC201774,CUST101474,Salary,37281.19,83880.28,-80576.62,113414.45,1270166.55,504,0.98,2,90,85,15,44
ACC200584,CUST101425,,10800.49,6820.32,1784.03,0,0,667,0.06,6,,76,9,42
ACC201610,CUST100557,Salary,123706.13,32906.45,33757.87,19998.4,,680,0.26,4,94,82,13,34
ACC201854,CUST103497,Savings,3715.93,5299.17,728.6,884.7,,608,0.11,3,91,100,7,27
ACC201991,CUST103868,Salary,446124.81,103796.23,92760.33,0,0,624,0,3,62,63,11,21
ACC200179,CUST101741,,245925.77,40363.03,43416.31,0,0,692,0.02,2,62,45,9,20
ACC204344,CUST100760,Savings,134491.67,37787.2,21105.88,,2253829.55,616,0.33,4,59,88,9,33
ACC200378,CUST101029,Savings,128191.03,118296.1,33550.53,25676.55,,652,0.18,2,65,92,14,34
ACC200667,CUST103184,Salary,148224.99,49045.41,38409.29,0,0,632,0,2,57,65,15,31
ACC201677,CUST102989,Savings,6204.34,8576.69,804.97,,0,594,0,3,89,100,9,34
ACC204772,CUST104723,Salary,58161.37,54398.87,13761.39,15238.05,833613.37,567,0.21,2,71,75,10,28
ACC204679,CUST104131,Salary,,33832.27,20163.49,0,0,599,0.01,4,61,38,8,18
ACC201086,CUST100680,Savings,121546.24,33666.19,38405.8,0,0,705,0.03,1,88,66,11,28
ACC200860,CUST103288,Savings,112097.73,56522.36,27704.15,0,0,656,0.03,1,100,100,11,
ACC201450,CUST101519,Savings,553048.98,236592.45,142405.34,0,0,705,0,3,64,85,10,22
ACC203371,CUST101098,Salary,12548.54,38559.17,-178424.1,193189.73,2164796.3,496,1.5,3,22,3,11,4
ACC204039,CUST100341,,1657198.1,245062.08,73945.94,190658.97,9201556.42,624,,2,61,70,15,34
ACC202463,CUST102283,Fixed Deposit Linked,,113303.48,56552.97,0,0,630,0,2,81,98,11,41
ACC203848,CUST104039,Fixed Deposit Linked,90696.3,114614.89,-103684.33,142157.97,6642118.44,542,0.91,2,69,74,5,33
ACC204064,CUST104852,Salary,137589.15,29382.13,,0,0,663,0,2,36,63,,20
ACC200423,CUST101235,Salary,25751.67,68146.74,-31386.16,60454.46,4122890.73,580,,2,79,100,9,32
ACC202027,CUST100267,NRI,84837.64,17567.74,15469.61,0,0,662,0.01,1,14,9,16,3
ACC203132,CUST102147,Current,271393.76,189015.35,-870396.35,1083209.26,23611750.68,512,1.5,2,84,75,7,30
ACC200414,CUST100410,Savings,38715.9,95229.24,-3815.99,48257.03,2236536.79,588,0.34,4,44,24,9,16
ACC202419,CUST103112,Salary,158923.7,51097.83,,32930.47,2000945.16,568,0.25,3,80,62,5,28
ACC204988,CUST102391,Fixed Deposit Linked,24303.46,37834.22,-28959.43,44466.59,2172323.89,587,0.83,2,68,64,,26
ACC201802,CUST100418,Salary,2685.23,2972.71,333.09,0,0,621,0.02,4,100,85,11,41
ACC202138,CUST100981,Fixed Deposit Linked,27250.27,4865.79,2523.3,0,0,633,0,6,75,64,13,38
ACC204838,CUST102999,Salary,244325.69,164343.5,65316.15,,0,678,0.05,3,85,77,15,36
ACC204711,CUST101139,Salary,95390.11,45057.89,20922.7,0,0,691,0,6,33,25,20,6
ACC204472,CUST100894,Savings,10475.27,1900.78,2505.43,0,0,621,0,4,51,55,16,20
ACC202683,CUST103488,Fixed Deposit Linked,52194.16,51301.32,-8818.49,87043.88,2729690.19,557,0.65,1,68,85,9,27
ACC204075,CUST104980,Savings,36928.13,85954.47,-2157.89,47011.31,1039378.49,506,0.4,1,70,71,9,28
ACC204520,CUST103222,Fixed Deposit Linked,20796.32,55932.11,,105560.95,2309293,577,0.89,2,95,88,8,34
ACC202845,CUST103621,Savings,5091.91,2846.59,1128.43,0,0,550,0,4,87,81,10,27
ACC200892,CUST103286,,135394.71,64910.97,28830.32,0,0,668,0,2,74,71,,30
ACC202985,CUST104084,Salary,33088.66,27419.43,4462.9,19948.19,429584.44,637,0.42,3,83,100,7,28
ACC203858,CUST102981,Salary,500,1500,-1124.34,0,0,556,0,1,96,100,7,45
ACC200048,CUST103161,Salary,122900.54,,39284.07,0,0,695,0.03,2,100,90,10,36
ACC203906,CUST104609,Current,24966.8,2216.52,3099.33,0,0,575,0,2,63,58,,22
ACC200156,CUST102894,Salary,14195.46,33026.08,-28673.98,86211.46,2715473.77,563,0.95,2,61,73,12,
ACC204584,CUST103498,Savings,6901.1,1500,1294.5,0,0,648,0,1,68,87,13,36
ACC202706,CUST100593,Current,5490.35,5189.12,-666.35,952.41,20000,537,0.14,1,93,100,10,35
ACC202185,CUST103905,Savings,,35786.82,30784.34,0,0,661,0.01,3,50,47,14,23
ACC201402,CUST101767,Savings,684383.6,387065.65,172477.53,,16127877.06,647,0.23,1,70,,8,23
ACC203309,CUST103532,Fixed Deposit Linked,14478.58,,,56348.58,3179248.38,555,0.77,1,60,98,8,35
ACC200492,CUST100949,Savings,3486220.27,469388.92,673549.09,0,0,726,0,2,84,90,10,25
ACC202682,CUST103097,Savings,20689.4,35204.64,-32697.08,56288.59,1204362.08,550,1,1,58,69,8,40
ACC203326,CUST102434,Salary,8584.87,,1272.3,0,0,655,0.02,1,47,42,10,17
ACC201236,CUST100014,Salary,176647.2,39179.94,50796.05,0,0,668,0,2,,78,14,37
ACC200100,CUST101553,Savings,93009.16,44711.34,20192.53,10716.78,619381.84,611,0.16,3,82,93,6,39
ACC201256,CUST104385,,124003.11,56941.44,26658.52,0,0,656,0,1,74,55,,29
ACC203954,CUST101111,Savings,2217.53,3471.73,347.93,0,,579,0.02,3,95,93,10,40
ACC201208,CUST101162,Savings,2194.91,3364.74,432.32,0,0,643,0,3,86,100,8,48
ACC203123,CUST102340,Salary,13676.15,1500,2283.74,0,0,613,0.01,4,81,69,10,37
ACC202405,CUST103361,Savings,147121.01,66463.15,41042.71,0,0,680,0.01,2,78,100,14,31
ACC204463,CUST104543,Savings,271019.46,926924.75,-482827.07,747259.53,60810568.89,563,0.57,3,86,63,9,39
ACC201258,CUST104230,NRI,64092.36,87121.84,-335754.03,416899.22,4752670.74,508,1.5,3,49,47,6,17
ACC200513,CUST100996,Current,1528099.76,,89911.85,0,0,714,0,3,80,67,11,26
ACC202813,CUST104130,Savings,7273.9,2756.62,,0,0,577,0.03,4,93,89,8,30
ACC200917,CUST104105,,9772.49,3324,2548.21,0,0,544,0.01,3,95,89,6,29
ACC204899,CUST100804,Savings,253420.24,50767.46,67121.71,0,0,683,0.02,2,74,90,11,44
ACC200644,CUST104192,Fixed Deposit Linked,1984158.71,499298.95,149816.27,239418.55,28067737.87,679,0.27,2,95,85,8,42
ACC202608,CUST102622,NRI,8030.88,3999.22,1603.2,0,0,575,0,4,99,77,7,42
ACC202685,CUST101805,Salary,2738.47,1618.21,674.86,0,0,513,0,2,76,79,12,40
ACC200087,CUST100655,Savings,353863.74,71016.1,88374.18,0,0,705,0,4,46,36,19,10
ACC202691,CUST103453,Salary,294446.49,84789.09,57649.96,0,0,646,0.03,2,53,52,13,24
ACC201107,CUST102157,Savings,259955.74,41853.43,60719.79,0,0,672,0,2,84,,12,26
ACC204149,CUST103228,Salary,,80429.04,14795.71,18167.42,1914633.6,681,0.19,3,53,69,11,22
ACC204268,CUST102709,Savings,15070.8,5400.03,3527.16,0,0,517,0.04,1,100,87,8,37
ACC203003,CUST104002,Savings,90514.54,54864.57,17982.35,0,0,591,0.01,1,94,93,12,34
ACC204933,CUST100995,Current,147827.95,316365.09,-285730.38,512947.19,38371939.61,512,0.96,2,67,72,12,26
ACC203395,CUST102428,Savings,100584.55,23196.85,19617.22,0,0,597,0,4,100,68,6,32
ACC204459,CUST102105,Savings,133640.34,82589.58,,0,0,618,0,2,70,71,15,28
ACC200075,CUST102138,Savings,349860.9,33556.56,55854.81,0,0,,0,,74,43,15,23
ACC202559,CUST102279,Savings,274314.32,48034.76,47444.56,0,0,657,0,2,77,82,5,25
ACC202773,CUST101494,Savings,212336.9,56409.48,64272.96,0,0,731,0,3,91,62,7,33
ACC200974,CUST102925,Salary,43383.28,,6931.56,29809.25,3522928.32,618,0.4,2,78,59,11,33
ACC202360,CUST102583,Savings,4400.43,1670.61,698.62,0,0,514,0.01,2,100,99,8,37
ACC203504,CUST102271,Fixed Deposit Linked,28072.24,54459.44,-14684.73,38734.81,2405677.61,602,0.5,1,54,35,16,12
ACC204230,CUST102039,Salary,186754.96,66270.54,37539.59,0,0,653,0,3,85,,,31
ACC204613,CUST102959,Savings,175430.83,67526.7,41728.67,15585.01,736566.67,669,0.1,2,83,89,9,27
ACC202745,CUST103679,,128112.07,64725.52,28767.96,0,0,698,,4,84,83,9,30
ACC200712,CUST100122,Salary,219196.37,32836.35,,0,0,683,0.01,2,54,47,11,17
ACC202354,CUST104271,Fixed Deposit Linked,71139.84,166730.73,-815523.87,920420.73,10289676.92,516,1.5,3,33,56,17,18
ACC201444,CUST102022,Salary,82696.88,54845.44,9876.86,26774.02,1760564.57,611,0.29,3,60,55,9,25
ACC202724,CUST102496,Savings,3325.58,1500,618.79,0,0,516,0,1,99,100,11,41
ACC201430,CUST100817,Savings,203960.79,65569.8,,12142.33,1371226.16,656,,,74,48,8,20
ACC200243,CUST104077,Salary,18748.86,48242.15,-50082.69,,1768202.86,558,1,2,97,68,13,33
ACC202029,CUST104959,Fixed Deposit Linked,162383.33,74803.28,35234.91,38655.51,1857075.62,594,0.27,3,82,77,12,29
ACC203053,CUST104578,Salary,16936.4,,-6586.93,33950.23,2553963.35,628,0.33,2,,82,13,37
ACC201189,CUST104397,Salary,252840.03,52690.71,55208.33,0,0,634,0.02,1,75,65,7,27
ACC201836,CUST101995,Salary,44376.55,57468.13,-155747.95,188569.34,2133986.84,480,1.5,2,58,34,9,19
ACC204159,CUST101120,Current,374851.68,41965.77,31809.15,0,,716,0.05,8,47,,15,18
ACC203959,CUST104177,Current,514178.91,531688.01,-1764052.88,1979721.73,22370370.28,533,,3,63,76,7,29
ACC200162,CUST100841,Savings,200673.92,36381.99,50199.62,0,,582,0,3,99,82,3,38
ACC203856,CUST103088,Savings,127250.51,95437.05,34708.38,0,0,620,0,3,92,91,10,36
ACC202043,CUST103924,Savings,13380.09,31951.47,-1029.88,26079.58,2263295.16,507,0.47,1,64,,12,19
ACC201420,CUST103660,Fixed Deposit Linked,129196.98,72176.99,11191.63,20047.71,590272.22,655,0.16,2,88,57,4,26
ACC202650,CUST104314,Salary,12350.9,45951.61,-17482.95,43663.24,1324964.91,612,0.61,2,74,88,12,25
ACC204074,CUST104567,Savings,1625.96,2637.38,-1190.25,3250.93,68452.37,,0.7,2,98,100,8,46
ACC204164,CUST101254,Current,486560.75,87667.28,63387.43,0,0,625,0.02,3,83,52,,34
ACC204097,CUST104021,Current,14994461.86,792542.35,802688.67,0,0,712,0,2,54,60,19,23
ACC201984,CUST102373,Current,11761.43,1900.04,813.06,0,0,623,0.03,3,100,91,11,34
ACC202145,CUST101457,Current,1475523.15,423843.4,193847.18,0,0,,0.03,3,60,74,14,23
ACC202193,CUST103980,Salary,661644.12,70174.89,122561.39,0,0,650,0.02,1,,84,8,31
ACC204134,CUST104160,Savings,405799.58,529867.94,-1183211.66,1563998.84,48537698.16,509,1.5,3,89,87,12,41
ACC202984,CUST101608,Savings,183937.61,20902.8,,0,0,569,0.01,1,65,30,11,19
ACC201533,CUST102269,Salary,136814.75,58065.6,35205.25,0,0,607,0,4,65,78,11,30
ACC204187,CUST102343,Savings,164396.77,95519.81,38754.86,0,0,709,0,2,83,88,4,39
ACC204009,CUST101394,Savings,97927.57,37388.46,,0,0,644,0,7,85,77,13,26
ACC202585,CUST102355,,413370.15,116376.94,45472.13,0,0,617,0.03,2,45,75,7,18
ACC203400,CUST104055,Savings,2629.64,2046.44,752.07,0,0,509,0,1,60,59,13,28
ACC201632,CUST102259,Fixed Deposit Linked,270866.91,50934.53,28602.06,0,0,615,0.02,5,57,72,5,28
ACC204812,CUST104282,Savings,10418.83,1703.55,2821.87,0,0,,0.02,4,99,100,5,48
ACC204836,CUST100698,Fixed Deposit Linked,572854.42,33652.07,59957.7,0,0,694,0,4,85,91,10,38
ACC202732,CUST102825,Salary,36296.99,48628.39,-138286.15,174810.81,1961951.99,514,1.5,1,60,60,10,25
ACC200002,CUST102653,Savings,22403.3,51781.65,-5401.69,36937.76,799529.88,438,,3,80,62,11,41
ACC200313,CUST104923,Salary,541375.57,60962.51,88628.36,0,0,714,,1,95,75,6,34
ACC203709,CUST104856,Savings,56124.38,87004.38,-30856.75,58960.57,2797994.48,576,0.52,2,64,75,13,26
ACC202373,CUST102715,Current,245793.62,246935.19,-2031738.49,2141744.03,24118178.07,499,1.5,,43,71,14,27
ACC204512,CUST100732,Current,24077.18,6495.51,1815.95,0,0,,,4,90,85,10,34
ACC201832,CUST104786,Salary,500,1500,-95.42,0,0,551,0,4,92,98,10,43
ACC200653,CUST102531,Savings,6369.6,1925.89,1691.28,0,0,606,0,5,85,84,14,41
ACC201122,CUST101444,Savings,23003.49,27751.47,,52990.37,4863518,520,0.75,3,65,87,17,31
ACC201925,CUST102367,Salary,586803.55,69272.12,92521.7,0,0,687,0,3,73,75,13,25
ACC201291,CUST101068,Fixed Deposit Linked,155736.93,45312.81,28961.32,,0,725,0,2,,72,10,22
ACC204214,CUST103490,Savings,115054.74,38008.22,26487.11,0,0,722,0,4,32,18,19,6
ACC203581,CUST103178,Savings,603239.2,133077.59,91030.72,0,0,656,0.02,4,66,72,6,
ACC202667,CUST100845,Savings,5236.37,1670,944.42,0,0,542,0,5,94,100,10,33
ACC200868,CUST102228,Current,79781.47,98111.15,-16543.63,158306.16,9475462.01,579,0.66,4,34,46,15,20
ACC204985,CUST104555,Current,2266295.93,255068.19,204773.07,0,0,644,0.02,3,62,58,8,12
ACC201698,CUST100121,Fixed Deposit Linked,496823.46,475407.66,-1320869.79,1703309.77,36784501.31,578,1.5,1,71,89,8,39
ACC200037,CUST104315,Savings,500,1500,-527.71,0,0,539,0.04,2,100,95,3,34
ACC202852,CUST101072,Savings,33642.48,114208,-232450.18,307925.02,6590176.84,534,1.5,3,76,59,15,27
ACC201313,CUST101157,Savings,85950.88,28169.81,16614.14,0,0,657,0,2,27,21,,10
ACC200744,CUST104892,Salary,100206.76,32236.57,26147.68,17547.86,,577,,1,93,,11,34
ACC202905,CUST101825,Savings,107853.41,45870.42,21446.13,9115.4,755432.13,571,0.16,3,100,100,7,31
ACC202573,CUST101459,Savings,169741.7,,36391.87,0,0,625,0.01,5,46,49,19,16
ACC200541,CUST102932,Salary,250633.54,44147.19,79583.49,0,0,674,0,4,86,57,11,32
ACC200533,CUST100291,Fixed Deposit Linked,58069.79,72953.21,-14621.05,51522.27,4495258.44,643,0.51,1,77,48,14,26
ACC204043,CUST103432,Savings,11550,2234.88,3605.91,0,0,633,0,1,81,69,8,35
ACC201701,CUST103728,Salary,350142.76,413745.49,,60621.75,7018088.54,692,0.09,3,51,48,8,12
ACC203030,CUST102474,,142973.89,43302.29,38156.02,0,0,632,0,4,97,75,8,31
ACC202791,CUST104034,Current,2001040.61,208555,216255.57,0,0,706,0.01,1,56,65,,28
ACC201042,CUST102473,Savings,197176.06,376155.4,-660337.6,912507.07,19020315.52,529,1.38,2,71,78,11,30
ACC203473,CUST102469,Savings,13493.37,6842.58,3964.52,0,0,601,0,2,72,100,12,35
ACC201268,CUST104672,Savings,1082.02,1500,12.67,1481.75,113045.43,583,0.45,2,100,98,4,
ACC202582,CUST104224,Salary,137418.7,36340.23,27886.49,0,0,618,0.03,3,85,92,11,31
ACC203338,CUST104778,Salary,4761.04,4434.4,881.57,0,0,548,0.02,3,88,97,,34
ACC204153,CUST101857,Savings,446439.01,247657.62,132613.32,0,0,667,0,2,,96,9,33
ACC200964,CUST103624,Savings,158829.11,52918.1,25780.9,9718.89,749902.78,601,0.09,3,61,47,11,26
ACC200147,CUST103580,Savings,42072.94,59426.72,4243.42,27934.08,2590844.98,619,0.31,1,65,75,15,26
ACC203715,CUST100390,Savings,177100.65,49013.03,37104.88,0,0,635,0.02,3,65,73,5,29
ACC202166,CUST103455,Savings,3693.42,2688.36,918.55,0,0,597,0,3,100,85,6,41
ACC201166,CUST102142,Current,470101.51,127140.3,43223.41,0,0,656,0,3,59,,6,30
ACC200362,CUST103729,Salary,118131.74,55986.74,29346.99,0,0,612,0,2,55,32,10,17
ACC201545,CUST103071,Savings,44589.4,88565.12,-7451.34,75871.79,6298074.55,570,0.49,4,3,54,,24
ACC203510,CUST100795,Savings,157315.72,45061.66,,0,0,700,0.08,5,42,32,17,12
ACC204820,CUST102327,Savings,25175.48,73734.73,-172062.08,207654.02,4418759.25,,1.5,3,69,41,13,23
ACC202281,CUST104568,Salary,22944.55,48980.41,-32069.7,67363.52,3832377.11,527,0.76,3,85,70,13,28
ACC202877,CUST104965,Salary,40750.02,23149.19,12181.99,0,0,674,0,2,81,81,9,31
ACC204603,CUST102489,,144338.28,49923.99,22827.37,31203.29,2422086.07,612,,1,91,72,9,27
ACC201222,CUST103667,Salary,142860.75,30940.75,28366.92,4726.8,502581.04,665,0.09,2,77,97,,36
ACC202081,CUST101565,Salary,100818.83,38137.61,18798.4,0,0,633,0,2,100,95,6,48
ACC204647,CUST100119,Savings,98974.73,66345.37,24204.76,0,0,635,0,2,100,76,6,33
ACC204867,CUST104934,Savings,500,1500,-544.07,0,0,509,,3,86,81,7,
ACC202326,CUST104809,Current,43094.66,15520.91,-902.17,20152.34,608014.76,544,0.59,2,,16,12,10
ACC201539,CUST100112,Salary,,2329.22,370.59,0,0,559,0.02,2,77,93,7,39
ACC202553,CUST100078,Salary,53898.05,12218.03,10430.06,0,0,668,0.03,1,36,35,20,13
ACC204924,CUST101076,Savings,500,1500,-668.8,0,0,590,0,1,88,92,13,43
ACC202208,CUST103388,Savings,29751.71,8285.52,4576.55,,69388.88,584,0.04,2,81,93,6,43
ACC200070,CUST101907,Salary,139256.9,54015.07,22435.17,37285.47,1748665.98,697,0.39,3,86,66,8,38
ACC202936,CUST103747,Savings,11064.54,5774.23,1482.83,0,0,576,0.04,3,94,93,7,27
ACC200060,CUST102377,Savings,9362.78,38505.93,-18645.11,35001.39,1081211.62,571,0.69,1,44,35,15,16
ACC201297,CUST102057,Savings,123388.07,,30321.01,3924.83,231789.49,,0.08,1,34,34,14,18
ACC200336,CUST100805,,3744.16,1500,512.67,0,0,670,0,3,84,89,,42
ACC200578,CUST103250,,18233.48,2428.85,2718.9,0,0,516,0,4,71,67,8,19
ACC202911,CUST100050,Savings,,42763.33,22226.44,0,0,673,0.03,2,23,23,11,
ACC201365,CUST101196,Salary,19626.76,42593.64,-16005.88,48488.94,2660985.59,596,0.61,1,72,55,13,20
ACC200662,CUST103651,NRI,10208.59,2632.09,1871.96,0,0,569,0.02,3,62,78,11,22
ACC204375,CUST102814,Salary,84078.55,43295.14,12536.85,,1115308.14,605,0.38,3,91,83,4,37
ACC202090,CUST102927,Salary,47149.59,69932.18,-202878.45,283768.91,3198799.74,533,1.5,3,79,75,13,26
ACC203356,CUST100083,Current,441046.54,192663.99,-112784.24,354091.75,24387183.37,608,0.76,,90,80,8,37
ACC203351,CUST103328,Savings,250581.43,62358.64,39724.42,0,0,675,0.04,5,56,41,13,10
ACC203150,CUST101535,,68843.15,107614.29,-42545.06,111064.23,4803869.37,590,0.74,2,43,33,14,16
ACC202320,CUST101900,Current,9158,,601.38,0,0,648,0.02,2,82,86,6,31
ACC201153,CUST104528,Savings,122161.81,23489.13,32890.31,0,,641,0,5,83,84,5,31
ACC204628,CUST101470,Salary,27739.29,2751.95,4315.19,0,0,622,0,1,66,56,10,20
ACC204179,CUST102192,Salary,220103.78,92196.53,48251.63,0,0,,0.01,4,,63,12,30
ACC201283,CUST103842,Savings,353725.06,76213.99,63035.47,0,0,673,0.04,1,65,75,9,26
ACC204964,CUST103890,Current,9854.52,4014.86,678,0,0,614,0,2,100,72,3,44
ACC201657,CUST100382,Savings,2769.49,3147.16,609.5,0,0,560,0.02,2,95,82,5,37
ACC202311,CUST102986,Savings,1985.08,1500,251,0,0,537,0,3,97,64,8,36
ACC200940,CUST102602,Salary,512701.44,104851.76,79321.47,0,0,637,0,4,96,100,9,42
ACC201257,CUST102447,,194843.76,30135.48,27356.68,0,0,686,0,2,93,84,10,27
ACC202129,CUST104708,Savings,92774.25,75942.63,12637.33,40177.93,4144591.39,645,0.34,1,84,78,7,27
ACC204006,CUST100193,Fixed Deposit Linked,6768.36,5331.38,1342.27,0,0,624,0,3,83,89,10,47
ACC202276,CUST103339,Current,1404924.02,600627.94,-136778.19,741969.81,33270531.44,617,0.64,4,60,56,17,19
ACC204893,CUST101028,Savings,10269.22,1504.84,1613.91,0,0,628,0,5,56,45,20,
ACC204862,CUST102237,Savings,266319.52,84037.58,40159.24,0,0,695,0.01,1,84,69,10,23
ACC202014,CUST104500,Fixed Deposit Linked,193700.6,18135.78,,0,0,580,0,3,83,91,7,26
ACC202917,CUST104419,Savings,3603.31,1759.94,556.03,0,0,,0,1,94,75,5,23
ACC204089,CUST102360,Savings,262946.8,34219.4,60100.15,0,0,673,0.03,2,55,66,10,20
ACC203476,CUST101193,Savings,47479.81,,5938.85,19375.96,,607,0.36,3,100,94,11,33
ACC202315,CUST103674,Savings,13720.24,5125.9,2778.76,0,0,561,0.02,2,87,100,9,28
ACC204413,CUST101824,Salary,207517.98,71574.67,54659.61,0,0,737,0,4,,92,11,36
ACC200009,CUST101600,Salary,149055.39,66585.49,29851.22,0,0,668,0,3,69,74,15,25
ACC202160,CUST100669,Fixed Deposit Linked,962661.24,248369.93,215743.71,0,0,743,0.02,1,62,38,15,21
ACC201145,CUST103405,Current,226743.92,255446.37,-53846.49,,13415864.82,626,0.57,4,92,100,4,42
ACC201263,CUST101222,Salary,24227.48,4344.25,6946.19,0,0,585,0.02,2,78,63,13,32
ACC203253,CUST103412,Salary,446702.35,189036.49,77384.26,123309.24,3743162.27,618,0.35,4,60,41,11,22
ACC203203,CUST103061,Savings,6109.84,4401.81,833.88,0,0,647,0.01,3,100,97,7,37
ACC200785,CUST102957,Savings,12042.5,1551.68,1906.2,0,0,566,0,3,91,85,8,
ACC200609,CUST104968,Savings,27229.64,,-6250.21,28308.43,2068466.72,563,0.43,2,100,100,13,40
ACC203114,CUST103206,Savings,9404.32,4256.19,2161.81,0,0,617,0.03,4,97,79,5,44
ACC200342,CUST101293,Salary,78497.14,43375.14,15527.05,11889.12,371793.07,697,0.19,3,37,44,16,16
ACC203743,CUST100338,Savings,500,1500,,0,,539,0.04,4,77,76,12,32
ACC200956,CUST101499,Fixed Deposit Linked,22089.03,7009.15,2954.62,0,0,542,0.01,4,94,100,9,33
ACC204887,CUST101484,Savings,,57363.59,27662.16,0,0,634,0,1,71,81,11,35
ACC203885,CUST103280,Salary,8501.48,2239.28,2418.27,0,0,,0,3,74,74,3,31
ACC204488,CUST101827,Salary,55518.58,92091.07,-7859.72,44262.74,2701223.02,582,0.27,3,99,94,11,37
ACC201583,CUST104408,Fixed Deposit Linked,169206.91,497551.29,-427378.44,624496.41,13170867.64,533,0.88,2,72,53,10,35
ACC202358,CUST102610,Savings,21499.43,52797.75,-92614.42,122109.22,3815256.22,523,1.49,3,99,78,10,39
ACC204046,CUST100966,Savings,5978.8,3712,706.03,0,0,667,0,,100,89,9,29
ACC200855,CUST100218,Current,3930256.63,437968.45,429409.71,0,0,712,0.01,3,46,36,14,9
ACC200445,CUST101654,Savings,1387176.48,767195.06,227926.18,517967.26,40332936.13,616,0.36,3,34,22,13,14
ACC204029,CUST100989,Savings,19602.91,3551.7,5514.22,0,0,573,0.05,4,86,73,5,25
ACC202470,CUST104043,,158113.86,53957.28,23649.91,0,0,720,0.03,3,83,89,11,34
ACC200405,CUST102121,Fixed Deposit Linked,806417.25,71129.29,89768.9,0,0,659,0,4,100,87,,29
ACC200284,CUST101634,Current,,477210.65,-206843.06,901552.76,58303489.12,615,0.84,3,43,45,14,14
ACC200345,CUST103654,Salary,734613.08,110645.91,145753.53,0,0,640,0,3,57,70,16,30
ACC201061,CUST101215,Fixed Deposit Linked,3111.48,1500,452.51,0,0,505,0.02,5,86,69,14,36
ACC201971,CUST104430,Savings,534324.36,44815.89,85390.13,0,0,720,0.01,4,75,78,16,35
ACC203988,CUST101481,Fixed Deposit Linked,286594.49,61213.5,26794.39,0,0,638,0.01,3,90,76,6,27
ACC204020,CUST102332,Savings,85502.06,35363.46,10702.35,0,0,574,0,1,65,85,5,
ACC202562,CUST103870,Salary,204515.8,113060.8,39509.17,44317.47,2396106.25,608,0.21,2,67,67,15,30
ACC200968,CUST102011,Savings,128758.99,78289.84,17928.45,50830.31,,606,0.36,3,63,82,14,25
ACC204658,CUST103124,Current,502035.23,365582.04,-431107.96,667901.55,32172658.47,569,1.13,3,56,67,14,28
ACC201526,CUST104144,Fixed Deposit Linked,370331.79,59997.38,63931.49,0,0,677,0,1,77,100,8,38
ACC200873,CUST104346,Salary,40077.28,142541.28,-27608.09,76002.2,4654597.89,644,,1,42,60,10,37
ACC204388,CUST101574,Current,173012.21,187853.69,-599952.82,864176.23,9788148.6,567,1.5,6,82,90,9,39
ACC201229,CUST101665,Salary,60019.06,17444.75,14892.52,0,0,623,0,3,36,18,,14
ACC201706,CUST101257,Salary,307470.06,126785.6,53468.46,0,0,679,0.01,2,96,86,9,30
ACC204479,CUST104134,Salary,1258.2,1500,90.53,0,,607,0,1,100,100,5,41
ACC202012,CUST101952,Salary,40934.05,8824.87,11738.75,0,0,633,0.02,1,32,16,18,8
ACC202513,CUST103151,Salary,179493.89,94804.32,48017.33,0,0,760,0.05,2,58,53,8,22
ACC203357,CUST100868,Savings,56403.34,33104.78,13680.4,0,0,606,0,3,69,47,12,30
ACC203577,CUST104086,Salary,240591.26,79216.93,54479.83,15277.08,1312286.92,639,0.11,3,69,62,9,25
ACC204332,CUST101969,Salary,48485.85,13753,14486.18,0,0,566,0,5,42,19,13,10
ACC200448,CUST100221,Savings,180930.99,32760.46,36101.7,0,0,668,0,3,42,20,15,11
ACC202347,CUST104753,Savings,7134.29,4449.69,1102.98,0,0,534,0,1,90,73,8,35
ACC201015,CUST102274,Salary,28418.35,5380.78,8629.2,0,0,616,0,2,52,72,10,21
ACC204395,CUST104178,Salary,159211.49,59518,29952.29,43527.65,2095753.71,642,0.37,2,79,73,11,29
ACC204845,CUST101853,,1073291.53,145566.25,145890.89,0,0,586,0,2,80,53,12,39
ACC201739,CUST101502,Current,174392.62,21933.2,15049.16,0,0,652,0,1,55,14,10,16
ACC203622,CUST104393,Savings,176200.64,32950.72,42214.85,0,0,606,0,2,51,76,11,24
ACC200498,CUST101612,Salary,25915.93,59297.49,-459765.19,554249.15,,551,1.5,2,81,67,11,29
ACC204070,CUST100938,Savings,138279.77,52396.71,19226,0,0,621,0,1,100,100,11,37
ACC201143,CUST100960,Savings,103883.36,40313.96,26597.23,0,0,704,0,4,82,97,8,36
ACC204423,CUST102956,Salary,10448.04,7534.89,2213.35,0,0,597,0.08,2,91,90,6,38
ACC203342,CUST100791,,5254.14,,959.01,1660.78,131629.65,525,0.23,2,100,86,4,36
ACC204315,CUST102055,Salary,12182.88,11209.26,3422.57,0,0,658,0,2,73,55,,26
ACC203240,CUST101328,Salary,113726.97,26225.38,25482.72,0,0,612,0,2,,65,15,24
ACC204818,CUST100197,Current,766038.02,175214.88,100390.08,171663.01,11787655.42,573,0.35,4,85,89,10,32
ACC204350,CUST104300,Current,630165.72,49091.51,36434.39,0,0,712,0.02,3,92,76,4,32
ACC204283,CUST104206,Savings,52717.4,59803.46,-73195.26,129274.35,2804684.55,491,1.13,3,73,89,7,
ACC204390,CUST102081,Savings,4218.44,4270.26,1236.7,0,0,561,0,4,97,,7,33
ACC200452,CUST104415,Savings,48051.05,62965.51,-10189.95,52831.63,1158474.74,578,0.5,2,,63,16,19
ACC200028,CUST104684,Savings,190035.65,49921.01,46127.55,0,0,632,0,1,,57,15,22
ACC200190,CUST100681,Savings,148378.68,52053.3,25232.88,0,0,668,0,2,75,83,12,17
ACC200740,CUST102664,,78941.26,30371.27,21171.82,0,0,627,0,3,48,38,12,16
ACC201933,CUST104195,Savings,33695.76,72908.5,-313788.62,433343.98,9046652.38,,1.5,1,61,80,11,26
ACC201962,CUST101185,Salary,193845.21,44383.19,41018.74,0,0,676,0.03,2,97,95,6,39
ACC203151,CUST103443,Savings,212387.09,28692.92,43853.13,,0,684,0,4,87,62,,29
ACC203423,CUST100277,Savings,1567093.12,864809.24,467438.02,0,0,639,0.06,2,82,83,11,28
ACC202777,CUST104100,Savings,155227.42,74612.32,41958.16,0,0,706,0.01,4,100,86,12,47
ACC204402,CUST100404,Fixed Deposit Linked,104540.33,81716.65,-364.96,39186.67,2433473.51,585,0.35,3,57,67,11,25
ACC204914,CUST102027,,276171.03,43066.26,49603.58,0,0,675,0.05,3,49,64,13,26
ACC202108,CUST102697,NRI,,2072.45,2839.49,0,0,545,0,,100,80,9,36
ACC202686,CUST104317,Savings,199440.43,45403.98,41688.44,0,0,,0,2,95,100,9,36
ACC200486,CUST100043,Savings,192025.86,45575.61,38843.17,12863.39,1268684.72,680,0.17,1,88,66,15,28
ACC201966,CUST100578,Salary,463612.56,74858.78,99722.72,0,0,701,,4,77,74,4,28
ACC203466,CUST101054,Salary,55520.03,71798.83,-42006.65,102619.17,2187520.54,579,0.79,2,74,79,14,38
ACC203750,CUST103937,Salary,375265.44,45623.06,55943.33,15891.7,1641148.55,532,0.14,2,78,39,9,21
ACC201763,CUST102268,,10238.6,4477.09,1721.16,0,0,608,0.04,2,95,93,6,34
ACC202053,CUST102991,Salary,39213.22,62316.75,-11292.92,54065.81,3195192.78,538,,2,73,86,9,27
ACC203355,CUST104648,Salary,10396.83,53253.85,-169433.54,212200.3,2388261.5,588,1.5,3,78,92,4,39
ACC203566,CUST104713,Savings,116302.41,17791.97,21574.25,0,0,617,,,33,5,10,7
ACC203722,CUST101039,Salary,27149.54,62295.95,-340340.11,368746.75,4158121.58,473,1.5,,79,65,12,30
ACC204084,CUST104665,NRI,115556.29,19565.99,21259.63,0,0,565,0.02,4,43,30,11,12
ACC202091,CUST101787,Fixed Deposit Linked,304558.93,72678.25,41033.2,0,0,680,0.05,2,65,70,18,39
ACC203697,CUST101466,Fixed Deposit Linked,633983.83,54491.44,68383.15,0,0,694,0,4,79,72,10,40
ACC202055,CUST102743,,22567.75,6126.96,5729.33,0,0,545,0,3,100,81,9,41
ACC201495,CUST103563,Savings,62166.03,12534.65,13117.57,0,0,577,0.04,1,55,69,6,22
ACC201997,CUST101454,Current,288592.71,209321.81,-197725.4,564044.38,33751561.07,528,1.01,1,49,17,11,12
ACC200150,CUST101419,Current,2218352.41,342439.18,343903.73,0,0,,0,2,70,94,14,37
ACC202804,CUST104318,Current,35100.23,2574.98,1964.21,0,0,526,0.06,2,100,76,8,34
ACC203784,CUST104233,Salary,181186.49,56663.18,40879.45,0,0,,0,6,67,53,11,22
ACC200951,CUST104734,Savings,2341416.01,865173.53,615869.78,0,0,725,0,2,63,46,16,21
ACC201670,CUST101402,Current,450141.17,31744.74,51898.08,0,0,634,0,3,60,85,11,30
ACC201096,CUST100289,Savings,208316.58,56278.61,51987.11,0,0,690,0,3,78,100,9,16
ACC203792,CUST104803,Fixed Deposit Linked,88693.85,10274.17,11778.41,0,0,621,0,3,37,27,17,9
ACC203081,CUST104319,Salary,326037.5,71494.71,64040.35,0,0,620,0,2,86,64,14,37
ACC203452,CUST101247,Savings,267174.13,36355.25,60190.29,0,0,661,0,2,88,96,6,36
ACC201905,CUST104287,Savings,573883.11,91542.66,132340.21,0,0,611,0,2,58,60,19,30
ACC203443,CUST103758,Salary,8190.8,2526.91,1834.53,0,0,564,0.02,2,100,100,7,40
ACC204992,CUST102919,Salary,5068.55,7002.01,900.84,0,,551,0,2,80,95,10,30
ACC203192,CUST102356,Salary,90484.28,59081.6,21906.83,0,0,625,0,1,64,85,18,37
ACC202595,CUST104943,Savings,68301.61,32801.94,12484.94,48228.24,3973392.35,508,0.55,2,74,100,12,29
ACC200358,CUST101187,Current,1372135.44,202620.84,126196.92,0,0,731,0,3,81,87,8,
ACC203738,CUST101508,Salary,28923.32,23740.9,-4617.14,40147.8,1212031.89,580,0.7,1,88,92,9,43
ACC202271,CUST102341,Fixed Deposit Linked,51876.55,89008.69,-12240.94,85253.6,6831924.31,571,1.35,3,100,98,6,47
ACC204002,CUST102161,Savings,22931.38,5511.76,,0,0,,0.02,3,100,100,14,38
ACC202376,CUST100059,Savings,,359394.54,309686.5,75639.97,6096925.67,690,0.13,3,69,83,11,34
ACC204890,CUST100870,Savings,9484.08,2518.84,1634.44,0,0,618,0.01,2,67,57,16,25
ACC204486,CUST103486,,512797.28,61857.88,90650.22,0,0,719,0,1,75,55,5,22
ACC203586,CUST100884,,798842.92,558883.62,-178002.42,377160.83,28706895.44,605,0.56,2,88,75,17,28
ACC201077,CUST100843,Current,16270.15,2242.72,1407.96,0,0,646,,4,95,89,8,32
ACC201188,CUST104321,Salary,312317.43,64607.92,64225.47,0,0,687,0.01,1,73,87,10,36
ACC203369,CUST104371,Fixed Deposit Linked,76825.66,43169,-4324.74,77916.14,2411265.41,495,0.72,4,82,59,14,32
ACC203363,CUST101562,Salary,43865.52,100354.16,-15215.69,55645.61,5680223.4,599,0.42,2,73,66,17,25
ACC204833,CUST104737,Salary,195164.39,68905.69,42388.92,70988.75,4935463.37,627,0.33,1,55,42,12,21
ACC202387,CUST100187,Fixed Deposit Linked,13958.47,4809.68,1921.76,0,0,591,0.01,2,99,100,2,38
ACC204630,CUST103343,Salary,206094.25,79401.68,29312.65,0,0,716,0.01,2,,40,,14
ACC204730,CUST103067,Salary,17621.51,8458.35,3806.56,0,0,616,0,2,52,33,11,18
ACC201918,CUST103164,Savings,204484.21,50574.12,39354.34,18004.69,1566476.66,594,0.15,2,78,71,14,30
ACC202481,CUST102171,Current,1240508.74,62093,88755.52,0,0,758,0,1,63,42,12,14
ACC203528,CUST103332,,237997.29,32332.08,54065.64,,0,711,0.02,3,75,50,12,20
ACC202817,CUST102684,Savings,202602.46,32695.63,33512.13,,0,652,0.05,1,93,100,5,35
ACC201714,CUST102103,Savings,6196.02,1569.92,1842.28,0,0,621,0,2,68,73,5,25
ACC204418,CUST101944,Salary,82457.13,143232.06,-88939.56,157226.17,,513,0.77,1,66,77,6,29
ACC203634,CUST100265,Savings,72857.79,242381.44,-172062.33,262819.56,15318935.56,604,0.8,3,81,64,11,27
ACC204945,CUST101585,Salary,29428.22,49830.11,-311910.02,386977.74,4426112.23,593,1.5,2,56,60,14,17
ACC202346,CUST103050,Savings,76855.7,115814.86,-131607.21,216579.72,6860158.75,543,1.02,5,65,35,9,13
ACC203640,CUST100696,Salary,289095.37,39697.32,63245.18,0,0,659,0,2,73,100,,39
ACC200786,CUST103927,Salary,35861.67,111871.69,-251925.83,290774.8,3239912.54,542,1.5,2,78,82,12,34
ACC204755,CUST100956,Savings,254569.37,48989.83,62841.97,12390.86,1276536.92,633,0.05,5,80,79,11,31
ACC204206,CUST100375,Salary,54921.96,68805.45,-162380.02,206463.6,4442426.32,556,1.5,2,100,,3,25
ACC203689,CUST102667,Salary,554645.26,91199.87,85660.02,0,0,,0,3,87,79,7,31
ACC204092,CUST103208,Savings,140764.71,41130.02,32390.78,18636.22,838899.38,643,0.23,4,100,64,7,34
ACC204394,CUST102048,Salary,86003.43,72271.33,5189.29,48104.7,2279728.75,629,0.42,2,91,68,11,30
ACC202228,CUST103804,Salary,120818.42,53465.94,24979.81,0,,733,0,2,97,83,10,30
ACC204817,CUST101930,Salary,11786.26,3422.55,2082.46,0,0,573,0,3,96,100,13,42
ACC201524,CUST101729,Current,27193.55,34627.24,-55650.64,103896.76,1164570.46,497,1.23,3,86,80,12,36
ACC203628,CUST102624,Salary,214510.51,68428.1,44474.52,9250.66,,610,0.03,3,81,94,9,38
ACC200531,CUST101149,Savings,260713.74,31023,42870.12,0,0,711,,3,34,22,,15
ACC201844,CUST102186,Savings,,48389.31,54126.22,0,0,700,0.06,,70,66,12,24
ACC200420,CUST102594,Salary,10799.53,4386.01,1663.51,0,0,494,0,3,99,83,7,33
ACC200761,CUST101260,Current,394245.33,187150.62,-534038.82,737943.93,8271357.66,531,1.5,1,58,42,15,16
ACC202200,CUST101277,Current,449467.15,366150.31,-1883644.85,2097030.27,24004096.25,458,1.5,4,56,59,10,22
ACC203519,CUST101274,Savings,11849.85,3195.95,1965.16,0,0,575,0.03,3,85,100,9,40
ACC202199,CUST101991,Salary,149638.04,58088.32,37036.72,0,0,689,0.01,5,60,58,16,27
ACC203801,CUST102711,Savings,185407.68,,54261.11,,0,669,0.06,4,100,100,5,38
ACC202602,CUST100900,Savings,195079.66,58269.04,29083.24,0,0,624,0.01,1,72,79,6,28
ACC200340,CUST104253,Savings,500,1500,-1049.85,0,0,548,0.03,2,100,76,10,35
ACC201530,CUST101881,Fixed Deposit Linked,,,-60810.91,82298.39,917065.33,536,1.27,3,83,82,,31
ACC201128,CUST104763,Savings,121028.69,45292.28,,15992.23,1487107.88,574,0.2,1,81,76,11,42
ACC202467,CUST104716,Salary,18054.47,2866.77,3925.05,0,0,603,0.01,2,41,,,16
ACC200884,CUST100517,Savings,10025.02,51285.6,-270403.04,305040.92,3411189.33,505,1.5,2,38,59,10,15
ACC204329,CUST103900,Savings,35412.27,109582.39,-268862.98,316439.79,6879140.07,547,1.5,2,50,90,14,32
ACC204040,CUST103701,Salary,404625.38,79887.23,64983.6,27062.5,2434138.6,613,0.14,5,67,85,10,33
ACC202039,CUST101621,Savings,356225.03,32420.11,54711.75,0,0,656,0,2,94,75,9,36
ACC200392,CUST103116,Salary,160791.74,54502.61,32337.68,0,0,667,0,2,86,70,13,37
ACC201457,CUST104683,Salary,340406.48,49279.33,67833.67,0,0,705,0,,85,90,5,37
ACC204953,CUST101363,Savings,2758.14,1500,652.6,0,0,532,0,1,74,87,12,29
ACC203647,CUST103816,Savings,22715.56,24065.45,-51405.15,,1763770.97,455,1.48,5,68,86,13,24
ACC201543,CUST101878,Savings,12892.28,49489.06,-107243.1,133273,2832403.98,510,1.5,2,64,78,9,31
ACC200098,CUST100373,Savings,28628.03,,3250.78,45073.08,1350248.96,559,0.4,2,44,63,11,18
ACC200890,CUST103026,Salary,34875.97,29610.5,-40030.39,90926.07,2846796.87,521,1.16,2,79,78,10,24
ACC203852,CUST101401,,73203.4,46389.06,16452.61,0,0,656,0,3,63,61,13,26
ACC201039,CUST101024,Savings,200230.11,37648.05,32832.71,21983.15,963036.18,601,0.27,3,91,99,8,43
ACC204965,CUST103556,Current,62098.7,12724.24,,,0,602,0.05,3,8,27,14,4
ACC204632,CUST103672,Savings,37969.37,,-10995.88,72498.46,3365518.71,536,0.81,1,80,57,12,25
ACC202355,CUST101651,Current,3801644.05,364988.04,270490.18,0,0,745,0,3,69,99,12,37
ACC203106,CUST100027,Fixed Deposit Linked,74745.33,18995.08,12246.91,16005.81,742947.38,628,0.32,2,83,65,,21
ACC201447,CUST103048,Savings,12037.86,3323.12,2481.17,0,0,523,0,1,100,67,11,34
ACC202992,CUST101999,Savings,18665.36,45093.92,-176639.03,247931.27,2763057.66,534,1.5,2,70,50,13,21
ACC202565,CUST100424,Current,316404.96,36246.3,39696.21,0,0,687,0,4,27,2,16,9
ACC202306,CUST100640,Salary,25919.76,48617.33,-46575.26,68710.89,3275884.34,447,0.99,3,90,91,7,27
ACC200670,CUST103604,Salary,214559.02,52187.74,37685.97,0,0,557,0,1,98,96,8,41
ACC200713,CUST104259,Savings,500,1500,-577.11,0,0,512,0.03,2,99,97,7,35
ACC201334,CUST101808,Savings,6017.53,5438.76,703.66,0,0,576,0,2,100,100,5,
ACC203016,CUST100128,Savings,334439.57,146020.72,51043.22,0,0,747,0,2,66,66,17,32
ACC202462,CUST104031,Current,535771.22,178145.05,-513667.04,714992.46,8136821.7,531,1.5,3,63,33,20,17
ACC200416,CUST100109,Savings,117732.86,60901.4,17582.94,46653.91,1423582.38,585,0.4,4,66,65,14,23
ACC201544,CUST101186,Savings,93188.01,22589.54,16994.79,0,0,622,0.01,3,61,42,9,
ACC202218,CUST101727,Savings,1246801.2,534607.02,190807.91,0,0,695,0,2,100,94,12,35
ACC204335,CUST100666,Savings,,104443.45,19340.33,25721.23,2073896.63,654,0.17,2,67,47,14,18
ACC203933,CUST103156,Savings,64123.73,81254.84,-651.62,58751.05,3144609.92,630,0.39,,83,53,8,27
ACC202035,CUST101278,Savings,125500.11,23649.3,32352.8,0,0,647,,2,25,14,15,9
ACC203015,CUST101014,Salary,118577.57,61292.68,23231.22,0,0,674,0,2,86,73,8,27
ACC201831,CUST101793,Salary,249518.1,45677.48,35544.11,35655.45,1583737.81,568,0.36,1,82,68,11,31
ACC204860,CUST104029,Savings,255677.45,420713.49,-38804.51,407596.78,34179807.1,632,0.52,2,90,85,7,40
ACC202478,CUST103169,Savings,3122.9,2390.68,408.28,0,0,574,0,3,90,95,9,27
ACC204381,CUST101984,Savings,16662.98,106677.97,-3245.66,41703.65,2230821.73,620,0.24,2,71,73,12,25
ACC204396,CUST102724,NRI,2617.42,2045.57,597.46,0,0,600,0.04,3,55,87,12,23
ACC202586,CUST101940,Savings,163852.03,46640.71,48907.39,0,0,635,,1,83,55,6,31
ACC201745,CUST101225,Salary,88389.79,109016.8,-57601.26,152160.63,7102703.15,581,0.73,4,87,59,14,27
ACC200572,CUST103846,Current,126192.15,255278.41,-415873.05,594633.38,,480,1.38,2,92,72,10,34
ACC202118,CUST100288,NRI,506.13,1500,-479.85,0,0,576,0.02,2,65,78,18,23
ACC200734,CUST104845,Salary,59531.26,15364.1,10469,0,0,617,0.02,1,43,26,14,8
ACC203130,CUST104165,Savings,88334.28,35835.48,,0,0,601,0,1,77,72,5,37
ACC204643,CUST100740,Savings,826365.48,309713.34,208573.74,0,0,730,0.01,2,91,60,12,32
ACC203950,CUST104137,Savings,11059.83,17983.52,,21077.45,1409767.97,504,0.59,4,100,100,6,36
ACC202141,CUST103548,Current,198992.67,90671.61,11713.01,53850.24,3581415.78,603,0.31,3,62,47,12,24
ACC203835,CUST101708,Savings,67377.36,94174.34,-227452.96,270668.01,5798103.7,541,1.5,4,85,53,8,27
ACC204553,CUST102504,Current,93561.05,15112.07,8898.4,0,0,623,0,1,40,36,19,13
ACC200400,CUST101074,Fixed Deposit Linked,1804717.87,290800.68,275731.09,0,0,714,0.04,2,100,100,8,44
ACC204826,CUST100202,NRI,41912.52,64440.13,-39660.2,89149.13,1870392.52,548,0.8,2,77,76,10,32
ACC202450,CUST101430,Salary,97292.45,22322.68,19199.69,0,0,695,0,4,87,57,,35
ACC200398,CUST103860,Savings,66654.69,17583.76,18374.25,0,,618,0,2,38,45,19,12
ACC201788,CUST102222,Salary,5427.56,1919.8,1004.76,590.95,40484.59,498,,2,80,70,12,32
ACC201586,CUST100498,Salary,273283.36,93883.92,53799.92,0,0,,0,4,56,72,13,27
ACC201876,CUST103299,Savings,99618.26,384199.8,,610677.73,17992125.54,432,0.94,3,54,23,6,19
ACC201680,CUST103437,Fixed Deposit Linked,2805225.04,774438.97,294611.99,0,0,623,0,2,59,70,11,18
ACC200993,CUST102307,NRI,19565.44,21577.05,2249.07,24648.07,1107986.61,,0.51,3,71,66,6,20
ACC201244,CUST102303,Salary,189546.56,45591.06,48866.64,0,0,712,0,2,91,94,12,37
ACC200814,CUST103460,Savings,242632.78,,42327.19,0,0,644,0,3,45,47,11,
ACC200019,CUST101084,Salary,56362.32,94167.62,-88580.57,172550.95,7724792.6,443,0.96,5,56,76,6,17
ACC203807,CUST102791,Salary,145458.02,39653.11,27060.96,0,0,693,0,2,68,74,8,28
ACC201414,CUST102238,,185372.09,54609.9,33075.16,0,0,644,0,1,91,85,,47
ACC200891,CUST104932,Savings,25516.51,37944.06,-40147.45,93315.11,4026829.08,552,0.95,2,77,71,15,33
ACC200648,CUST100803,Savings,41166.58,59615.42,-279998.87,321756.22,,460,1.5,2,89,82,14,37
ACC204251,CUST100467,Savings,251867.45,69267.79,49259,0,0,673,0.02,2,97,73,9,29
ACC201949,CUST102471,Savings,624849.68,90599.96,107070.4,0,0,642,0.03,1,71,86,9,29
ACC204821,CUST104389,Current,878158.49,317877.54,90750.02,169902.61,15372732.47,,0.3,6,71,48,7,25
ACC201035,CUST103770,Salary,92167.69,14871.12,15448.98,0,0,677,0,1,33,13,13,3
ACC204631,CUST104583,Savings,459507.8,141439.82,108215.05,0,0,678,0,2,75,67,14,27
ACC200219,CUST101020,Salary,43395.9,68751.37,-323542.89,380102.77,4244981.72,,1.5,1,58,74,14,22
ACC201182,CUST103809,Salary,100810.95,13330.85,23623.89,0,0,651,0,4,47,26,12,13
ACC200280,CUST104605,Savings,32460.67,,-11669.87,51162.75,2352416.18,560,0.7,6,63,,11,19
ACC201436,CUST102213,Savings,11283.21,,,0,0,,0,4,93,79,7,34
ACC200133,CUST101375,Savings,19657.88,99288.32,-388271.51,432104.38,4885673.93,591,1.5,1,68,68,17,40
ACC204139,CUST101834,Salary,,31179.19,-50159.72,73602.01,2176114.47,496,1.35,2,45,37,15,14
ACC204682,CUST102455,Salary,229400.85,38276.19,68149.48,0,0,657,0.03,4,83,62,14,24
ACC204473,CUST100455,Salary,502792.38,90223.6,103653.2,0,0,734,,4,67,41,16,21
ACC203618,CUST100431,Savings,12915.27,44672.78,-10522.06,25600.01,801116.54,524,0.41,5,57,45,12,26
ACC203494,CUST104468,Salary,118180.8,81188.33,29244.98,0,0,624,0.02,2,61,57,18,18
ACC201847,CUST104311,Current,20734.23,2522.54,2187.1,0,0,493,0,3,100,100,11,35
ACC201514,CUST101407,Fixed Deposit Linked,329753.62,26834.45,31268.65,0,0,643,,1,85,73,10,29
ACC203591,CUST102611,Savings,23632.04,38409.7,-64444.09,131120.06,2783741.86,504,1.32,5,60,89,13,25
ACC201438,CUST101264,Salary,42541.81,68944.7,-26761.28,78977.92,5584749.25,577,0.72,1,96,75,6,35
ACC203435,CUST102514,Salary,5079.58,2293.94,953.34,0,0,576,0,2,86,71,10,30
ACC200000,CUST101501,Salary,13153.74,65287.13,-91979.76,128868.74,3957399.9,547,1.26,3,59,71,17,25
ACC203716,CUST104387,Savings,57376.44,94769.22,806.73,32050.45,1492163.64,663,0.27,2,68,71,14,52
ACC204021,CUST102717,Salary,166398.34,46011.71,30447.15,0,0,615,0.02,3,100,69,14,
ACC203474,CUST104710,Savings,500,1500,-161.55,0,0,564,0,1,96,93,7,50
ACC200600,CUST100881,Savings,7314.33,3681.2,1065.08,0,0,626,0,3,79,99,15,29
ACC200701,CUST104054,Savings,5186.39,8639.65,-2391.28,8145.62,177226.36,550,,2,76,60,11,29
ACC202658,CUST103435,Current,9247.92,2094.63,855.77,0,0,505,0,1,86,85,10,36
ACC204004,CUST100987,Savings,56291.52,27776.09,15793.35,0,0,579,0,2,69,65,13,30
ACC201682,CUST104698,Salary,263494.16,43212.91,43260.33,0,0,578,0.02,1,93,100,11,42
ACC202532,CUST101234,Savings,20026.39,3888.47,2902.8,0,,604,0,4,85,88,14,25
ACC201320,CUST103493,Fixed Deposit Linked,53963.75,,-5253.15,37754.94,3549702.02,632,0.43,2,85,80,11,38
ACC201195,CUST103403,Salary,106913.02,48068.7,27439.43,0,0,634,0,2,76,63,14,28
ACC204242,CUST101141,Savings,448787.6,80046.39,78021.56,0,0,720,0.03,2,69,78,10,26
ACC203478,CUST103416,Salary,40475.78,49310.58,-44740.21,97831.21,2945778.36,492,0.96,2,84,82,8,31
ACC200854,CUST102521,Fixed Deposit Linked,221570.03,38044.68,45519.91,0,0,644,0,1,94,100,8,37
ACC200487,CUST103001,Salary,47071.45,,8165.73,34037.81,2110891.58,574,0.56,2,90,84,8,36
ACC201281,CUST101720,Salary,201104.02,105524.61,25395.2,69880.31,8075022.81,667,0.33,2,91,78,6,41
ACC201374,CUST101123,Fixed Deposit Linked,17625.27,38285.89,-49864.26,106420.24,2296670.36,485,1.13,2,96,100,9,44
ACC202154,CUST101758,Current,876668.36,568995.24,-1001071.89,1282928.61,37744403.31,,1.45,2,84,85,14,26
ACC202937,CUST100664,Salary,634414.01,74778.9,109518.08,256423.41,16910465.63,,0.02,1,59,68,16,26
ACC203054,CUST100281,Salary,3879.41,2544.71,758.92,268.22,20000,618,0.11,2,82,85,5,
ACC203196,CUST104008,Savings,89560.09,67121.44,-609968.53,718905.45,8014742.55,485,1.5,2,100,,10,40
ACC202622,CUST104872,Fixed Deposit Linked,340052.32,35761.21,46095.55,0,0,652,0,2,79,86,10,41
ACC202246,CUST103609,Savings,161415.69,44368.96,31587.58,18658.02,1347600.35,659,0.19,2,73,81,10,37
ACC203507,CUST101137,Savings,68119.59,21404.59,21700.27,,0,650,0,4,37,31,15,10
ACC204067,CUST100762,Salary,50242.29,35137.54,11506.06,21804.51,1264030.93,622,0.31,5,77,80,20,25
ACC201930,CUST103311,Current,248880.13,291183.17,9166.49,161656.25,16396597.94,600,0.32,3,60,22,16,18
ACC200413,CUST101351,NRI,16488.37,4609.15,3903.73,0,0,660,0.01,2,57,31,13,15
ACC203665,CUST101131,Salary,500,1500,-329.46,0,0,463,0.01,2,95,100,7,25
ACC203841,CUST102315,Savings,2075255.59,472967.51,337443.45,0,0,684,0.02,4,81,42,13,22
ACC203969,CUST101790,Savings,9928.34,27980.63,632.45,34063.65,1625380.98,520,,4,88,100,9,40
ACC203386,CUST102506,Salary,54265.66,78877.16,-24582.85,64805.74,1925085.88,574,0.48,2,89,,5,23
ACC201082,CUST100679,Salary,24311.88,38221.09,-21639.62,36475.96,1673503.21,512,0.71,3,78,100,,25
ACC202746,CUST101271,Fixed Deposit Linked,99787,59083.52,3146.15,29809.37,1418789.15,651,0.32,4,63,85,8,30
ACC203849,CUST103700,Fixed Deposit Linked,335559.73,73637.65,43058.02,0,0,628,0.02,,90,96,7,52
ACC203222,CUST104589,Salary,2690.43,1603.27,577.44,0,0,641,0.02,1,96,100,9,25
ACC200036,CUST103585,Savings,113455.54,,21662.99,8521.01,560341.85,626,0.15,2,100,100,9,47
ACC203642,CUST100244,Salary,50652.02,56949.92,-14458.03,66076.84,753043.65,540,0.6,3,89,90,13,34
ACC200589,CUST104743,Savings,500,1500,-520.59,0,0,553,0,1,74,80,9,31
ACC203636,CUST101262,Salary,39201.08,44772.43,-6723.96,77588.37,4883979.07,602,0.66,3,92,89,11,32
ACC201814,CUST103515,Salary,12792.89,,-2190.7,57491.75,1206193.74,623,0.47,1,69,91,10,42
ACC202501,CUST101882,NRI,7185.86,5485.52,1171.72,0,0,600,0,5,98,99,7,38
ACC200658,CUST101135,Savings,100814.85,12512.71,17480.99,0,0,632,0.04,4,36,48,9,16
ACC203879,CUST103430,Savings,294071.82,334740.11,-1526191.58,1847320.8,21183132.26,558,1.5,3,58,62,15,19
ACC200020,CUST100926,Savings,39115.35,45524.57,-123679.12,195847.26,4152574.98,,1.5,2,54,74,15,19
ACC201235,CUST102954,Salary,1089852.73,603643.32,199882.21,0,0,650,0,1,52,64,11,20
ACC204147,CUST104149,NRI,146663.47,18168.2,27278.91,0,0,714,0,1,7,9,17,
ACC202258,CUST103413,Savings,24079.84,35804.06,-28849.84,55619.96,621674.57,437,0.89,2,45,21,16,14
ACC201644,CUST103326,Salary,88032.55,129079.73,-152680.74,206899.67,4437566.44,532,1.13,1,66,53,13,21
ACC200540,CUST101983,,200582.37,28571.43,30241.41,0,0,651,0,1,33,38,15,18
ACC203705,CUST104017,Current,143893.26,56457.65,18397.12,0,0,620,0.02,4,85,73,9,33
ACC203422,CUST101219,Salary,171217.15,73720.95,31656.81,0,0,607,,2,85,100,8,42
ACC204747,CUST104823,,270426.12,40805.26,62549.52,0,0,686,0.02,1,69,57,16,28
ACC201242,CUST104656,Salary,1384579.75,212377.47,225550.8,0,0,687,0.01,2,61,48,18,16
ACC202614,CUST103313,Savings,10833.5,1500,1943.83,0,0,537,0,3,86,79,6,33
ACC200580,CUST101095,Salary,59373.85,20666.5,12271.63,22981.97,1022378.07,657,0.43,4,73,42,8,
ACC201286,CUST101773,Fixed Deposit Linked,10358.64,6913.91,923.62,0,0,522,0.03,2,86,,2,34
ACC204250,CUST104170,Savings,93244.55,24404.82,26340.05,,0,748,0.04,2,34,23,10,10
ACC204825,CUST103255,Savings,207337.52,86661.2,36800.24,0,0,726,0.02,1,73,56,10,29
ACC200479,CUST100219,Savings,124066.46,171632.53,-56650.62,237313.85,19216421.72,569,0.7,6,41,36,15,
ACC202674,CUST102902,Salary,17780.13,53958,-212624.85,241324.92,,,1.5,3,59,59,10,19
ACC204218,CUST104955,Salary,184656.27,,37484.61,0,0,,0.01,2,85,94,10,32
ACC200063,CUST103862,Savings,93492.1,27993.75,,0,0,568,0,2,65,62,11,21
ACC203596,CUST100010,Salary,16618.45,2758.9,2680.75,0,0,660,0,2,70,61,8,26
ACC201373,CUST103882,Savings,18519.27,37255.84,-3303.54,53704.08,3352712.11,652,0.63,2,77,35,10,16
ACC203161,CUST104425,,233424.76,74909.89,56092.74,0,0,697,0.01,3,62,73,14,32
ACC204977,CUST102047,Fixed Deposit Linked,39464.93,59039.62,-51915.83,142655.16,4302688.68,549,1.03,1,88,87,15,25
ACC201121,CUST103129,Salary,122547.63,20839.06,22913.89,0,0,633,0,2,76,100,7,41
ACC200259,CUST100626,Salary,41775.79,51175.73,-306673.1,341020.61,,541,1.5,2,61,55,5,18
ACC200705,CUST104861,,94319.97,19116.87,25365.15,0,0,670,0.04,2,33,19,20,11
ACC202763,CUST104015,Savings,12498.55,20114.22,2277.48,10580.89,119162.77,660,0.34,2,51,46,21,13
ACC200439,CUST102890,Salary,29957.52,71559.54,-15383.56,92357.13,1030467.89,641,0.62,2,57,40,12,21
ACC203155,CUST103513,Savings,,15431.35,27875.24,0,0,655,0,2,54,27,18,17
ACC201767,CUST102439,Salary,278305.2,37092.94,46339.18,0,0,632,0.01,3,83,,14,42
ACC202783,CUST104288,Salary,162058.23,46202,36480.41,0,0,672,0,2,56,41,17,22
ACC200924,CUST104502,Savings,228646.99,49846.47,38571.41,0,0,635,0,4,81,88,7,40
ACC204762,CUST102200,Salary,201801.28,33648.29,39001.33,0,,596,0,5,,51,12,12
ACC201483,CUST104597,Current,318351.38,360594.53,14863.94,163862.41,15191959.64,590,0.31,1,72,71,11,31
ACC203230,CUST102270,Salary,20289.05,32821.89,942.78,19168.58,1704478.13,593,0.37,4,78,66,10,24
ACC201134,CUST101480,Salary,219207.22,,34880.75,0,0,660,0,4,85,63,12,33
ACC201108,CUST103931,Savings,35500.36,54020.19,-95083.54,123336.32,2725891.67,492,,2,67,55,9,23
ACC203592,CUST104661,Current,125587.86,243538.45,-1075420.28,1244943.86,26166702.45,490,1.5,2,45,57,8,21
ACC204426,CUST102508,Savings,53555.54,16767.45,14282.29,0,0,717,,3,,43,,22
ACC202756,CUST101423,Salary,256190.71,84337.28,51176.22,25017.87,2306262.28,664,0.16,2,80,93,11,30
ACC201542,CUST101393,,54634.81,36889.93,16251.12,24009.26,514183.14,612,0.29,2,73,67,8,33
ACC200587,CUST102100,Current,1795328.15,365770.55,139112.04,0,0,719,0.02,2,61,66,10,19
ACC200768,CUST102905,Savings,180907.95,24852.52,35324.5,0,0,599,0.02,2,37,7,17,11
ACC204292,CUST100125,Savings,125300.81,39903.07,37202.72,0,0,699,0,,80,92,10,30
ACC201085,CUST104354,Salary,209664.01,114259.63,27625.22,20043.28,1522686.75,,0.05,4,59,67,,30
ACC201820,CUST100712,Savings,58856.3,9573.45,13659.1,0,0,617,0,3,41,41,15,19
ACC202086,CUST101377,Salary,34018.83,111671.05,-141266.33,214611.74,2410430.94,578,1.16,1,75,80,8,34
ACC204425,CUST104429,Savings,21303.55,38469.53,-16878.17,45425.81,2220363.99,516,0.69,5,41,54,8,
ACC204197,CUST100872,Salary,3975.48,2738.87,528.07,0,0,570,0.01,1,73,95,14,38
ACC201881,CUST100000,Current,13019.37,1500,1827,0,0,596,0.02,2,52,63,14,21
ACC200637,CUST104324,Savings,309603.56,131346.91,92838.9,0,0,670,0.01,1,72,59,11,32
ACC203065,CUST101742,Savings,113139.37,42865.22,21550.38,0,0,684,0,4,62,85,12,31
ACC204017,CUST104938,Fixed Deposit Linked,12150.07,3377.2,,0,0,640,0.03,1,89,87,13,29
ACC204107,CUST101792,NRI,239615.53,330886.65,-49151.05,,22707696.23,656,0.47,2,81,68,8,36
ACC203404,CUST102353,Salary,232825.15,80496.27,55325.26,0,0,683,0,2,69,91,,41
ACC204256,CUST102590,Savings,43038.23,101448.92,3561.57,40665.22,,690,0.28,1,55,47,12,21
ACC204589,CUST103746,Salary,31989.18,31258.56,-13867.58,52489.47,3056107.77,545,0.74,1,,90,9,45
ACC203387,CUST102994,Savings,,2905.73,593.64,0,0,598,0,5,78,97,11,30
ACC200062,CUST104257,Salary,261877.68,42132.96,64038.64,0,0,715,0,2,83,83,13,33
ACC203610,CUST100963,Savings,24789.29,3849.38,5495.06,0,0,693,0,4,79,86,11,26
ACC202652,CUST102429,NRI,14727.9,2448.13,3043.48,0,0,595,0.01,1,84,90,15,35
ACC200157,CUST102847,Salary,37530.32,67898.08,-22363.48,60341.95,2639645.75,595,0.56,2,82,100,9,42
ACC200438,CUST100177,Current,552381.15,40434.66,49696.96,0,0,675,0.02,3,,20,15,16
ACC203992,CUST103942,Salary,65935.66,45007.96,20523.09,0,0,732,0.02,3,90,76,8,31
ACC203777,CUST102760,Salary,20328.26,,,40026.33,1942232.78,592,0.46,5,73,,8,26
ACC202323,CUST101885,Current,4291.5,7225.34,-5614.07,6052.74,132909.52,453,0.75,3,97,100,6,37
ACC203783,CUST100481,Savings,500,1500,-706.65,0,0,608,0.02,2,98,87,13,31
ACC202019,CUST100660,,,4412.04,1917.41,0,0,630,0.02,5,93,89,8,34
ACC201727,CUST104072,Savings,32686.63,71749.36,-234021.27,323125.71,6913055.13,514,1.5,1,84,82,13,27
ACC204052,CUST100661,Salary,293184.17,32854.97,51110.42,0,0,644,0.03,3,87,89,7,35
ACC204795,CUST104992,Savings,394800.95,68707.6,58587.55,20975.23,1144902.96,,0.16,2,60,70,12,33
ACC202001,CUST101088,Fixed Deposit Linked,51792.92,77700.52,-47719.92,76566.23,3572272.75,585,0.7,2,85,100,12,40
ACC203658,CUST102461,Fixed Deposit Linked,5215877.38,700386.91,580432.56,0,0,667,0,1,85,,12,22
ACC202993,CUST101310,Salary,248389.82,54919.2,52990.69,0,0,623,0.03,1,73,59,8,20
ACC203529,CUST101560,Salary,63228.8,37068.97,19905.43,0,0,625,0,1,94,99,13,41
ACC202321,CUST102028,,7639.11,3533.34,2019.28,0,0,595,0.02,4,,83,8,41
ACC200012,CUST100915,Fixed Deposit Linked,99579.21,47613.68,15170.59,,1791032.02,603,0.26,,70,84,17,18
ACC204296,CUST104481,Savings,23252.59,4976.31,7058.55,0,0,604,0.08,1,46,46,11,20
ACC204602,CUST101631,Fixed Deposit Linked,29280.48,118400.56,-15198.52,60462.62,4922176.44,641,0.36,2,92,85,5,26
ACC200140,CUST103698,Salary,15161.56,,-43307.43,81572.08,2499014.4,471,1.25,2,99,80,9,45
ACC202950,CUST102009,Salary,81101.77,17425.44,12362.65,11789.37,133533.99,560,0.28,2,61,59,8,30
ACC201895,CUST102153,Salary,36795.51,5299.27,7913.23,,0,610,0.03,4,70,69,8,31
ACC204829,CUST102777,Salary,115626.57,50594.54,35021.89,0,0,596,0.05,4,76,62,13,26
ACC203068,CUST101847,Savings,60748.39,25762.1,16361.44,0,0,600,0.02,6,25,50,16,14
ACC203498,CUST101591,Current,2535117.27,237525.37,340170.72,0,0,657,0,4,73,58,13,14
ACC203768,CUST104063,Salary,41921.4,55867.89,-134765.44,186034.88,3981379.55,489,1.5,2,97,56,10,38
ACC201054,CUST102943,Savings,3215.52,2857.96,846.74,0,0,610,0,1,95,93,3,35
ACC203655,CUST101804,Current,458054.88,837169.83,-3403409.27,3652414.6,41674253.03,570,1.5,3,72,63,11,20
ACC201837,CUST101760,Savings,200122.4,34138.87,48022.98,0,0,680,0,3,55,89,12,21
ACC204688,CUST100784,Salary,4459.6,4488.43,646.39,0,0,571,0.03,2,99,100,8,45
ACC204035,CUST101383,Savings,4752.27,6352.01,519.88,0,0,596,0,2,91,100,4,33
ACC203046,CUST104689,Current,416401.64,281990.19,-367745.91,583083.45,28228230.65,576,,3,69,46,17,29
ACC201180,CUST104369,Salary,134910.58,55788.78,31166.67,0,0,653,0,4,90,79,8,34
ACC201310,CUST103803,Savings,8363.86,2119.73,2561.61,0,0,575,0,2,69,90,15,26
ACC201935,CUST103494,Current,126436.6,242297.99,-206978.4,373525.68,27824186.14,526,0.97,2,57,60,10,22
ACC204554,CUST103465,Savings,227891.65,85991.97,34557.35,0,0,640,0.02,3,85,100,9,33
ACC200109,CUST101338,Savings,60928.37,7827.59,10854.93,3328.8,,636,0.15,1,38,50,15,15
ACC204792,CUST104061,Savings,4863.01,2269.74,1122.62,0,0,,0.01,4,98,94,9,42
ACC204456,CUST104175,Savings,13181.25,27825.87,-7579.61,54293.76,,550,0.69,3,72,81,10,39
ACC204674,CUST102701,Salary,146064.51,30044.35,48018.68,0,0,673,,4,100,100,4,47
ACC204669,CUST100853,Fixed Deposit Linked,33201.73,2629.87,3499.16,0,0,528,0.06,1,65,77,,31
ACC200689,CUST104888,Current,123378.98,333139.15,-29911.96,228949.64,19586338.4,606,0.4,4,70,59,12,23
ACC204533,CUST100395,Savings,1086.19,3220.01,-5.76,1412.68,67907.79,549,0.29,2,100,90,9,34
ACC202536,CUST100365,Salary,203853.75,55222.57,53580.87,0,0,670,0,3,42,52,14,20
ACC202949,CUST103134,Salary,273189.43,57475.68,42805.2,0,0,693,0.01,1,65,75,8,27
ACC204116,CUST100126,Current,11906.99,1500,1271.27,0,0,523,0.01,3,96,81,14,46
ACC200652,CUST104644,Salary,128947.71,45257.44,24009.63,0,0,637,0,1,81,56,10,25
ACC203554,CUST100002,Savings,,1763.78,1812.51,0,0,604,0.02,2,80,90,6,34
ACC203882,CUST102599,Savings,12479.2,4571.4,2404.89,0,0,560,0.01,1,72,100,9,37
ACC200590,CUST103750,Salary,102476,90872.72,10149.21,53577.12,6269778.92,591,0.31,4,100,85,8,40
ACC203314,CUST102253,,79719.28,20195.4,16650.22,,0,732,0.05,2,15,4,24,4
ACC203153,CUST102467,Savings,11067.1,7947.4,1411.03,0,0,638,0.03,3,,91,6,40
ACC200895,CUST103192,Salary,5892.56,1500,1115.13,0,0,473,0,1,99,100,11,30
ACC203256,CUST101949,Salary,30128.36,77847.52,-57844.33,91085.23,1026149.64,552,0.88,2,76,75,14,23
ACC203496,CUST101889,Savings,5046.01,1885.84,978.29,0,0,662,0,3,93,72,8,34
ACC202720,CUST101725,Savings,23247.54,23734,-28506.03,56693.61,1671142.54,443,1.13,6,75,58,12,
ACC200127,CUST104771,Salary,191520.96,59718.95,30686.37,34199.06,2470177.37,638,0.32,1,53,56,8,18
ACC200117,CUST102094,Salary,10499.87,1500,1690.26,0,0,534,0.02,3,85,100,9,36
ACC202094,CUST104906,,372717.19,109043.52,56755.52,0,0,690,0.04,2,75,,17,37
ACC201289,CUST101935,Salary,110640.02,51005.24,23899.3,46894,3330862.65,584,0.44,,69,59,12,19
ACC203859,CUST100040,Savings,178933.03,32747.69,53483.38,0,0,614,0,2,65,74,6,19
ACC200514,CUST100061,Savings,337700.93,92358.64,58231.78,0,0,702,0,3,57,52,13,20
ACC204846,CUST103763,Salary,14395.1,,-121567.07,,1812689.27,556,1.5,3,92,90,12,27
ACC203641,CUST100747,,,108355.69,-192528.1,247286.97,7406617.85,601,1.49,2,89,69,13,37
ACC204370,CUST102122,Salary,68029.58,109842.12,-157146.3,233103.44,5128053.85,496,1.29,2,,88,10,32
ACC204541,CUST102326,Savings,2049.74,6155.47,-695.3,1888.07,112263.72,578,0.27,4,100,88,10,44
ACC202572,CUST101948,Savings,130733.21,23734.79,21321.4,0,0,623,0,,37,45,12,17
ACC202022,CUST102784,Current,55255.34,23326.39,-29326.2,58135.57,651894.94,513,,,83,68,15,24
ACC200030,CUST101962,Savings,135012.66,45891.72,29778.38,0,0,595,0.05,2,28,7,17,6
ACC204771,CUST104682,Savings,9128.34,2895.2,1666.21,0,0,634,0.03,2,89,80,9,33
ACC202142,CUST102942,Fixed Deposit Linked,443210.04,116870.64,39730.25,0,0,647,,,67,48,11,
ACC202751,CUST100347,Fixed Deposit Linked,2233245.26,727185.45,,0,0,657,0,3,65,35,14,17
ACC201384,CUST104336,Fixed Deposit Linked,1049035.57,246761.17,120101.13,,0,633,0,2,61,40,18,20
ACC204572,CUST102896,Salary,32861.92,93974.65,-198884.2,255859.9,2873333.35,484,1.5,2,89,100,9,41
ACC204444,CUST103637,Salary,193880.92,54940.7,30007.64,0,0,672,0.05,1,92,80,9,40
ACC204629,CUST104070,Savings,35267.07,62664.88,-18396.44,100548.25,4702043.41,666,0.76,6,69,67,12,15
ACC201765,CUST104080,Current,1038565.56,91105.52,97972.67,0,0,645,0,3,54,37,13,17
ACC204946,CUST101955,Savings,4750.2,4095.6,522.51,0,0,606,0.01,2,95,100,6,28
ACC203143,CUST103179,Salary,19857.79,51563.74,-39567.79,95657.83,4450871.5,,0.85,2,61,63,9,26
ACC200450,CUST102609,Salary,156020.66,107076.86,12331.27,99447.76,2111879.03,601,0.43,3,92,84,12,32
ACC203654,CUST104030,Salary,59519.16,51806.43,13540.11,23761.37,2475905.36,555,0.29,4,62,64,12,20
ACC201344,CUST103571,Current,751158.26,767212.52,-896158.1,1251214.58,77329807.62,562,1.11,3,56,64,5,25
ACC204027,CUST104366,Salary,150390.59,32442.29,45030.48,0,0,730,0,1,,75,5,42
ACC202676,CUST101676,Salary,165714.52,,43110.55,0,0,700,0.02,2,80,73,10,40
ACC201119,CUST104402,Savings,6778.81,,1590.49,0,0,536,0.03,2,,44,10,20
ACC200324,CUST100416,Savings,356852.92,50306.54,74122.01,0,0,676,0.02,4,66,64,16,24
ACC203223,CUST104044,Savings,34699.62,63499.15,-120106.07,199662.74,4312143.74,529,1.45,2,77,61,9,30
ACC200823,CUST104559,Current,22139.35,1500,1714.6,0,0,637,0,2,87,89,10,34
ACC202653,CUST100641,Savings,46004.39,33232.62,5876.16,21651.76,1475702.71,597,,1,78,81,7,38
ACC200456,CUST102164,Savings,331046.07,111874.62,67886.72,0,0,660,0.03,2,83,73,8,22
ACC200904,CUST104858,Savings,174725.01,66381.1,47333.42,0,0,707,0,5,57,58,13,28
ACC204401,CUST102000,Savings,53508.93,65939.55,,188524.26,4163768.44,,1.23,2,,81,8,39
ACC200289,CUST100553,Savings,23891.62,39505.73,-108152.17,120294.94,3728310.71,530,1.5,2,46,32,14,15
ACC203354,CUST104294,Savings,105569.41,50180.35,16713.79,8444.85,488993.16,677,0.18,1,53,46,14,30
ACC204304,CUST101646,Salary,98659.62,58228.81,18555.58,0,0,661,0,3,81,62,19,30
ACC201106,CUST104075,Savings,11531.01,55283.21,-58702.51,102430.36,3213397.77,513,1.05,2,34,50,11,12
ACC201052,CUST102807,Salary,2561.38,4390.9,279.02,0,0,630,0.02,3,91,67,10,30
ACC202638,CUST100882,Savings,16899.64,39429.07,-31643.35,82035.97,3643410.21,,0.95,1,60,61,13,16
ACC202962,CUST103721,Savings,3465.42,2856.76,732.22,0,0,541,0,1,100,97,9,37
ACC203909,CUST104899,Fixed Deposit Linked,50634.22,87027.51,-1406.09,30251.22,1420902.9,573,0.27,1,44,63,17,20
ACC204998,CUST103772,Salary,52927.37,18954.02,12769.89,10255.21,866062.6,586,,2,71,64,10,22
ACC204024,CUST100722,Salary,20687.14,2944.68,5284.29,0,0,670,0.04,3,71,75,12,28
ACC201337,CUST104225,Savings,532915.79,77658.66,127749.6,0,0,687,0,4,87,83,12,34
ACC204465,CUST101214,Salary,22821.28,105150.46,-46519.24,,6807928.42,572,0.62,1,45,71,18,29
ACC201801,CUST102457,Savings,197357.68,350202.72,-248832.54,557551.74,16338071.93,520,0.84,,58,60,9,14
ACC200136,CUST104445,Fixed Deposit Linked,119350.33,54835.68,11853.45,15801.05,337830.43,603,0.22,2,41,35,11,15
ACC203694,CUST104293,Fixed Deposit Linked,167450.68,28383.49,32667.83,0,,656,0.01,1,24,5,17,4
ACC201715,CUST100442,Salary,5874.44,2088.17,1104.02,0,0,598,0,3,87,88,9,43
ACC204431,CUST102745,Savings,264016.64,42343.08,43959.48,0,0,674,0,3,56,51,14,21
ACC201527,CUST100647,Salary,19959.88,21176.03,-74818.46,96574.38,1084664.19,475,,2,100,100,4,41
ACC200801,CUST101504,Salary,45586.66,20898,14082.11,0,,620,0.04,4,38,29,23,14
ACC203261,CUST103282,,14855.11,3138.64,2514.84,0,0,525,0,1,64,65,10,40
ACC203447,CUST104449,Savings,216409.86,31374.15,37066.29,0,0,625,0,2,65,11,11,18
ACC200852,CUST101322,Current,177677.65,473241.8,-1004608.65,1337591.51,29053764.15,533,1.5,3,84,100,8,29
ACC200532,CUST103617,,279260.36,62934.66,48526.44,0,0,660,0,2,84,60,16,33
ACC202722,CUST100834,Salary,10536.48,28965.77,,33899.58,2337162.02,562,0.66,4,89,87,9,31
ACC203547,CUST104220,Salary,94661.5,77510.33,19789.23,16029.92,768587.85,674,0.19,1,74,53,8,23
ACC200191,CUST103794,Savings,1054493.41,355550.89,156479.04,190704.97,20295605.56,,0.25,2,38,33,18,18
ACC202453,CUST100462,Savings,12496.2,5162.9,2385.14,0,0,576,0.06,1,65,60,9,25
ACC200991,CUST101268,Salary,109014.58,52973.68,22112.05,0,0,650,0.03,3,80,77,5,32
ACC204090,CUST103507,Salary,282480.54,110958.33,49902.37,29449.3,2929320.68,633,0.13,2,87,100,8,40
ACC204320,CUST102286,Savings,212089.93,86540.33,40831.17,0,0,661,0,2,94,96,5,34
ACC200603,CUST104587,Current,71564.61,94536.13,-2097.65,85248.17,6226261.53,600,0.49,2,93,70,14,31
ACC200539,CUST104810,Fixed Deposit Linked,44838.88,31773.06,-225744.26,273363.72,3055132.64,,1.5,1,69,100,9,35
ACC204065,CUST104102,Savings,28991.73,46912.58,,85713.14,5023784.39,596,0.66,2,95,87,6,33
ACC203260,CUST100001,Savings,135575.51,21347.99,29217.2,0,0,663,,1,24,19,18,9
ACC203808,CUST102854,Savings,61021,16376.31,10358.38,0,,581,0,1,,20,16,8
ACC202654,CUST102392,Salary,207896.6,37159.23,42220.64,0,0,,0,2,62,57,18,25
ACC202730,CUST104694,Savings,244714.18,,63916.3,0,0,670,0.03,2,61,71,11,30
ACC202519,CUST103032,Salary,500,1500,-860.91,838.74,69985.03,512,0.56,1,44,52,9,23
ACC200034,CUST101755,,7703.27,3187.74,2214.02,0,0,620,0.02,2,91,91,11,35
ACC202287,CUST100631,Salary,37917.53,56331.77,-124573.99,151823.22,3351667.69,523,1.5,4,100,78,4,41
ACC204160,CUST102597,Salary,250516.93,28628.18,44275.42,0,0,616,0.03,2,28,13,16,8
ACC203611,CUST103415,Savings,8904.98,1718.32,2309.26,0,0,493,,2,90,77,10,
ACC200743,CUST104053,Salary,132656.67,43836.67,27391.87,0,,672,0.05,2,79,58,12,25
ACC202807,CUST101190,Fixed Deposit Linked,933775.67,631993.07,-944875.08,1322733.51,28505674.46,558,1.32,1,39,59,16,16
ACC203643,CUST100317,Savings,149839.54,24360.72,42050.17,0,0,686,0,3,37,40,14,12
ACC202609,CUST104078,Savings,16383.82,4907.36,3969.41,0,0,620,0.01,2,95,91,8,44
ACC200903,CUST102526,Savings,119477.47,22766.89,24908.4,0,0,641,0.04,1,12,0,17,2
ACC200262,CUST102217,Savings,14017,,-3872.76,15015.19,1558786.28,,0.37,4,94,80,14,21
ACC204238,CUST104208,Savings,85137.43,114412.38,16473.42,19630.27,1629390.35,590,0.12,3,77,64,12,38
ACC202869,CUST101385,Salary,2004.4,4904.9,-285.59,3416.59,157568.79,512,0.45,3,98,100,11,41
ACC201076,CUST101061,Current,1357435.18,230725.65,227273.39,0,0,640,0,3,54,44,19,14
ACC201893,CUST101064,Salary,,,2595.41,0,0,538,0,3,100,99,5,46
ACC203085,CUST103470,Fixed Deposit Linked,52070.56,16788.48,3122.1,17877.92,1342816.06,574,0.53,3,87,100,12,26
ACC204563,CUST103267,Savings,11452.72,20940.39,-20548.55,,1112006.23,501,1.02,3,63,59,9,29
ACC204900,CUST103645,Savings,24867.94,49846.36,-3419.91,26557.83,,573,0.35,5,74,45,,28
ACC201782,CUST104226,Fixed Deposit Linked,102608.72,103696.72,6763.99,64613.97,5080253.61,575,0.35,2,93,81,12,33
ACC204847,CUST103304,Salary,134309.01,13851.02,22238.23,,0,,0.02,1,100,76,9,41
ACC204477,CUST104268,,49449.52,121678.64,-520318.77,645935.6,7292525.41,,1.5,2,59,45,19,24
ACC204289,CUST101603,Savings,232749.95,28057.78,39052.93,0,0,643,0,1,84,70,11,29
ACC204328,CUST100523,Fixed Deposit Linked,285460.23,18987.81,29409.18,0,0,631,0,4,44,12,13,15
ACC201506,CUST102154,Salary,241300.16,62056.86,36182.63,0,0,735,0.02,1,94,66,6,29
ACC200121,CUST101057,Savings,5353.88,2229.53,1224.49,0,0,572,,1,,65,10,39
ACC200789,CUST101344,Savings,18612.52,75107.24,-32146.16,65910.35,3145943.61,538,0.61,2,95,87,10,29
ACC200181,CUST102886,Current,22238.39,1757.04,1360.23,0,0,519,0.04,2,71,100,7,32
ACC203128,CUST100939,Salary,54837.75,99730.78,-477838.4,528639.17,6000725.99,449,1.5,1,66,85,10,35
ACC201464,CUST100543,Salary,135088.05,68514.47,35224.34,36918.96,3303157.35,,0.24,4,50,67,8,26
ACC202028,CUST104442,Savings,15010.01,1746.47,3187.01,0,0,612,0,3,86,100,5,46
ACC203353,CUST101410,Salary,113023.86,86213.52,29891.55,0,0,661,0.06,3,57,78,13,29
ACC202391,CUST104890,Salary,9167.15,2408.47,1411.27,0,0,573,0.01,5,100,71,8,33
ACC201031,CUST104900,Salary,13702.8,49578,-40305.91,58490.2,1726339.94,556,0.84,2,96,86,6,45
ACC200111,CUST101090,Fixed Deposit Linked,14203.85,2443.22,1822.67,0,0,,0,2,100,100,13,41
ACC200997,CUST103214,Savings,44874.28,9678.45,7185.75,7096.84,,581,0.28,4,33,17,16,7
ACC204263,CUST103421,Savings,97525.31,34365.63,18764.14,0,0,559,0.01,2,89,77,5,35
ACC202299,CUST104546,Savings,2828.97,1562.82,469.88,0,0,477,0,2,94,,7,52
ACC201683,CUST102827,Savings,5468.74,1755.69,1100.59,0,0,463,0,1,84,69,,
ACC200729,CUST102654,Salary,616972.47,81108.24,107756.61,0,0,663,0.07,2,79,79,10,38
ACC204185,CUST101318,Salary,16460.84,3767.6,2792.35,0,0,525,0,5,83,91,5,29
ACC203456,CUST102012,Savings,16496.38,68891.65,-18563.52,52216.77,2788796.64,568,0.51,5,63,79,3,36
ACC203593,CUST102273,Current,8552091.19,446544.3,527526.18,0,0,632,1.41,5,67,52,7,28
ACC201932,CUST101455,Salary,4442.23,2907.6,850.85,0,0,617,0.05,2,95,74,11,32
ACC202194,CUST101814,Savings,162383.18,30360.32,28494.49,4816.14,416760.5,624,0.06,3,77,73,11,28
ACC203846,CUST103358,Savings,43809.77,45725.76,6460.04,10464.08,561275.93,574,0.12,2,93,85,,38
ACC200198,CUST103829,Fixed Deposit Linked,97181.76,74538.66,,34881.99,765066,575,0.34,1,63,90,9,33
ACC203704,CUST102641,Salary,498632.04,83743.12,83862.46,0,0,636,0,2,72,61,12,23
ACC203111,CUST102008,Savings,164948.75,41353.86,28601.13,0,0,634,0.04,2,61,73,14,30
ACC200547,CUST104005,Salary,7262.37,1500,1286.07,460.78,45838.21,558,0.13,,96,88,6,33
ACC200101,CUST101669,Salary,46970.36,78212.57,-57768.2,151057,4608430.62,548,0.87,1,52,62,18,20
ACC202013,CUST104830,Salary,405290.73,116046.7,67285.3,0,0,687,0,2,100,70,2,23
ACC201678,CUST102080,Savings,177524.8,39835.84,38440.57,0,0,775,0,3,45,45,15,15
ACC200564,CUST101174,Salary,3328.61,1990.23,404.17,0,,549,0.02,2,99,98,13,40
ACC201690,CUST100785,Current,1162398.58,963351.28,-1301805.4,1770610.75,79412994.16,505,1.19,3,55,20,13,17
ACC200694,CUST101954,Savings,4306.52,5771.35,472.59,0,0,671,0,2,100,93,17,35
ACC201499,CUST101912,Salary,217649.81,67479.29,30594.31,73315.61,5249325.07,621,0.37,2,78,97,14,39
ACC204220,CUST102376,Savings,29023.19,60420.21,-13949.41,32435.83,2589884.12,682,0.45,1,82,70,14,29
ACC201686,CUST100076,NRI,19438.24,3136.29,4779.25,0,0,599,0,2,71,60,11,20
ACC201859,CUST101366,Salary,118574.61,47440.74,31230.9,0,0,676,0,2,80,67,9,30
ACC201113,CUST101181,,459378.42,72873.47,133034.82,0,0,711,0,,,47,16,20
ACC200748,CUST100527,Savings,131494.16,50318.15,21191.27,58123.21,3667194.6,608,0.48,3,53,61,,16
ACC203916,CUST104690,Salary,36094.37,37498.55,-285111.48,328693.21,3753574.09,466,1.5,4,39,40,14,14
ACC202253,CUST101880,Savings,6544.79,8418.62,677.68,0,0,627,0.03,4,63,74,14,21
ACC202280,CUST100840,Savings,408713.92,60821.08,91329.37,0,0,653,0.03,2,88,68,8,29
ACC201608,CUST103121,Current,3464303.85,386534.78,397904.37,0,0,682,0.01,6,68,71,10,17
ACC204660,CUST102491,Salary,22050.69,43426.03,-233478.26,254113.41,2899604.81,471,1.5,1,95,100,12,48
ACC200704,CUST104773,Savings,7132.3,5074.16,1065.6,0,0,639,0,1,95,100,3,44
ACC200668,CUST103857,Salary,212697.77,95292.45,48026.96,0,0,745,0.03,2,84,52,11,23
ACC201332,CUST100613,Current,540744.56,399323.2,-279369.86,435267.84,19920897.35,491,0.83,3,73,66,11,38
ACC202040,CUST104103,Savings,23558.94,41921.62,-9181.59,43612.62,2442954.23,563,0.57,4,91,66,13,42
ACC200379,CUST104392,Salary,64522.69,121229.57,-13638.3,54241.99,3872738.32,680,0.32,2,59,45,12,33
ACC201353,CUST104327,Current,19432.5,1500,1722.83,0,0,535,0.01,2,97,100,7,43
ACC203763,CUST100107,Current,625373.93,146582.56,76227.58,,0,717,0.02,2,46,53,10,27
ACC201116,CUST100790,Savings,11477.91,3992.83,2173.47,0,0,518,0,2,96,86,8,30
ACC201399,CUST102404,Savings,260640.82,529735.94,,1035578.43,31583298.77,512,1.19,4,93,83,11,41
ACC201720,CUST102145,Salary,29474.12,33240.39,-125560.27,177663.8,2034689.96,453,1.5,4,78,81,4,27
ACC203701,CUST102419,Current,23312.82,72424.14,-2064.7,46746.03,3942257.88,699,0.44,1,86,,5,23
ACC203294,CUST100273,Salary,346113.29,52509.88,61278.99,0,0,703,0,2,86,81,9,36
ACC202034,CUST103406,NRI,121172.18,37619.5,34937.68,0,0,675,0,4,66,58,7,25
ACC200949,CUST102330,Salary,192251.27,59337.21,30316.21,0,0,600,0,3,81,90,16,35
ACC201700,CUST102369,,68092.28,62730.11,19536.95,0,0,622,0.06,1,93,77,8,48
ACC201884,CUST104116,Savings,4186.69,1833.42,692.07,0,0,579,0.04,2,98,84,4,42
ACC200455,CUST101292,Fixed Deposit Linked,161221.48,68996.74,22694.65,0,0,722,0.02,,100,98,11,44
ACC201671,CUST103873,Savings,119748.86,,26677.55,0,,637,0,4,51,22,12,8
ACC201730,CUST102951,Current,3420684.91,270222.59,348716.99,0,0,702,0,2,91,61,14,32
ACC201696,CUST101902,Savings,6122.06,1500,902.89,,0,538,0,3,64,81,10,28
ACC203138,CUST104604,Savings,23290.25,47234.1,-12207.88,58966.84,1232332.97,516,0.65,3,76,71,11,23
ACC200727,CUST100720,Salary,149259.18,27144.37,34664.97,0,0,,0.03,1,96,87,8,
ACC201442,CUST100353,Savings,1580.27,1500,260.15,0,0,601,0,2,56,34,10,13
ACC203408,CUST100021,Fixed Deposit Linked,235136.36,50038.86,34220.08,0,0,607,0,2,95,92,9,36
ACC202527,CUST100772,Savings,333764.22,43906.68,52497.44,15439.4,1679271.37,652,0.16,3,64,82,12,31
ACC200927,CUST104990,Current,11801.5,19833.39,-2946.72,11127.28,237019.26,587,0.48,1,66,53,11,21
ACC200822,CUST103053,Savings,8801.08,2191.51,1744.34,0,0,593,0,4,98,100,6,43
ACC204215,CUST104864,Current,166305.69,54313.14,-23495.1,118503.01,6963899.32,565,0.81,2,67,61,12,26
ACC203861,CUST102089,Savings,52850.79,160500.51,-318560.07,376007.59,8298728.13,576,1.5,2,58,58,14,20
ACC202201,CUST101783,Savings,130238.2,52969.32,38025.13,0,0,670,,2,69,61,12,26
ACC200196,CUST100829,Salary,63993.76,73574.31,-46182.72,132920.94,5780415.46,521,0.86,4,93,74,,39
ACC204382,CUST104363,Salary,81634.59,56245.15,18919.31,0,0,683,0.02,5,100,100,7,47
ACC202718,CUST102764,Salary,172761.24,76715.39,29293.4,0,0,686,0,2,87,78,10,36
ACC203084,CUST103742,Salary,43064.31,116837.21,-38472.23,85220.87,7739885.44,630,0.49,6,71,70,8,34
ACC202923,CUST101004,Salary,6454.02,1500,2032,0,0,574,0,1,80,95,10,26
ACC202389,CUST102085,Salary,54173.71,54255.09,11370.57,14867.06,860218.21,673,0.18,3,94,81,10,31
ACC202386,CUST101080,Savings,57034.6,11031.39,19670.61,0,0,552,0.03,1,24,29,14,19
ACC204163,CUST100922,Salary,21162.55,55118.36,-5198.43,106919.02,1208293.14,591,0.7,5,76,83,12,24
ACC202113,CUST102487,Savings,48315.48,24248.59,9975.89,1586.41,112383.02,622,0.03,3,96,,8,36
ACC204275,CUST101975,Savings,4422.67,2271.41,870.43,0,0,593,0,2,44,54,17,17
ACC200024,CUST104767,Salary,476501.65,70521.15,126615.99,0,0,564,0.01,2,73,59,8,31
ACC200716,CUST103692,Savings,486844.94,77843.17,89110.67,19729.15,1222016.47,,0.06,4,74,95,11,33
ACC201662,CUST101705,Current,702849.99,407623.36,-549255.78,726485.73,39925605.48,530,1.2,2,89,93,7,28
ACC202026,CUST104657,Fixed Deposit Linked,229167.85,50234.01,34128.65,0,0,614,0.04,3,22,29,12,10
ACC201364,CUST101738,Current,843251.81,559698.27,-1341444.27,1555347.71,47257204.24,503,1.5,4,85,85,7,33
ACC203275,CUST103411,Savings,500,1500,-522.37,0,0,537,0,1,79,100,7,38
ACC203523,CUST103195,Savings,40362.48,35233.43,5476.83,27908.55,1603268.51,524,0.39,7,70,89,13,32
ACC203684,CUST101194,Savings,342002.94,52826.88,,0,0,650,0,2,84,82,10,39
ACC204729,CUST100815,Salary,50940.77,79321.27,-48504.23,83606.23,3967712.66,553,,2,98,72,7,28
ACC200636,CUST101094,Salary,83030.15,88468.51,6231.6,50575.87,1512888.14,676,0.33,3,74,65,12,28
ACC200430,CUST100721,Savings,3430.02,1500,1054.23,0,0,481,0.01,4,62,48,18,23
ACC200720,CUST103955,Salary,173197.46,70566.07,,25991.28,1179129.52,619,0.18,1,62,66,7,35
ACC200795,CUST101909,Current,6051.58,5682.66,-6106.84,,84061.8,408,1.06,4,97,77,9,27
ACC202220,CUST100570,Salary,55537.14,30632.63,17666.08,0,0,678,0,2,38,24,16,15
ACC202069,CUST100082,Savings,227420.18,38986.68,37989.5,3371.45,257789.33,596,0.02,1,75,93,13,37
ACC203770,CUST104122,Savings,99675,44052.04,12245.53,28299.33,1372544.39,584,0.33,6,93,63,11,35
ACC200267,CUST102584,Current,582596.21,104076.68,40937.33,0,0,727,0,3,81,80,13,27
ACC204940,CUST102613,Salary,37210.61,23413.31,4982.91,22451,1354534.74,575,0.38,1,88,76,11,30
ACC201778,CUST101657,Current,1613107.48,328195.01,138221.58,357388.62,31533008.3,572,0.45,3,78,77,17,26
ACC203512,CUST101711,Savings,90600.14,37028.66,21501.19,0,0,595,0,1,71,100,11,32
ACC203692,CUST101182,Savings,98118.91,42166.69,11499.59,27996.42,2245328.32,592,0.34,3,61,72,13,23
ACC201210,CUST103252,Savings,248203.39,30034.74,54639.39,0,0,698,0.01,2,71,91,8,40
ACC200099,CUST100079,Savings,172463.95,,23860.05,0,0,587,0.01,3,100,100,6,46
ACC202945,CUST102132,Salary,112215.43,134774.91,22508.55,48836.46,3824031.16,644,0.31,2,,49,10,32
ACC204121,CUST100827,Savings,7332.42,3992.34,1631.33,0,0,594,0.05,1,97,100,11,37
ACC200279,CUST101424,Fixed Deposit Linked,205720.06,50308.81,46148.35,0,0,650,0,2,93,100,8,42
ACC200619,CUST101200,Savings,117036.38,88008.62,28020.36,23047,1344283.1,596,0.17,1,79,99,11,37
ACC201955,CUST103491,Savings,35584.34,48445.45,-178351.13,206949.22,2371930.44,554,1.5,1,79,68,11,26
ACC202684,CUST101133,Savings,337446.57,33842.68,56948.64,0,0,637,0,4,83,90,7,39
ACC200512,CUST101972,Current,232253.07,33196.96,28925.12,0,0,661,0.01,2,40,34,16,18
ACC201312,CUST102937,Salary,170136.01,46187.31,29766.98,51946.92,4798072.27,677,0.37,2,81,67,9,23
ACC204800,CUST101843,Salary,198987.24,45341.2,58324.58,0,0,648,0,1,82,78,5,31
ACC204645,CUST103675,Current,10453.83,1500,934.39,0,0,537,0.01,4,86,88,8,29
ACC201729,CUST104450,Salary,215745.74,65075.7,65109.49,0,0,731,0,1,67,81,13,30
ACC202839,CUST101584,Salary,92510.4,29687,26303.29,6107.58,530434.2,581,0.09,1,24,36,20,9
ACC203349,CUST103908,Salary,67072.3,64321.85,-30763.14,102013.43,3070167.38,551,0.74,2,54,44,11,17
ACC204161,CUST102204,Salary,25368.16,37230.08,-56878.86,94510.06,1085331.24,537,1.26,5,43,39,19,12
ACC202750,CUST104653,Salary,38830.56,,-47436.58,150184.05,8841076.57,578,0.78,1,65,44,11,22
ACC200987,CUST100192,Savings,213685.29,52817.42,,0,0,615,0,1,31,42,12,14
ACC202787,CUST103553,Salary,123205.72,78024.09,31051.41,0,,628,0,1,88,61,10,29
ACC202699,CUST103613,Salary,,92729.4,71882.88,0,0,725,0,7,83,39,15,34
ACC200460,CUST101258,NRI,271356.4,97129.28,55420.15,0,0,724,0.02,1,59,40,10,26
ACC202492,CUST102837,Current,64772.2,4597.57,5328.74,0,0,652,0,1,83,74,,42
ACC203028,CUST101317,Fixed Deposit Linked,431775.47,44023.42,50328.93,0,0,642,0,1,72,66,11,37
ACC203437,CUST101007,Savings,137949.55,46774.59,24813.08,0,0,651,0,2,78,67,6,
ACC204579,CUST104107,Salary,96244.11,19535.45,18337.22,0,0,698,0.07,2,52,17,11,6
ACC200717,CUST100567,Savings,6005.28,7057.42,1147.74,0,0,594,0,1,100,100,7,31
ACC202496,CUST103477,Savings,2184605.22,625089.76,712200.86,0,0,677,0.05,2,60,28,8,16
ACC202469,CUST102503,Savings,161241.04,61184.08,25846.08,0,0,667,0,1,98,100,9,30
ACC201375,CUST101891,Current,20543.14,3051.07,1275.1,0,0,558,0.05,3,96,88,11,31
ACC202742,CUST103815,Savings,179940.44,73661.44,38937.31,0,0,699,0.04,,100,66,10,37
ACC200359,CUST101961,Current,556893.24,68009.87,34366,0,,678,,3,86,71,8,26
ACC204532,CUST104171,Fixed Deposit Linked,2137385.88,492777.46,331061.62,0,0,709,0.01,3,76,50,9,25
ACC200887,CUST103732,Fixed Deposit Linked,164667.22,16571.05,20160.99,0,0,605,0.02,5,56,42,7,21
ACC204727,CUST103120,Savings,7070.91,1500,1636.7,0,0,,0,1,91,100,13,49
ACC200841,CUST100308,Savings,5887.03,2671.08,1021.81,0,0,600,0,3,70,60,9,21
ACC203532,CUST103883,Savings,14877.84,7052.96,2294.04,0,0,574,0.03,1,85,100,6,29
ACC203321,CUST101559,Salary,,2217.78,446.13,0,0,577,0,2,100,100,8,43
ACC201305,CUST101919,Salary,94428.74,,27994.99,0,0,643,0,1,60,60,13,31
ACC204450,CUST103512,Savings,120082.75,20354.29,,0,0,632,0,1,48,32,14,25
ACC200527,CUST103142,Salary,99711.26,56008.3,21490.83,39914.27,,580,0.35,4,58,58,12,22
ACC201441,CUST101616,Salary,5045.98,2311.73,,0,0,554,0.02,1,78,53,10,26
ACC204475,CUST103709,Savings,500,1500,-578.88,0,0,555,,3,74,50,7,20
ACC202621,CUST100767,Savings,500,1500,-570.58,197.44,20000,504,0.14,,95,100,7,35
ACC203782,CUST102248,Current,859873.38,390887.05,-11037.75,725101.61,56531854.24,553,0.72,1,31,41,16,11
ACC203903,CUST104924,Current,841965.05,147311.11,57395.19,0,0,661,0.05,1,61,26,15,15
ACC200134,CUST103968,Savings,236307.41,104839.87,31347.56,29765.93,2092155.08,,0.2,4,88,57,12,37
ACC203730,CUST104982,Current,47623.1,53886.04,2187.22,30181.86,2280175.18,,0.36,3,71,46,16,18
ACC203513,CUST103387,Salary,163426.51,61058.03,33529.13,0,0,686,0.02,1,86,64,14,32
ACC203562,CUST101596,Savings,16477.71,5946.05,4538.86,0,0,573,0.02,4,100,87,,27
ACC204223,CUST101619,Current,409309.62,315260.19,-728236.22,905972.27,10213392.82,551,,5,47,58,12,22
ACC202305,CUST101861,Savings,83629.68,89919.67,10057.52,50823.96,5428143.57,601,0.3,4,79,89,11,31
ACC200524,CUST102170,Savings,87322.01,71790.72,6555.96,,3267750.39,643,0.29,2,68,70,6,25
ACC204790,CUST100262,Savings,28043.07,73773.84,-32073.4,92577.19,1965381.4,607,0.71,1,83,99,14,34
ACC200910,CUST100693,Salary,73600.49,14827.82,12139.09,5944.03,397893.02,533,0.2,3,64,72,9,24
ACC203212,CUST100409,Salary,187815.06,40376.79,23402.4,42206.96,3808598.63,603,0.39,3,71,77,9,35
ACC200503,CUST104480,Current,31044.15,50931.1,-88832.47,110152.52,1264531.46,471,1.5,3,,75,14,
ACC202651,CUST100689,Savings,,33897.21,31295.28,,585355.3,635,0.14,2,100,81,10,40
ACC200124,CUST102280,Salary,467655.13,100088.29,86404.12,0,0,587,0.02,1,75,74,14,
ACC200933,CUST100568,Savings,38471.28,42920.9,6526.43,22998.33,1068470.47,629,0.31,3,99,90,6,32
ACC201470,CUST104961,Salary,138335.28,25982.69,26232.34,0,0,673,0.01,3,95,74,9,40
ACC201284,CUST100156,Salary,30499.3,41514.73,-80886.52,134704.48,1546707.72,503,1.38,2,67,73,10,29
ACC202568,CUST103693,Salary,180078.02,39830.19,43118.04,0,0,649,0,3,84,71,8,35
ACC203396,CUST100947,Savings,96601.35,38322.23,14659.77,24803.93,2051126.94,633,0.29,3,84,77,12,34
ACC204302,CUST102797,Salary,24169.45,54173.14,-58050.42,136866.98,4088258.92,459,1.09,3,80,74,8,30
ACC201094,CUST104762,Salary,111639.48,55478.01,34654.17,0,0,718,0,2,81,75,8,26
ACC201795,CUST101924,Savings,90984.25,59189.24,27557.1,0,0,686,0,2,81,79,11,48
ACC201183,CUST102244,Savings,3376.04,2416.57,,0,0,544,0,2,94,100,7,39
ACC200224,CUST101620,Savings,11902.15,2685.78,3604.31,0,0,656,0.1,1,55,46,14,14
ACC203963,CUST104168,Savings,95767.46,36313.35,22267.88,0,0,714,0.02,2,38,49,21,12
ACC203820,CUST100692,Savings,221050.65,32837.33,35805.92,0,0,619,0.02,2,96,86,6,35
ACC202520,CUST102415,Current,10771.98,8481.57,458.81,0,0,632,0.01,,85,100,6,37
ACC202943,CUST103483,,132860.04,43683.4,27055.64,11405.21,982792.29,672,0.15,3,84,60,11,24
ACC203091,CUST101993,Salary,283633.88,34567.21,48435.99,0,0,,0,2,87,100,10,38
ACC201371,CUST100648,Savings,211361.55,60326.47,41653.65,0,0,584,0,2,77,50,9,25
ACC202594,CUST100172,Salary,3393.42,1500,617.81,0,0,518,0,2,94,94,8,35
ACC200684,CUST104093,Savings,53081.65,12590.75,9354.48,0,0,586,0.03,1,46,31,17,17
ACC201951,CUST101936,Salary,197253.38,35359.45,41209.1,,,621,0.19,2,78,100,6,38
ACC200827,CUST101209,Savings,349412.44,106139.24,53806.58,0,0,699,0,1,70,93,14,39
ACC201261,CUST102995,Savings,27666.69,28922.3,3246.1,,745278.87,601,0.42,3,39,30,11,15
ACC204875,CUST103157,Savings,953.86,2467.06,81.15,0,0,545,0.03,1,100,86,4,30
ACC203397,CUST103806,Savings,48017.45,62140.45,-2799.81,75085.95,5803123.8,657,0.54,1,100,80,2,38
ACC200632,CUST100238,Savings,,26677.32,43580.25,0,0,,0.02,2,77,83,14,27
ACC204267,CUST102324,Savings,171962.12,32334.86,26920.23,0,0,609,0,1,81,75,7,28
ACC201306,CUST104173,Savings,249543.09,39525.83,40384.72,0,0,715,0.01,,43,34,12,16
ACC204189,CUST102136,Salary,33216.03,40615.15,-1465.24,39897.91,3779894.56,628,0.52,4,72,82,8,28
ACC201241,CUST100360,Savings,116310.41,39619.37,23248.96,0,0,603,0.01,2,40,38,15,15
ACC203210,CUST100514,Salary,47381.6,46081.03,-130945.77,204077.42,4322708.77,532,1.5,2,83,46,11,33
ACC201460,CUST102787,Salary,1232.78,1500,-24.63,1194.35,58879.29,515,0.44,2,100,100,,37
ACC201397,CUST104660,Savings,106649.62,53909.28,27315.21,,0,728,0,1,80,68,5,37
ACC200962,CUST103518,Savings,16555.15,1613.33,3024.97,0,0,462,0,3,100,100,8,35
ACC204761,CUST102961,Current,949718.91,397026.72,-1631846.37,2295143.95,50012457.51,511,1.5,1,86,,11,41
ACC201277,CUST103916,Salary,68626.84,32335.87,15686.09,0,0,618,0.02,4,38,65,10,26
ACC204312,CUST100302,Current,1263645.85,326279.17,123385.42,0,0,633,0.02,2,58,69,9,19
ACC200745,CUST102934,Savings,4705.52,3982.15,936.56,0,0,592,,1,83,93,12,31
ACC202840,CUST103074,Savings,134967.04,18210.05,24369.36,0,0,579,0,6,25,29,16,10
ACC203759,CUST100101,Savings,353812.89,37805.82,55907.82,0,0,603,0.03,3,69,59,17,15
ACC204108,CUST103797,Savings,3649.79,1711.89,651.05,504.59,22361.79,522,0.12,2,63,77,13,26
ACC200141,CUST103821,Savings,161501.26,27380.93,27322.77,0,0,716,0.01,2,77,81,,
ACC201115,CUST102422,Savings,104694.02,11681.15,19523.05,0,0,603,1.35,2,19,39,13,15
ACC200804,CUST102418,Savings,335316.02,70362.52,73586.12,0,0,739,0,3,75,63,12,26
ACC204627,CUST100580,Savings,251485.65,62005.78,46300.54,0,0,698,0,5,72,,8,47
ACC200529,CUST104925,Salary,325398.38,60384.88,80282.9,22869.24,1844719.8,,0.16,,76,79,11,19
ACC203639,CUST100271,Current,241912.8,247596.28,-175897.44,260362.25,21231797.09,620,0.78,3,53,54,19,21
ACC200200,CUST103891,Salary,35528.47,46178.71,-26808.22,56365.07,2709189.43,494,0.79,1,89,61,12,37
ACC200454,CUST104686,Salary,271955.75,81161.64,39300.3,0,0,688,0.04,6,67,88,5,19
ACC204968,CUST101267,Savings,99161.07,9335.58,16741.08,0,0,630,0,2,33,21,18,9
ACC201746,CUST103167,Salary,22384.21,50336.83,-17453.3,91589.65,1048529.45,536,0.69,3,80,43,11,22
ACC203891,CUST102106,Salary,2861.78,1595.8,721.08,0,0,576,0.04,,85,96,13,51
ACC204695,CUST102901,Savings,92377.19,58405.42,24670.41,0,0,669,0.05,1,99,89,16,40
ACC200440,CUST103673,Savings,35662.64,90572.5,-4046.4,89665.29,,573,0.52,1,64,50,12,23
ACC202335,CUST103865,Savings,108463.66,63269.34,15988.2,55250.21,4093347.39,586,0.37,3,67,62,12,25
ACC203075,CUST101956,Savings,246866.89,85785.01,52212.89,0,0,710,0,2,92,79,11,37
ACC204393,CUST104668,Salary,9312.48,4216.4,1335.27,0,0,530,0,1,73,57,16,24
ACC200432,CUST101872,Salary,62904.38,46524.03,5411.29,67876.46,767535.25,,0.58,2,37,46,9,22
ACC203110,CUST103826,Salary,725.87,1500,51.66,0,0,603,0,1,100,99,8,44
ACC203118,CUST101525,Salary,14816.42,2887.55,2523.06,2874.77,128782.01,527,0.4,2,100,100,8,40
ACC202158,CUST102880,Salary,135044.41,48419.39,28244.16,34770.01,3443743.01,593,0.32,1,65,70,13,21
ACC202143,CUST103527,Salary,328927.73,68383.68,56559.91,0,0,685,0.02,1,74,62,9,
ACC203158,CUST100955,Savings,,75641.36,52209.67,16268.55,1461519.07,632,0.14,1,99,69,12,25
ACC203789,CUST103315,Salary,373211.09,116230.95,69402.14,0,0,681,0.02,2,88,67,4,29
ACC202021,CUST104073,Current,54488.41,39384.45,-147829.99,180119.55,2035052.71,422,1.5,4,89,67,11,37
ACC204340,CUST101719,Fixed Deposit Linked,55265.24,120996.44,-175051.32,321166.94,,540,1.23,4,70,100,8,28
ACC204247,CUST100117,Fixed Deposit Linked,53786.21,79516.03,-695016.96,781772.75,8886425.36,491,1.5,1,84,99,7,28
ACC200984,CUST103148,,17873.76,40076.78,-16221.97,29065.41,2247797.05,558,0.49,2,94,100,10,32
ACC204912,CUST101495,Savings,8097.7,23013.89,-36641.94,66560.07,1396787.5,503,1.29,2,92,100,,30
ACC204324,CUST101968,Current,2101408.27,310077.77,135172.74,0,0,659,0,5,69,67,15,23
ACC202727,CUST102988,Current,1675568,420953.84,131273.04,0,,725,0,1,56,46,15,13
ACC202328,CUST104357,Salary,54725.84,66242.73,8140.07,14194.01,1430453.75,663,0.2,5,100,85,11,50
ACC203444,CUST103703,Savings,800179.95,161054.32,159087.73,0,0,669,0,3,78,56,8,23
ACC201647,CUST103896,Savings,14924.11,3369.75,4164.59,0,0,632,0.06,2,65,86,13,30
ACC200821,CUST104942,Current,393934.31,55850.94,28603.89,0,0,661,0,5,91,93,15,38
ACC201989,CUST104977,Salary,376367.59,59435.36,56393.39,0,0,,0,4,43,,15,20
ACC202567,CUST104726,Salary,155798.24,30682.1,43143.33,0,0,674,0,1,56,30,8,18
ACC201050,CUST101978,Salary,211902.78,61839.7,55391.24,16378.52,1302981.88,640,,2,88,58,11,36
ACC203300,CUST101367,Savings,48651.27,160885.56,-184927.74,273534.95,12750432.67,533,,1,78,74,15,30
ACC200376,CUST103235,Fixed Deposit Linked,211001.66,16311.95,25624.91,0,0,683,0,2,50,10,12,15
ACC200592,CUST102317,Salary,,47501.7,60440.5,16913.79,1392367.7,639,0.12,3,74,73,13,35
ACC203178,CUST104948,Savings,47205.21,22684.31,10139.13,19060.14,917310.93,617,0.38,2,75,68,8,22
ACC204354,CUST103579,Savings,207353.93,38884.7,35784.04,0,0,699,0.02,6,64,12,8,27
ACC203079,CUST100575,Salary,290221.46,84018.54,62484.73,0,0,732,0.01,,73,74,6,41
ACC200163,CUST101128,Salary,83923.54,86869.77,3416.86,60411.34,5831450.85,611,0.38,,89,67,11,34
ACC201409,CUST103914,,58870.68,12732.79,12524.11,0,0,652,0.03,1,7,30,20,7
ACC204367,CUST101358,Savings,44255.77,37788.23,9081.25,40086.88,3912437.55,589,0.46,4,74,78,14,38
ACC201376,CUST104643,Savings,101644.59,24985.25,26313.31,10019.19,470556.05,619,,5,17,24,10,11
ACC201040,CUST101788,Salary,,28711.12,21271.36,11150.65,1045515,601,0.22,1,69,40,10,20
ACC203258,CUST104290,Savings,1315520.12,354684.31,291564.35,0,0,711,0,4,53,68,11,26
ACC200612,CUST101662,Current,223998.6,18324.46,14245.98,0,0,639,0.05,1,96,95,7,46
ACC201354,CUST102484,Current,2159616.17,209598.62,352087.49,0,0,713,0.02,2,95,62,13,26
ACC202900,CUST103956,Savings,111816.37,84915.66,18074.03,34676.07,2817964.69,579,0.26,1,37,,21,19
ACC201900,CUST104047,Salary,,70089.91,126579.23,0,0,696,0,4,66,56,6,16
ACC200369,CUST104463,Salary,587409.32,72206.03,102793.38,0,0,671,0,4,64,64,18,25
ACC203623,CUST102033,Salary,5814.05,6879.12,666.92,0,0,575,0,1,100,87,5,39
ACC200418,CUST103429,Salary,209024.82,82999.82,55546.76,0,0,647,0,2,64,51,9,16
ACC200283,CUST101231,Savings,183736.69,681360.26,-19843.98,712478.58,71802645.95,594,0.5,3,47,51,12,15
ACC204217,CUST101994,Salary,32525.71,52257.44,-289112.37,319837.06,3634130.73,484,1.5,3,98,91,6,34
ACC200871,CUST100582,Savings,122632.08,56147.24,38767.39,0,0,645,0,2,68,78,12,
ACC202909,CUST100788,Savings,221889.22,468584.1,-556626.9,906311.93,19056908.67,513,1.06,2,65,60,10,21
ACC200354,CUST104827,Savings,60209.36,20541.97,19603.26,0,0,623,0,5,42,6,13,8
ACC202603,CUST101446,Savings,,5676.32,1331.02,0,0,550,0.05,2,100,97,6,40
ACC202639,CUST104973,Fixed Deposit Linked,36543.44,63677.24,-25682.88,50987.55,3131468.59,576,0.59,2,66,84,7,34
ACC200314,CUST101618,Savings,810681.36,191926.14,168726.99,0,0,623,0,4,70,72,12,28
ACC202987,CUST101009,,1018575.08,940316.64,-295352.94,671365.58,52749776.92,515,0.48,4,70,,7,19
ACC201279,CUST101102,Current,694421.7,420910.08,45347.48,259342.4,21094990.3,583,0.34,2,93,60,13,35
ACC203887,CUST102768,Savings,83252.05,36127.47,15175.4,34111.47,,664,0.42,1,79,82,5,32
ACC202731,CUST100480,Salary,558744.37,51405.48,94641.1,0,0,723,0.03,6,96,80,7,35
ACC201726,CUST101227,Savings,172154.5,91244.13,32429.54,16573.22,1323569.9,666,0.12,3,67,74,13,22
ACC201596,CUST102034,Current,22251.24,7258.37,3027.59,0,0,602,0,1,100,77,5,32
ACC204905,CUST100200,Savings,9385.44,8107.55,1759.19,0,0,645,0,3,94,91,11,38
ACC201469,CUST100725,NRI,10640.59,4083.14,1470.91,0,0,,,2,100,90,10,39
ACC203780,CUST103521,Salary,66245.17,120677.97,-26298.71,75811,6359732.76,545,0.42,2,56,54,14,14
ACC201601,CUST103063,Salary,277788.65,31410.28,56927.81,0,0,677,0,3,68,66,18,29
ACC204743,CUST104985,Current,9060212.88,479382.97,580127.63,0,0,684,0,2,34,27,18,17
ACC200399,CUST103106,Fixed Deposit Linked,15967.91,2260.99,2283.26,388.79,32454.17,,0.06,2,64,51,8,20
ACC204048,CUST101492,Fixed Deposit Linked,49356.36,34920.84,-229447.71,258442.66,2885752.93,549,1.5,5,80,70,8,34
ACC200458,CUST103668,Savings,48174.15,35651.62,6643.96,16011.26,484129.93,530,0.27,2,69,68,14,
ACC204453,CUST104298,Savings,6681.37,5249.65,682.59,0,0,483,0.09,6,94,100,10,49
ACC204219,CUST104355,Fixed Deposit Linked,337347.77,803122.14,-47376.61,358985.9,28043261.52,619,0.35,3,73,72,13,20
ACC201857,CUST104484,Savings,23874.72,31600.1,-30555.43,84553.52,3816001.06,503,,,68,55,8,22
ACC203177,CUST100444,Savings,16036.04,96050.97,-53512.98,95489.34,5878322.13,588,0.66,2,83,82,12,42
ACC200375,CUST104120,Fixed Deposit Linked,13723.43,4951.83,1364.75,0,0,637,0.01,4,100,100,10,42
ACC204389,CUST103419,Savings,9690.56,2554.15,1614.41,0,0,675,0,3,67,84,7,20
ACC200883,CUST103350,Savings,81935.04,19484.34,16477.95,6182.46,278746.53,645,0.12,1,96,81,12,27
ACC202739,CUST104473,Savings,75121.2,58410.16,20568.64,22734.74,2080883.32,660,,4,70,70,13,27
ACC200691,CUST104691,Current,1092705.39,357340.1,,3971002.31,45444481.81,506,1.5,4,84,80,10,33
ACC201675,CUST101512,Savings,278550.13,48714.2,62753.47,0,0,631,0,2,85,63,9,31
ACC200008,CUST102413,Salary,50680.17,90925.21,-64332.37,103772.03,2226252.67,503,,2,90,93,11,32
ACC203967,CUST103125,Current,,488101.13,330788.34,0,0,,0,4,84,73,13,40
ACC202544,CUST100086,Savings,699045.68,128070.64,141206.85,0,,675,0,2,54,36,9,21
ACC200898,CUST103392,Salary,98502.93,36669.62,22939.39,0,,,0,3,94,66,11,37
ACC200317,CUST102642,Savings,12648.17,2365.76,2870.7,0,0,564,0,1,57,66,22,19
ACC203491,CUST101285,Savings,9093.13,10004.81,1745.47,0,0,531,0.03,,100,100,9,
ACC201708,CUST103480,Salary,173201.37,19479.56,32126.56,0,0,630,0,3,68,68,15,28
ACC203094,CUST100629,Salary,353721.7,79931.21,70437.89,0,0,693,0,4,74,63,16,18
ACC203668,CUST100015,Salary,26548.69,73150.17,-65355.18,146920.05,4579865.87,474,,1,78,57,15,23
ACC200508,CUST101534,NRI,1692713.6,192398.27,266618.92,0,0,603,0,3,70,92,17,31
ACC204884,CUST100563,Current,444171.91,33779.2,49860.08,0,0,679,0.04,2,60,,13,19
ACC204339,CUST100280,Current,1540054.36,366778.28,91078.77,496395.38,45463010.86,611,0.56,1,78,68,7,26
ACC204049,CUST103953,Savings,355754.56,,56193.11,0,0,633,0.05,5,79,,9,37
ACC200546,CUST103665,Savings,2323165.48,821608.43,631670.26,0,0,779,0.02,1,74,73,11,35
ACC202882,CUST102359,Savings,,28079.36,16427.7,0,0,664,0,6,36,12,11,17
ACC202297,CUST100547,Savings,252942.32,88481.1,41491.57,26161.39,2036086.96,632,0.12,3,93,100,10,32
ACC203036,CUST103062,Savings,104544.29,29506.57,26642.25,0,0,590,0.02,2,60,40,9,23
ACC204716,CUST100301,Savings,55021.17,47709.83,-27781.43,101699.81,3074396.1,582,0.85,3,79,59,,35
ACC203002,CUST104523,Savings,177878.18,250872.46,-140732.57,484227.2,23583110.13,573,0.8,1,100,83,3,40
ACC202578,CUST101587,Salary,353511.1,81166.56,70924.79,0,0,740,0,3,85,69,13,27
ACC204936,CUST100161,Savings,90839.64,28874.11,18419.93,7415.64,543568.11,705,0.12,1,61,85,11,34
ACC202319,CUST103666,Salary,42808.56,149968.04,-263876.41,315901.51,6958777.08,456,1.5,2,74,74,12,28
ACC204349,CUST103818,Salary,105329.63,407864.65,-438666.79,723893.41,21485049.56,522,1.01,2,88,84,11,35
ACC201550,CUST101726,Savings,1083297.58,376823.29,162641.57,0,0,694,0,2,80,51,15,31
ACC203851,CUST100587,Savings,19968.05,28787.13,-24393.98,60974.13,1836138.82,443,1.01,3,100,97,2,36
ACC200125,CUST104749,Savings,415338.07,58233.49,62818.26,0,,724,0,6,83,82,11,35
ACC204615,CUST103059,Savings,7899.3,2738.26,1762.12,0,0,611,0,6,82,56,13,20
ACC203803,CUST103983,Salary,150446.7,56074.65,22630.47,47099.53,5090668.41,669,0.39,2,87,90,13,38
ACC204455,CUST102933,Current,16013.42,6252.11,1399.85,0,0,503,,3,87,100,8,48
ACC202153,CUST103589,Salary,296879.49,100966.48,58024.27,0,0,689,0,2,81,74,10,34
ACC201599,CUST104886,Savings,40478.37,81529.64,2550.37,118663.54,9116114.33,589,,4,72,58,6,22
ACC203234,CUST101925,Savings,115551.79,62426.68,24612.83,0,,648,0.1,4,62,62,24,34
ACC203319,CUST102946,NRI,2022276.05,486936.61,346761.59,0,0,694,0.01,4,59,41,11,
ACC202132,CUST104608,Salary,82294.6,58142.23,26227.18,0,0,635,0,4,61,67,21,25
ACC202350,CUST101019,Current,16280.02,1500,1039.81,0,0,561,0.01,3,86,93,12,38
ACC201157,CUST104176,Savings,98612.5,160734.74,-216848.86,295075.22,9172689.07,609,1.21,4,78,49,13,23
ACC201748,CUST103808,Savings,13464.94,4432.05,2234.68,0,0,568,0,4,78,94,9,39
ACC203836,CUST102953,Savings,306893.87,74015.31,47257.13,0,0,647,0,3,67,69,13,28
ACC202953,CUST102338,Current,715853.78,382977.98,-302246.62,630474.1,50987001.8,479,0.91,3,96,100,11,45
ACC201718,CUST100925,Salary,251502.07,72942.47,53100.13,20641.37,1255256.32,694,0.23,3,87,71,5,40
ACC201158,CUST104962,Savings,41106.83,44108.9,-1038.7,74198.62,1610572.73,660,0.61,2,65,60,15,24
ACC204054,CUST100062,Savings,2335.67,4206.24,441.5,0,0,579,0,3,100,100,7,39
ACC201416,CUST101789,Salary,12411.44,31485.45,-278346.28,322880.62,,578,1.5,3,79,68,12,25
ACC203902,CUST102987,Savings,22205.04,7068.7,,0,0,,0.01,5,16,13,15,6
ACC202765,CUST103307,Savings,111478.62,30786.15,22969.61,0,0,664,0.05,3,27,32,,6
ACC200507,CUST100734,Salary,347670.24,48060.55,66578.5,0,0,658,0.02,2,64,75,13,25
ACC203915,CUST100706,Salary,246183.21,42316.02,43983.95,0,0,748,0,2,92,86,7,29
ACC200244,CUST101321,Salary,169544.77,138182.41,14201.73,65068.67,4335542.88,688,0.36,2,64,51,10,24
ACC201168,CUST100789,Fixed Deposit Linked,3230171.5,341260.1,363881.36,0,0,656,0,1,98,89,8,35
ACC201415,CUST101106,Savings,7677.18,20605.19,-1883.78,17137.75,364991.19,538,0.55,2,44,54,8,17
ACC202632,CUST101575,Fixed Deposit Linked,314572.55,,40376.65,7687.9,435211.79,513,0.08,3,79,53,4,24
ACC204540,CUST102914,Fixed Deposit Linked,49180.74,89442.77,1188.78,39804.49,3149666.67,625,0.3,5,98,78,6,43
ACC204608,CUST104452,Fixed Deposit Linked,112041.07,151123.91,-3030.18,55034.46,2636123.19,603,0.29,3,78,67,15,26
ACC203142,CUST104349,Salary,5389.74,5978.64,809.61,,0,565,0,5,100,97,3,44
ACC200300,CUST100132,Salary,853.33,1500,19.52,0,0,623,0.06,1,100,100,10,48
ACC204322,CUST102296,Salary,19376.97,82965.68,-46296.26,85966.68,2588301.96,535,0.74,1,83,88,7,35
ACC202420,CUST102813,Salary,,42569.32,-19928.4,61562.4,694708.59,531,0.71,3,85,99,6,34
ACC201703,CUST100124,Savings,25704.57,20359.86,2296.14,8351.42,393367.11,626,0.24,2,100,100,9,34
ACC204737,CUST103436,Current,482165.85,677644.7,-391981.54,707890.96,55214447.18,568,0.74,2,63,61,17,22
ACC202697,CUST104049,Fixed Deposit Linked,404609.59,43911.38,49851.53,0,0,673,0,3,67,71,4,35
ACC202561,CUST104159,Salary,29443.99,6745.73,4363.48,0,0,673,0.01,2,78,85,,24
ACC202825,CUST104951,NRI,54830.35,16313.62,15562.04,0,0,655,,3,26,0,24,4
ACC204555,CUST100675,Salary,37678.44,40377.66,5986.5,34827.46,2950281.31,620,0.42,2,76,70,11,34
ACC204387,CUST100249,Savings,70132.54,148116.98,-157846.07,258075.22,12220980.29,534,0.96,3,82,79,3,41
ACC200862,CUST102525,Salary,9636.97,3673.17,1492.2,,0,620,0,4,100,100,6,41
ACC203289,CUST104714,Salary,350065.69,76080.73,63643.96,0,0,673,0.01,3,79,80,15,34
ACC201140,CUST103761,Salary,99995.86,109501.39,-234477.77,321267.19,9419567.96,478,1.5,4,67,70,12,22
ACC203670,CUST102769,Savings,73121.97,42235.72,8027.32,30598.59,2662960.99,588,0.36,4,81,75,6,30
ACC203567,CUST101544,Salary,,76992.19,46411.74,0,0,669,0.04,5,100,99,4,48
ACC204378,CUST100388,Savings,4191287.97,1487271.64,778706.9,470240.51,51311430.85,612,0.18,,66,75,10,37
ACC204447,CUST104486,Savings,8340568.85,1202433.48,2251163.4,0,0,680,0.01,1,74,94,9,39
ACC203414,CUST103751,Fixed Deposit Linked,2839036.93,1113194.31,388479.69,0,0,656,0,3,39,20,20,10
ACC204198,CUST103850,Savings,11010.8,7961.2,3097.21,0,0,549,0,2,80,78,12,29
ACC203499,CUST101346,Savings,74292.71,7738.16,12507.64,0,0,595,0,2,25,25,13,
ACC204113,CUST100603,Savings,5584.64,7182.05,918.76,0,0,588,0,2,100,83,9,31
ACC202219,CUST100610,Savings,4100.69,1500,1037.89,0,0,543,0,3,98,100,7,
ACC203009,CUST100085,Savings,29264.98,28087.27,4358.91,17295.09,1955525.04,611,0.38,1,77,69,12,37
ACC203745,CUST103663,Fixed Deposit Linked,4047728.34,523146.06,,0,0,691,0.05,1,64,66,14,25
ACC200396,CUST101632,Savings,123709.12,29674.75,18320.09,30381.73,1971332.29,608,0.44,2,88,76,6,22
ACC200928,CUST100887,Savings,52636.98,56656.79,-18584.3,114784.8,2504892.36,586,0.78,1,94,95,7,28
ACC204167,CUST101202,Savings,26495.06,31308.07,-25368.23,73343.03,2219196.9,564,0.98,1,100,83,13,36
ACC200281,CUST104595,Salary,141691.25,26427.53,,0,0,669,0,2,85,63,7,27
ACC203753,CUST102864,Savings,500,1500,-199.57,0,0,562,0.02,3,87,77,10,31
ACC200736,CUST100318,Salary,188129.73,28621.44,50094.83,0,0,620,0,1,54,58,18,18
ACC202584,CUST101791,Salary,182296.87,38647.07,,0,0,618,0.02,,73,71,12,28
ACC201578,CUST102290,Salary,47822.22,55433.55,-43660.86,107138.32,3155545.01,601,0.91,4,89,95,15,33
ACC200339,CUST101197,Salary,565440.97,76881.56,94424.14,0,0,702,0,,63,47,5,24
ACC202753,CUST104623,Savings,122984.44,33482.15,24243.89,0,0,,0,4,46,68,9,36
ACC200461,CUST100889,Current,264671.98,340803.41,-1123531.19,1423442.27,41814084.16,531,1.5,1,69,31,9,17
ACC200897,CUST103375,Salary,15202.16,24671.15,-98787.1,141073.01,,519,1.5,4,97,100,5,
ACC201749,CUST101216,Savings,53150.12,10167.83,9367.25,0,0,600,0,3,40,21,13,16
ACC204842,CUST103581,,341120.19,128244.68,59204.04,0,0,746,0,3,65,91,7,34
ACC200178,CUST100279,Savings,76958.58,36945.5,18847.09,21277.82,2302369.25,716,0.25,1,73,53,13,23
ACC203533,CUST100169,,425457.12,42956.08,26501.92,0,0,,0.02,3,23,15,22,11
ACC204449,CUST101256,Salary,210391.28,118682.71,40109.84,0,0,648,0,2,,62,13,27
ACC204585,CUST102738,Fixed Deposit Linked,285119.14,61441.33,22790.23,0,0,641,,4,98,90,9,34
ACC201067,CUST103113,Current,33764.52,3633.88,2187.79,0,0,639,0,2,89,92,10,27
ACC200802,CUST102309,Salary,,24373.62,11864,0,0,655,0.03,2,,100,7,37
ACC200819,CUST102305,Savings,98696.3,51137.94,21884.16,,0,603,0.02,2,62,38,12,23
ACC203090,CUST101628,Savings,205114.5,55956.29,28178.2,0,0,644,0,3,61,55,10,22
ACC203672,CUST100920,Savings,53017.32,18835.66,16634.09,0,0,650,0.03,1,38,32,9,13
ACC200206,CUST102357,Salary,112304.29,47589.36,17178.49,0,0,611,0,1,77,81,9,41
ACC201051,CUST101469,,,42010.87,13017.12,25826.66,2842882.37,590,0.34,1,71,53,11,30
ACC200451,CUST103382,Savings,104724.99,56465.57,31696.13,0,0,720,0.04,4,64,17,7,15
ACC201341,CUST101932,Salary,171373.57,25519.8,43122.99,0,0,633,0.01,1,38,18,17,10
ACC202671,CUST101979,Current,4464050.08,382511.21,295140.37,0,0,692,0.04,2,70,47,16,28
ACC200939,CUST104954,Savings,358666.52,35591.46,57459.97,0,0,692,0,2,84,80,5,35
ACC200069,CUST104724,Salary,148688.33,56722.61,21219.12,31688.56,687839.78,611,0.27,3,39,40,22,17
ACC202841,CUST104627,Savings,279835.14,74886.47,55712.51,0,0,612,0,3,88,100,9,37
ACC202930,CUST103940,Salary,108133.4,58639.09,26227.24,,0,585,0.01,3,100,100,11,46
ACC204352,CUST104164,Salary,26583.25,51061.31,-147272.71,184022.1,3843686.64,518,1.5,2,,60,16,29
ACC202128,CUST101698,Current,204376.39,21996.05,14000.38,0,0,574,0,4,98,100,5,38
ACC201271,CUST103154,Salary,,46353.34,40750.08,13279.31,,654,0.13,2,87,71,5,33
ACC201325,CUST104274,Savings,130077.68,35966.06,35951.4,0,0,614,0,3,94,86,6,32
ACC203285,CUST103505,Current,427781.79,49104.18,36091.26,0,0,607,0.02,1,55,35,18,19
ACC200571,CUST103778,Salary,54138.35,126946.8,-247741.98,348606.27,10367868.84,470,1.48,3,86,85,7,41
ACC200118,CUST100240,Salary,,65890.41,26147.23,0,0,623,0.05,2,70,81,,26
ACC204460,CUST100133,Savings,64757.85,19238.03,16295.71,0,0,640,,2,45,27,11,20
ACC203415,CUST102239,Salary,215218.35,64611.95,,0,0,600,0,2,56,88,7,28
ACC204966,CUST103202,Salary,17915.89,64151.61,-38926.15,65913.5,2991190.35,652,0.78,1,82,90,5,32
ACC202409,CUST101037,Savings,4103.94,4498.78,611.2,247.24,20000,560,0.04,4,98,99,7,45
ACC200858,CUST104174,Salary,13067.99,42743.59,-91531.74,141056.56,2974798.97,448,1.49,4,62,76,9,42
ACC201961,CUST100346,Salary,17570.96,98176.95,-100462.18,150434.9,1683831.05,511,0.99,1,66,87,11,33
ACC201953,CUST104746,Salary,2805.93,1500,506.74,0,0,551,0.01,3,72,72,11,19
ACC200296,CUST102374,,14199.03,21502.81,-26402.05,49988.13,560690.66,483,1.16,1,73,72,12,42
ACC202087,CUST103697,Salary,9659.01,40693.86,-131517.02,147403.61,1681522.01,490,1.5,2,46,46,9,25
ACC200276,CUST101491,Salary,44497.4,60773.1,-336485.42,389347.41,4389445.02,457,1.5,2,88,78,8,29
ACC201358,CUST100325,Fixed Deposit Linked,188374.73,39474.94,13944.8,0,0,588,0,3,68,64,5,36
ACC202307,CUST103902,Salary,,40378.55,38559.74,0,,587,0.01,2,89,77,11,22
ACC203786,CUST103578,Savings,132774.31,,19133.5,73882.88,,559,0.49,4,72,68,11,33
ACC201000,CUST104227,Savings,8972.87,3311.16,2350.69,0,0,590,0,5,97,92,9,37
ACC201883,CUST104422,Salary,2737.08,1844.08,431.25,0,0,650,0,1,99,88,9,36
ACC202455,CUST102499,Savings,168266.97,48672.14,42141.86,39816.32,2214349.07,632,0.33,5,72,52,9,29
ACC203971,CUST102006,Savings,403316.01,577024.75,,1801489.01,38916716.66,595,1.5,3,81,89,10,40
ACC204503,CUST102681,Savings,3729.97,5808.89,282.69,0,0,593,0.03,4,99,100,11,53
ACC201212,CUST103603,Salary,70680.19,22771.67,17644.07,0,0,614,0.02,1,24,0,12,6
ACC204822,CUST100766,Savings,317327.58,31268.2,58036.87,0,0,601,0.02,1,98,69,6,42
ACC200193,CUST104666,Salary,6422.68,3567.26,1187.11,0,0,556,,6,94,92,16,34
ACC203157,CUST102199,Current,4868914.44,374878.74,339176.03,0,0,708,0.06,2,54,67,11,32
ACC200495,CUST103928,Salary,62706.13,58601.45,7835.19,58907.34,5312022.3,567,0.43,1,76,72,14,39
ACC203823,CUST101386,Savings,12161.77,2706.83,2135.06,0,0,576,0.03,4,69,94,12,43
ACC203446,CUST102064,Savings,12899,1699.85,2159.47,0,0,542,0.07,3,100,93,10,33
ACC203953,CUST103149,Salary,32430.99,7555.66,6055.74,0,0,,0,2,78,79,9,26
ACC203976,CUST100832,Savings,31313.72,110212.93,-29819.77,70042.11,5617322.46,589,0.5,1,83,63,4,32
ACC201787,CUST100276,Savings,199019.02,330384.06,10482.9,213919.07,12887699.91,594,0.42,3,75,46,11,22
ACC201740,CUST101006,Salary,37157.72,51647.19,-90864.97,122567.85,2571702.55,444,,3,82,80,6,32
ACC201169,CUST103786,Current,316285.7,63955.31,33866.08,0,0,661,0.03,2,55,78,11,25
ACC201255,CUST104099,Salary,41248.32,69508.59,-342630.86,366117.06,4100700.44,446,1.5,2,94,91,14,45
ACC204293,CUST101296,Salary,44572.13,36361.49,-149473.55,212225.11,4540652.3,468,1.5,2,80,62,10,28
ACC202712,CUST101339,Savings,562194.28,69744.87,90532.16,0,0,692,0.04,3,65,37,7,20
ACC201308,CUST100755,Savings,154678.89,25687.07,28114.09,0,0,656,0,4,100,73,11,34
ACC203182,CUST104979,Savings,156606.74,75722.76,31440.87,0,0,644,0.01,2,75,78,8,20
ACC202708,CUST100560,Savings,,57681.83,-204072.85,252087.22,2845249.37,460,1.5,3,61,52,10,23
ACC203552,CUST100780,Savings,280651.13,66356.48,49720.48,0,0,662,0.05,1,61,87,5,31
ACC202541,CUST104399,Savings,126070.77,46290.55,31844.6,0,0,646,0,2,99,100,11,45
ACC200135,CUST104062,Savings,115202.95,70039.7,30655.31,0,0,663,0,2,,91,8,38
ACC200977,CUST101988,Fixed Deposit Linked,1232272.22,254400.27,140786.99,181268.35,14595980.54,636,0.35,1,60,49,9,22
ACC202721,CUST104792,Savings,88114.16,55088.83,21512.5,0,0,659,0.03,2,97,94,7,36
ACC202004,CUST103783,Salary,159273.56,24248.95,24878.09,0,0,614,0.01,1,35,49,,17
ACC202543,CUST102090,Salary,360084.66,59107.24,79732.88,0,0,621,0.03,1,75,71,9,36
ACC202147,CUST100264,Salary,28268.97,42357.8,-22622.12,62790.99,3670203.81,605,0.7,3,77,79,10,
ACC201812,CUST102554,Savings,16076.08,19725.11,-397.82,27029.37,582799.51,627,0.63,3,69,62,10,32
ACC203727,CUST104799,Savings,172014.25,32753.33,38103.58,0,0,,0.07,4,79,91,12,40
ACC202957,CUST101496,Current,754602.57,376651.52,-627249.37,,24371113.16,518,1.41,2,62,85,10,31
ACC203681,CUST100182,Savings,1061.94,1610.18,166.43,0,0,648,0,2,80,100,13,33
ACC202443,CUST103210,Savings,500,1500,-188.97,0,0,598,0.03,1,46,53,15,23
ACC201915,CUST102333,Salary,53256.62,23481.05,6896.67,21231.98,1412705.08,569,0.45,3,,100,8,32
ACC202747,CUST103077,Savings,3324.14,2087.26,856.94,0,0,493,0,2,49,66,18,23
ACC202222,CUST103718,Salary,9382,3694.7,1223.83,1881.55,103339.58,495,0.29,5,82,97,10,29
ACC200754,CUST103922,NRI,436595.79,173082.4,71317.73,0,0,711,0.02,3,70,75,11,27
ACC204060,CUST104857,Savings,199408.43,410893.14,,615983.77,27806468.39,521,0.87,4,98,88,,41
ACC202050,CUST103790,Salary,43911.8,69413.4,-350870.12,383540.44,4374289.01,451,1.5,4,70,81,13,32
ACC200836,CUST104981,Salary,43185.02,74024.27,-67708.64,105489.34,2235929.7,611,,2,59,52,18,22
ACC201770,CUST104244,Savings,6644.09,1718.83,1316.45,0,0,532,0.02,5,91,70,8,
ACC202284,CUST101641,Salary,79250.22,16266.57,19715.85,,0,679,0,3,35,10,16,13
ACC204358,CUST102180,Salary,73936.74,58487.23,-29167.04,130776.88,2859894.75,552,0.77,1,89,88,10,19
ACC200971,CUST100088,Savings,2444.42,1574.97,640.89,0,0,626,0,4,83,91,9,34
ACC201379,CUST104234,Savings,242760.31,73874.14,50606.77,0,0,749,0,6,65,52,13,19
ACC200545,CUST103360,Salary,15463.48,3206.18,3916.76,0,0,550,0,2,100,82,1,40
ACC200515,CUST101108,Savings,11603.21,30510.81,-2738.28,20060.64,,615,0.41,1,79,92,9,
ACC200361,CUST100090,Savings,54465.26,36653.27,8779.82,12750,1094448.43,633,0.17,3,72,70,14,31
ACC203688,CUST102235,Salary,51612.05,17746.17,14271.46,0,0,614,0,2,100,96,9,26
ACC202883,CUST102206,Savings,540527.79,269749.66,82164.52,178064.88,19725237.41,615,0.36,2,55,46,14,24
ACC203121,CUST103052,Fixed Deposit Linked,1085247.15,204770.27,169349.61,,9432124.79,590,0.2,3,67,48,6,25
ACC202464,CUST100662,Savings,293533.72,94203.42,42201.73,14123.14,1051298.01,707,0.09,3,93,91,11,29
ACC204345,CUST101906,Salary,143928.08,163875.3,16943.93,55571.8,2592266.23,644,0.28,3,63,47,11,14
ACC201285,CUST102978,Savings,246265.22,38466.95,45460.01,0,0,707,0,1,47,,15,19
ACC203346,CUST104757,,701489.53,77650.13,65877.33,0,0,,0.03,4,80,47,9,30
ACC204543,CUST103440,Salary,9984.9,13066.11,-2967.34,,402121.27,537,0.55,2,32,54,15,19
ACC202540,CUST104041,Salary,12598.06,19136.6,-39158.02,,1704663.98,395,1.5,4,88,72,9,26
ACC202057,CUST104269,Savings,127289.14,41260.57,26389.41,,1285256.32,636,0.15,3,61,69,10,28
ACC200268,CUST102893,Fixed Deposit Linked,1053045.26,123281.21,86085.93,0,0,714,0,3,75,75,5,29
ACC200214,CUST104076,Savings,154299.22,16062.6,27065.45,,0,661,0,3,41,40,24,14
ACC200017,CUST103351,Salary,342866.68,71418.01,53409.48,0,0,671,,3,100,98,12,49
ACC202790,CUST103158,Savings,77751.73,35293.8,20939.14,0,0,693,0.02,1,31,7,22,7
ACC201151,CUST103007,Savings,2963.79,1500,630.59,0,0,597,0,3,58,53,6,20
ACC202775,CUST101232,Fixed Deposit Linked,14559.41,7393.34,2131.2,0,0,477,0.04,1,89,93,14,36
ACC200778,CUST101158,Salary,61019.58,46720.87,5757.46,17189.05,,628,0.23,1,93,97,9,41
ACC204327,CUST102393,Salary,28008.25,101365.27,-22666.95,100553.31,6197685.63,565,0.5,3,55,46,6,22
ACC200227,CUST102707,Salary,5062.35,2216.56,1024.15,0,0,655,0.01,2,62,89,8,28
ACC200252,CUST101652,Salary,87156.52,18686.11,20005.22,0,0,611,0.01,2,12,9,11,5
ACC200643,CUST102295,Current,4145053.41,297248.89,383988.25,0,0,767,0,1,71,53,5,23
ACC201504,CUST102486,Salary,89379.62,29191.37,13656.73,16125.65,1154489.53,687,0.29,2,100,90,9,38
ACC204843,CUST101291,,63378.13,,-81259.38,155139.52,3424016.46,619,0.95,1,91,70,9,33
ACC202972,CUST103377,Savings,29109.67,,-175941.63,205716.1,2319359.66,490,1.5,3,68,83,8,28
ACC204152,CUST101865,Savings,6742.71,2053,1163,0,0,608,0.02,1,86,89,6,40
ACC204347,CUST103823,Salary,12765.26,32283.87,-104.81,,1516902.94,,0.4,4,94,53,9,28
ACC202661,CUST103370,Current,262634.44,322916.59,-646359.68,765213.35,8591998.21,520,1.5,1,64,63,19,31
ACC202979,CUST104825,Savings,143872.72,18289.88,,0,0,657,0.02,2,34,0,11,15
ACC204665,CUST100574,Current,212414.88,60805.29,26206.78,0,0,631,0.01,3,,90,4,33
ACC203073,CUST102020,Fixed Deposit Linked,5448.18,1649.9,852.87,0,,517,0,4,80,100,7,19
ACC202644,CUST102130,Fixed Deposit Linked,33541.34,49171.28,-14516.23,32626.69,708483.84,598,0.43,,73,79,7,34
ACC202866,CUST104751,Salary,257136.95,113409.41,89254.18,0,0,,0,2,54,28,14,18
ACC202820,CUST101826,Fixed Deposit Linked,271656.35,39056.99,52879.42,0,0,614,0.02,1,83,60,14,31
ACC201511,CUST103012,Salary,2108.17,1500,281.5,0,0,572,0,4,86,86,14,44
ACC201010,CUST103867,,391632.94,104426.59,92266.96,0,0,729,0.01,4,64,63,10,30
ACC203218,CUST103471,Savings,795437.48,131778.12,166020.84,0,0,766,0,2,49,49,11,15
ACC202554,CUST102247,Salary,98085.91,98194.39,20674.61,29143.34,1823777.06,,0.21,2,81,75,8,34
ACC202416,CUST102159,Savings,51516.73,5027.15,8516.25,0,0,586,0,,83,60,12,19
ACC202352,CUST101326,Savings,29084.22,5990.04,7402.81,0,0,641,0,3,,92,8,23
ACC202224,CUST103000,,23881.05,35453.63,-603.2,13066.42,828912.05,,0.28,2,78,90,7,34
ACC204061,CUST101203,Salary,146414.37,42340.98,50064.81,,0,758,0,3,89,97,13,31
ACC200902,CUST104440,Current,1424540.23,101548.02,159624.96,0,0,672,0.05,2,65,58,19,26
ACC201585,CUST101488,Salary,57186.27,17430.7,16679.62,0,0,632,0.01,3,37,,21,6
ACC203543,CUST101290,Current,10310.38,1500,1344.57,0,0,572,0,4,,100,15,40
ACC203251,CUST102241,Salary,58273.86,47256.81,-118707.79,191029.95,5634342.54,524,1.5,2,77,80,7,26
ACC202124,CUST103291,Savings,492792.79,108990.23,100373.71,0,,629,,1,70,61,12,25
ACC202768,CUST102500,Savings,5169.87,3664.7,1503.23,0,0,576,0.02,1,86,98,5,39
ACC200079,CUST103752,Fixed Deposit Linked,178286.09,50643.18,17538.49,,1120006.44,546,0.15,1,68,60,12,28
ACC202856,CUST104873,Salary,327964.88,51891.62,50746.15,0,0,650,0.02,2,60,69,,23
ACC201389,CUST101717,Salary,238959.41,73537.31,42349.42,0,0,696,0,2,67,90,11,26
ACC204576,CUST102546,Salary,156810.87,30617.41,27276.23,0,0,599,0.05,2,98,66,11,37
ACC204547,CUST102143,Salary,92913.34,47341.25,20424.32,15091.08,1497407.77,613,0.2,2,90,82,9,42
ACC201130,CUST102900,Savings,133696.53,43020.17,38767.1,0,,668,0,4,77,64,11,28
ACC204096,CUST102708,Savings,130133.52,26027.31,34041.51,0,0,697,0.06,1,27,23,17,10
ACC200847,CUST104038,Salary,284944.15,136792.49,,0,,696,0.02,2,66,72,17,20
ACC202209,CUST104881,Fixed Deposit Linked,71296.31,42942.96,-31048.74,77592.7,3771759.17,551,0.83,2,78,78,10,29
ACC203372,CUST104161,Current,642617.78,325931.13,-952978.7,1093235.3,23854791.03,494,1.5,4,67,31,14,16
ACC200203,CUST104328,NRI,65911.24,275528.69,-582292.09,700574.71,15337901.94,587,1.5,2,92,77,9,28
ACC204365,CUST102017,Salary,5452.82,1512.39,1248.6,,0,516,0.02,1,92,100,8,33
ACC204037,CUST101086,Salary,324062.31,100541.83,64845.69,0,0,,0.05,1,64,73,4,27
ACC203568,CUST102736,Salary,291145.89,95003.98,65058.02,0,0,658,0.06,1,71,53,11,16
ACC204496,CUST101856,Current,500,1500,-893.24,0,0,565,0.04,1,98,100,6,45
ACC201465,CUST101046,Savings,39510.76,48607.68,-71583.92,121054.39,3737402.55,515,1.24,1,95,85,11,32
ACC202114,CUST104641,Fixed Deposit Linked,1417215.69,137704.02,133461.24,0,0,694,0,4,55,57,10,14
ACC200442,CUST102561,Savings,184336.03,54214.67,31878.84,0,0,627,0,3,55,63,12,26
ACC204191,CUST104960,Salary,500,1500,-112.29,0,0,639,0.05,1,93,57,11,36
ACC200935,CUST100096,Current,460786.14,42256.51,49541.1,0,0,723,0.02,4,23,0,18,6
ACC202571,CUST104412,Salary,80080.87,31574.32,15484.91,0,0,721,0.01,1,90,,,
ACC203119,CUST102365,Fixed Deposit Linked,176398.69,34211.51,16301.99,18245.91,1829925.55,612,0.27,4,74,84,9,33
ACC201181,CUST104575,,469502.52,59184.34,85911.32,0,0,,0,4,59,79,10,25
ACC203399,CUST100715,Salary,37753.47,140127.46,-763347.08,817178.2,9184892.7,514,1.5,2,80,77,12,
ACC203058,CUST100968,Salary,61453.24,95903.82,-28803.97,93017.27,2021726.19,608,0.53,3,86,96,8,45
ACC204775,CUST103191,Savings,529581.58,408638.97,35647.31,291592.54,25023714.26,619,0.37,3,47,33,11,22
ACC200907,CUST100214,Salary,18917.23,38984.85,-8502.28,,2931349.71,549,0.66,1,100,94,,39
ACC201776,CUST101211,Salary,594645.73,90958.53,109666.04,58066.69,2731118.41,552,0.25,2,70,68,9,19
ACC202383,CUST103127,Salary,59376.49,44720.02,4980.27,25925.28,1698295.4,587,0.38,2,96,74,14,32
ACC200234,CUST100230,Savings,84019.4,9880.42,15721.32,0,0,612,0,1,39,22,18,9
ACC200149,CUST102575,Savings,109787.16,22311.7,25776.72,12727.51,1368517.93,638,0.15,2,77,72,10,
ACC204654,CUST100991,Current,23628.44,1879.96,1868.5,0,0,710,0,2,74,57,12,25
ACC201919,CUST100554,Savings,2521.19,2549.06,366.72,0,0,511,0.02,2,95,100,7,40
ACC200180,CUST104624,Savings,5811.36,2869.36,1211.16,,0,545,0,2,80,99,12,30
ACC202635,CUST104815,Salary,108264.23,35288.79,25311.49,0,0,629,0.01,2,73,73,,28
ACC202370,CUST101099,Salary,498422.3,75279.56,85385.61,0,0,604,0,4,56,71,14,26
ACC201769,CUST101893,Current,7853279.18,779922.51,383134.4,0,0,721,0.05,2,69,56,7,19
ACC200278,CUST103686,Savings,17718.92,2244.28,2865.06,0,0,600,0,2,100,,15,42
ACC203601,CUST100806,Salary,75445.76,36248,18667.68,0,0,634,0.01,3,63,53,19,22
ACC201005,CUST102968,Savings,416332.35,46217.37,69568.13,0,0,667,0,2,95,88,9,38
ACC202970,CUST100850,Savings,71496.3,127622.23,-14983.11,111671.92,8757627.96,557,0.51,2,51,55,12,32
ACC203307,CUST104788,Current,892237.11,553663.45,-647723.83,1032204.1,31339726.72,527,1.15,2,64,79,9,26
ACC200026,CUST104066,Savings,117019.87,114643.57,19794.45,49180.64,2320926.98,621,0.31,1,91,89,8,42
ACC204642,CUST100116,Salary,252243.09,88512.3,36733.93,0,0,631,0.02,2,65,58,6,27
ACC201871,CUST102881,Savings,17942.24,23701.32,-2890.74,23753.03,1564564.12,517,0.52,1,100,95,4,26
ACC200582,CUST101212,Savings,74055.65,27444.79,10905.06,13471.78,581931.83,566,0.3,2,93,72,9,30
ACC204273,CUST104655,Salary,500,1500,-348.94,0,0,,0.02,4,90,94,10,31
ACC201736,CUST103298,Current,1117118.14,132499.31,77454.63,0,0,699,0.01,2,60,38,9,15
ACC202679,CUST102530,Salary,162729.54,43720.55,21694.06,16593.2,775831.9,675,0.18,3,93,78,7,34
ACC203629,CUST104378,Savings,3695.55,2189.34,1195.91,0,0,523,0,2,77,87,11,39
ACC201463,CUST101097,NRI,593204.3,234893.34,142947.61,0,0,615,0,3,90,64,11,40
ACC201428,CUST101732,Savings,18447149.91,17986.61,10180.06,0,0,647,0.03,2,31,10,16,9
ACC202423,CUST104350,Salary,113263.87,55592.96,19196.99,60557.63,6052773.9,663,0.48,3,91,79,13,37
ACC204351,CUST102593,Savings,70092.26,61398.44,12521.48,34764.69,2768139.61,676,0.34,2,84,80,,37
ACC204604,CUST103730,Salary,186413.06,36327.76,33853.69,0,0,663,0,4,84,100,10,40
ACC202803,CUST100743,Salary,50252.71,83543.06,-246097.48,341800.98,7217156.21,532,1.5,4,86,69,11,30
ACC202705,CUST101452,Savings,203073.98,22765.58,39802.88,0,0,696,0,5,67,75,19,
ACC200504,CUST101437,Savings,128467.7,33982.74,43677.91,0,0,664,0,2,53,,14,19
ACC200057,CUST100168,Savings,9233.2,24304.94,-789.83,31794.38,1545746.5,,0.56,4,96,76,8,37
ACC201712,CUST103469,Current,2484552.18,223742.47,197563.36,0,0,630,0.03,2,77,68,19,22
ACC204560,CUST103146,Fixed Deposit Linked,1705579.47,423587.99,207266.48,,0,695,0.01,3,100,85,10,35
ACC204073,CUST102394,Fixed Deposit Linked,,2863.38,3549.3,0,0,488,0.03,,100,96,7,37
ACC203675,CUST103587,Savings,5258.21,31949.51,-8468.37,22422.9,1933945.28,634,0.54,2,69,75,7,31
ACC203034,CUST100216,Salary,244769.96,56112.13,87794.36,0,0,641,0,4,50,6,8,6
ACC203250,CUST103237,Savings,7617.46,5313.95,1325.17,0,0,553,0.03,3,82,100,10,42
ACC204248,CUST100645,,2014670.04,534386.8,349163.58,0,0,,0.01,2,69,62,9,26
ACC201453,CUST101770,Savings,5901.11,7423.42,808.83,0,0,543,0,2,81,100,10,41
ACC203794,CUST103619,Salary,100146.77,58221.47,25418.48,0,0,635,0,2,68,56,11,29
ACC200738,CUST103263,Savings,84555.14,117738.01,-51077.31,101555.73,6975004.14,567,0.57,3,84,78,11,29
ACC204258,CUST101160,Savings,276069.16,56211.44,42683.56,0,0,641,0,2,57,72,10,24
ACC201474,CUST102497,Salary,295607.68,92487.47,76886.84,0,0,706,0,2,62,79,12,37
ACC201568,CUST104211,Savings,108081.8,24013.89,14004.85,23952.84,1491937.77,553,0.35,1,,86,5,34
ACC204523,CUST104491,Fixed Deposit Linked,29956.65,22470.46,-41847.5,77407.16,863634.49,523,1.28,2,78,77,12,39
ACC203818,CUST104009,Current,16718.82,2989.4,1742.03,0,0,533,0.03,1,79,100,11,42
ACC201023,CUST104696,Savings,190301.66,44059.99,37763.7,0,,578,0,3,79,75,14,26
ACC201589,CUST102581,NRI,7600.4,2327.64,1352.51,0,0,,0,1,81,87,7,38
ACC202850,CUST103344,NRI,6812.62,2955.41,2078.6,0,0,529,0.02,3,93,86,9,33
ACC203774,CUST104637,Fixed Deposit Linked,4299.7,1795.57,518.62,0,0,592,0,4,88,90,11,34
ACC202604,CUST103573,Salary,4879.93,1816.75,934.39,0,0,642,,1,57,72,9,25
ACC201579,CUST101672,Fixed Deposit Linked,2643.3,3050.8,-57.54,1223.53,77299.99,490,0.3,2,100,93,9,36
ACC203718,CUST103832,Savings,15997.41,2194.15,2732.41,0,,620,0.03,2,49,45,16,28
ACC202161,CUST104475,Savings,303506.77,330937.33,-538554.15,878837.61,46987195.65,526,1.34,2,62,62,12,31
ACC204416,CUST102871,Current,970114.58,559778.72,-5420678.66,,67471938.91,496,1.5,4,67,61,9,36
ACC200346,CUST104758,Salary,95914.12,41409.65,17370.15,0,0,634,0.03,2,62,59,10,
ACC200502,CUST100135,NRI,6410.65,1500,1469.28,0,0,600,0.04,1,92,92,5,37
ACC201232,CUST100452,NRI,194509.37,28064.17,43832.12,0,0,677,0.04,4,28,38,15,12
ACC201643,CUST100865,Salary,,50175.2,14019.87,24534.01,2346686.7,586,0.27,2,71,69,11,23
ACC204769,CUST101445,Current,2556706.06,361927.36,254510.95,0,0,720,0.01,5,37,34,11,10
ACC200833,CUST104898,Savings,13363.14,38505.03,-11411.9,71464.23,3465536.01,501,0.76,1,64,91,10,38
ACC202537,CUST102649,Salary,26565.37,3572.79,4063.26,0,0,537,0.04,4,82,94,9,25
ACC203522,CUST100974,Fixed Deposit Linked,658175.58,38956.22,58235.29,0,0,645,0,4,69,,10,34
ACC202776,CUST102661,Savings,10157.72,7934.28,2187.31,0,0,648,0.01,3,100,76,9,36
ACC203880,CUST101304,Salary,187793.75,44413.6,41561.37,0,0,635,0.01,2,100,82,7,37
ACC201164,CUST103950,Salary,15653.74,96462.46,-31271.5,64737.7,4036016.34,585,0.45,,77,56,11,24
ACC204636,CUST101081,Salary,,72858.03,81341.79,0,0,624,,1,72,,11,23
ACC203305,CUST104897,Savings,90213.52,119900.53,-199802.92,293107.56,8886706.26,591,1.41,3,42,59,5,21
ACC201547,CUST101309,Fixed Deposit Linked,20460.54,3352.54,2595.7,0,0,536,0.04,,100,90,10,47
ACC202752,CUST103881,,152988.72,45980.31,19214.46,35923.95,2909951.28,610,0.35,2,75,66,11,37
ACC201425,CUST101180,Savings,62868.1,14732.54,13899.85,0,0,569,0,1,51,30,8,22
ACC200542,CUST101536,Savings,34925.93,40882.33,-1535.83,47268.14,2972680.92,653,0.53,5,100,98,5,39
ACC201491,CUST100183,Fixed Deposit Linked,290562.9,43571.18,,5448.91,524156.06,583,0.03,3,84,85,7,30
ACC204740,CUST103446,Salary,65177.38,33731.81,8058.68,5730.31,574428.61,587,0.13,4,95,100,6,25
ACC202894,CUST103243,Salary,8238.42,2204.54,1220.24,0,0,497,0.03,2,78,88,10,34
ACC203955,CUST104547,,47243.27,14492,10564.1,0,0,638,0.01,1,29,25,18,13
ACC203299,CUST100583,Savings,880.68,1500,190.56,0,0,629,0.02,4,96,100,5,37
ACC203108,CUST104522,Savings,11124.95,45273.75,-114631.73,164284.67,3517712.35,448,1.5,2,66,74,11,
ACC201002,CUST100800,Current,273358.59,173362.21,-125310.68,243773.65,7333373.98,574,0.86,2,89,78,11,
ACC201008,CUST102776,Salary,37252.37,36134.49,2569.97,33194.37,1532645.74,591,0.5,2,79,82,7,33
ACC203648,CUST100813,Salary,117129.03,25923.15,34528,0,0,664,0.03,2,78,,12,22
ACC202593,CUST104333,Savings,293587.71,33663.6,52557.02,0,0,563,0.05,4,74,87,7,34
ACC200565,CUST104862,Savings,98574.09,57678.44,18164.53,22022.94,2187777.74,634,0.21,2,87,76,7,35
ACC200263,CUST104483,Salary,5063.04,1568.61,,0,,660,0,3,100,96,10,43
ACC204601,CUST102816,Salary,51645.28,36185.77,2928.01,61838.6,1872323.53,660,0.6,2,89,100,11,43
ACC201324,CUST102266,Savings,103360.18,71534.32,14314.14,10638.51,468548.94,640,0.07,6,69,,13,29
ACC200381,CUST104310,Salary,169243.01,88149.81,23692.28,37570.86,1845527.97,673,,5,78,78,17,33
ACC203744,CUST100215,Salary,195059.18,79318.91,45781.66,0,0,714,0,2,86,73,8,28
ACC200613,CUST100415,Fixed Deposit Linked,133951,158765.27,-1045406.45,1322256.78,28906410.69,,1.5,1,63,67,11,30
ACC204193,CUST100077,Savings,42483.52,69484.71,-149708.33,219175.72,4732617.65,538,1.5,3,62,64,,36
ACC202888,CUST102691,Salary,82267.63,50970.44,10774.72,80582.82,6231931,592,0.56,5,67,71,17,31
ACC203086,CUST101280,Salary,118265.62,41120.24,24175.61,0,0,654,,3,78,83,8,47
ACC203829,CUST104503,,12779.06,54186.84,-4978.34,36802.72,3050441.75,624,0.42,5,46,,,14
ACC201102,CUST103915,Salary,421958.76,71529.53,70868.63,0,0,646,0,4,75,89,7,37
ACC204719,CUST101060,Salary,341138.78,94699.67,73754.41,0,0,681,0.03,3,77,61,11,22
ACC201978,CUST104466,Fixed Deposit Linked,114482.42,125700.81,-22587.02,67883.81,5153065.11,554,0.37,4,85,98,10,46
ACC203616,CUST102996,Savings,1063.54,3611.25,-1463.89,3376.74,74259.34,517,0.64,4,95,100,7,53
ACC202831,CUST104756,Savings,67360.98,113985.71,-12090.83,114109.33,7216766.58,614,0.52,3,58,93,14,46
ACC203381,CUST104620,Savings,67452.39,102455.32,-5564.3,49080.72,4319749.15,649,0.31,4,77,67,13,18
ACC203066,CUST101390,Current,422192.73,22634.56,28076.44,0,0,584,0,3,95,93,17,
ACC201338,CUST103119,Savings,95258.42,24037.87,18856.04,0,0,570,0.02,2,51,28,10,12
ACC203572,CUST101796,Savings,21535.01,29823.29,-11863.44,,2735912.28,567,0.72,2,86,78,8,35
ACC202452,CUST100282,Savings,1147097.23,184116.61,198559.4,0,0,663,0,4,78,100,5,33
ACC204156,CUST102336,Savings,362564.14,117585.43,57194.23,74717.55,6037282.65,594,0.3,1,43,61,7,24
ACC201355,CUST104207,Salary,217771.22,32161.07,54335.19,0,0,643,0.01,3,47,12,7,13
ACC203919,CUST103594,Salary,512624.72,164085.42,123161.92,,0,645,0.01,2,56,37,9,19
ACC204892,CUST100502,Savings,53675.63,201942.88,-370970.81,622804.7,28985243.25,584,1.39,2,66,64,8,13
ACC201693,CUST103384,,214904.19,50931.6,40282.12,0,0,680,0.01,3,65,61,11,24
ACC201617,CUST101736,Salary,118855.2,57804.51,25177.79,0,0,630,0.02,3,80,79,10,23
ACC201902,CUST101572,NRI,13527.4,3223.7,2627.45,0,,,0.06,2,100,89,9,36
ACC203966,CUST104556,Savings,41464.93,14813.49,9107.92,10079.55,469295.11,540,0.33,1,71,50,4,28
ACC200139,CUST100179,Fixed Deposit Linked,88735.11,13920.43,17238.7,0,0,655,0.03,4,38,50,14,19
ACC203350,CUST104984,Savings,211835.06,33564.6,,0,0,620,0,2,86,67,7,42
ACC200032,CUST104842,Savings,116414.85,,23150.34,0,0,653,0,3,33,48,11,16
ACC202179,CUST100847,Savings,238949.84,54422,38816.82,0,0,679,0,3,47,12,7,8
ACC200114,CUST102323,Savings,5342.97,4532.43,790.62,0,0,558,0,2,95,100,8,31
ACC202991,CUST101677,Salary,440134.91,59022.45,66793.5,0,0,624,0,3,77,71,11,33
ACC202978,CUST103727,Fixed Deposit Linked,125558.62,18191.5,13979.68,0,0,674,0,4,57,40,,20
ACC200240,CUST100969,Fixed Deposit Linked,1643036.83,371773.03,237045.42,0,0,633,0,,98,80,12,27
ACC200820,CUST100952,Savings,41547.81,63133.2,-107229.05,167066.45,5028399.41,572,1.42,2,74,55,13,26
ACC204062,CUST101990,Savings,3678.72,,597.98,0,0,500,0,3,86,65,10,30
ACC204741,CUST104565,Savings,40466.89,81147.82,-47907.65,75204.62,4639892.94,586,0.69,3,73,76,8,34
ACC203982,CUST103547,Savings,364313.8,126032.85,56307.17,0,0,704,0,1,92,98,8,39
ACC203573,CUST101911,,10969.28,1726.94,2446.56,0,0,,0.04,5,75,57,14,16
ACC201347,CUST101471,Current,4204496.78,460800.06,650896.62,0,0,613,,2,69,54,8,21
ACC201741,CUST104179,Savings,,89910.58,39074.12,0,0,650,0.02,4,96,85,7,34
ACC201098,CUST100535,Current,2792775.22,155522.4,256079.47,0,0,696,0.05,1,64,71,12,32
ACC201363,CUST102603,Salary,20758.38,87055.45,-248791.48,315920.97,6938875.32,471,1.5,1,,74,12,29
ACC200393,CUST100069,Fixed Deposit Linked,25297.83,5510.13,2305.82,0,0,508,,3,74,65,8,19
ACC204873,CUST102729,Current,289125.88,248400.17,-33677.87,309163.82,25339203.06,577,0.58,2,39,48,17,17
ACC202958,CUST102652,NRI,912179.4,210181.59,175184.15,0,0,667,0.01,3,65,95,11,23
ACC204466,CUST100504,Salary,102292.9,38733.51,18304.11,0,0,659,0.01,1,96,90,7,32
ACC202267,CUST101171,Salary,20231.89,36410.55,-64757.18,88067.22,1890246.29,506,1.37,3,82,74,14,29
ACC201851,CUST104765,Salary,46344.27,83871.07,-19226.05,46314.44,3737593.23,583,0.41,2,65,59,7,18
ACC201522,CUST100256,Current,3701560.83,435751.05,246216.79,505398.21,21803450.72,584,0.38,2,63,,8,29
ACC200217,CUST100033,Savings,154137.87,85870.69,13173.97,90721.76,7291774.54,587,0.47,1,73,78,8,29
ACC203249,CUST102918,Current,82879.1,5889.77,5918.17,0,0,606,0.01,1,96,100,11,41
ACC203064,CUST103346,Current,59025.62,67175.98,-327459.88,365291.76,4090057.53,454,1.5,2,50,55,13,28
ACC200983,CUST103022,Savings,242749.48,104075.39,50075.85,0,0,660,0,1,78,89,12,21
ACC200189,CUST101886,Savings,21246.94,109162.5,-78785.5,149532.3,6875272.27,590,,5,61,81,18,20
ACC203785,CUST104305,Current,882871,468800.1,70759.33,384686.01,38206678.66,577,0.38,2,71,81,5,22
ACC204881,CUST101678,Savings,163618.27,28513.06,44054.74,0,0,620,0,5,88,79,,29
ACC201621,CUST100266,Current,3204145.61,648797.81,358946.7,0,0,635,0,,71,47,7,28
ACC200553,CUST100584,Current,22635.21,4244.36,1787.12,0,0,689,0.02,3,77,95,16,20
ACC204288,CUST100066,Savings,561963.85,139336.53,107122.15,0,0,661,0,2,88,100,6,46
ACC202931,CUST100042,Fixed Deposit Linked,164223.98,70545.13,-35053.98,139178.64,4236924.3,543,0.76,1,100,86,8,35
ACC202928,CUST104833,Salary,111554.24,59421.33,26714.25,0,0,677,0.01,3,84,100,10,39
ACC201380,CUST101593,Savings,30919.26,44484.32,-57701.23,80924.17,910793.7,453,1.26,1,89,82,11,43
ACC201253,CUST100862,Current,32199.4,83245.17,-7584.93,45136.9,2092487.74,588,0.39,1,100,81,10,
ACC202456,CUST101368,Savings,70200.39,12894.64,20251.02,0,0,637,0.03,2,40,15,14,8
ACC204811,CUST103397,Savings,101049.29,51974.6,17086.88,21521.03,2274481.54,633,0.23,1,70,62,13,19
ACC202855,CUST102631,Savings,75564.08,51890.67,18436.18,0,0,650,0.03,2,82,85,15,32
ACC202873,CUST101408,Salary,162975.13,45224.7,40993.34,33218.59,2926026.5,643,0.23,1,76,100,12,27
ACC200404,CUST103630,Savings,32491.94,39938.93,-2642.42,44874.39,1430661.63,581,0.56,3,96,92,5,
ACC201783,CUST102842,Salary,39168.6,92793.79,-586953.55,689772.35,7820234.12,538,1.5,2,50,70,15,14
ACC200666,CUST100534,Savings,32516.24,3972.08,5630.91,0,0,593,0.03,1,65,58,14,27
ACC202844,CUST103929,Savings,357418.03,39718.03,59098.05,0,0,675,0.03,1,70,47,,26
ACC201413,CUST102233,Savings,1446498.6,536517.21,242979.6,0,0,693,0.02,4,57,55,5,25
ACC203219,CUST102430,Salary,49920.99,59100.32,2992.08,26679.93,,651,0.29,3,89,81,2,35
ACC203626,CUST103500,,36383.74,40663.8,-12027.2,,879907.37,612,0.54,3,66,56,12,17
ACC201386,CUST101971,,222819.35,42747.67,55855.3,0,0,705,0,3,95,66,10,26
ACC204436,CUST103019,Salary,131537.85,19956.05,28025.87,,0,706,0,3,70,55,9,23
ACC203278,CUST100213,Savings,155206.14,28376.51,27262.23,,0,680,0.01,2,32,51,16,18
ACC202060,CUST100397,Savings,10262.41,1598.79,2106.91,0,0,627,0.04,2,83,92,10,48
ACC200485,CUST104707,Salary,201699.07,26238.64,30134.06,0,0,646,0,1,95,74,14,42
ACC203425,CUST102084,Savings,9693.07,3884.67,1468.28,,0,,0,,87,84,8,24
ACC204920,CUST100379,Salary,500,,,0,0,571,0,3,100,,6,38
ACC204432,CUST104498,Savings,63269.13,25801.84,14256.29,,202088.53,644,,4,81,,12,27
ACC203135,CUST104216,Fixed Deposit Linked,208656.21,45519.23,24276.34,0,0,607,0,2,58,78,11,21
ACC204201,CUST103391,Savings,407080.1,137883.62,66207.12,0,0,722,0.01,1,73,77,5,41
ACC204422,CUST101581,,19759.62,29020.24,-4411.9,17203.69,1712817.21,609,0.4,4,89,,,33
ACC201597,CUST101022,Salary,34861.28,49073.07,-2345.41,23437.13,1143786.75,620,0.28,2,89,70,8,35
ACC200598,CUST101041,Salary,34937.05,61218.54,-83161.2,111386.16,3330906.35,432,,6,76,76,10,38
ACC200158,CUST103664,Current,224221.53,13609.45,25204.21,0,0,591,0,3,11,5,21,2
ACC203200,CUST104423,Current,355180.95,49044.96,,0,0,710,,2,61,71,16,31
ACC204055,CUST100284,Savings,288332.24,47886.85,46588.07,0,0,680,,2,44,43,9,16
ACC204721,CUST104994,Savings,22342.41,34877.87,2193.7,39601.13,2447354.62,,0.46,1,56,73,,28
ACC202518,CUST104343,Savings,73446.86,39007,8578.71,,404923.2,546,0.24,2,95,98,6,36
ACC203920,CUST101939,Savings,320879.35,39151.66,49091.58,0,0,674,0,1,56,59,9,28
ACC202782,CUST104104,Salary,2077.94,5102.11,392.75,0,0,625,0,2,100,100,6,34
ACC201123,CUST100198,Salary,36488.99,41984.26,,55947.94,630621.34,580,0.63,5,73,37,12,20
ACC204484,CUST102923,Current,133277.31,211140.24,-222542.01,457443.21,22393339.95,506,1.1,4,75,35,17,22
ACC200226,CUST102689,Savings,988.65,1500,-97.65,638.5,20000,547,,1,84,90,,42
ACC203339,CUST104509,Salary,195408.26,34215.21,34664.84,13514.59,402339.9,603,0.15,2,45,,16,
ACC202441,CUST101653,NRI,2964.1,2511.21,335.16,0,0,594,0,3,95,100,8,40
ACC200555,CUST101391,Salary,248041.55,22769.2,38824.25,0,0,676,0.01,1,100,85,14,52
ACC203172,CUST100902,Savings,6529.84,,1500.87,0,0,,0.01,1,84,47,7,22
ACC202784,CUST104945,,12149.63,47107.75,-22168.1,84826.8,4140671.8,511,0.76,3,88,82,14,34
ACC204952,CUST101478,Salary,3826.04,2769.39,752.03,371,,519,0.15,1,80,100,8,34
ACC200707,CUST100251,Current,394612.99,31058.44,25006.64,0,0,665,,1,40,32,9,22
ACC204212,CUST101118,Salary,135300.99,67543.49,37263.74,0,0,684,,2,86,59,11,24
ACC203696,CUST104908,Salary,182832.64,62123.68,35191.8,51747.06,3170226.47,633,0.39,2,61,60,10,
ACC204295,CUST104517,Savings,33998.22,71427.2,-142820.98,197212.1,4113039.78,505,1.5,2,99,94,8,44
ACC202290,CUST100162,Savings,500,1500,-716.58,0,0,560,0.01,1,100,100,5,50
ACC201171,CUST102865,Savings,537408.84,50579.9,87409.5,0,0,691,0.02,2,68,70,10,31
ACC201455,CUST100052,Current,18020.07,2936.61,1672.09,0,0,588,0.01,3,84,90,6,32
ACC203600,CUST101463,Savings,17199.66,5673.65,4119.08,0,0,643,0,1,100,93,11,37
ACC204753,CUST100160,Savings,1078.65,1643.79,181.84,617.03,33441.41,586,0.22,,69,69,9,24
ACC203548,CUST103160,Salary,16542.18,40518.92,-46027.5,74001.63,3225437.53,540,1.08,4,68,63,7,23
ACC200326,CUST102417,Savings,49961.68,80225.29,-392753.72,442497.61,4955069,522,1.5,1,71,69,12,17
ACC204081,CUST104569,Savings,66538.42,48767.76,13525.68,20501.62,1672274.98,617,0.22,6,65,81,4,24
ACC200476,CUST102758,Salary,100500.8,42800.4,26659.42,16179.11,1311764.94,582,0.15,4,60,81,19,32
ACC204003,CUST101136,Savings,188526.28,44683.83,60158.96,0,0,646,0,2,73,60,17,20
ACC203732,CUST102513,Savings,4052.23,1866.21,746.47,1333.97,40095.14,490,0.3,2,77,83,,32
ACC202655,CUST101953,Salary,10400.36,3124.38,2372.48,0,0,631,0.03,2,96,96,8,38
ACC203471,CUST103938,Current,241203.49,553171.33,-30978.2,413940,39219439.53,614,0.46,4,76,81,6,25
ACC202766,CUST103096,Current,58135.77,11047.68,2693.44,16963.23,511180.47,482,0.51,3,24,28,17,
ACC201419,CUST100611,Current,1206.61,1500,-127.08,,0,616,0.05,4,100,77,10,34
ACC202422,CUST103207,Savings,8815.16,6189.2,1903.44,0,0,656,0.03,3,88,96,13,45
ACC202248,CUST102208,Savings,2084092.43,972216.12,372080.52,0,0,661,0.01,4,64,51,17,20
ACC203869,CUST103180,Current,7779.19,1500,838.24,0,0,574,0,2,100,91,4,35
ACC200523,CUST102746,Savings,10266.12,3377.4,2106.7,0,0,609,0.02,4,94,98,6,42
ACC200992,CUST104231,Savings,358082,112192.21,106165.29,0,0,624,1.31,1,56,22,15,21
ACC201830,CUST100958,NRI,57898.42,223807.45,-14684.49,228419.72,20424611.15,511,0.54,1,29,18,11,14
ACC203280,CUST101415,,140953.74,28847.81,29181.95,0,0,598,0,2,93,100,12,38
ACC200730,CUST104877,Savings,500,1500,-790.89,0,0,534,0,2,81,100,9,32
ACC203480,CUST104129,Salary,9036.09,5510.26,2717.66,0,0,610,0.02,2,73,85,13,38
ACC202254,CUST100370,Savings,168324.08,103424.53,35404.12,112542.1,3576614.88,613,0.43,4,71,55,8,25
ACC202226,CUST100434,Savings,5155.99,10085.97,349.89,0,0,618,0.04,2,100,100,7,34
ACC201939,CUST100092,,89636.5,62651.87,23916.9,,1257785.66,597,0.22,3,94,85,16,34
ACC201396,CUST101684,Salary,18355.36,51273.29,-15643.47,47479.03,3300164.64,598,0.58,4,56,54,8,16
ACC200751,CUST103439,Savings,230020.53,34506.19,49342.43,0,0,535,0.01,3,75,68,11,34
ACC204080,CUST104370,Salary,95889.06,26340.34,20660.58,0,0,636,0,1,32,43,13,14
ACC200488,CUST100210,Savings,25333,3834.94,4855.52,0,0,591,0.03,3,56,49,12,25
ACC202173,CUST102406,Savings,4381.27,2673.77,650.1,0,0,596,0.02,1,96,85,6,32
ACC201016,CUST100099,Savings,201532.69,75463.23,35284.06,,404902.98,626,0.16,4,72,92,,30
ACC202106,CUST100967,Salary,444657.62,111037.38,71997.61,0,0,682,0.01,3,91,77,11,42
ACC204717,CUST103420,Savings,453337.14,118538.76,71239.11,0,0,636,0.04,1,81,73,11,35
ACC202003,CUST100727,Savings,24751.97,4939.69,,0,0,579,0.05,2,76,,7,21
ACC202512,CUST101613,Savings,180432.39,433651.19,-498554.16,836835.06,39855330,478,1.08,5,78,77,13,24
ACC204373,CUST103278,Savings,4488.33,5537.33,,0,0,625,0.02,3,85,85,12,27
ACC203873,CUST102051,Fixed Deposit Linked,2639419.53,628987.78,243886.33,0,0,635,0,2,60,68,15,24
ACC201724,CUST102072,Savings,3830.26,4763.69,1136.34,0,0,622,0.02,3,100,83,15,41
ACC200010,CUST102464,,84577.51,6685.67,7982.61,0,0,654,0,3,90,54,8,33
ACC202097,CUST102600,Salary,500,1516.36,-284.89,1738.22,118085.3,501,0.55,1,87,100,10,34
ACC200978,CUST103754,Salary,68988.54,31821.49,,0,0,661,0,1,77,70,10,33
ACC200774,CUST103853,Fixed Deposit Linked,274391.39,46865.05,39929.35,0,0,616,0.06,1,98,85,10,33
ACC200759,CUST103254,Savings,31469.05,43836.4,-17257.44,59102.5,2862434.27,508,0.68,4,61,64,12,20
ACC201611,CUST102399,NRI,801312.25,226039.21,178924.67,158657.37,13481325.29,643,0.32,3,69,63,7,24
ACC203099,CUST100459,Salary,2849.46,4445.79,280.92,0,0,538,0,2,97,88,9,37
ACC202798,CUST104913,Salary,181997.91,33940.65,56327.64,0,0,624,0,2,88,100,6,46
ACC202075,CUST100423,Savings,253220.66,54419.88,,0,0,681,0,6,84,71,10,41
ACC200110,CUST101406,Salary,19525.19,6831.8,4392.03,0,0,550,0.02,2,94,100,11,26
ACC204087,CUST103737,Savings,32281.68,60308.68,-347.83,25072.1,1798321.74,542,0.35,6,73,,16,40
ACC204264,CUST102563,Savings,2089,1743.76,408.64,0,0,610,0,1,90,81,13,42
ACC200490,CUST100354,Savings,282358.75,232127.1,-522718.86,886814.51,40314913.18,532,1.46,2,71,79,7,36
ACC201190,CUST101164,Current,10397.11,1500,840.8,0,0,567,,2,3,10,15,2
ACC203579,CUST100824,Salary,12920.1,3742.12,3529.93,0,0,676,0,2,43,63,14,19
ACC203271,CUST101695,,72967.08,39872.97,5676.82,45506.67,4432318.06,649,0.43,3,78,50,12,19
ACC201479,CUST104352,Current,63446.23,30671.05,3991.3,51861.47,5075732.84,533,0.64,1,47,38,15,22
ACC202529,CUST104603,Savings,7191.24,2654.91,1571.13,353.56,20000,529,0.07,1,58,90,19,34
ACC203112,CUST104907,Current,2323079.7,280635.64,312557.75,,0,724,0,2,85,75,8,
ACC201906,CUST100381,Salary,10573.75,8502.05,-1033.99,15818.68,346300.56,540,0.65,3,40,12,17,8
ACC204932,CUST104911,Salary,9435.88,3440.43,2629.23,0,0,599,0,4,95,100,9,31
ACC201298,CUST102646,NRI,21367.12,42066.4,-5679.99,35305.35,1087708.28,568,0.51,1,81,83,7,
ACC202072,CUST103739,Savings,307608.96,35427.74,,0,0,643,0.01,2,82,88,7,38
ACC204633,CUST100559,Savings,46053.48,50502.54,-42547.26,110042.03,2364459.2,559,0.9,1,61,37,18,22
ACC200071,CUST100084,Salary,119965.77,33153.52,40548.25,0,0,604,0.01,1,76,64,13,21
ACC204620,CUST103356,Salary,75823.66,13589,,0,0,633,0.05,2,36,24,14,13
ACC203589,CUST101594,Salary,19201.76,67422.23,-73568.01,101299.36,3032836.69,501,1.04,2,63,93,7,35
ACC201852,CUST103558,Fixed Deposit Linked,382102.12,488273.96,-306988.23,491112.02,34753493.07,564,0.74,2,,65,14,19
ACC201942,CUST102432,Salary,298933.87,45781.79,53256.41,0,0,,0,4,51,58,21,23
ACC201254,CUST101740,Salary,323011.79,90088,57412.03,0,0,732,,4,79,74,11,27
ACC202388,CUST102634,Current,11719.52,2061.37,1296.76,,0,510,0.01,2,91,96,0,45
ACC200184,CUST102804,Salary,9528.51,4772.52,1518.33,0,0,479,0,1,86,79,9,41
ACC200824,CUST102685,Savings,,68872.85,-19322.31,69572.4,3234323.69,593,0.59,2,51,51,9,24
ACC200386,CUST104647,Salary,52782.31,82325.53,-42670.95,113027.2,2408053.7,528,0.77,2,65,92,14,24
ACC201719,CUST104020,Current,13547.92,2272.98,1249.61,357.8,31926.28,542,0.1,,,43,10,17
ACC203331,CUST100590,Savings,11629.67,,1679.29,0,,649,0,2,51,50,12,16
ACC203693,CUST104184,Current,186867.97,18920.38,19128.89,10092.69,724444.84,622,0.19,,29,39,8,17
ACC203534,CUST101355,Fixed Deposit Linked,377321.32,72605.14,46917.29,0,0,686,0.01,1,79,62,11,21
ACC200468,CUST104811,Savings,211890.18,65066.98,36057.84,0,0,696,0,1,46,45,19,22
ACC201418,CUST102436,Current,14800.05,2173.78,1636.37,0,0,622,0.03,3,89,88,10,31
ACC202990,CUST101327,Fixed Deposit Linked,92849.07,,-45078.98,132944.83,7778858.74,523,0.79,2,89,68,11,33
ACC200536,CUST100533,Savings,34818.21,68276.36,-38343.26,110930.1,2401176.9,523,0.84,2,80,68,13,24
ACC202743,CUST104016,Savings,3587.63,6159.97,193.94,0,0,537,0.02,2,83,61,12,29
ACC200341,CUST104058,Savings,555172.29,125565.3,95810.78,,0,652,0,2,52,68,14,28
ACC204552,CUST102967,Savings,40310.52,55546.58,-3301.64,33308.58,3330313.69,615,0.43,2,,86,13,30
ACC203812,CUST103583,Salary,38314.12,118672.73,-349943.7,524578.08,11246096.86,,1.5,1,56,51,16,21
ACC201995,CUST100331,Fixed Deposit Linked,204379.41,44619.68,20955.2,34456.02,3501271.4,595,0.39,1,100,89,,35
ACC201619,CUST101163,Current,261121.93,44382.65,24009.77,15284.35,1525309.72,688,0.19,2,70,72,12,18
ACC204464,CUST101531,Salary,,74475.82,49153.57,0,0,626,0,1,67,94,13,32
ACC203773,CUST101240,Savings,72053.89,28047.13,20903.54,22753.3,1040235.36,632,0.28,2,27,20,17,7
ACC204281,CUST104007,Salary,8084.74,1770.23,1360.79,0,0,488,0,3,92,79,9,39
ACC204562,CUST100825,,244485.88,57330.96,49504.97,0,0,700,0,2,100,92,9,34
ACC201927,CUST100652,Savings,31618.04,12096.29,,0,0,614,0.02,2,100,100,10,35
ACC203526,CUST104069,NRI,1175882.72,434630.83,235814.89,0,0,664,0,3,58,59,12,18
ACC200719,CUST103185,Current,6854.47,1500,373.74,0,0,552,0.03,3,79,64,9,23
ACC201083,CUST100565,Savings,1427475.27,545530.09,237305.67,0,0,719,0,,79,72,11,26
ACC204428,CUST104136,Savings,27626.74,33679.11,4362.07,15320.4,454750.25,622,0.27,3,82,73,16,32
ACC202759,CUST100632,Savings,4521.31,6364.47,611.94,0,0,557,0,3,81,91,8,42
ACC200749,CUST104607,Salary,192721,50610.65,35174.26,0,0,610,0,5,71,61,11,20
ACC203997,CUST103715,Salary,14776.94,65905.54,861.97,31116.36,,674,0.33,3,57,60,15,18
ACC203295,CUST100071,Salary,523570.74,59959.73,88170.97,0,0,718,0.01,4,71,72,10,29
ACC203288,CUST100165,Current,18461.16,3280.01,2038.73,0,,,0,2,100,100,8,40
ACC201558,CUST102002,Savings,28317.48,57548.28,-35447.21,60059.23,4912237.43,585,0.75,1,67,85,12,32
ACC201081,CUST103997,Salary,248174.94,41195.96,68843.52,0,,623,0.01,2,93,83,6,36
ACC200920,CUST104667,Savings,56610.34,97626.05,-26169.2,62271.81,1854939.42,596,0.5,5,83,53,13,26
ACC202629,CUST101403,Savings,88686.32,19345.2,25194.47,0,0,624,0,2,41,36,18,18
ACC201853,CUST104110,Salary,441757.14,80499.84,101935.48,0,0,744,0,1,85,97,8,44
ACC203014,CUST103084,Savings,121014.75,132323.67,-56914.3,192185.27,5669056.37,565,0.71,5,63,62,12,19
ACC204754,CUST104067,Salary,360507.53,81454.09,74120.59,0,0,746,0,5,69,78,13,27
ACC200848,CUST104846,NRI,3168.21,1500,421.39,0,0,534,0,2,100,100,7,50
ACC201603,CUST100665,Savings,319629.7,39692.9,50434.06,0,0,650,,1,58,71,6,35
ACC204879,CUST104636,Savings,17711.61,4496.41,4072.08,0,0,579,0,2,58,60,20,33
ACC204806,CUST101369,Savings,87788.84,17787.81,15400.93,0,0,680,0,2,64,45,17,17
ACC204777,CUST101154,Fixed Deposit Linked,35233.88,2540.63,4388.3,0,0,614,0,2,66,56,8,19
ACC203077,CUST102003,Current,34306.23,6692.79,2076.65,0,0,581,0.02,1,75,91,9,37
ACC204403,CUST100384,Current,28148.38,4269.85,2506.23,0,0,712,0.03,3,100,100,11,41
ACC202872,CUST101195,Savings,160969.8,74653.36,44398,0,0,593,0,1,64,45,13,16
ACC204483,CUST102214,,118391.15,38234.17,36231.71,0,0,749,0.01,1,74,59,5,41
ACC204834,CUST104097,Savings,467255.96,47549.77,79384.37,0,0,633,0.04,1,60,61,15,23
ACC204505,CUST101191,Savings,133496.84,35132.67,25183.63,0,0,659,,1,34,40,13,16
ACC201294,CUST104239,Salary,57011.53,57185.03,-115001.53,218457.98,6554321.92,536,1.41,5,70,72,7,34
ACC202189,CUST100007,Salary,5431.95,26268.59,-7782.91,26572.03,2019222.88,501,0.61,4,87,87,8,39
ACC201531,CUST103768,Fixed Deposit Linked,213507.3,41575.63,15920.5,0,,628,0.02,3,75,67,,38
ACC202502,CUST100651,Savings,443682.6,49238.94,78526.61,0,0,627,0.04,2,77,96,10,31
ACC201387,CUST104988,Current,963407.01,639560.61,-604579.73,1062550.66,50699975.56,473,1,2,83,68,9,34
ACC204546,CUST104591,Savings,12271.35,7988.36,2006.27,0,0,600,0,2,100,85,7,42
ACC201251,CUST103163,Savings,40443.04,98334.02,-15837.75,,5112933.55,587,0.34,4,52,65,14,16
ACC201892,CUST104941,Salary,143259.16,47991.54,26978.68,0,0,647,0.01,3,99,85,9,43
ACC200568,CUST102614,Fixed Deposit Linked,110742.04,57904.03,-150896.76,257412.9,5625847.86,534,1.5,2,61,52,13,17
ACC203168,CUST100158,Salary,390104.29,111957.64,54513.03,0,0,714,0,3,100,57,12,36
ACC200436,CUST102254,Savings,7079.41,1922.1,1701.81,0,0,545,0,5,56,71,9,28
ACC201559,CUST104782,Savings,11548.62,5122.49,1540.9,1580.73,76293.77,555,0.18,,96,96,7,40
ACC203041,CUST100489,Savings,4246.48,1500,1014.76,0,0,442,0,1,100,87,11,31
ACC200655,CUST102297,Salary,122780.03,55430.93,29480.88,0,0,666,0.01,3,67,100,13,39
ACC202471,CUST100779,Salary,896252.61,2019060.34,-79288.89,1665566.23,117268412.7,603,0.48,2,76,87,14,23
ACC200780,CUST102792,Fixed Deposit Linked,730133.36,197687.21,76199.65,0,0,752,0,2,29,23,8,8
ACC202811,CUST101241,Current,319228.16,41393.29,28493.51,0,0,635,0.02,1,25,17,16,10
ACC203845,CUST104248,NRI,1245419.01,383655.9,317303.78,0,0,564,0,2,76,65,14,30
ACC201197,CUST101697,Salary,108293.64,54415.44,25069.5,69155.36,5669819.62,576,0.47,2,,70,9,26
ACC204178,CUST101248,Salary,223362.88,32598.94,38694.16,0,,710,0.01,2,66,62,14,30
ACC203217,CUST100458,Savings,270582.76,96632.7,39671.13,0,0,666,0.03,2,69,,8,33
ACC201987,CUST100025,Current,290857.53,337697.49,-541599.02,656720.28,20509216.87,543,1.38,2,66,70,7,40
ACC200845,CUST104506,Savings,3925.62,2249.93,1011.89,0,0,571,,2,100,93,6,36
ACC200602,CUST101192,Savings,15556.27,82509.13,-19861.49,68475.41,4583472.39,594,,6,64,82,10,23
ACC204624,CUST104249,Savings,114035.3,37839.03,17538.83,0,0,644,0.05,4,47,66,10,22
ACC204260,CUST103735,Savings,65925.69,98936.43,-5333.96,39151.76,3436398.02,638,0.35,2,63,56,6,31
ACC200108,CUST104524,Savings,225079.87,63484.51,48098.81,0,0,680,0,4,68,55,15,22
ACC204616,CUST102141,Savings,35513.24,43635.65,-22158.7,64142.51,3078231.66,509,0.82,3,72,88,8,32
ACC202919,CUST103015,Salary,62611.29,34374.18,15331.98,0,0,668,0,3,82,75,10,36
ACC204239,CUST100224,Savings,158236.35,52053.68,47220.14,0,0,684,0,3,90,64,10,36
ACC201302,CUST102915,Savings,12269.68,4662.93,2167.77,0,,629,0.04,4,100,100,11,40
ACC200828,CUST103973,Salary,16255.96,6802.04,2959.46,0,0,599,0,2,66,48,11,
ACC200151,CUST103907,Savings,100565.27,18535.69,22148.22,0,0,626,0.02,2,8,0,18,1
ACC204192,CUST102621,Savings,137063.42,64514.13,23841.91,0,0,662,0.03,,61,56,15,21
ACC203205,CUST100970,Savings,24450.56,38721.76,-70841.06,104016.83,2192301.55,408,1.4,1,91,74,11,30
ACC202557,CUST104151,Savings,10030.65,3303.98,2354.8,0,0,548,0,5,100,98,6,39
ACC204355,CUST102832,Savings,5914.3,5894.35,1046.02,0,0,578,0,,85,100,12,44
ACC202084,CUST100500,Savings,274811.18,328488.16,-737059.08,1073820.45,33194683.59,526,1.5,3,73,98,8,37
ACC202073,CUST103781,Savings,17950.52,49820.88,-143108.47,164656.7,1885340.19,482,1.5,2,85,100,12,35
ACC204678,CUST104115,Savings,173870.59,100071.96,49794.28,0,0,,0.1,6,97,82,9,34
ACC200397,CUST101650,Savings,89973.9,34626.52,14396.93,0,0,618,0,2,97,83,8,35
ACC200166,CUST101052,Savings,74429.94,40291.15,18358.68,0,0,656,0,3,74,55,9,17
ACC202474,CUST104306,Savings,19814.47,3563.62,3670.41,0,0,503,0.03,4,97,77,8,31
ACC201225,CUST101849,Current,163073.58,18879.89,19071.42,0,0,665,0.03,2,39,33,18,22
ACC201796,CUST100573,Savings,124513.02,48099.04,,0,0,608,0.03,2,21,14,11,5
ACC201642,CUST102441,Savings,107849.32,30095.48,28179,10543.62,1222560.41,639,0.14,3,93,82,14,34
ACC200142,CUST104878,Salary,465192.17,55269.88,74212.19,0,0,654,0.01,3,70,47,9,23
ACC201240,CUST104697,Savings,207324.35,452177.95,-3831502.08,4176971.31,47557265.33,486,1.5,2,41,55,15,11
ACC201986,CUST102627,,68076.21,187150.19,-7268.43,94478.98,6851426.94,609,0.4,2,73,99,,38
ACC202577,CUST104789,Salary,23333.32,83143.84,-194657.25,226631.91,4872656.69,479,1.5,2,81,66,9,29
ACC202223,CUST100343,Fixed Deposit Linked,,252179.52,-471454.96,656806.23,14051690.45,544,1.5,2,45,47,12,19
ACC200237,CUST100691,Current,24452.04,,1222.24,0,0,612,0,4,,78,9,36
ACC200989,CUST104939,Savings,77756.66,19544.13,15601.21,0,0,725,0.01,1,36,62,15,18
ACC204190,CUST101065,Savings,107805.08,81951.39,,10755.3,698828.95,646,0.08,1,53,83,18,26
ACC201758,CUST101313,Fixed Deposit Linked,35480.06,2963.81,3502.53,0,0,538,0,2,94,100,9,52
ACC201021,CUST104916,Salary,2100.18,4817.85,,0,0,680,0,3,86,100,8,28
ACC204901,CUST102454,Salary,35118.21,40418.92,-36532.45,73159.03,3388739.58,553,0.94,1,67,93,15,33
ACC200866,CUST100802,Savings,9796.63,2009.47,1860.74,0,0,527,0.03,2,97,85,10,40
ACC204442,CUST102703,Savings,307662.34,40515.12,67691.63,0,0,641,0.01,3,90,85,8,37
ACC202310,CUST103910,Salary,60282.49,110704.99,-131858.08,208300.85,6247095.01,513,1.08,2,70,91,9,32
ACC204379,CUST100235,Salary,347709.85,80621.46,107968.87,0,0,658,0,4,63,54,9,23
ACC202434,CUST101134,Salary,4926.94,1500,1053.25,,,518,0,3,87,76,12,29
ACC201697,CUST101703,Fixed Deposit Linked,83853.04,89142.15,-31497.41,67106.97,4832220.49,619,0.53,4,61,84,11,34
ACC203076,CUST101307,NRI,20495.52,3290.4,3465.33,0,0,481,0.01,3,73,76,10,34
ACC202217,CUST104098,Savings,535737.34,76602.45,82255.85,0,0,,0.06,2,81,83,6,28
ACC203019,CUST104970,Fixed Deposit Linked,291817.4,21899.75,38186.92,0,0,626,0,2,84,69,11,34
ACC203556,CUST103216,Savings,327646.96,98119.97,74916.91,0,0,609,0.01,2,79,85,10,40
ACC204183,CUST103762,Salary,354139.47,68016.09,97148.72,0,0,659,0.01,1,68,52,10,24
ACC201582,CUST104113,Salary,193729.29,72981.29,43203.89,85941.01,8237653.65,589,0.46,4,79,71,15,
ACC200803,CUST101436,Fixed Deposit Linked,60877.33,83901.05,,72234.87,3192025.36,594,0.63,3,69,,17,29
ACC201226,CUST103554,Salary,250529.17,329155.75,-884823.51,1130412.63,12767476.86,488,1.5,,66,55,10,26
ACC201203,CUST100869,Current,211451.35,51123.91,29771.41,0,0,677,0,3,58,32,12,21
ACC204943,CUST103073,Savings,213707.33,98902.76,40747.43,,1116421.05,651,0.05,2,79,,5,38
ACC204282,CUST101493,Savings,718458.3,355610.46,139114.5,0,0,695,0,4,74,60,15,32
ACC202680,CUST103992,Savings,6003.97,5051.97,1219.23,1670.04,79592.38,556,0.17,2,100,75,,42
ACC204521,CUST103636,Salary,219484.21,48298.26,54056.79,0,0,689,0.01,2,61,42,11,20
ACC204697,CUST103863,Salary,31964.22,28081.96,-5774.6,54336.91,1139074.67,486,0.67,2,50,38,18,19
ACC200401,CUST104001,Savings,658062.36,112743.35,142511.26,0,0,,0,2,75,48,16,31
ACC202735,CUST104638,Fixed Deposit Linked,17905.28,2744.31,2339.89,0,0,522,0.01,4,68,42,11,
ACC203843,CUST100167,Current,130063.73,124490.36,-256632.65,302091.74,9488150.96,436,1.5,3,45,49,16,21
ACC201267,CUST101877,Fixed Deposit Linked,193165.84,11114.35,15791.87,5150.79,379949.03,566,0.2,2,71,77,6,33
ACC200805,CUST103986,Savings,10459.48,4064.69,2241.03,0,0,507,0,1,85,100,8,25
ACC201443,CUST104557,Fixed Deposit Linked,217305.33,212971.95,-390420.24,555303.93,26425267.51,517,1.44,3,68,56,12,22
ACC200959,CUST102984,Savings,704028.81,234880.88,115922.59,95532.61,9076745.62,604,0.13,,76,70,11,29
ACC204549,CUST104079,Salary,102613.36,35990.87,20501.95,0,0,663,0,3,46,8,6,7
ACC200185,CUST103570,Salary,176745.97,15965.25,27598.74,0,0,694,0.01,6,36,23,12,8
ACC203714,CUST100334,Fixed Deposit Linked,208244.3,38492.5,25735.47,29052.09,2059310.85,659,0.33,6,82,88,8,30
ACC202085,CUST100141,Salary,42882.54,108787.1,-66279.1,110575.17,6707167.65,611,0.72,2,59,55,12,23
ACC200096,CUST102940,Savings,117759.56,22929.55,23424.06,,0,675,0,2,40,23,22,13
ACC202733,CUST104329,Salary,182263.82,59555.96,64410.45,0,0,720,0,1,90,73,,29
ACC204728,CUST104642,Current,164790.77,29153.44,22704.12,0,0,617,0,3,47,0,15,9
ACC202119,CUST100930,Salary,280710.36,34566.68,48102.24,0,0,653,0.01,4,95,74,11,45
ACC203650,CUST101914,Savings,15458.47,6111.52,,0,0,537,0,1,98,83,13,23
ACC203004,CUST103091,Savings,500,1500,-1089.05,454.3,20000,457,0.46,1,100,81,10,43
ACC200669,CUST100443,Current,202650.21,183411.3,-1565021.82,1667538.76,18998438.35,497,1.5,3,,63,4,23
ACC201752,CUST100420,NRI,27532.52,4954.75,5342.02,0,0,590,0,,92,89,9,
ACC204951,CUST102556,Fixed Deposit Linked,2268246.71,366363.4,143423.03,189482.67,14403182.82,631,,3,96,71,12,45
ACC203451,CUST101548,Savings,4695.97,1675.73,1175.04,0,0,588,0.04,3,93,94,5,34
ACC202797,CUST101376,Savings,7668.39,4416.82,1489.35,0,0,583,0,4,91,85,7,29
ACC201659,CUST104446,Savings,78711.79,16429.23,13511.13,0,0,644,0.04,2,22,40,16,12
ACC203361,CUST102795,Salary,2672.17,1500,331.47,0,0,446,0,2,85,74,6,38
ACC202865,CUST103305,Savings,,14037.23,24619.33,0,0,707,0.01,2,44,43,10,21
ACC204111,CUST103533,Salary,149872.64,27855.74,29249.7,0,0,648,0.02,5,82,71,7,33
ACC203247,CUST103458,,48771.85,4034.07,4165.7,0,0,566,0,2,81,77,9,33
ACC201377,CUST104791,,342779.54,100394.42,50743.3,,0,709,0,1,86,95,8,42
ACC203045,CUST101008,Salary,78215.95,39876.97,15416.13,16635.99,819739.29,612,0.27,3,84,94,12,35
ACC202741,CUST102877,Fixed Deposit Linked,241096.54,58918.17,40115.88,0,0,690,0,2,86,82,10,33
ACC203221,CUST100110,Salary,46732.23,32559.26,9964.98,31784.45,2537622.9,627,0.37,2,57,62,11,13
ACC202633,CUST101638,Fixed Deposit Linked,325222.45,44920.23,59642.58,0,0,632,0.05,4,62,47,14,18
ACC203487,CUST103239,Salary,15753.82,24398.38,,185970.39,2075535.17,475,1.5,3,55,13,,10
ACC204588,CUST102427,Savings,29205.36,77313.57,-42646.1,92715.06,5947904,700,0.71,3,48,61,12,21
ACC204997,CUST103092,Savings,49846.15,16519.58,14459.23,0,,554,0,2,27,24,14,
ACC202675,CUST102529,Current,175838.02,109954.55,-250168.49,307336.26,6425665,496,1.5,4,86,58,12,27
ACC204625,CUST103147,Savings,242189.36,52160.86,44666.15,25677.29,1240843.81,697,0.27,3,68,37,20,21
ACC200943,CUST101606,Savings,160878.67,39688.07,33405.12,22701.7,2303532.48,604,0.27,2,66,82,,27
ACC203956,CUST104085,Savings,13335.97,5753.28,1894.14,0,0,541,0.04,1,50,68,14,24
ACC203594,CUST101868,Current,878361.28,356367.61,-3758549.15,4396858.95,50050332.8,520,1.5,2,51,44,12,24
ACC200241,CUST100633,Savings,6192.6,1901.73,997.54,0,0,623,0.02,1,99,90,7,37
ACC201789,CUST102331,Salary,308099,84279.53,83029.36,0,0,673,0,5,62,64,14,21
ACC201926,CUST100700,Savings,500,1500,-586.23,0,0,510,0.02,1,66,91,15,26
ACC200526,CUST104254,Salary,274082.71,60301.33,44802.6,51204.65,5241696.14,530,0.32,3,100,98,6,44
ACC204861,CUST101306,Savings,462928.27,86943.18,74848.89,0,0,634,0.02,6,83,100,8,43
ACC202508,CUST103320,Savings,17547.71,7535.52,2612.44,0,0,568,0,3,92,97,10,33
ACC203462,CUST102410,Fixed Deposit Linked,52043.56,11046.06,8992.16,10117.41,905551.23,623,0.33,3,43,16,12,10
ACC202252,CUST100852,Savings,13930.67,35688.07,-1870.51,21120.52,1871337.42,,0.36,1,94,92,7,39
ACC204066,CUST104167,Savings,401710.88,42502.63,66427.59,0,0,706,0.03,1,58,84,13,31
ACC202136,CUST104056,Current,612495.33,578327.14,-1080558.78,,44027335.24,550,1.5,3,47,24,16,10
ACC204243,CUST102762,Salary,222928.96,64814.75,49375.73,0,0,650,0.03,5,39,60,12,30
ACC200429,CUST100538,Savings,221926.89,72765.15,48002.41,34563.11,2728418.9,625,0.25,,59,89,9,34
ACC204906,CUST103099,Savings,9272.24,1906.51,1354.24,0,0,534,0,5,78,57,11,22
ACC202066,CUST100979,Salary,203639.02,51272.51,33313.99,0,0,690,0.03,1,82,91,8,35
ACC202325,CUST103509,Savings,193801.77,51221.47,53201.27,39488.64,3108322.67,646,0.29,3,72,72,11,25
ACC204587,CUST101568,Salary,30850.89,34424.07,-30908.57,69129.61,793669.92,545,0.97,2,,58,19,16
ACC204919,CUST100492,Current,84633.34,53973.46,-20077.55,60396.6,3617276.17,618,0.55,4,64,76,12,27
ACC201478,CUST104222,Current,1165124.89,158134.31,75901.95,0,0,614,0.03,1,76,17,17,11
ACC200338,CUST103825,Salary,5524.28,1737.96,1148.43,533.68,29820.24,621,0.13,4,97,93,11,40
ACC202074,CUST102288,Savings,65459.05,105863.84,-1026.27,37279.18,1130675.96,590,0.28,2,96,92,,47
ACC202011,CUST102856,Savings,10102.06,3694.54,1585.97,0,0,663,0,1,29,40,15,11
ACC200253,CUST101483,Current,37463.24,6552.93,3315.95,0,0,620,0.03,3,88,90,7,43
ACC200320,CUST104831,Savings,206332.04,33123.06,34678.52,,0,581,0,3,48,29,18,
ACC202048,CUST102580,Savings,38268.48,50618.04,-42028.6,69735.48,2070773.59,539,0.91,2,100,100,12,37
ACC200946,CUST101694,,201888.04,53877.31,47504.08,10804.98,965706.6,627,0.11,5,73,77,12,26
ACC202495,CUST102207,Savings,179418.72,17960.84,29466.34,0,0,,0,2,33,45,,
ACC201084,CUST103290,Savings,240932.53,26431.89,48966.99,0,0,642,0,4,56,61,9,25
ACC201191,CUST103734,Current,527490.17,51089.35,39079.27,0,0,681,0.03,5,37,26,15,5
ACC200620,CUST101699,Savings,6358.96,44712.52,-29817,46753.97,2616741.5,480,0.75,6,78,60,8,31
ACC202098,CUST100532,Savings,43306.44,35414.41,8327.9,21204.04,2027584.54,601,0.32,1,63,49,,34
ACC200750,CUST102347,Salary,422361.04,46660.47,70641.1,0,0,761,0,3,66,56,12,21
ACC202903,CUST101916,Salary,45303.75,40928.51,6647.49,12213.99,,633,0.22,1,96,100,6,33
ACC203834,CUST104356,Fixed Deposit Linked,260478.76,44026.61,23200.68,0,0,617,0.02,1,94,76,3,39
ACC201864,CUST101476,Current,102499.83,165532.66,-40864.56,251252.42,13641453.28,547,0.7,2,62,36,12,20
ACC201958,CUST104032,Current,68025.5,87895.62,-1051.02,,5885156.36,678,0.5,2,62,36,11,18
ACC202955,CUST100304,Salary,70637.59,41275.85,16825.45,0,0,550,0,2,98,65,5,26
ACC203806,CUST104451,Fixed Deposit Linked,13682.24,2685.03,1584.32,0,0,581,0.02,4,87,82,5,32
ACC201777,CUST102438,Savings,183985.75,85368.19,33143.81,0,0,719,0.01,3,79,91,10,38
ACC200577,CUST104024,Savings,348250.27,175084.54,56848.33,49123.9,2743842.15,653,0.13,2,68,74,11,17
ACC201667,CUST100898,Salary,192176.7,38870.48,58317.17,0,0,705,0.01,3,100,63,9,39
ACC201395,CUST104895,Savings,65539.03,14306.08,13430.36,0,0,635,0,2,36,11,19,11
ACC202183,CUST101967,,13109.55,2556.23,,,0,559,0,5,100,90,12,36
ACC201805,CUST100257,NRI,413519.68,140509.6,71925.95,19433.34,1999678.87,677,0.09,1,70,51,17,30
ACC204342,CUST100899,Salary,152317.67,76300.36,35414.83,0,0,764,0,2,83,75,8,29
ACC200270,CUST100676,Salary,182040.89,50288.16,,0,0,647,0,,89,85,8,27
ACC200170,CUST103418,Savings,35557.8,57780.24,-330021.94,367077.75,4094500.75,432,1.5,3,71,47,8,29
ACC202041,CUST102857,Fixed Deposit Linked,39901.17,42832.15,-4274.36,42558.85,3356736.63,665,0.52,3,79,76,13,28
ACC203343,CUST100792,Savings,79047.78,41064.44,21644.27,0,0,630,0.01,2,100,93,5,24
ACC203932,CUST104804,Savings,225171.05,89973.74,,0,0,678,0.04,3,85,,9,25
ACC201815,CUST101839,Salary,42809.94,54137.53,6783.08,54976,2950290.75,543,0.51,3,63,75,12,33
ACC203550,CUST100892,Current,,,277268.45,0,0,727,0,2,71,69,12,30
ACC202587,CUST100702,Fixed Deposit Linked,18108.89,64685.2,-151420.38,181233.78,3930964.93,557,1.5,2,89,78,8,31
ACC201496,CUST101538,Fixed Deposit Linked,61545.47,67317.98,-27989.74,65533.09,,617,0.64,4,58,38,15,19
ACC202799,CUST100072,Savings,32658.93,47501.77,-60446.72,95313.38,1079308.85,538,1.19,1,63,68,13,33
ACC201275,CUST103162,Fixed Deposit Linked,19128.96,2417.71,3179.3,0,0,596,0,2,40,67,18,21
ACC204203,CUST104896,Salary,125460.03,39012.29,27985.57,0,0,614,0.01,1,74,64,5,23
ACC201786,CUST101461,,243818.17,66210.54,74622.78,0,0,624,0,2,83,80,13,28
ACC203166,CUST104755,Salary,15628.89,48587,-182851.99,231512.16,2589514.02,529,1.5,1,78,85,13,40
ACC203707,CUST100826,Savings,21878.05,24361.6,-46169.8,76175.04,860984.98,457,,2,82,90,8,30
ACC203207,CUST100873,Salary,86145.38,18589.54,28563.85,0,0,717,0,2,33,33,11,15
ACC203840,CUST101772,Savings,262394.64,73595.39,55016.74,0,,673,0.09,3,89,100,10,44
ACC202170,CUST104515,Current,,,454308.04,0,0,781,0.01,2,91,82,3,37
ACC202301,CUST102387,Savings,46428.24,80364.75,3107.68,38096.13,2255128.38,623,0.28,3,76,93,7,26
ACC203071,CUST102352,Salary,190202.78,61340.29,41159.78,0,0,622,0,3,84,86,9,32
ACC202968,CUST101354,,547855.95,50529.02,85936.55,0,0,693,0,2,60,42,9,9
ACC200295,CUST100657,Savings,128819.01,41234.89,37970.91,0,0,,0.01,3,86,64,7,44
ACC201070,CUST102673,Savings,18899.44,49095.88,,40667.41,4071504.3,581,0.45,2,84,72,3,40
ACC200053,CUST102846,Savings,140619.77,662480.84,-449891.94,1092379.4,90573475.99,498,0.84,1,84,67,11,36
ACC204051,CUST102713,Savings,152617.45,36010.05,27273.69,0,0,644,0.01,3,29,14,19,6
ACC204487,CUST103141,Salary,222905.52,48306.1,59831.78,0,0,645,0.01,2,65,62,11,27
ACC202989,CUST101092,Fixed Deposit Linked,6895119.49,861660.99,846223.54,0,0,746,0,3,78,100,11,36
ACC203975,CUST100312,Salary,183619.05,626170.05,-2645222.86,2980581.13,33834152.92,,1.5,1,56,65,16,29
ACC202006,CUST103784,Savings,116100.51,110825.85,12949.2,31866.57,1385735.99,626,0.22,2,98,98,9,46
ACC200301,CUST100471,Current,2181231.24,,161654.91,0,0,705,0,2,65,62,7,23
ACC200365,CUST103040,Salary,75570.86,88398.18,4362.58,30566.3,1831411.29,597,0.28,3,78,43,15,16
ACC200102,CUST102131,Savings,19647.52,,-5354.93,48049.48,2224518.43,610,0.51,4,,87,13,23
ACC204468,CUST101996,Savings,26681,52215.25,-294839.64,326189.22,3668052.63,501,1.5,4,100,100,7,52
ACC202449,CUST100087,Savings,75760.1,19586.84,14094.06,0,,645,0,3,30,8,12,7
ACC203145,CUST101797,,193489.86,12584.71,22456.5,0,0,691,0.03,3,68,83,8,42
ACC202714,CUST103187,Salary,135935.88,74114.37,21360.15,10683.56,936290.49,645,,1,48,80,20,34
ACC202558,CUST103378,Salary,22871.39,29111.88,-144819.27,172463.98,1969713.56,542,1.5,3,63,78,11,28
ACC202926,CUST102411,Fixed Deposit Linked,478986.21,55775.21,66597.41,0,0,652,0.01,2,55,42,11,16
ACC201487,CUST103231,Savings,3278.84,2773.81,524.11,0,0,602,0,2,85,96,10,36
ACC202969,CUST104497,Current,285818.75,396246.36,-22809.43,250985.77,25577750.73,619,0.41,3,56,53,13,25
ACC200374,CUST102232,Fixed Deposit Linked,1845536.5,268657.27,154642.28,0,0,623,0.05,1,79,60,14,22
ACC201213,CUST104940,Savings,200783.43,58622.29,34414.38,5346.71,475770.31,652,0.01,5,83,64,13,20
ACC200544,CUST104172,Salary,53473.91,67952.09,-38772.39,96816.34,4228154.39,598,,2,69,51,7,30
ACC201351,CUST103475,Savings,37719.56,39888.55,1982.04,39404.54,2752800.68,613,0.55,2,44,54,15,21
ACC200291,CUST102962,Savings,15110.26,38227.17,-4915.04,54348.41,3080525.42,541,0.68,2,70,47,16,18
ACC203293,CUST102013,Savings,177394.5,97763.05,42767.97,0,0,707,0.02,2,72,56,17,20
ACC200389,CUST102450,Salary,500,1500,-234.48,0,0,596,0.01,2,100,88,9,27
ACC204371,CUST103981,Savings,334202.35,70056.86,51931.37,0,0,615,0,3,68,89,9,31
ACC202687,CUST100163,Savings,13578.88,4501.61,2849.98,0,,590,0,8,100,100,9,39
ACC201870,CUST101263,,1479368.78,399692.04,169856.8,0,,594,,1,57,65,14,17
ACC203323,CUST101963,Salary,358902.58,131101.04,67116.37,0,0,709,0.01,2,87,82,11,28
ACC200247,CUST101417,Savings,1853.23,1500,353.94,0,0,504,0,2,91,81,1,36
ACC202736,CUST103046,Salary,75120.05,10009.94,17925.66,0,0,646,0,2,,38,12,31
ACC202164,CUST101152,Salary,4104.05,1784.44,1025.63,0,0,542,0.05,1,100,100,5,40
ACC204994,CUST103444,Salary,9811.63,25678.78,-38234.1,72416.93,2193390.57,502,1.23,1,79,54,8,28
ACC204435,CUST100667,Current,502,1500,-411.88,0,0,603,0.04,2,99,100,8,46
ACC204652,CUST104364,Savings,55622.91,18394.83,11666.67,0,0,,0.01,2,36,40,22,21
ACC200410,CUST101175,Savings,73774.55,34149.31,16902.58,35886.53,2225635.63,591,0.43,2,77,81,12,31
ACC202005,CUST100976,Current,13567.12,2052.38,1268.47,0,0,563,0,4,82,100,9,38
ACC204995,CUST104426,Salary,47144.91,30880.08,7362.65,16048.5,1764795.85,575,0.26,4,50,13,8,18
ACC201894,CUST103080,Savings,31543.05,56235.26,-9125.32,47244.71,3157060.88,598,0.53,4,68,78,10,24
ACC201184,CUST103047,,91058.05,72330.32,13097.28,19187.02,1063253.63,635,0.19,1,77,81,13,34
ACC203467,CUST103966,Savings,5881.78,,658.18,,0,657,0.02,3,74,84,13,36
ACC200832,CUST100351,Salary,196806.51,81146.49,60466.68,0,0,672,0.02,1,100,100,3,32
ACC202227,CUST101903,Savings,56703.75,27945.95,14903.06,0,,620,0.02,4,30,39,12,17
ACC201803,CUST104914,,32147.37,66003.42,-326152.11,372527.22,,565,1.5,3,90,86,8,39
ACC200690,CUST104334,Fixed Deposit Linked,79489.67,38830.29,7788.82,35295.96,3126304.8,567,0.43,3,72,73,8,29
ACC204098,CUST101854,Salary,28988.4,37757.14,5941.54,21778.22,691718.81,630,,2,86,95,5,36
ACC203237,CUST100316,Savings,92195.72,25642.82,14330.94,0,0,623,0,2,47,39,18,13
ACC203413,CUST103757,,37754.71,49064.98,-44614.81,70439.83,2130177.87,513,0.9,2,55,30,12,16
ACC204384,CUST100770,Savings,127792.41,20364.62,20844.12,0,0,622,0,3,26,37,12,10
ACC204205,CUST103530,,15344.94,55106.49,-131942.71,151102.19,1704327.85,457,1.5,2,68,95,13,35
ACC201075,CUST102201,Salary,51531.34,16430.11,8439.1,8572.95,497336.86,582,0.26,1,100,74,10,47
ACC202785,CUST101735,Savings,103237.71,77718.27,22100.26,29058.67,326149.04,714,0.21,1,53,,10,
ACC203242,CUST104374,Fixed Deposit Linked,359131.21,53280.57,44268.17,16307.79,1647122.65,673,0.17,2,61,61,19,27
ACC202439,CUST100022,Savings,18763.83,38939.24,-42643.17,65703.1,2871018.99,508,,1,93,78,10,32
ACC202111,CUST102342,Savings,7395.81,27474.74,-9883.32,21366.8,241265.12,578,0.51,6,87,76,5,46
ACC200769,CUST101870,Salary,172321.82,21621.6,29546.03,0,0,681,0,2,28,16,14,12
ACC202786,CUST102196,Fixed Deposit Linked,449021.4,54310.11,64492.51,17659.03,1143002.3,653,,2,47,56,11,21
ACC203762,CUST100171,Salary,5980.92,1522.99,1171.1,0,0,551,0,3,99,100,10,43
ACC201946,CUST102177,Savings,132639.05,51150.19,32467.6,,0,693,0,2,8,26,,7
ACC200554,CUST102423,Savings,194963.75,85244.19,26469.14,0,0,658,0.03,2,93,81,3,39
ACC200752,CUST104998,Savings,161707.12,48537.13,,0,0,665,0,2,100,89,14,36
ACC203853,CUST103045,Savings,99591.25,,15566.5,6828.59,640655.03,651,0.22,3,68,,7,26
ACC202531,CUST101414,Fixed Deposit Linked,1836803.6,352820.42,211031.44,0,0,,0,3,44,60,14,23
ACC201041,CUST102264,Savings,277683.71,54120.64,80323.55,0,0,664,0.02,2,59,69,9,24
ACC203926,CUST104976,Salary,275775.31,34596.99,49994.56,0,0,674,0.01,1,68,80,11,30
ACC204713,CUST104780,Salary,4562.05,2463.15,1255.05,0,,522,0,3,74,57,4,33
ACC200363,CUST102236,Salary,24951.16,59015.41,-45919.27,142925.48,6437493.71,466,0.86,5,43,68,9,28
ACC203632,CUST104632,Current,3420827.15,528460.01,483877.36,0,,628,0.02,6,76,70,10,25
ACC201135,CUST104414,,4597.45,3894.73,805.01,0,0,515,0,3,100,100,6,34
ACC203284,CUST104537,Fixed Deposit Linked,1734115.62,623936.83,242666.63,0,0,730,0.02,1,70,32,10,16
ACC204236,CUST101573,Savings,26156.36,26621.64,-96315.64,134118.65,2888605.56,484,1.5,5,64,78,10,25
ACC200550,CUST103256,Savings,267805.66,52180.52,59499.85,0,0,698,0.01,3,79,62,10,32
ACC203005,CUST103961,Salary,133445.24,31994.45,22299.3,23164.36,1881605.22,616,0.29,,68,68,6,35
ACC202816,CUST103386,Savings,63360.98,107580.01,-88825.94,125542.06,5539715.91,481,0.82,2,58,57,10,19
ACC201622,CUST102366,Savings,61394.97,19767.36,13529.1,0,,589,0.07,3,44,3,,10
ACC203940,CUST100943,Current,736711.81,142526.28,40784.39,0,0,702,0,1,73,55,11,17
ACC203465,CUST102582,Salary,175328.46,46186.78,32052.96,0,0,666,0,1,93,72,9,26
ACC203734,CUST101223,Savings,141669.93,40585.88,33398.79,0,0,686,0,1,62,92,8,25
ACC203862,CUST102175,Salary,32957.76,49994.53,-37985.01,53872.11,601263.82,554,0.8,,75,43,15,29
ACC200842,CUST101675,NRI,85061.48,97027.59,-197587.14,298536.83,8940127.56,529,1.5,3,81,72,11,27
ACC202068,CUST103555,Fixed Deposit Linked,300346.73,54542.59,36290.11,,0,661,0.04,2,55,43,15,13
ACC204499,CUST102386,Fixed Deposit Linked,10388.8,9009.17,1528.34,0,0,574,0.03,3,98,100,,50
ACC200879,CUST101032,Salary,170712.27,74570.96,30550.55,0,0,639,0.01,4,74,74,11,26
ACC204738,CUST101693,Current,700753.07,111463.01,47096.11,0,0,728,0.03,5,67,73,11,30
ACC202738,CUST101766,Fixed Deposit Linked,8500.59,6022.36,835.15,0,0,596,0,2,96,94,6,36
ACC200863,CUST104650,Salary,172613.69,71230.88,32975.42,0,0,684,0.01,1,62,33,12,16
ACC204773,CUST103991,Savings,2164.08,2182.2,626.56,0,0,619,,1,89,77,8,31
ACC203521,CUST100037,Savings,168224.86,25779.38,28316.99,0,0,727,0.03,3,71,90,9,28
ACC202402,CUST102179,Current,198471.9,11405.64,19024.28,0,0,574,0.01,4,30,24,20,10
ACC202059,CUST101143,Salary,299318.33,33248.21,49944.81,,0,667,0,2,63,,5,25
ACC202788,CUST102475,Savings,500,1500,-213.3,,,577,0,4,96,,7,44
ACC201911,CUST102311,Salary,62512.37,92402.49,,109723.02,6157969.97,,0.59,4,56,64,16,16
ACC203576,CUST102800,Savings,10117.63,46817.86,-43180.08,66625.65,748518.34,506,0.96,4,72,69,9,27
ACC204137,CUST104106,Current,839.9,1500,-607.05,0,0,566,0,2,100,93,,38
ACC201073,CUST100305,Savings,309971.4,47329.69,67788.18,0,0,724,0,2,86,85,18,35
ACC201753,CUST103422,Current,548345.78,414841.31,-432513.87,585017.62,18515756.34,471,0.99,1,84,67,9,32
ACC201159,CUST104883,Savings,39668.41,79176.73,5900.16,0,0,,0.01,4,96,100,8,29
ACC200058,CUST101670,Savings,113420.08,18334.67,32328.16,0,0,630,0.03,3,20,22,18,4
ACC201326,CUST100408,Salary,22521.22,48393.37,-115530.89,133199.33,2818505.1,521,1.5,1,80,51,10,25
ACC204253,CUST100919,Savings,159527.46,78627.9,32594.76,0,0,673,0.01,2,82,77,3,36
ACC202294,CUST100617,Salary,143767.36,57208.34,23932.94,0,0,685,0,2,72,,11,26
ACC202971,CUST101000,Salary,,59576.82,50575.6,0,0,724,0.04,2,76,85,10,37
ACC201238,CUST100945,Fixed Deposit Linked,433364.08,558153.2,-1666995.5,2167308.03,68812438.54,525,1.5,3,67,42,11,16
ACC202398,CUST101929,Salary,233195.34,68150.39,57479.95,,,664,0,1,87,76,8,35
ACC202523,CUST102185,Salary,49568.21,77014.91,-28157.99,77609.18,5494888.14,593,0.67,3,66,43,9,28
ACC204970,CUST104658,Savings,76967.68,15060.46,18199.42,5943.36,539998.15,660,0.13,2,34,,26,9
ACC204666,CUST103769,Salary,20582.59,4367.02,3086.44,0,0,584,0,1,93,86,10,31
ACC201513,CUST104284,Salary,64450.7,85463.3,-186623.89,237135.38,4961996.22,536,1.5,3,100,72,9,38
ACC202196,CUST101011,Savings,106481.76,51925.46,19739.77,25520.97,2550642.95,582,0.25,4,,81,14,42
ACC203489,CUST103218,Salary,45994.9,47039.12,-450413.91,527249.73,5919288.71,558,1.5,2,99,94,6,28
ACC202700,CUST103131,Current,70744.69,13459.97,9891.52,6843.34,322608.95,583,0.33,2,28,33,21,11
ACC201068,CUST100495,Savings,16303.22,4567,2590.69,0,0,596,0,2,97,82,7,39
ACC202195,CUST100773,Savings,169036.93,60090.95,25253.61,52995.61,1134636.19,,0.4,4,50,56,12,28
ACC203826,CUST100129,Savings,41227.4,80243.96,-7861.99,71102.03,,631,0.49,4,87,90,6,29
ACC200076,CUST100711,Savings,4851.43,3446.85,937.43,0,0,604,0.03,5,97,98,7,37
ACC200516,CUST102405,Salary,96243,38449.14,15866.16,0,0,640,0.03,2,92,97,10,34
ACC204042,CUST100688,Savings,119801.38,31537.52,28426.04,27041.63,806970.54,572,0.36,2,37,39,11,24
ACC201799,CUST102133,Salary,15612.3,31574.72,-4777.13,,1704708.73,557,0.39,1,58,48,10,21
ACC203561,CUST103650,Salary,7002.4,,-24283.03,64943.04,730130.41,559,0.92,,85,89,8,31
ACC204128,CUST102443,,116348.5,47768.71,24223.27,14227.59,1605828.21,674,0.18,3,87,78,10,32
ACC202500,CUST101511,Salary,115360.13,61959.93,21454.77,0,0,653,0,2,53,65,11,22
ACC204835,CUST102160,Savings,153318.02,28638.76,36518.13,0,0,646,0.02,1,32,4,14,14
ACC204854,CUST103748,Savings,254879.89,27497.53,40567.44,0,0,663,0,2,81,98,7,28
ACC200192,CUST103944,Current,164493.06,25232.85,12996.99,13166.75,635940.68,594,0.27,2,100,100,17,142
ACC202762,CUST102665,Salary,156700.68,51265.88,40975.32,0,0,687,0,2,80,,11,33
ACC201038,CUST101479,Current,3391454.88,400332.17,394820.33,0,0,630,0,4,50,77,15,21
ACC202178,CUST100258,Savings,242085.39,94330.59,68125.9,0,0,622,0,2,77,93,,32
ACC201959,CUST104471,Savings,500,1500,-89.58,0,0,508,0,3,99,100,7,40
ACC204539,CUST103952,Fixed Deposit Linked,86810.78,10533.1,12428.39,0,0,658,0,,26,19,18,8
ACC204114,CUST103056,,4437.21,1500,624.44,0,0,601,0.02,1,92,100,11,
ACC202505,CUST100369,,61894.66,69247.02,7363.99,21393.07,1988936.93,667,0.24,3,81,58,13,20
ACC201303,CUST104821,,420165.81,48755.91,72005.83,0,0,649,0,2,100,78,6,
ACC200626,CUST101505,Salary,169855.15,37620.72,53064.9,0,0,668,0,3,57,57,11,27
ACC203040,CUST100275,Current,51768.13,,-120547.41,136595.31,1544925.65,439,1.5,2,68,53,14,26
ACC202837,CUST101249,Savings,17239.63,4048.92,3274.13,0,0,603,0,1,100,100,5,46
ACC201099,CUST103631,Savings,289241.08,67687.6,51901.09,0,0,744,0,1,67,52,4,25
ACC204516,CUST102156,Salary,288879.66,84452.55,71673.6,17295.63,1054793.28,,0.09,2,76,97,15,23
ACC201908,CUST104347,,1740543.05,571728.99,338153.29,0,0,614,0,2,52,37,10,14
ACC204316,CUST103644,Salary,42141.88,20059.11,11937.44,0,0,675,0,2,32,4,17,10
ACC202792,CUST103655,Salary,13951.22,7387.99,3007.21,0,0,636,0,3,91,99,5,39
ACC203501,CUST102162,Savings,21672.05,23287.96,-19753.18,59638.66,2856091.43,,0.88,3,95,91,10,38
ACC201910,CUST103503,Savings,6200.95,4352.87,1587.74,0,0,522,0,2,88,,8,21
ACC202198,CUST103275,Salary,,39599.75,25870.34,0,0,616,0.02,3,85,77,10,41
ACC204751,CUST101300,Salary,1833.58,2613.72,-1027.49,2098.47,44100.44,515,0.58,5,54,64,11,24
ACC202885,CUST101286,Salary,54012.56,,13956.02,0,0,634,0.02,3,92,95,13,37
ACC204902,CUST104598,Savings,12869.44,28813.25,209.36,20190.94,1704250.76,550,0.4,1,73,,7,19
ACC200309,CUST101869,Salary,100992.95,33811.03,23620.79,0,0,608,0.01,1,85,72,13,41
ACC201412,CUST102577,Savings,354481.42,75564.49,82834.45,0,0,697,0,2,71,81,11,25
ACC200775,CUST103616,Savings,290462.17,175235.3,58472.09,0,0,627,,4,76,52,12,
ACC200484,CUST103970,Savings,85441.77,43774.51,19499.04,0,0,614,0.03,2,84,69,14,31
ACC204605,CUST103251,Salary,5622.11,1500,938.1,0,0,629,0,1,63,64,10,36
ACC200367,CUST100429,Fixed Deposit Linked,254230.46,74780.3,23978.13,22210.75,1332780.85,661,0.21,3,66,34,9,20
ACC200570,CUST104885,Savings,95640.54,34263.52,19388.61,,4391192.12,687,0.41,3,73,58,13,35
ACC203023,CUST101359,Fixed Deposit Linked,256877.56,53195.16,53247.82,0,0,654,0,2,96,83,8,32
ACC200649,CUST104190,Salary,4163.24,1500,728.22,0,0,518,0,3,100,,6,40
ACC202854,CUST103717,Salary,163845.93,40031.02,43528.71,24918.05,1363894.2,638,0.28,2,90,80,11,31
ACC200441,CUST100080,Savings,454892.57,171415.63,71325.74,0,0,700,0,3,82,89,,29
ACC201593,CUST102644,Savings,6596.11,27206.78,-29371.12,47626.21,1474595.48,416,1.09,3,85,99,9,40
ACC202263,CUST102319,NRI,10430.51,6908.32,2139.37,0,0,628,0.04,3,100,93,10,25
ACC200896,CUST102124,Salary,173658.58,,29352.54,0,0,595,0,1,75,67,11,28
ACC203809,CUST100186,Savings,5240.14,2631.24,1090.47,,0,584,0,2,100,87,6,33
ACC201541,CUST100263,,27465.09,45239.25,-90166.3,115541.83,,456,1.5,2,65,75,19,24
ACC201404,CUST101554,Current,5868385.16,437487.31,410713.93,0,0,677,0,5,66,79,7,24
ACC203565,CUST101043,Salary,111049.2,60891.37,20872.09,37050.12,2581044.96,660,0.33,4,86,54,4,25
ACC202880,CUST102345,Salary,34281.27,80260.18,-17456.52,66664.5,5638699.27,636,0.5,2,77,86,,32
ACC204545,CUST104132,Salary,169602.82,35806.07,29683.64,0,0,594,0,1,69,,11,
ACC203724,CUST103359,Current,192145.88,110266.08,-17793.19,117554.01,11779098.41,548,0.48,2,91,62,9,
ACC204929,CUST103798,Current,7858.47,1500,1043.09,0,0,542,0,3,30,38,17,9
ACC203365,CUST103155,Savings,62454.33,12265.68,18146.39,0,0,693,0,2,31,0,18,3
ACC202031,CUST103595,Salary,57937.59,48176.41,9965.58,,864375.24,603,0.11,4,87,97,7,50
ACC200945,CUST101539,Salary,173857.64,49580.59,35460.48,,0,644,0,3,47,57,12,16
ACC201689,CUST104905,Current,1206675.41,297390.31,207077.52,0,0,679,0,1,69,54,6,20
ACC204221,CUST101342,Salary,169050.52,82710.25,23841.16,28606.87,2008047.12,719,0.17,3,61,59,15,23
ACC200072,CUST100227,Savings,7546.79,2625.44,1350.51,3357.36,98745.03,484,0.47,1,69,73,9,23
ACC204169,CUST104818,Current,881334.98,559336.31,-126280.24,362880.16,34209196.72,578,0.49,1,100,100,3,37
ACC203888,CUST100735,Salary,77045.98,43243.11,19771.84,0,0,619,0.04,3,82,80,9,31
ACC200994,CUST104424,Savings,171844.92,31215.86,34895.44,0,0,638,0.04,2,67,,8,19
ACC200762,CUST101558,Savings,78489.87,31283.99,23357.89,28842.58,2043041.17,564,0.3,3,67,80,9,33
ACC202137,CUST104777,Salary,13085.94,3900.57,2441.87,0,0,553,0,3,81,83,7,30
ACC200173,CUST103039,Salary,8587.54,4438.14,1658.1,,0,522,0.01,1,90,100,11,37
ACC202065,CUST101659,Current,260913.99,193085.69,-198065.79,402017.09,17493679.12,484,1,1,66,74,9,31
ACC201734,CUST103576,Savings,82278.5,21366.16,12087.43,0,0,649,0.01,1,11,37,14,7
ACC204082,CUST100536,Salary,52678.97,80743.87,-9018.85,49802.09,4417987.98,626,0.41,1,54,52,12,16
ACC203914,CUST104441,Savings,59742.85,73758.7,12172.01,0,0,664,0,3,99,100,9,35
ACC202511,CUST103542,Savings,,69713.52,24301.54,54517.62,6374373.71,620,0.3,2,82,94,12,
ACC203872,CUST104051,Current,112192.17,30497.51,9060.66,9953.36,568842.23,626,0.19,1,48,17,11,16
ACC202351,CUST104133,Savings,293536.05,85462.2,71943.68,0,0,673,0,1,81,77,10,32
ACC201775,CUST104616,Salary,125035.88,54999.23,19586.61,0,0,754,0.04,2,64,77,9,20
ACC203998,CUST104646,Fixed Deposit Linked,12809.14,2481.39,1946.78,0,,671,0,4,88,81,10,31
ACC200838,CUST102702,Savings,5312.87,1651.5,1147.82,0,0,612,0.04,3,97,94,10,28
ACC200864,CUST103688,Salary,94999.05,17457.19,17450.68,0,0,605,0,4,100,97,8,37
ACC203334,CUST104308,Salary,360412.1,92049.16,69892.14,28703.38,2296929.42,663,0.22,2,54,66,9,22
ACC203754,CUST103115,Current,98709.43,59662.55,-54264.78,116666.91,3429733.01,570,0.97,1,97,100,11,37
ACC201903,CUST104552,Salary,58747.15,48265.75,8694.27,30308.48,1690578.56,700,0.37,1,100,99,6,38
ACC200298,CUST104264,Current,475206.82,251262.14,-93501.02,,15249755.46,551,0.65,1,92,59,7,22
ACC200371,CUST103523,Savings,3006.32,1500,592.33,0,0,554,0,3,100,89,12,42
ACC201899,CUST101552,Fixed Deposit Linked,1155382.84,94548.31,120503.34,0,0,708,0.03,6,64,,11,21
ACC201293,CUST104154,Salary,146962.36,33140.76,23814.17,0,0,742,0.01,3,97,77,8,32
ACC200266,CUST102480,,2300.64,7031.72,292.85,0,0,518,0.01,2,100,92,7,44
ACC204569,CUST101625,Current,442099.39,190145.32,-190243.49,529846.83,29118451.98,493,1.05,1,57,65,12,29
ACC201784,CUST102302,Current,151070.12,39166.48,25464.41,0,0,621,0,4,29,7,20,8
ACC201029,CUST101598,Savings,19012.95,3746.3,3650.84,0,,639,0,4,57,74,14,20
ACC200519,CUST104359,Salary,132672.34,32418.64,19593.66,22432.99,1413194.71,607,0.26,4,51,54,18,16
ACC202645,CUST100982,Savings,180750.52,601924.57,-441233.23,678084.44,21333417.03,561,0.8,2,50,50,17,27
ACC202446,CUST102325,Savings,1535.86,,176.85,715.05,22175.92,521,0.31,1,83,94,11,45
ACC203380,CUST100515,Savings,10022.15,5725.69,1505.22,0,0,525,0,2,100,100,5,43
ACC201914,CUST102437,Salary,122617.15,45209.41,,0,0,625,0,6,99,70,8,27
ACC204959,CUST102363,Current,184181.19,49976.44,32101.32,0,0,553,0.03,4,82,85,7,36
ACC203682,CUST103033,Salary,103963.7,57451.48,22595.9,0,0,515,0.01,2,93,94,15,30
ACC201609,CUST101017,Savings,146200.48,31437.87,32540.1,0,0,634,0.06,1,75,100,9,31
ACC202938,CUST101177,Savings,,39277.82,-3598.93,21989.17,2215809.69,599,,1,68,,13,25
ACC203164,CUST100403,Current,3265694.23,506424.38,346252.94,0,,736,0.02,3,52,46,14,32
ACC200395,CUST102753,Salary,65451.73,16248.6,11603.75,11215.66,906380.93,563,0.27,2,100,97,12,40
ACC200094,CUST100497,Current,398959.45,,-131754.14,434994.87,9580526.88,564,0.94,,65,41,12,25
ACC204886,CUST100863,Savings,6469.29,7287.97,1392.17,0,0,566,0,3,74,96,7,23
ACC203685,CUST102852,Savings,397035.26,81942.07,87370.38,0,0,,0,4,77,76,6,22
ACC201785,CUST101130,Fixed Deposit Linked,1027683.11,72369.54,131377.24,0,0,651,0,3,47,44,11,23
ACC201983,CUST103949,Salary,68423.72,125908.24,-196751.37,239485.33,7162955.26,570,,2,73,92,11,28
ACC201936,CUST100866,,17741.68,71472.68,-42873.85,87506.73,3820029.47,601,0.8,2,47,46,13,17
ACC204025,CUST100951,Salary,8503.07,23673.94,-2532.59,11247.22,1294460.5,575,0.36,1,67,58,11,40
ACC203113,CUST100503,Savings,16752.38,41591.36,-7144.68,23379.07,1425955.78,541,0.38,2,89,49,6,35
ACC202711,CUST100243,Salary,7252.34,2170.9,1566.52,0,0,607,0,1,86,,,35
ACC204699,CUST101895,Savings,145690.38,52599.99,28171.27,0,0,716,0,,89,77,7,22
ACC204925,CUST100878,Savings,20589.24,58021.3,954.96,50164.55,1048851.76,646,0.45,2,84,51,16,30
ACC204701,CUST101816,Salary,11961.2,2637.87,2890.15,0,0,614,0.03,1,59,56,9,28
ACC203673,CUST103029,,79340.38,116526.15,-17350.82,75807.52,4777105.05,608,0.42,2,82,53,5,23
ACC202904,CUST101357,Savings,4318.66,1504.82,1177.14,0,0,552,0.03,,66,41,10,15
ACC204948,CUST100034,Fixed Deposit Linked,274752.47,59566.36,41122.56,67421.39,4878406.89,554,0.31,2,80,59,11,36
ACC200881,CUST101281,NRI,7677.2,6794.37,,0,0,538,0,4,100,100,9,47
ACC201431,CUST103277,Savings,208274.28,60285.15,55095.54,0,0,654,0,1,84,79,12,33
ACC203027,CUST103934,Salary,54173.13,139387.24,-31282.81,114602.32,7187823.31,600,0.49,1,62,67,9,17
ACC204962,CUST102888,Fixed Deposit Linked,214705.15,53658.33,24650.37,0,0,659,0,2,90,91,14,29
ACC200112,CUST104209,Salary,199760.43,125851.99,34169.15,89312.72,4039105.78,639,0.34,1,65,47,11,18
ACC202365,CUST100867,NRI,1017.16,2354.83,-511.44,680.73,33045.06,547,0.28,4,99,92,5,40
ACC201321,CUST102949,Savings,232729.71,44155.26,50093.71,11342.99,,638,0.08,1,84,84,12,36
ACC204313,CUST102766,Salary,1413.88,1500,237.4,0,0,496,0.02,3,100,85,4,43
ACC202576,CUST102706,Savings,188592.25,56422.71,47999.09,0,0,641,0.02,1,66,54,12,26
ACC200947,CUST102059,Savings,402015.92,48551.13,75782.52,0,0,657,0,4,100,92,8,42
ACC204287,CUST100232,Salary,9234.56,3370.06,2145.81,0,0,593,0.04,3,44,40,,20
ACC201587,CUST104382,Savings,72884.31,32275.83,23433,0,0,646,0.03,2,76,57,15,32
ACC201177,CUST101421,,276533.77,28862.95,52921.86,0,0,651,0.04,1,72,66,3,27
ACC202641,CUST101352,Fixed Deposit Linked,94458.49,24701.18,14277.33,0,0,,0.03,3,58,46,12,23
ACC203553,CUST100159,Salary,19041.81,25108.64,-9121.43,25521.41,536485.3,582,0.58,4,66,,12,31
ACC202592,CUST104071,Salary,219006.89,83101.75,29265.41,38636.77,,619,0.25,1,75,73,7,33
ACC200630,CUST101340,Savings,50590.49,68859.01,-64976.75,99921.26,2936470.38,513,0.94,4,49,46,13,17
ACC203713,CUST100628,NRI,63095.29,10047.77,13905.69,0,0,658,0,1,49,30,15,15
ACC203509,CUST100972,Salary,96888.25,22625.49,18573.7,0,0,604,0,3,87,72,15,35
ACC203216,CUST103691,Savings,3919.26,2083.89,1160.83,0,0,540,0,2,89,100,9,39
ACC201614,CUST102656,Salary,325187.98,104223.2,94617.11,0,0,,0,2,92,80,3,31
ACC203544,CUST101380,NRI,2914.09,1500,732.15,0,0,598,0.03,4,95,88,11,35
ACC204983,CUST104117,Savings,98798.87,51819.53,28878.12,0,0,,0.03,3,44,30,20,19
ACC202156,CUST102810,Savings,101307.96,30518.39,19403.59,36525.81,1601281.78,522,0.43,3,51,64,5,27
ACC201742,CUST103013,Current,244427.06,,17101.02,0,0,,0,1,37,40,13,12
ACC203605,CUST102108,Fixed Deposit Linked,269026.55,70165.84,35394.78,48211.72,,614,0.37,2,62,62,13,36
ACC203421,CUST102963,Savings,17688.4,3523.58,2669.58,0,0,646,0.03,2,99,86,12,40
ACC201877,CUST104993,Savings,624295.2,115508.88,98053.12,0,0,704,0,2,,85,,32
ACC204797,CUST101959,Savings,253431.76,39211.55,51634.45,0,0,709,0,3,81,84,10,36
ACC202089,CUST101138,Savings,247294.97,29673.53,46556.85,0,0,649,0,1,32,24,17,14
ACC204454,CUST103284,Savings,285577.06,355295.87,-706826.67,1199258.54,57074486.16,506,1.46,3,65,92,11,26
ACC202162,CUST101910,Savings,500,1500,-1833.44,631.84,20000,425,1.5,3,56,57,13,23
ACC203637,CUST101771,Salary,92901.93,42032.27,27473.01,0,0,644,0.03,2,95,70,9,32
ACC201923,CUST104213,Savings,86559.64,60089.28,25727.65,0,0,646,,3,97,96,5,41
ACC200287,CUST103268,Salary,27461.75,142508.03,-100099.92,174178.81,8251929.29,,0.81,3,76,64,8,34
ACC204858,CUST101282,NRI,14961.33,8289.24,2186.49,0,0,551,0,4,79,92,14,41
ACC204334,CUST104188,,23278.36,34583.14,2665.11,18729.72,2200389.21,624,0.32,2,88,100,15,41
ACC203311,CUST101875,Current,325084.86,19863.58,23301.94,6906.68,816796.66,681,0.11,5,94,63,18,29
ACC202369,CUST100541,Savings,153545.6,34167.65,24182.94,39408.63,1883028.97,557,0.44,2,79,79,9,29
ACC203631,CUST103879,Salary,25196.34,24613.26,-22820.8,56161.15,2611016.89,503,0.94,2,100,93,7,49
ACC203187,CUST104761,Salary,362372.49,57834.34,64109.9,0,0,637,0.03,2,67,74,8,20
ACC201109,CUST100111,Fixed Deposit Linked,314318.22,41994.75,46719.48,0,0,756,0.06,1,99,79,6,41
ACC201224,CUST101116,Salary,37205.97,17468.96,11271.13,0,0,653,0,2,23,17,16,14
ACC202806,CUST102668,Savings,281231.25,29671.03,55859,0,0,668,0,3,67,44,14,16
ACC203310,CUST101763,Current,3556.13,3212.41,227.98,0,0,634,0,5,95,83,3,35
ACC203460,CUST102129,Savings,778116.77,299741.22,200278.24,0,0,649,0.02,3,62,21,12,15
ACC200525,CUST100322,Salary,384353.15,93031.32,105035.79,0,0,726,0,1,72,63,,27
ACC203341,CUST101809,Salary,175501.34,100822.01,38823.23,0,0,684,0,1,73,91,12,34
ACC204385,CUST102165,Savings,126476.39,37063.3,35648.13,0,0,650,0.03,4,56,62,9,28
ACC202995,CUST101987,Salary,143388.5,44553.8,51100.96,0,,626,0,1,41,38,15,15
ACC200506,CUST101360,Savings,448494,,113040.5,0,0,681,0,2,98,64,11,32
ACC204888,CUST100206,Savings,7038.45,1839.41,1938.56,0,0,585,0.04,3,84,97,7,31
ACC202062,CUST104301,Fixed Deposit Linked,55977.62,63539.52,-353585.64,,,479,1.5,2,100,80,9,42
ACC201223,CUST101630,Savings,4487.44,1510.36,1106.41,0,0,561,0.01,3,100,95,9,40
ACC202444,CUST104302,Savings,857.04,1500,31.78,0,0,609,0.02,4,89,82,6,34
ACC204356,CUST103472,Salary,438735.57,90774.86,67085.63,0,0,614,0.02,1,81,80,7,27
ACC202779,CUST101153,Current,1896901.99,135131.55,163497.78,0,0,615,0,3,68,64,18,21
ACC201695,CUST104111,,21259.61,1931.7,3642.98,0,0,,0.03,2,94,66,8,30
ACC201449,CUST100259,Savings,37590.62,142399.21,-28550.03,107220.74,2247440.71,629,0.5,2,,74,11,34
ACC201626,CUST102788,Salary,5074.43,3234.83,1202.16,0,0,550,0.02,2,89,79,11,35
ACC201264,CUST101113,Salary,387092.91,39934.4,65895.11,0,0,721,0.02,1,40,91,15,24
ACC204412,CUST103136,Savings,223348.38,176163.47,32368.7,66532.1,7480144.39,644,0.22,2,68,49,7,25
ACC200877,CUST101018,Savings,58993.36,145245.33,-362557.22,410276.42,4603880.94,531,1.5,2,81,67,8,34
ACC204807,CUST102811,Savings,27197.97,47805.38,-9369.06,62241.13,1853246.16,594,0.6,6,67,66,15,39
ACC202713,CUST102780,Salary,405356.81,148437.4,65042.4,0,0,692,0,2,54,38,13,14
ACC200013,CUST100794,,14996.76,20526.9,-20600.44,,1502222.18,451,1,2,89,73,9,41
ACC200481,CUST103957,Savings,148572.95,28996.47,36750.25,0,0,653,0,4,80,76,11,29
ACC204606,CUST104634,Salary,248089.54,70178.84,37480.87,0,0,658,0.06,2,63,72,17,28
ACC204186,CUST101863,Current,508979.55,75479.99,47085.56,0,0,624,0.02,2,45,50,17,22
ACC203055,CUST103565,Salary,33021.5,103882.38,-19909.39,,5209535.44,602,0.4,4,81,71,6,36
ACC202424,CUST103431,Savings,12696.88,2574.07,2124.56,0,0,574,0.06,2,81,100,10,39
ACC203133,CUST103817,Savings,2823.15,4172.69,584.27,0,0,620,0.01,4,100,98,9,34
ACC203208,CUST100808,Salary,230096.24,50137.13,38913.19,0,0,741,0.04,3,19,31,13,16
ACC204580,CUST102444,Savings,287403.91,113066.18,52784.34,0,0,686,0.01,4,60,43,13,18
ACC200857,CUST100438,Current,52396.22,,-144523.9,203961.39,4359775.49,521,1.5,2,72,55,11,34
ACC202551,CUST102658,Current,8100.11,6889.22,818.86,,0,532,0,3,100,100,8,31
ACC200046,CUST103773,Current,382749.84,388353.62,-2248446.54,2670973.74,56090857.48,,1.5,1,73,72,,20
ACC202314,CUST103075,,428858.55,425619.45,,618944.66,45067444.46,572,0.58,3,60,79,14,38
ACC204196,CUST104372,Salary,40761.48,5382.64,9585.25,,0,624,0,4,71,35,14,
ACC202385,CUST100940,Savings,442247.22,171159.25,60137.96,0,0,686,0,2,29,47,12,18
ACC200899,CUST103485,Savings,143624.31,52058.26,19898.6,13736.58,1203382.79,579,0.12,2,68,63,14,24
ACC201022,CUST100191,Current,2105470.06,626318.64,146679.43,266839.15,20458367.13,630,0.26,3,65,37,12,17
ACC200232,CUST101255,,1729.81,2565.01,109.68,0,,567,0,2,100,100,9,27
ACC200941,CUST104023,,241815.06,85823.89,51089.65,35656.29,2181479.75,652,0.22,1,,78,3,34
ACC204657,CUST103051,Savings,305919.87,301487.89,-1505866.19,2002853.41,42907708.76,530,1.5,4,88,85,11,31
ACC204725,CUST101243,Savings,470686.18,68865.9,95442.56,0,0,671,,3,71,44,14,26
ACC204866,CUST101663,Fixed Deposit Linked,462519.68,30683.34,49858.35,0,0,669,0.01,2,84,81,11,41
ACC203546,CUST100579,Fixed Deposit Linked,39717.89,40229.16,542.88,,1392727.98,596,0.53,2,99,81,4,41
ACC202942,CUST101473,Savings,3835.75,17532.87,-1062.35,8966.02,416290.27,554,0.35,3,32,37,21,12
ACC203115,CUST104304,Savings,49456.81,120267.52,-77252.27,168123.49,3565183.17,573,0.75,2,83,78,8,33
ACC202221,CUST102671,Savings,75101.6,73692.58,-303284.84,403541.44,4540993.44,560,1.5,2,42,53,12,15
ACC201165,CUST104428,Savings,36042.71,7051.98,8355.44,0,0,597,0,2,85,74,11,40
ACC200204,CUST103295,NRI,1494992.05,410221.38,276596.97,0,0,626,0,2,42,17,19,17
ACC204078,CUST100385,Current,,243210.67,111409.8,0,0,787,0.04,1,78,70,10,36
ACC203676,CUST102544,Salary,119487.59,55383.95,15899.41,11745.35,572933.53,713,0.16,4,93,72,10,39
ACC204439,CUST102783,Savings,194870.88,26527.32,29266.46,0,0,651,0,2,,28,16,21
ACC201162,CUST101813,Fixed Deposit Linked,563016.17,254958.78,13999.69,339403.22,32138671.71,605,0.59,2,77,89,8,
ACC203664,CUST102941,Savings,65040.4,71848.06,-15857.04,92167.72,5989804.66,569,0.61,2,73,57,5,14
ACC202729,CUST103875,Savings,8467.74,2308.47,,0,0,556,0.01,2,94,100,,40
ACC201600,CUST104219,Salary,106165.86,33430.17,24685.23,0,0,612,0,4,17,39,15,
ACC200086,CUST100763,Savings,2333.94,1846.76,691.92,0,0,617,0,5,72,71,19,28
ACC201869,CUST102992,Savings,186020.42,256593.6,-105020.89,353832.32,21230213.02,516,0.74,2,89,83,12,31
ACC204290,CUST103283,Current,156585.02,7737.92,11834.76,0,0,691,0,1,63,52,11,24
ACC203868,CUST102657,Savings,232057.12,24871.08,,0,0,653,0.01,2,97,84,11,36
ACC203213,CUST103408,Savings,3489.49,3148.46,867.62,0,0,552,0,4,99,73,3,34
ACC200621,CUST103253,Savings,127023.28,23273.59,32990.45,0,0,631,0.05,1,34,23,26,13
ACC203401,CUST100686,Current,3654635.39,605760.5,604556.92,0,,669,0.02,3,,64,8,38
ACC202810,CUST101125,Salary,207492.84,41652.67,51070.28,0,0,714,0,6,,82,9,30
ACC203438,CUST100674,Savings,145504.82,36429,47618.24,0,0,674,0,3,79,78,,29
ACC200364,CUST100670,NRI,2922.88,10120.51,-1828.5,2377.7,51055.4,581,0.18,3,,91,11,28
ACC203236,CUST104805,Salary,7184.45,38855.52,-26998.43,46729.12,2139723.11,589,0.8,3,100,67,8,32
ACC203922,CUST102862,Salary,21310.74,23307.35,-39700.16,63658.52,1929547.76,487,1.37,2,,70,6,33
ACC201292,CUST104454,Savings,15931.34,32086.34,-1756.74,16555.67,1599858.66,649,0.33,4,90,84,7,36
ACC202956,CUST101440,Salary,172429.47,45480.16,35337.9,7022.62,647353.11,700,,2,70,72,13,29
ACC202925,CUST100890,Salary,24479.44,44937.96,-7620.83,35791.57,1052921.06,522,0.52,2,64,74,7,23
ACC204926,CUST100337,Savings,4472.73,2110.56,987.09,0,0,599,0,3,70,71,18,39
ACC204364,CUST101331,Salary,10737.26,52027.08,-46878.46,,2636216.27,569,0.92,2,100,73,5,32
ACC201036,CUST100166,Salary,125309.32,26853.59,18740.94,0,0,648,0.05,3,57,66,11,22
ACC204480,CUST103602,Salary,161843.22,31194.48,36608.99,0,0,692,0,6,60,90,13,29
ACC201653,CUST100138,Savings,88197.89,24655,14096.32,0,0,630,0.04,4,43,29,10,14
ACC203020,CUST100891,Salary,307099.99,61222.75,,0,0,655,0,6,48,35,15,11
ACC204008,CUST103246,Savings,2150.64,4802.84,-241.51,816.22,90629.36,552,0.09,1,100,93,8,40
ACC204232,CUST103744,Salary,200604.16,47161.38,51318.94,0,0,697,0,1,72,91,13,26
ACC202843,CUST101462,Fixed Deposit Linked,97000.62,,11989.97,58641.59,2723173.35,568,0.45,3,50,32,11,18
ACC200220,CUST101647,Savings,29118.4,36932.49,-1502.83,27413.66,1622483.63,570,0.46,4,81,73,6,48
ACC202401,CUST101404,Savings,110267.83,54510.43,20553.94,0,0,,0,2,57,45,7,21
ACC204001,CUST103293,NRI,1562.69,2421.72,207.92,0,0,609,0.04,3,100,97,13,44
ACC204581,CUST104380,Salary,37518.03,50959.57,-110999.38,139676.21,1589017.47,537,1.5,1,69,42,12,17
ACC203535,CUST102785,Fixed Deposit Linked,42725.85,25343.07,-21993.17,60837.65,1940399,,0.97,3,79,85,17,40
ACC203469,CUST100556,Fixed Deposit Linked,188465.84,13619.45,24325.58,0,0,653,0,5,43,45,15,19
ACC202007,CUST102977,Salary,202232.73,68919.16,33324.62,0,0,649,0.02,2,78,76,12,29
ACC202165,CUST104817,Savings,747.15,1500,62.04,0,0,602,0.01,3,88,83,3,34
ACC200039,CUST102099,Fixed Deposit Linked,494533.89,100789.16,77245.08,,0,669,0.03,3,85,91,8,36
ACC201192,CUST101730,Savings,6990.91,4200.95,936.36,0,0,663,0.05,1,67,79,10,27
ACC202796,CUST104839,Savings,20679.24,131952.89,-66738.21,120720.55,2521641.84,580,0.66,3,100,100,10,41
ACC203412,CUST100917,Salary,259367.84,59636.28,,47896.26,4576231.32,603,0.31,3,67,93,8,29
ACC200563,CUST102111,Savings,157768.49,34129.54,24999.96,0,0,621,0.04,2,50,31,14,16
ACC204799,CUST100488,Fixed Deposit Linked,109255.24,58997.45,-91923.75,178818.93,5464700.39,531,1.22,3,90,94,7,39
ACC202538,CUST100231,Savings,661854.36,,117720.28,0,0,610,0.02,1,71,68,11,31
ACC203524,CUST100983,,165332.99,39106.08,44764.26,0,0,708,0,2,99,69,10,36
ACC203700,CUST100934,Salary,5426.13,2397.98,1093.46,461.63,24890.75,544,0.14,3,97,85,12,44
ACC204745,CUST104903,Current,671.5,1500,-417.29,0,0,690,0,,46,37,14,13
ACC200522,CUST101101,Savings,11336.72,1891.4,2071.26,0,0,534,0.05,2,78,,10,29
ACC204709,CUST102300,Savings,136970.26,32554.74,30252.19,0,0,627,0,2,22,27,12,10
ACC203417,CUST103395,Savings,109479.16,43114.02,33680.03,35241.32,1101737.62,585,0.32,1,79,74,10,32
ACC203031,CUST102542,Salary,93740.24,25344.3,,0,0,553,0,1,72,69,10,20
ACC202225,CUST103139,Fixed Deposit Linked,1617559.7,407457.86,296869.94,0,0,694,0,3,74,60,8,24
ACC202259,CUST103946,Salary,421018.17,88905.22,83972.56,0,0,653,0.01,4,76,75,7,28
ACC202878,CUST100035,Savings,14616.01,37095.06,-118077.23,134125.27,1537097.06,397,1.5,4,100,89,13,44
ACC202896,CUST103836,Savings,104289.17,18098.57,21555.76,0,0,643,0.02,5,100,70,9,27
ACC203817,CUST104140,Savings,39395.57,36882.75,2419.27,25141.16,540324,602,0.44,3,88,87,6,32
ACC203710,CUST102930,Savings,92964.14,62140.55,22093.48,0,0,691,0,,45,48,13,16
ACC202657,CUST104313,Savings,60567.12,62121.04,14870,9751.4,212338.99,554,0.15,2,85,97,12,32
ACC202901,CUST100372,Savings,40380.16,51235.75,-44202.49,82607.43,,572,0.93,1,90,95,7,41
ACC203201,CUST103984,Salary,,74201.18,54268.78,22578.22,2380523.07,687,0.11,1,65,80,9,20
ACC202526,CUST104362,Fixed Deposit Linked,198400.98,45690.65,29553.97,0,0,618,0,1,,87,13,27
ACC203373,CUST102844,Savings,287536.57,42375.26,44663.06,0,0,687,0,1,73,76,11,23
ACC200576,CUST101126,Salary,178204.58,66603.43,24974.8,12650.14,782395.32,547,0.14,2,70,93,9,44
ACC201650,CUST101522,Savings,163360.86,32128.29,33000.49,9731.54,524202.61,627,0.16,2,78,79,9,38
ACC203389,CUST102926,Savings,355937.07,378018.18,-3169271.48,3715736.65,41495595.11,528,1.5,1,89,73,15,42
ACC201960,CUST104157,Salary,107854.3,102645.93,-11425.98,159877.95,9002956.48,596,0.63,2,51,56,19,22
ACC204710,CUST100190,Savings,80634.78,30616.63,9795.87,,1937487.51,623,0.46,2,69,59,3,19
ACC200551,CUST102298,Current,131604.11,12312.71,15808.01,,450289.25,612,0.12,3,83,73,4,40
ACC201635,CUST101237,Savings,212000.09,67814.12,34287.62,0,0,645,0,2,66,69,15,31
ACC201274,CUST103010,Savings,162474.98,106095.02,36033.84,0,0,661,0,3,77,76,4,28
ACC201816,CUST104384,Salary,255121.26,47612.13,71523.93,0,0,693,0.02,3,81,50,16,26
ACC200755,CUST100298,Salary,79547.08,60786.25,,22365.49,1287018.06,619,0.19,5,100,90,10,36
ACC203746,CUST101341,Fixed Deposit Linked,,384884.32,-263702.67,791675.05,38043966.59,506,0.88,4,90,74,12,31
ACC202634,CUST101795,Savings,109817.56,17924.51,25956.59,0,0,648,0.03,3,28,0,23,5
ACC201327,CUST100170,Salary,89569.61,16578.39,25835.01,0,0,573,0,2,60,61,11,35
ACC200639,CUST103676,Savings,73719.58,15783.77,11234.92,9710.56,678216.7,534,0.24,1,18,35,15,12
ACC204277,CUST101761,Salary,155416.86,45812.75,31946.65,0,0,593,,5,81,98,8,39
ACC200043,CUST100065,Savings,95148.66,34465.85,21430.56,0,0,671,0.03,2,47,17,14,17
ACC200007,CUST102468,Savings,142418.57,51494.66,32520.94,57970.69,4526149.91,606,0.39,2,98,86,9,34
ACC200480,CUST104139,,57542.48,73322.85,-61443.29,137482.25,5919125.19,526,0.96,4,60,60,12,16
ACC204611,CUST102479,Savings,153198.17,29301.32,24812,0,0,625,0,3,65,47,12,27
ACC200471,CUST102672,Savings,9668.38,46315.31,-17766.56,42288.24,3300126.89,538,0.56,1,72,78,10,38
ACC200421,CUST102836,Salary,44115.59,38531.93,-80393.1,133877.33,4181597.39,520,1.47,1,63,68,13,30
ACC203752,CUST103004,Salary,235760.87,51432.54,52083.84,0,0,591,0,4,100,81,8,40
ACC203630,CUST100339,Salary,,43816.34,41715.61,0,0,655,,2,49,40,11,16
ACC203514,CUST100036,Savings,146645,52347,32586.53,0,0,664,0.02,4,68,77,11,26
ACC200654,CUST100621,Fixed Deposit Linked,292206.86,64401.17,31671.74,0,,654,0,2,67,57,8,27
ACC202983,CUST103731,Salary,261601.44,40195.85,61996.48,0,,647,0,3,87,100,6,34
ACC204500,CUST103236,Current,2127567.31,230601.52,178857.46,0,0,719,0.01,2,79,70,5,34
ACC204517,CUST101062,Savings,271517.7,44894.71,44919.16,12027.12,857618.15,556,0.09,3,97,78,2,24
ACC200464,CUST102559,Savings,196105.88,,36742.49,0,0,636,0,4,60,0,14,22
ACC203050,CUST104169,Current,54625.36,112652.04,-378484.85,431345.89,4916996.9,,1.5,1,52,33,13,22
ACC201691,CUST102088,Savings,26497.48,53987.37,-3806.53,33680.23,2121939.77,495,0.41,3,88,82,6,40
ACC201033,CUST103398,Fixed Deposit Linked,179788.91,11081.25,21015.73,0,0,679,0,1,100,90,11,35
ACC200697,CUST101392,Savings,9134.16,2111.9,3022.97,0,0,547,0,2,89,93,8,53
ACC202230,CUST102069,Salary,,49866.03,-48612.91,95144.31,4194496.01,484,0.97,3,74,62,7,30
ACC204950,CUST100775,Savings,177209.13,,18957.08,60131.17,5863453.72,677,0.32,1,57,57,7,20
ACC203263,CUST101951,Salary,39205.16,60595.12,2095.44,23811,733493.98,581,0.27,1,79,50,9,26
ACC200065,CUST102633,Salary,233484.51,47935.23,61012.76,14541.26,1140323.21,808,0.11,2,57,81,16,32
ACC203717,CUST104904,Salary,563155.24,57704.73,111947.34,0,0,631,0,2,74,75,11,25
ACC202906,CUST100786,Savings,136691.95,42834.67,20631.86,0,0,622,0.02,2,57,65,14,20
ACC202480,CUST103434,,459955.77,81840.56,80670.46,0,0,734,0,2,46,40,11,6
ACC201432,CUST101859,Fixed Deposit Linked,272663.79,30843.2,50750.21,0,0,621,0,1,64,83,12,26
ACC203448,CUST103810,NRI,9041.54,3074.61,1756.22,0,0,563,0,2,100,100,8,42
ACC203411,CUST102448,Savings,123698.03,50575.24,21386.35,0,0,624,0,2,,77,11,35
ACC204094,CUST103016,Salary,200936.65,101892.63,41908.26,0,0,724,0,,84,93,10,31
ACC202092,CUST103484,,32621.99,49296.63,,29749.97,2237846.58,521,0.35,4,91,98,11,42
ACC203047,CUST104026,Fixed Deposit Linked,176057.31,21394.23,15428.76,0,0,649,0,4,25,49,18,18
ACC200995,CUST104711,Savings,227670.69,44740.34,59757.95,0,0,696,0,2,79,100,7,43
ACC202371,CUST101132,Salary,280306.22,34350.04,58449.38,0,0,600,0.03,4,51,58,11,27
ACC204731,CUST104784,Current,70718.69,40853.38,-43569.06,87155.35,2732536.92,467,1.01,2,57,40,10,17
ACC204397,CUST104521,Current,119692.18,15934.37,22003.07,0,0,636,0.03,,56,45,18,11
ACC204085,CUST103874,Salary,,82630.39,-265168.01,346422.96,7594287.85,494,1.5,3,90,90,11,37
ACC201780,CUST103082,Savings,3769.63,5925.01,529.81,0,0,563,0,3,98,92,7,30
ACC202109,CUST101683,Savings,176195.45,17700.14,29289.94,0,0,686,0,1,76,51,9,24
ACC203170,CUST102909,Fixed Deposit Linked,628546.13,238875.25,111903.07,0,0,693,0,3,52,77,9,32
ACC203364,CUST103093,Salary,55254.3,98487.47,-334802.72,417575.13,4691729.55,585,1.5,2,63,62,10,23
ACC200129,CUST103150,Fixed Deposit Linked,209263.87,17303.03,,,0,676,0,2,68,79,14,26
ACC204690,CUST101409,Current,3237.02,2386.27,157.07,0,0,579,0,1,100,100,7,30
ACC203378,CUST103566,Savings,156713.87,20070.68,28305.42,0,0,631,0,4,58,51,15,28
ACC200849,CUST104479,Salary,16751.56,62534.55,-892.02,42681.99,3039138.84,569,0.41,2,66,55,12,34
ACC203725,CUST100046,Savings,24911.38,6256.12,5194.47,0,0,611,0,2,100,61,8,33
ACC203671,CUST103468,Salary,139216.88,56524.74,26933.31,,0,615,0,1,70,85,9,30
ACC204528,CUST100717,Savings,3544.32,1500,963.04,0,0,599,0.04,4,54,66,9,29
ACC202998,CUST104482,Current,2381704.56,352869.93,226201.53,0,0,706,0.03,1,84,81,21,30
ACC202285,CUST102014,Savings,5669.84,3496.93,1012.67,,40363.3,467,0.09,5,87,100,8,38
ACC204391,CUST101823,Savings,4825.91,2229.77,910.5,0,0,595,0,4,75,60,14,26
ACC203017,CUST101364,Savings,148707,80470.83,31078.21,0,0,630,0.04,4,63,55,14,33
ACC203191,CUST100694,Fixed Deposit Linked,29942.42,63074.1,-3022.88,23112.24,1648862.18,656,0.28,1,74,56,14,24
ACC200077,CUST102801,Savings,12794.86,44474.39,-89416.97,122610.4,1377459.44,549,1.5,3,53,,,26
ACC204787,CUST103643,Salary,99463.28,111360.91,12501.78,57077.86,5099752.32,582,0.32,2,86,75,14,34
ACC201922,CUST103760,Savings,6359.17,6131.87,1106.72,0,0,687,0,1,100,87,12,33
ACC203921,CUST104400,Savings,88194.35,,18389.81,0,0,699,0,1,53,42,19,19
ACC204583,CUST103913,Salary,52537.05,98774.21,-16294.62,74115.05,5969452.8,601,0.46,2,74,66,8,39
ACC202570,CUST103994,Savings,11451.22,4526.55,2084.91,0,0,655,0,1,55,43,12,15
ACC204814,CUST103272,Savings,79937.34,26508.84,16574.6,0,0,655,0,6,40,4,6,8
ACC202102,CUST103871,Fixed Deposit Linked,142030.15,,22180.37,0,0,607,0,2,79,59,9,28
ACC203402,CUST100703,Salary,39925.08,113999.41,-153632.93,200799.35,6283910.63,544,1.27,2,85,78,13,19
ACC204848,CUST104912,Current,393984.16,383259.52,-595373.69,754105.56,22699806.82,512,1.35,2,86,89,10,37
ACC203679,CUST100363,Savings,146339.52,397969.47,-552371.96,,74536453.23,,1.2,2,60,70,11,33
ACC204083,CUST102291,Salary,273728.3,53854.29,54054.69,0,0,733,0,2,94,100,11,31
ACC201481,CUST104443,Savings,173244.86,29133.88,35764.94,0,0,701,0.02,2,49,20,12,9
ACC204457,CUST101852,Salary,321496,56987.77,69036.66,33927.91,3246865.76,615,0.2,2,80,76,6,43
ACC200382,CUST102509,Savings,137323.79,55710.27,18758.54,0,0,672,0.02,1,74,69,11,31
ACC204592,CUST100851,Salary,34396.76,50253.33,-79524.94,131480.48,3933155.27,545,1.24,3,67,92,11,38
ACC204419,CUST101838,Savings,,40672.41,20580.18,0,0,664,0,3,90,78,15,37
ACC203984,CUST102134,Current,2919376.65,693948.74,281285.03,0,0,648,0,1,77,78,8,25
ACC204827,CUST103510,Savings,225391.84,50529.2,48981.64,13039.41,1007400.6,515,0.12,4,87,69,7,22
ACC204361,CUST104367,Fixed Deposit Linked,154128.74,46886.09,28332.28,0,0,690,0.03,,25,14,21,9
ACC200558,CUST104800,Fixed Deposit Linked,24195.05,23081.74,-14718.31,25302.65,535930.39,445,0.76,2,76,65,9,25
ACC200835,CUST102721,Fixed Deposit Linked,16557.85,36070.61,-7891.43,27677.5,1339207.03,590,0.48,1,89,86,11,46
ACC200029,CUST100486,Salary,5254.73,1500,753.46,0,0,621,0,1,100,71,5,35
ACC200463,CUST103316,Fixed Deposit Linked,2105.63,3001.25,,1856.13,140547.71,543,0.45,3,100,89,4,37
ACC203511,CUST103020,Salary,400101.87,55598.4,59338.14,14473.98,1495031.89,640,0.15,1,94,90,7,41
ACC200916,CUST103635,Salary,153632.56,44952.01,39505.22,0,0,534,0,2,98,74,8,32
ACC201825,CUST101289,Savings,358019.07,93362.81,70442.08,0,0,730,0,1,85,100,4,43
ACC201299,CUST102191,Salary,34681.72,50674.8,-165595.12,244949.76,5373786.59,584,1.5,,92,100,10,44
ACC203615,CUST104851,Savings,70292.79,89117.7,-42354.91,119422.25,6487064.13,508,0.75,1,76,56,10,40
ACC203279,CUST100778,Savings,137712.17,27097.86,25159.84,0,0,590,0.05,6,21,19,13,9
ACC204276,CUST103514,Current,34960.87,92510.8,-1382.23,39805.48,3589939.15,624,0.31,1,91,89,7,35
ACC203907,CUST101279,Salary,57493.21,94268.23,2103.64,52700.98,2575688.69,651,0.36,4,69,60,14,15
ACC200518,CUST100478,Savings,33304.74,62972.2,-92144.47,125597.96,2643704.17,542,1.23,3,61,61,15,19
ACC204408,CUST103925,,981995.04,363014.01,-178468.92,529178.49,43861579.22,581,0.77,2,78,76,10,
ACC202948,CUST102889,Current,839156.83,181598.02,132965.4,0,0,640,0,2,72,68,8,22
ACC201872,CUST103138,Fixed Deposit Linked,174479.4,28146.73,37778.14,0,0,606,0,1,96,86,12,39
ACC203104,CUST103764,Savings,55307.76,88406.29,-223226.57,269966.22,3009654.93,558,1.5,1,99,99,11,39
ACC200595,CUST101025,Current,263391.54,17304.86,28185.35,0,0,660,0,3,12,33,13,3
ACC200469,CUST104679,Salary,2802.46,2556.96,664.39,534.81,33291.67,,0.14,1,,100,7,33
ACC203148,CUST103427,Savings,171874.87,24989.43,29506.33,0,0,686,0,3,31,5,18,7
ACC203096,CUST102334,Salary,11268.41,27740.77,,40206.76,3029025.38,610,0.6,2,70,70,9,35
ACC203741,CUST104096,Savings,97932.96,28411.05,20233.83,0,0,619,,3,37,15,9,9
ACC202415,CUST101036,Savings,15378.82,47621.3,-755.86,88506.88,6284189.3,560,0.69,2,,70,8,27
ACC202293,CUST104675,NRI,283680.45,371007.74,-376971.89,620517.53,29975685.91,555,0.99,3,78,74,12,38
ACC201554,CUST104320,Salary,17768.59,79654.78,-187901.84,231621.28,5120650.76,543,1.5,3,95,79,11,39
ACC200097,CUST103456,Fixed Deposit Linked,538952.08,390570.36,90209.65,323552.72,30235316.54,649,0.36,3,66,39,9,19
ACC203739,CUST101750,Savings,271785.39,30463.98,50610.9,0,0,706,0,2,38,0,16,9
ACC203866,CUST103909,Savings,119352.39,66269.3,26234.35,0,0,699,0,4,79,66,11,33
ACC202212,CUST101091,Salary,209218.63,28428.39,30208.67,0,0,719,0.02,1,76,69,12,27
ACC202429,CUST102528,Salary,250050.05,32721.89,44764.27,0,0,632,0.02,,89,67,8,36
ACC202245,CUST102459,Salary,39551.93,57419.77,-126968.2,171033.05,3567492.4,459,1.5,2,87,,9,35
ACC203790,CUST101762,Savings,278782.35,52620.48,90986.39,0,0,690,0,1,73,91,11,35
ACC202076,CUST104339,Savings,48373.05,65006.07,-122644.92,175835.89,3689002.33,506,1.5,,,92,8,41
ACC200447,CUST104613,Savings,3167.57,4431.19,290.2,0,0,586,0,2,88,93,8,45
ACC204278,CUST102739,Savings,23782.6,7661.52,3975.71,0,0,588,0,1,,100,8,30
ACC201733,CUST103977,NRI,250190.87,114965.8,44364.52,0,0,622,0,,64,50,15,27
ACC201897,CUST101812,Fixed Deposit Linked,67052.8,66272.06,-148000.01,181992.21,2061329,617,1.5,3,77,74,14,
ACC201017,CUST104921,Savings,552561.42,68722.85,93611.57,0,0,629,,1,57,47,12,17
ACC202868,CUST102606,Savings,8150.03,3193.93,1649.41,0,0,650,0.01,2,79,62,7,32
ACC200014,CUST103021,Savings,500,1500,-653.4,748.87,23788.61,491,,1,70,58,9,30
ACC203911,CUST101555,Savings,51036.56,74089.8,-12008.69,63262.15,4077816.43,576,0.52,1,82,93,9,35
ACC203180,CUST101737,Savings,320057.4,128727.28,46886.01,0,0,653,0.03,,66,65,9,29
ACC201215,CUST103639,Fixed Deposit Linked,48530.38,62615.29,-17476.67,39896.84,1776359.82,638,0.46,3,90,95,7,44
ACC204668,CUST104146,Savings,110929.59,14228.73,20696.96,0,0,587,0,4,29,23,10,13
ACC203560,CUST102466,,282820.41,50873.25,34182.77,0,0,662,0,3,58,75,13,27
ACC202130,CUST103200,Savings,90945.8,12883.59,18583.93,0,0,576,0.03,3,30,21,17,13
ACC204578,CUST103373,Savings,245206.91,70172.8,40827.67,0,0,632,0,3,92,93,7,34
ACC202769,CUST101465,Current,76235.17,9742.96,14430.54,0,0,673,0.01,3,36,37,9,17
ACC204246,CUST102928,Savings,505768.44,68165.19,109671.67,0,0,692,0.04,4,73,57,,22
ACC204802,CUST102911,Savings,3041.16,1500,534.84,0,0,556,0,4,58,62,7,23
ACC203441,CUST100447,Savings,193498.32,,42721.19,0,0,623,0,5,77,74,8,28
ACC200286,CUST101210,Current,500,1500,-969.99,0,0,576,0,2,86,84,8,37
ACC203936,CUST100774,Fixed Deposit Linked,869518.62,142944.43,94461.99,0,0,748,0,2,78,67,10,35
ACC202312,CUST102096,Savings,15560.16,4889.18,2463.67,1403.73,95141.4,624,,2,74,62,9,28
ACC203728,CUST103642,Salary,178634.64,50949.31,40207,45094.52,3333859.05,674,0.33,1,72,95,9,31
ACC200779,CUST103819,Savings,675172.98,150655.86,135080.22,0,0,642,0,3,56,24,10,10
ACC204637,CUST101664,Salary,147151.49,22493.96,39183.39,0,0,619,0,3,,89,4,
ACC204686,CUST104341,Salary,336275.07,42729.5,59283.37,0,0,,0.01,3,67,76,9,31
ACC202052,CUST101226,Salary,41012.83,158630.27,-180479.67,248788.04,2785196.8,558,1.12,3,60,30,13,25
ACC200428,CUST104996,NRI,60153.84,28652.11,14974.41,0,0,596,0,1,44,18,14,13
ACC203813,CUST102058,Current,4432874.96,255941.44,334593.93,0,0,687,0.03,2,74,89,9,34
ACC204123,CUST100984,Savings,105630.05,178235.35,-281599.61,445874.71,9495733.58,615,1.38,4,81,81,13,34
ACC201467,CUST104376,Fixed Deposit Linked,94614.58,218119.54,-541199.68,631555.8,13931872.51,529,1.5,3,88,64,13,33
ACC204209,CUST104379,Fixed Deposit Linked,275959.28,52040.15,,0,,640,0,1,72,93,13,39
ACC204763,CUST100098,Salary,78954.95,24195.1,19064.62,0,0,642,0,2,,90,8,31
ACC204614,CUST104731,Savings,15561.22,8531.68,1786.08,0,0,,0.02,6,94,100,8,38
ACC204765,CUST103183,Savings,282977.97,169298.32,60279.13,0,0,635,0,3,56,30,11,14
ACC200350,CUST103036,Savings,28423.77,50604.5,-27068,65116.04,3013401.14,566,0.73,1,89,93,7,41
ACC200165,CUST103591,Current,521974.2,467120.85,1793.47,210552.32,16207052.77,602,0.29,2,68,95,,26
ACC204542,CUST103766,Salary,253741.51,27873.84,40619.71,9842.62,967600.85,679,0.12,,63,70,18,24
ACC200660,CUST101047,Savings,262813.1,40088.93,46119.78,0,0,551,0.01,3,64,55,12,21
ACC202295,CUST104068,Savings,145936.6,24797.79,28889.37,0,0,638,0.02,1,45,20,19,11
ACC201339,CUST103652,Salary,84827.38,34149.78,13861.92,29486.61,,497,0.41,2,77,73,7,25
ACC202947,CUST100961,,44061.47,51328.62,-146357.02,186187.7,2119933.55,522,1.5,3,58,45,10,20
ACC203870,CUST102076,Current,581232.17,561622.39,-1817102.76,2337414.23,50213074.6,558,1.5,2,71,51,16,21
ACC202618,CUST102566,Savings,10605.58,3320.65,2373.1,0,0,,0,3,78,91,9,41
ACC202206,CUST100781,Savings,4355.51,1542.16,751.41,0,0,594,0,1,90,100,10,36
ACC200383,CUST102292,Savings,623788.62,139365.15,133423.45,0,0,626,0.03,1,38,35,14,21
ACC203059,CUST103126,Fixed Deposit Linked,284230.09,340516.95,-266494.89,811423.84,47138382.85,559,0.91,2,63,64,19,25
ACC202216,CUST104421,Savings,306336.5,41102.28,61360.99,14953.57,1299646.72,587,0.11,4,78,74,10,31
ACC202188,CUST103404,Savings,250219.2,280392.14,36434.27,153607.48,15272152.12,641,0.37,1,58,58,12,18
ACC200465,CUST103574,Current,14143.08,1500,1427.59,0,0,,0.03,1,72,81,14,32
ACC201132,CUST100650,Savings,48849.43,8350.14,15878.61,0,0,624,0,2,24,23,23,9
ACC200299,CUST101170,Fixed Deposit Linked,7963.28,5010.48,818.07,0,0,650,0,5,97,100,13,56
ACC202445,CUST104036,Savings,11914.72,4349.82,2356.43,0,0,580,0,2,100,90,7,31
ACC201615,CUST102135,Savings,87820.76,346356.47,-432570.01,668822.86,35819528.76,445,1.18,1,82,71,8,32
ACC203810,CUST104003,Savings,222250.86,81444.26,48459.83,0,0,690,0.04,2,93,100,5,50
ACC203854,CUST103224,Salary,51745.62,83273.33,-26103.16,138524.73,4109704.87,566,0.73,4,82,79,9,33
ACC202317,CUST100921,Salary,43766.64,56443.83,-148109.29,209448.89,4439626.84,533,1.5,4,79,96,12,41
ACC204404,CUST104535,Savings,134611.13,31989.09,24750.08,0,0,601,0,3,60,76,10,26
ACC203228,CUST100552,Current,8972.61,,690.31,0,0,472,0,4,99,100,4,39
ACC201937,CUST100752,Current,6629349.32,631594.51,467304.13,0,0,720,0,2,84,74,14,37
ACC204781,CUST102056,Salary,235786.87,86171.35,52547.1,0,,671,0,3,84,41,9,23
ACC204937,CUST104798,Fixed Deposit Linked,266697.78,70430.86,18836.39,99070.37,8500059.04,617,0.52,3,100,82,15,37
ACC202986,CUST103402,Salary,14628.99,1710.69,2345.66,0,,640,0,1,55,28,18,19
ACC201048,CUST102534,Current,494180.32,291318.55,-247197.38,497624.34,15732709.84,599,0.86,1,97,85,14,34
ACC204414,CUST104600,Salary,78568.78,28080.94,14292.43,20148.78,1904246.79,555,0.35,3,63,63,7,22
ACC204101,CUST103030,Savings,609.52,1807.67,-52.5,1351.02,41804.15,554,0.45,1,99,100,8,43
ACC201528,CUST102908,Current,27116.4,5805.17,2381.17,0,0,612,0,1,100,84,5,28
ACC200052,CUST102451,Savings,397097.56,76241.19,79440.93,0,,633,0,2,56,65,13,26
ACC200846,CUST102078,Fixed Deposit Linked,448017.39,101291.09,96218.31,0,0,694,0,4,83,63,9,26
ACC200251,CUST104118,Salary,67824.36,111503.28,-29348.03,69353.14,2038632.57,566,0.47,2,57,17,17,12
ACC201027,CUST104444,Salary,15861.45,,-42895.27,,22187631.11,496,1.06,2,96,89,10,25
ACC201668,CUST103999,Current,2465270.93,349435.61,254652.16,0,0,633,0,1,56,48,11,26
ACC200806,CUST103098,Salary,,35567.72,48275.09,0,0,648,0,6,74,93,13,35
ACC201552,CUST103869,Savings,75791.59,26040.19,15952.58,0,0,607,0,2,41,25,14,14
ACC200031,CUST100393,Savings,26569.57,38862.29,667.41,19972.3,1353020.53,596,0.35,,93,100,7,35
ACC200715,CUST101871,Salary,252042.92,78015.24,48659.97,0,0,676,0,5,86,84,8,44
ACC204019,CUST104448,Current,19391.47,3507.74,2290.33,0,0,552,,5,7,16,18,8
ACC203008,CUST101198,Current,313214.27,543286.72,-282507.62,784600.11,56984839.95,584,0.7,5,43,26,10,14
ACC204784,CUST104548,Savings,125948.1,23908.89,26776.84,0,0,,0,5,27,20,22,5
ACC204638,CUST101012,Fixed Deposit Linked,11071.74,3607.97,726.98,0,0,632,0.02,2,100,87,4,35
ACC204118,CUST102935,Salary,302659.1,56401.99,45597.6,0,0,652,0,6,88,,5,24
ACC204303,CUST100918,Current,16683.36,1500,1893.05,0,0,580,0.01,1,60,60,14,21
ACC203175,CUST104670,,92288.93,74285.25,24568.52,13234.11,989258.86,599,0.1,2,91,98,14,40
ACC201044,CUST101220,Savings,96229.8,13723.95,18673.9,0,0,666,0.06,1,48,21,10,11
ACC202327,CUST102097,Salary,20104.69,59824.94,-40346.86,63301.43,1371732.81,571,0.76,,80,,17,36
ACC202020,CUST104577,Savings,369524.18,231333.32,30920.14,178527.14,8491006.33,617,0.41,5,79,79,13,
ACC201759,CUST100678,Salary,29458.5,86273.64,-137781.08,172479.83,3665670.43,574,1.35,2,71,76,9,27
ACC202144,CUST103845,Savings,163513.48,34711.74,38085.72,24168.34,746205.64,573,0.24,1,57,48,14,19
ACC202489,CUST100782,Salary,6187.76,3184.84,1503.99,0,0,,0,2,100,91,8,43
ACC202356,CUST103998,Savings,84918.58,169135.72,4359.43,57736.37,4305307.07,713,0.26,2,62,59,11,20
ACC203122,CUST102884,Savings,10665.68,17910.57,-4538.25,27074.22,1868888.89,529,0.75,2,87,69,6,34
ACC204421,CUST104508,Salary,20848.16,51170.92,-24848.65,49416.85,2922018,491,0.68,1,78,78,6,28
ACC203455,CUST101547,Fixed Deposit Linked,104729.4,101294.55,-168219.66,209774.55,6283506.52,519,1.43,,88,63,9,34
ACC200330,CUST103941,Fixed Deposit Linked,265803.71,48016.94,,,1034137.91,618,0.16,3,76,66,9,28
ACC203398,CUST104754,Savings,10741.75,2033.82,1634.49,0,0,501,0,1,100,99,5,48
ACC204485,CUST101810,Savings,94743.02,212180.55,6794.77,317876.13,34887623.13,561,0.55,1,51,53,17,26
ACC201638,CUST100272,Savings,269497.18,633239.69,-759299.66,1438165.92,93506062,,1.08,2,68,49,7,28
ACC201515,CUST101658,Savings,72441.09,78689.82,-91540.84,162584.13,3459302.04,491,1.08,7,67,59,15,31
ACC200861,CUST103433,Savings,259114.85,319888.91,-632616.45,935570.13,19550317.2,554,1.47,3,66,61,13,29
ACC204469,CUST103072,,348465.74,30365.2,36359.01,0,0,656,0.02,2,94,100,11,33
ACC204987,CUST102433,Savings,500,1500,,,20000,423,1.28,2,100,100,3,38
ACC201198,CUST103593,Savings,122828.5,76183.75,28377.79,0,0,708,0.01,4,85,85,9,35
ACC201111,CUST100220,Savings,7356.51,2418.28,1245.03,0,0,534,0.02,5,100,98,12,40
ACC200327,CUST100505,Savings,11833.01,4379.07,,0,0,567,0.02,4,93,88,7,36
ACC201088,CUST104279,Salary,11638.41,4178.41,,0,0,572,0,,100,99,6,53
ACC204222,CUST100320,Salary,153735.77,33506.24,37282.88,0,0,665,0,2,62,67,10,23
ACC202515,CUST102510,Salary,379424.72,75631.27,66212.67,13611.64,1045419.42,635,0.12,1,85,50,9,21
ACC200003,CUST101055,Savings,7152.48,2938.72,1378.6,0,0,598,0.04,2,88,68,7,30
ACC202642,CUST102742,Salary,210326.79,44046.24,31864.04,,0,582,0,2,51,43,13,24
ACC203083,CUST101706,Fixed Deposit Linked,7106.33,2187.33,1108.83,0,,588,0,4,100,72,7,39
ACC201490,CUST103221,Salary,134593.57,39876.89,26853.38,0,0,624,0.05,6,90,88,14,34
ACC202459,CUST100597,Fixed Deposit Linked,14125.15,8595.4,1693,0,0,591,0,2,88,97,4,33
ACC204618,CUST104725,Savings,32173.18,81527.99,-54700.53,89139.34,1928536.81,540,0.8,3,68,66,13,37
ACC200549,CUST100586,Current,1143152.31,61556.12,78933.65,0,0,679,0,2,81,84,7,40
ACC200556,CUST104525,Savings,8842.63,3287.89,1450.01,,0,606,0.01,2,99,100,7,31
ACC202202,CUST103105,Current,13222.64,1764.01,1736.26,0,0,591,0,3,56,59,12,23
ACC202589,CUST104375,Salary,65427.36,58634.86,19240.23,8271.67,905415.55,609,0.17,2,89,94,6,28
ACC201485,CUST100903,Savings,10348.49,6373.72,2946.82,0,0,,0.05,2,87,92,5,29
ACC204832,CUST100854,Salary,194998.77,35281.72,61970.01,0,0,690,0,1,90,74,13,31
ACC200264,CUST101485,Current,591465.5,523307.26,-210566.61,500310.67,46579582.43,584,0.62,2,71,74,9,29
ACC201471,CUST104718,Fixed Deposit Linked,219505.91,69442.74,,0,0,736,0.01,2,89,96,9,42
ACC201234,CUST104434,Salary,12347.57,4244.71,2594.86,0,0,601,0.06,1,58,44,11,26
ACC201154,CUST101897,Savings,36967.58,60693.87,1978.59,52067.58,4994575.67,608,0.45,2,96,91,5,32
ACC201401,CUST104553,Savings,19903.67,67554.95,-260599.31,296524.45,3397064.52,510,1.5,3,79,62,3,28
ACC203171,CUST103534,Fixed Deposit Linked,1668076.46,539123.78,254755.55,0,0,653,0.02,1,78,76,10,36
ACC200918,CUST104478,Current,360875.98,126314.21,29928.7,81612.32,3573465.33,610,0.36,3,62,42,12,15
ACC204700,CUST100569,Savings,1992.37,1500,348.18,0,0,674,0,3,83,89,12,42
ACC201064,CUST100309,Salary,359498.84,38874.63,65369.14,0,0,688,0.03,1,,100,11,43
ACC202348,CUST101836,Savings,34972.08,,-206401.84,254226.32,2851682.79,,1.5,3,78,100,12,37
ACC204999,CUST100860,NRI,8542.47,4964.33,2037.16,0,0,583,,2,100,86,6,36
ACC203805,CUST101333,Savings,4096.04,,1106.43,0,0,479,0.03,2,87,100,6,38
ACC202601,CUST102112,Current,35406.47,2236.16,2303.2,0,0,549,0,4,82,97,,35
ACC201512,CUST100413,Savings,34371.82,100416.1,-8393.63,71423.24,5331871.36,622,0.42,3,62,64,11,25
ACC201821,CUST102420,Fixed Deposit Linked,344894.37,40415.75,31500.76,0,0,646,0,1,79,47,10,29
ACC200467,CUST104651,Current,426891.74,191165.26,-253454.34,538913.89,25269247.88,481,1.11,2,84,77,11,31
ACC200344,CUST103504,Savings,138785.07,56416.79,28543.8,0,0,,0.05,3,100,86,5,33
ACC204903,CUST103104,Savings,73782.41,17708.78,13647.85,0,0,643,0.04,,46,28,8,12
ACC201492,CUST101564,Savings,,1500,1104.01,0,0,538,0,2,100,64,10,43
ACC204200,CUST102965,Savings,19265.48,53104.95,-21738.95,,4025164.13,515,0.63,2,73,80,14,28
ACC203935,CUST104232,Salary,7678.67,2685.22,1827.08,0,0,574,0,,74,48,12,32
ACC201417,CUST103188,Savings,500,1500,-410.44,0,0,485,0.02,3,95,55,11,27
ACC200607,CUST102796,Savings,15914.16,7044.88,2196.43,0,0,549,0,3,100,100,5,53
ACC204122,CUST101639,,,55967.41,23391.55,0,0,649,0.02,4,86,51,11,25
ACC201448,CUST101228,Salary,36021.62,117768.95,-417845.09,456409.32,5121507.14,514,1.5,4,68,58,14,28
ACC203850,CUST101622,Current,298483.83,37390.15,39289.74,0,0,659,0.03,1,24,19,7,7
ACC203962,CUST104511,Salary,24413.22,,-1428.32,23118.22,507621.19,546,0.49,3,97,63,7,37
ACC201888,CUST103733,Salary,12677.87,86005.23,-37249.7,62587.36,1910615.17,508,0.58,2,67,74,10,25
ACC203771,CUST104629,Savings,40932.21,45705.89,1451.44,34224.76,3151358.21,611,,3,63,39,13,16
ACC201709,CUST104108,Savings,5048.75,1500,1020.04,0,0,543,0,2,100,100,6,33
ACC203277,CUST103954,Savings,47316.55,78553.48,-56595.16,96827.66,4250959.74,513,0.81,2,61,82,13,30
ACC202487,CUST103264,Salary,235799.48,65134.38,68132.73,13572.51,1012974.52,658,0.11,2,63,68,8,26
ACC202024,CUST103827,Savings,208093.59,116641.63,45944.8,0,0,669,0,2,54,77,14,31
ACC203481,CUST102828,Salary,7980.62,1500,1176.9,0,0,568,0.01,,78,46,13,23
ACC200021,CUST103049,Savings,267720.03,36790.27,41763.05,0,0,702,0,1,78,49,10,23
ACC204511,CUST104330,Current,14493.58,3739.98,1948.84,0,0,565,0,2,61,55,9,18
ACC204100,CUST102872,Savings,56548.01,8061.75,14782.88,0,0,612,0.01,2,45,20,11,13
ACC201079,CUST102251,Salary,,9546.71,16702.39,0,0,612,0,3,45,15,11,16
ACC202428,CUST104128,NRI,964765.38,,278367.9,0,0,717,0,1,54,38,18,11
ACC203366,CUST100973,Salary,104311.45,25927.74,17206.97,,700947.83,,0.15,1,73,79,11,29
ACC204012,CUST104702,,6927.63,7184.57,-1245.24,1924.14,40346.02,547,0.21,5,98,100,10,41
ACC202403,CUST100697,Savings,310248.51,42217.67,45509.12,13886.29,1460550.33,616,,4,90,83,,30
ACC203306,CUST103003,Salary,181130.32,,34273.54,0,0,705,0.02,1,56,62,11,21
ACC204407,CUST104586,Savings,8078.12,1677.79,1159.71,0,0,638,0.01,3,65,53,14,21
ACC203416,CUST103844,Salary,63178.56,21416.85,12047.74,0,0,657,0,2,53,15,14,13
ACC202535,CUST101674,Salary,204006.98,88249.79,51056.31,0,0,679,0,2,66,82,12,32
ACC202277,CUST104340,Savings,,47765.89,28916.02,0,0,728,0,4,24,6,24,10
ACC201047,CUST100152,Fixed Deposit Linked,427405.1,71767.23,41990.52,0,0,633,0,3,62,56,19,18
ACC204972,CUST102734,Savings,,24760,6617.45,12948.76,734471.46,649,0.31,2,62,61,12,23
ACC202334,CUST102184,Salary,27049.83,60413.73,-110842.55,148909.77,1679920.75,480,1.5,3,64,64,14,28
ACC203617,CUST100704,Savings,347494.36,67059.73,60681.39,0,0,636,,2,100,72,10,33
ACC201977,CUST102899,Savings,101218.17,20112.58,30958.68,0,0,649,0,,26,26,12,8
ACC203209,CUST103198,Current,14818.55,6778.83,859.35,1268.03,97066.96,565,0.15,3,94,84,12,
ACC200810,CUST100842,Savings,7483.41,2348.83,1760.46,0,0,651,0,1,92,90,7,39
ACC204369,CUST102150,Current,3497304.05,500391.36,223762.94,0,0,669,0,3,95,76,5,39
ACC202479,CUST103926,Salary,181507.81,35475.36,32877.11,0,0,703,0,6,64,80,10,35
ACC204898,CUST102731,Savings,290101.11,44552.8,63364.65,0,0,663,0,2,90,76,9,29
ACC204233,CUST102026,Savings,95391.73,21225.1,17908.19,0,0,723,0,4,19,23,22,6
ACC204949,CUST104014,Savings,53224.5,128918.67,-488117.25,535934.16,6150722.46,477,1.5,3,51,61,14,15
ACC201368,CUST102879,Current,277651.14,318367.34,-241041.79,346357.27,29020984.89,481,0.8,3,63,49,12,20
ACC202668,CUST100542,Fixed Deposit Linked,5396.45,5722.55,-1023.09,5175.61,408874.17,582,0.53,3,56,85,,29
ACC203477,CUST101716,Fixed Deposit Linked,1719110.46,458269.88,194956.67,0,0,722,0.01,3,51,49,11,24
ACC201520,CUST102615,Savings,107678.4,63219.59,19559.43,0,0,622,0.02,1,81,66,12,21
ACC204683,CUST101841,Salary,5520.67,1964.56,1569.51,0,0,605,0,2,95,97,12,38
ACC200936,CUST104181,Savings,231297.56,39789.39,50432.75,0,0,671,0,2,40,15,12,16
ACC201205,CUST101042,Savings,4076.68,1500,679.89,0,0,650,0,4,80,74,10,18
ACC201202,CUST103410,Current,19548.02,3092.38,2172.71,0,0,622,0,3,73,68,14,26
ACC204291,CUST103596,Savings,133889.4,,31326.61,18122.45,1114436.38,628,,2,65,91,11,
ACC204331,CUST104156,,8625.28,9524.05,464.15,0,0,514,0,2,100,76,7,26
ACC200130,CUST104256,Fixed Deposit Linked,68975.03,60110.17,-8198.99,32060.38,1562002.44,576,0.36,4,84,97,6,37
ACC200521,CUST103707,Salary,314447.08,59672.95,69476.54,0,,707,0.01,2,94,83,12,30
ACC200955,CUST100450,Salary,103429.19,131206.28,16373.79,27007.63,,720,0.15,5,34,63,13,22
ACC200913,CUST102118,Salary,,81840.02,49579.13,0,0,663,0,3,63,72,15,25
ACC200859,CUST102750,Savings,193826.52,39346.65,34157.13,0,0,671,0,,39,37,16,14
ACC202033,CUST103722,Savings,9473.38,43759.19,-13343.38,38257.32,2895341.04,602,0.55,1,50,57,18,26
ACC201651,CUST100835,Salary,32991.41,41282.59,-92538.21,119947.78,1364211.87,416,1.5,3,90,90,7,28
ACC201315,CUST101497,Fixed Deposit Linked,64404.89,50397.59,-37123.75,56605.77,3246516.41,585,0.78,4,64,68,6,19
ACC202399,CUST103055,Savings,2053.25,2865.29,288.1,0,0,594,0.01,3,85,95,7,37
ACC202959,CUST102875,Savings,97922.8,84715.14,11307.06,28876.66,2044600.68,575,,,50,44,21,21
ACC202175,CUST101898,Fixed Deposit Linked,732907.98,73994.58,58736.12,0,0,674,0.01,2,72,39,13,21
ACC201809,CUST103308,Salary,,103063.53,74854.44,0,0,695,0.03,3,69,61,10,25
ACC202332,CUST100836,Salary,44215.37,67510.1,-187554.48,267411.38,5895340.17,535,,2,65,32,15,19
ACC204194,CUST102898,Savings,28406.07,3977,6082.61,0,0,,,5,73,94,,26
ACC203026,CUST102431,,18943.04,5287.87,2834.06,0,0,624,0,2,92,77,6,36
ACC200623,CUST103226,Salary,383122.39,61550.86,63308.11,33558.77,2423430.45,676,0.2,1,77,72,13,35
ACC200688,CUST104258,Savings,24559.09,32630.5,1640.47,15357.89,335976.91,587,0.28,3,60,47,10,22
ACC203844,CUST100730,Current,1646606.4,91078.96,126830.18,,0,,0,3,74,,12,20
ACC201366,CUST100620,Savings,23284.78,42923.27,-52331.53,97769.1,1123423.98,,1.11,5,62,76,13,25
ACC203043,CUST101229,Savings,122451.53,134152.83,-534989.86,,7342740.25,551,1.5,1,35,53,19,13
ACC203758,CUST102913,Current,409958.79,445461.47,-1137876.61,1357550.87,40095670.08,563,1.5,1,60,80,14,20
ACC203865,CUST100074,Savings,4574.45,1500,875.39,0,0,542,0.01,3,58,68,11,22
ACC200610,CUST100233,Salary,39841.38,71040.24,-21722.34,67888.78,4095279.46,544,0.57,1,82,100,7,28
ACC202506,CUST104997,Salary,24909.89,4105.41,5357.46,0,0,610,0,2,66,71,9,34
ACC204448,CUST103376,Salary,21775.9,75902.39,-98.77,9686.06,592715.95,640,0.13,2,100,97,11,43
ACC203999,CUST100946,NRI,3097.05,4186.28,355.06,0,0,560,0,4,88,92,7,43
ACC200462,CUST101451,Savings,175236.71,24837.52,46241.57,0,0,701,0,4,69,86,14,40
ACC201573,CUST102596,Savings,154137.52,99010.58,31275.29,,0,599,0.01,2,49,29,13,18
ACC200792,CUST104663,Salary,230943.29,45503.19,53018.56,0,0,702,0,3,67,69,9,26
ACC202552,CUST100855,Fixed Deposit Linked,237573.93,55522.05,37858.8,0,0,,0.06,4,30,54,12,12
ACC200308,CUST100287,Savings,2853.59,1678.75,926.54,214.35,20000,564,0.05,4,82,95,9,30
ACC202121,CUST104028,Salary,90498.61,134536.74,-47811.86,100065.04,8841459.59,601,0.56,2,60,26,12,18
ACC202411,CUST102256,Savings,1706.16,1500,279.3,0,0,596,0,4,100,99,14,36
ACC200579,CUST103901,Current,123289.92,11335.45,17001.37,0,0,588,0.04,2,40,10,16,10
ACC200105,CUST100248,Salary,622.72,1500,-6029.61,7540.9,84094.13,448,1.5,1,65,60,14,26
ACC201705,CUST101586,,98404.62,,8940.57,58648.27,3783147.97,655,0.41,1,68,72,,22
ACC200999,CUST101926,Savings,167868.78,26757.57,30333.76,0,0,654,0,3,62,66,13,25
ACC202555,CUST104570,Salary,19760.2,39960.32,-2693.09,27785.19,1965131.82,556,0.45,2,98,73,8,35
ACC201011,CUST101743,Savings,284073.44,87593.43,59188.23,0,0,632,0,4,71,84,6,36
ACC203502,CUST102396,Savings,128836.15,15496.69,24727.85,0,,709,0.03,1,55,53,5,28
ACC202994,CUST103258,Savings,50867.78,84471.37,9077.69,19021.87,1402074.02,601,0.15,1,82,47,11,36
ACC203181,CUST102971,Salary,198230.13,61041.64,33251.91,0,0,684,0.01,1,94,78,3,30
ACC201034,CUST103975,Savings,62467.07,139666.22,-327985.87,386512.6,8544717.83,523,1.5,2,75,45,7,17
ACC204788,CUST104927,Savings,253248.07,36972.59,39321.74,0,0,610,0,3,83,76,10,31
ACC203345,CUST101855,Savings,105316.98,28789.62,34222.97,0,0,658,0.01,3,49,35,16,
ACC201336,CUST101161,Savings,171087.28,73950.22,41329.89,0,0,677,0,2,78,89,13,34
ACC202037,CUST103917,Savings,33379.84,75322.96,-94794.28,119904.26,3668863.6,544,1.17,2,65,86,13,32
ACC203819,CUST103363,Savings,6079.82,5082.36,738.69,0,0,536,0,1,100,100,6,48
ACC202381,CUST101078,Savings,311678.08,118109.85,41213.06,0,0,702,0.01,4,52,64,19,24
ACC204536,CUST101365,Current,569902.63,288668.74,,3529439.22,40161971.19,511,1.5,1,95,83,11,35
ACC202859,CUST102425,Savings,160880.48,35487.44,44740.68,,,723,0.01,3,84,83,8,34
ACC202236,CUST104406,Savings,306987.54,101873.99,,27965.24,1850250.76,685,0.16,2,71,67,,31
ACC203674,CUST101372,Current,1673537.02,356127.33,222844.82,0,0,673,0.03,4,67,78,12,24
ACC202095,CUST102019,Salary,173324.35,49127.41,50311.93,0,,667,0.02,2,84,78,15,30
ACC200870,CUST102077,Salary,269648.34,47199.22,49760.49,0,0,601,0,5,83,87,8,30
ACC203821,CUST102866,Fixed Deposit Linked,73837.47,65291.65,602.81,85769.57,6998975.72,583,0.62,2,68,81,7,37
ACC203049,CUST102532,Savings,209323.31,36965.53,31881.54,0,0,620,0.02,3,25,14,8,8
ACC204874,CUST102625,Savings,500.19,1500,-326.61,0,0,587,0.06,4,95,98,11,41
ACC203273,CUST102936,Savings,586082.08,73349.92,,0,0,716,0,5,100,90,7,36
ACC204298,CUST103086,Current,52165.9,5175.13,3910.12,0,0,646,0,2,,69,13,20
ACC203828,CUST103629,Savings,6255.53,10283.34,357.15,0,0,626,0.04,1,88,92,17,37
ACC200976,CUST103227,Savings,183939.13,293423.7,-3601.95,381422.11,30569504.19,,0.58,1,67,51,14,28
ACC202967,CUST103964,Salary,45347.64,69808.53,,204520.5,6493011.05,522,1.36,2,100,100,8,37
ACC201707,CUST103441,Salary,24040.33,54535.65,-4588.44,65430.97,1996086.8,610,0.59,3,78,67,15,20
ACC203659,CUST100545,Savings,52963.52,118269.51,-71320.19,112615.44,,570,0.75,3,92,92,8,37
ACC201818,CUST102015,Fixed Deposit Linked,593386.4,83295.02,89743.46,0,0,636,0,1,71,44,6,21
ACC202910,CUST100323,Salary,129963.85,62620.16,20850.85,0,0,669,0,3,58,77,12,35
ACC201173,CUST103271,,104123.9,30388.49,,0,0,617,0,2,95,84,9,32
ACC201340,CUST101610,Salary,614099.9,113041.35,128919.73,0,0,649,0,2,63,66,9,28
ACC203683,CUST102983,Current,16487.8,2402.87,887.87,,0,681,0.01,4,98,78,5,
ACC203620,CUST104867,,22567.19,40345.18,-42706.15,59628.69,1781858.8,488,1.07,2,88,,7,
ACC204667,CUST103736,Savings,429899.04,94528.92,77439.88,0,0,680,0,2,81,64,5,40
ACC201509,CUST101378,Salary,66450.83,52377.57,,12719.79,997660.41,649,0.21,4,72,75,11,24
ACC201929,CUST104409,Fixed Deposit Linked,214579.44,90027.89,15834.76,38591.43,4144057.36,663,0.31,2,79,75,14,33
ACC200205,CUST102194,Savings,181832.16,38325.88,47268.81,0,0,635,0.01,4,42,7,,10
ACC204132,CUST100814,Savings,106565.67,,25685.84,0,0,,0.02,2,92,98,6,28
ACC200353,CUST100290,Salary,196052.87,30885.85,41051.84,15838.06,1305852.33,650,0.17,1,80,80,10,21
ACC203082,CUST104436,Salary,184900.76,32781.04,40210.56,7355.25,693699.64,635,0.06,1,100,66,6,37
ACC204519,CUST101167,Savings,272807.68,456273.55,-350132.57,656033.91,20549312.2,483,0.79,4,76,42,12,22
ACC200731,CUST100602,Fixed Deposit Linked,145121.1,63509.52,32973.36,0,0,720,0,1,77,80,6,29
ACC201445,CUST103690,Savings,40868.3,,-766.6,35728.78,2144158.39,,0.36,4,74,67,10,32
ACC200702,CUST103137,Savings,339077.32,36237.85,65210.86,0,0,602,0,1,60,62,10,32
ACC204093,CUST101332,Fixed Deposit Linked,11960.69,8151.08,1594.71,,0,595,0.02,1,98,100,4,31
ACC204609,CUST104882,Savings,38362.68,62350.62,-2447.21,46014.62,3136477.83,633,0.44,2,66,76,18,39
ACC202662,CUST101884,Fixed Deposit Linked,2019146.84,194533.9,,0,0,674,0,1,68,40,13,23
ACC200160,CUST102104,Current,985.78,1500,,0,0,579,0,2,100,93,9,44
ACC204676,CUST103847,Savings,86807.96,28621.29,24330.49,0,0,640,0.03,3,15,7,16,5
ACC203549,CUST102030,Fixed Deposit Linked,202083.11,,20006.41,0,0,553,0,1,85,75,8,33
ACC203430,CUST100993,Current,3666750.96,769671.59,479373.8,0,0,675,0,2,68,86,11,24
ACC203185,CUST100548,Salary,146415.81,59014.27,26471.55,0,0,670,0.02,3,,72,3,20
ACC201385,CUST101023,Current,732697.89,401748.45,-2761152.72,3071583.82,34573586.81,479,1.5,2,37,38,15,17
ACC200501,CUST103779,Current,61728.18,,2170.97,12240.01,138381.43,548,0.42,2,24,,24,6
ACC204338,CUST103266,Savings,129264.86,24667.81,31004.7,0,0,,0,,80,92,9,40
ACC204956,CUST102041,Fixed Deposit Linked,,29233.2,,0,0,632,0.01,2,41,39,17,14
ACC202104,CUST100639,Salary,274746.59,56670.24,57847.75,0,,674,0,4,60,73,14,28
ACC203214,CUST104342,Current,13062.97,2201.78,1521.8,0,0,590,0,4,95,100,5,45
ACC202233,CUST102346,Savings,401483.33,71970.93,64204.87,0,0,676,0,1,100,100,6,51
ACC204226,CUST102219,Savings,190439.2,114518.59,31535.25,28265.92,2792910.81,670,0.2,5,62,71,15,33
ACC203333,CUST104752,Fixed Deposit Linked,531636.65,66828.27,68235.75,0,0,688,0.03,2,78,66,14,39
ACC202665,CUST103878,Savings,2799859,481386.73,496429.31,0,0,631,0,3,97,99,9,
ACC201007,CUST104368,Savings,51827.39,14119.74,13611.13,0,0,616,0,3,42,48,18,31
ACC203965,CUST103310,Savings,101486.37,56013.51,20831.92,8765.88,905127.72,606,0.04,1,55,67,21,33
ACC202171,CUST101915,Salary,18023.27,41921.43,-5611.37,56421.23,4286627.07,565,0.6,1,80,46,12,25
ACC201890,CUST102218,Savings,63744.19,162977.02,-120763.04,206837.77,6388495.87,561,0.82,2,53,59,20,28
ACC201287,CUST100615,Salary,5501.43,5556.34,1223.45,0,0,581,0,2,91,100,8,42
ACC200368,CUST100683,Savings,690.24,1500,-95.51,0,0,553,0,1,68,63,10,35
ACC203231,CUST103144,Salary,,54200.06,-45516.58,72343.1,2255962.49,492,,3,37,45,18,19
ACC201318,CUST102591,Savings,74095.63,17526.05,15682.89,3980.11,409375.78,604,0.14,3,67,42,13,18
ACC200493,CUST102843,Current,193153.84,18645.39,24062.07,0,0,666,0,2,36,29,15,15
ACC201963,CUST104006,,184545.71,41665.57,,0,0,705,0,4,68,48,10,16
ACC204174,CUST103687,Savings,1629.46,1500,268.83,0,0,559,0,2,,88,8,40
ACC204692,CUST100154,Salary,147932.01,22384.01,31157.5,0,0,619,0.06,4,35,28,13,11
ACC200333,CUST101183,Fixed Deposit Linked,64693.26,65485.99,-18218.35,86057.31,3986596.18,683,0.71,4,89,100,12,41
ACC201475,CUST100436,Salary,90338.63,83032.54,8003.09,21656.92,1562860.68,673,0.2,3,66,71,8,21
ACC200679,CUST103095,Fixed Deposit Linked,94024.76,29721.64,9367.49,23868.57,2851937.63,646,0.35,2,63,86,7,25
ACC202836,CUST100672,Current,188189.05,12623.52,11870.55,0,0,682,0.05,3,26,,10,20
ACC201138,CUST101769,Savings,10221.96,4146.16,1508.09,0,0,525,0.02,1,73,65,13,29
ACC201221,CUST102728,Current,601122.06,673572.16,-3113691.3,3611003.69,75467368.07,,1.5,4,42,55,11,17
ACC203781,CUST100153,Salary,9323.55,,,0,0,600,0.08,3,46,29,15,16
ACC202898,CUST102798,Salary,139943.1,81815.98,22263.19,15545.96,1254532.83,624,0.12,3,87,73,16,38
ACC200380,CUST103800,Savings,196190.63,42322.25,41411.26,0,0,673,,4,83,100,10,36
ACC204115,CUST104531,Savings,186019.77,25059.68,42678.41,0,,663,0.03,1,52,15,6,15
ACC204471,CUST101384,Salary,368240.39,38391.98,64736.34,0,0,668,0,4,96,71,16,38
ACC200067,CUST102215,Fixed Deposit Linked,632920.14,60228.97,71445.33,0,0,664,0.01,6,,48,16,26
ACC203272,CUST103450,Fixed Deposit Linked,30047.82,39202.12,-115610.38,153736.57,1738905.61,503,1.5,3,51,79,8,26
ACC203687,CUST101121,Salary,132360.47,57290.82,31105.82,0,0,740,0,4,87,85,12,30
ACC201882,CUST101580,,294211.66,38282.76,57014.92,0,0,667,0,3,77,67,12,26
ACC200477,CUST101756,Current,5566548.77,385957.74,716294.07,0,0,733,0,2,100,93,7,36
ACC204518,CUST102616,Current,1218340.26,162521.02,92956.51,127861.82,8593861.05,629,0.37,2,78,62,12,36
ACC204957,CUST100241,Savings,99329.24,37132.74,25174.53,0,0,668,0.02,1,44,38,12,20
ACC202382,CUST103249,Salary,5245.5,1500,,0,0,582,0,3,75,88,16,41
ACC201172,CUST100871,Savings,233822.33,28718.72,46478.32,0,0,537,0,5,75,85,10,25
ACC204764,CUST102557,Salary,135927.7,35444.55,34180.47,0,0,671,0,3,58,38,11,21
ACC202359,CUST102476,Salary,142728.76,58168.67,30144.71,0,0,629,0,1,76,59,10,19
ACC200425,CUST104975,Savings,,9948.53,2104.24,0,0,638,0.02,2,89,86,6,46
ACC202255,CUST102378,,27136.01,48087.59,-11214.51,42243.78,931063.34,497,0.53,5,88,93,10,33
ACC201333,CUST102101,Savings,136900.68,56932.79,43439.5,0,0,638,0.01,4,78,70,8,18
ACC200199,CUST104381,Savings,53921.12,59677.78,7543.32,27796.89,1825764.03,596,0.31,2,62,39,11,22
ACC202357,CUST104467,,178576.23,30385.28,41700.47,0,0,616,0,3,65,65,13,20
ACC203541,CUST104025,,2085762.22,,167569.55,0,,719,0.03,1,68,49,5,18
ACC201938,CUST101644,Savings,32637.67,,-46833.89,95773.93,2927105.17,540,1.2,2,95,86,9,31
ACC204452,CUST104807,Current,1690525.32,151951.08,224517.33,0,0,721,0.02,1,93,79,6,44
ACC200143,CUST103899,Fixed Deposit Linked,679264.07,586708.09,-309713.41,1156529.59,94271281.79,594,0.8,3,68,49,8,26
ACC204877,CUST101722,Salary,88462.42,26757.23,21441.52,0,0,,0.02,4,98,62,8,41
ACC200249,CUST104715,Salary,182321.8,60136.44,28397.14,0,0,593,0,2,63,54,14,15
ACC203881,CUST100236,Salary,174743,34173.22,47724.18,0,0,683,0,2,39,18,15,19
ACC201454,CUST104353,Salary,5580.74,,683.39,0,0,546,0.01,3,91,86,6,35
ACC204796,CUST102385,Current,13948.93,1500,1202.1,0,0,551,,3,68,89,18,33
ACC200417,CUST104995,Salary,,49098.27,10735.53,26405.98,2418645.04,618,0.31,3,73,59,11,29
ACC200911,CUST101503,Fixed Deposit Linked,142899.84,71842.92,7627.4,24880.91,2653769.73,654,0.25,2,94,99,4,37
ACC204574,CUST102082,Salary,60611.23,33477.03,11021.12,12662.81,554581.78,685,0.22,3,68,61,15,22
ACC202596,CUST104796,Savings,11538.2,4512.66,2855.29,0,0,598,0,4,45,38,11,
ACC203925,CUST100081,Savings,135147.53,36472.15,21657.74,0,0,691,0,1,35,8,23,9
ACC203453,CUST101985,Savings,143927.57,15502.36,22448.8,0,0,676,0.01,1,48,50,16,19
ACC202309,CUST104262,Salary,127423.08,,22325.3,0,0,615,0,2,88,48,8,27
ACC202112,CUST100155,Salary,353044.8,119086.9,51785.16,0,0,740,0,1,,39,8,19
ACC204646,CUST100830,Savings,68978.52,35823.47,15879.41,32923.84,2541343.47,549,0.38,2,55,47,13,22
ACC203419,CUST100483,Current,,493387.23,-4392317.92,4724517.26,52967187.36,532,1.5,3,100,88,,21
ACC203176,CUST102140,,731.95,1500,42.19,253.62,20000,588,0.17,4,88,100,7,27
ACC202695,CUST101811,Salary,338235.43,35897.93,61846.77,0,0,628,0,2,74,39,12,28
ACC201288,CUST100643,Salary,482812.8,75411.73,134147.34,0,0,,0.02,,90,45,8,33
ACC201655,CUST101556,Savings,964097.22,220237.81,175893.02,0,0,561,0,2,76,80,9,30
ACC200912,CUST102414,Salary,416365.82,74486.64,64758.56,0,0,760,0,1,96,74,6,45
ACC203432,CUST103447,Savings,124516.76,49768.26,34739.62,0,0,619,0,1,100,100,5,37
ACC204072,CUST103600,Savings,46425.36,48053.53,3855,22917.85,2351187.28,629,0.34,2,87,78,8,32
ACC200765,CUST100756,Current,315986.06,,21727.23,5114.32,300025.76,648,0.12,1,72,63,14,19
ACC204244,CUST100846,Salary,62288.79,40346.16,15002.5,0,0,613,0.04,2,71,,12,27
ACC200146,CUST102974,Salary,37825.1,53533.95,-56659.52,80116.17,2410480.77,,1.09,2,75,54,12,29
ACC201133,CUST100708,Savings,422499.09,497376.95,-1381334.76,2210655.62,24710033.55,536,1.5,3,34,44,9,14
ACC202656,CUST102748,Savings,65199.34,27100.79,21838.25,0,0,708,0.01,2,95,79,5,33
ACC200394,CUST100859,Savings,251655.77,55531.29,50932.65,0,0,683,0.01,3,46,65,10,20
ACC203597,CUST103611,Savings,18644.04,56488,-68040.08,111844.37,1249753.19,537,1.07,1,64,74,11,33
ACC200045,CUST103906,Savings,500,1500,-591.46,,0,447,0.02,3,96,82,9,27
ACC203269,CUST103960,Savings,87602.44,106866.13,-56833.52,168450.28,9420570.53,513,0.72,3,69,66,9,27
ACC203286,CUST103813,Salary,307105.37,61006.27,67608.49,,0,599,0.04,3,59,57,12,27
ACC200321,CUST103911,Current,515054.45,393698.73,-282660.52,478762.63,39981224.08,454,0.76,1,75,69,7,23
ACC202159,CUST100268,Savings,500,1500,-222.56,0,0,600,0.01,4,79,100,9,41
ACC204566,CUST100114,Savings,355727.3,738823.97,-4095361.34,4338464.49,48795494.79,557,1.5,1,73,76,6,28
ACC201957,CUST103337,Current,185754.96,34117.54,27327.67,0,0,665,0,3,79,69,,
ACC203459,CUST102403,Savings,130362.93,12298.2,23063.1,0,0,623,0.01,1,39,35,15,14
ACC202427,CUST100448,Fixed Deposit Linked,500,1500,-847.46,0,0,540,0.02,4,73,100,14,40
ACC203892,CUST102679,Fixed Deposit Linked,637110.94,94656.01,76280.8,0,0,644,0,2,73,69,14,29
ACC202184,CUST100558,NRI,125027.82,40380.3,27786.15,0,0,692,0.03,1,85,100,9,
ACC203433,CUST100585,Savings,12435.49,1714.97,2458.87,0,,622,0.01,5,,48,14,18
ACC202701,CUST103396,Salary,23128.45,6983.69,4280.75,0,0,624,0,3,72,77,12,32
ACC204801,CUST101734,Savings,36735.55,34828.77,3314,24303.09,758742.92,550,0.42,2,100,68,8,36
ACC202071,CUST102458,Salary,83718.89,25069.44,14147.61,4503.32,534151.97,,0.09,1,50,58,9,20
ACC201367,CUST101374,Salary,20291.55,20913.53,3227.98,,488249.82,609,0.3,,43,36,12,18
ACC203095,CUST103081,Current,18306.4,16082.64,-1125.6,18450.23,211699.57,,0.56,1,43,32,9,10
ACC202364,CUST102440,Savings,2242.08,1500,465.4,0,0,495,0,2,94,70,7,37
ACC200930,CUST100068,Savings,6674.84,23910.05,-7483.56,39962.92,1172605.03,532,0.72,2,65,56,14,18
ACC202268,CUST104325,Savings,128491.58,16179.48,23325.37,0,0,642,0,4,78,78,6,20
ACC202975,CUST101667,Salary,232115.18,49315.88,41831.42,0,0,657,0,2,83,71,16,31
ACC203951,CUST104775,Current,663748.78,58720.02,41695.97,21638.57,2523181.42,671,0.14,2,17,37,13,10
ACC203141,CUST100185,Savings,37286.73,25528.49,4114.7,26643.16,2546505.11,606,0.46,2,53,39,13,16
ACC201945,CUST102895,Salary,28832.5,27795.27,-41377.38,87660.19,2795998.75,505,1.19,2,86,82,8,41
ACC204227,CUST101673,Savings,182336.82,19275.68,34897.21,0,0,620,0,4,81,71,11,24
ACC202581,CUST104764,Savings,8414.29,3561.02,1348.71,0,0,594,0,2,100,87,7,33
ACC200435,CUST102907,Salary,,33878.24,-28794,61183.24,2822251.38,540,0.95,1,70,69,9,25
ACC200606,CUST100624,Savings,68526.41,63056.49,9614.71,33034.78,1600427.42,571,0.28,2,,40,10,17
ACC200074,CUST101001,Salary,500,1500,-1124.09,409,32940,512,0.45,4,58,41,17,14
ACC201764,CUST104633,Current,433856.94,42659.89,39201.3,0,0,665,,5,77,80,12,25
ACC203515,CUST100453,Salary,39344.52,36670.79,8606.45,27058.33,2712383.48,645,0.36,1,80,90,12,42
ACC203238,CUST104217,Savings,122507.29,54588.81,24531.14,0,0,708,0,2,72,46,15,27
ACC201322,CUST100229,Savings,25102.77,34575.51,-1022.21,22790.44,,,0.41,1,75,73,11,24
ACC201576,CUST104404,Savings,30320.41,86029.2,-48153.48,90620.41,3998468.06,517,0.65,1,100,77,3,32
ACC203742,CUST101799,Savings,1512081.27,165625.38,256463.91,0,,690,0.04,4,92,83,11,42
ACC200113,CUST100742,Savings,6108.02,1790.41,,0,0,522,0,,100,88,4,30
ACC200986,CUST102775,Savings,1616.3,1500,332.24,314.73,30931.3,483,0.16,7,82,83,16,28
ACC204561,CUST101516,Fixed Deposit Linked,114294.53,12413.04,16406.56,0,0,573,0,4,45,20,15,13
ACC200747,CUST100896,Savings,5166.12,2968.86,999.15,0,0,543,0,2,100,100,11,44
ACC201863,CUST103528,Savings,100502.26,20541.5,20035.48,0,0,717,0.02,4,51,44,11,14
ACC200222,CUST104582,Salary,102523.86,55181.01,14242.62,17517.11,778424.87,627,0.24,2,75,64,14,
ACC202566,CUST100392,Salary,41146.46,40065.15,5040.5,14001.56,622619.91,666,0.22,4,70,100,11,28
ACC201348,CUST102630,Salary,773,1500,137.91,0,0,571,0.06,2,100,93,,40
ACC201502,CUST104437,Fixed Deposit Linked,410447.62,71265.32,43630.68,0,0,663,0,3,82,71,12,28
ACC204136,CUST103325,Savings,7107.43,3183.95,1105.74,0,0,,0.03,,76,75,12,38
ACC201665,CUST102086,Salary,369182.85,61012.77,77565.09,0,0,695,0.03,3,78,84,12,31
ACC204824,CUST104218,Salary,29214.44,28773.78,,14864.79,462812.37,607,0.3,1,91,100,14,40
ACC204363,CUST104344,,70228.61,21035.16,13452.12,21406.65,987530.07,637,0.39,2,71,92,10,39
ACC203167,CUST101977,Current,2267167.95,146891.33,214081.72,0,0,646,0,2,92,73,,35
ACC200035,CUST102515,Savings,206786.55,303401.42,-133462.49,302532.18,25455380.04,617,,3,68,66,18,22
ACC200830,CUST104361,Savings,105358.92,24256.15,,0,0,584,0.01,2,,62,6,32
ACC204168,CUST102626,Savings,552410.39,120881.04,102723.53,0,0,695,0,2,69,43,6,25
ACC204180,CUST102712,Savings,127838.74,89137.7,21873.33,25698.41,1714075.9,561,0.17,2,70,59,11,25
ACC201761,CUST104610,Savings,463789.55,150892.13,82073.61,0,0,657,0,3,,77,12,27
ACC202863,CUST103309,Current,114209.48,21138.18,7853.78,25803.62,776231.79,596,0.47,1,84,91,14,33
ACC200347,CUST103006,Savings,94135.64,,14825.44,36317.23,3120917.29,632,0.34,2,39,54,14,18
ACC200167,CUST101590,Salary,119452.4,42669.83,23073.54,0,0,634,0.01,2,67,100,11,38
ACC204663,CUST101148,Savings,145633.18,39999.83,19951.36,26776.39,2117152.78,633,0.3,2,72,71,9,31
ACC200116,CUST102123,Salary,252088.03,77200.71,37333.71,0,0,634,0.05,,82,94,7,35
ACC200530,CUST102924,Savings,3715.52,1544.48,661.76,0,0,561,,4,78,79,19,30
ACC201394,CUST104687,Salary,8614.16,21855,-140985.68,167794.59,1918393.1,488,1.5,2,72,87,13,33
ACC202590,CUST100496,Salary,243780.77,77866.53,39549.99,0,0,729,0,2,90,55,12,30
ACC202368,CUST101337,Fixed Deposit Linked,7826.9,2968.65,898.67,0,0,550,0.02,2,100,80,6,44
ACC201028,CUST104915,Savings,2717.22,4425.98,551.91,0,0,591,0,1,93,91,8,47
ACC201641,CUST104933,Salary,55999.58,95669.19,-38244.96,81833.81,6205804.89,646,0.62,1,,100,,37
ACC202521,CUST104654,Salary,169527.01,36013.88,49015.2,0,0,587,0,1,64,80,16,25
ACC204726,CUST100016,Fixed Deposit Linked,113798.93,55677.85,11098.07,49828.1,2838997.11,659,0.49,4,64,69,10,21
ACC203051,CUST101058,Current,138658.13,57894.64,-65818.82,164389.14,3511539.23,553,1,2,80,71,13,25
ACC203776,CUST104187,Fixed Deposit Linked,95171.98,,684.02,42866.78,,629,0.27,3,67,62,14,24
ACC204109,CUST103368,Fixed Deposit Linked,302795.85,67928.86,36523.14,0,0,710,0.01,2,51,65,13,23
ACC204377,CUST103037,Savings,13868.8,7091.38,2940.26,0,0,640,0,2,95,99,8,50
ACC204551,CUST102786,Salary,111636.25,49774.21,18958.36,0,0,652,0,3,82,52,12,34
ACC204204,CUST102635,Savings,13360.28,2674.83,3915.02,0,0,555,0,1,85,69,11,30
ACC204736,CUST100562,,18299.49,4934.8,4000.7,0,0,616,0.06,4,,56,14,27
ACC203204,CUST103025,Savings,364665.46,76834.51,66991.46,43509.65,3417188.45,523,0.23,2,87,65,11,32
ACC204237,CUST104394,Savings,36144.37,49122.94,-119460.91,,4230117.05,623,1.34,2,74,73,6,29
ACC201779,CUST102700,Salary,18503.38,73845.61,-240854.63,304100.81,6576271.91,,1.5,5,74,62,15,23
ACC201025,CUST101532,Current,366037.22,413629.58,-263362.98,630833.53,13863025.64,521,0.87,1,86,67,6,28
ACC204254,CUST102595,Savings,2857.62,1500,393.26,0,0,574,0.03,2,99,92,10,35
ACC203766,CUST104991,Savings,98403.62,78057.37,15937.31,8598.71,644009.7,639,0.12,1,100,85,8,39
ACC200081,CUST103181,Salary,28027.31,46759.29,-78677.26,147332.36,3228011.78,480,1.27,3,84,73,5,23
ACC204368,CUST101329,Savings,242774.83,51269.64,47769.07,0,0,680,0,4,74,90,9,36
ACC202030,CUST103372,Salary,63477.1,84988.43,-176282.83,243740.93,2774123.12,499,1.5,2,89,,7,31
ACC203721,CUST100710,Fixed Deposit Linked,5205749.95,764216.51,760108.88,0,0,630,0.09,2,73,53,14,25
ACC203747,CUST100011,Savings,35045.63,56396.59,-14979.97,42249.45,3380227.6,538,0.53,3,75,81,12,33
ACC201476,CUST102470,Salary,97747.3,51315.79,15626.14,50244.01,4853741.97,487,0.39,2,74,77,11,20
ACC202716,CUST101442,Salary,985.98,1500,116.86,0,0,565,0.05,1,80,60,8,25
ACC204158,CUST103068,Salary,34810.51,79914.16,-83799.78,166734.27,7207332.4,528,1.03,2,47,43,13,16
ACC203663,CUST103780,NRI,3147.4,2888.82,403.39,0,0,579,0.02,2,100,100,10,43
ACC204735,CUST102485,Savings,7358.57,2623.99,1162.72,0,0,637,0,2,84,78,9,39
ACC202673,CUST104082,,18709.37,18901.14,-56645.31,80295.34,1723405.87,489,1.5,3,79,81,12,33
ACC201477,CUST100912,Salary,98014.79,21024.7,27904.85,3530.95,342141.22,640,0.12,2,100,92,4,44
ACC204063,CUST100024,,427995.72,86009.39,105418.82,0,0,652,0.02,3,96,69,10,28
ACC202483,CUST101850,Salary,19676.29,35874.6,,,2856963.59,550,0.51,3,66,63,9,22
ACC202563,CUST103428,Current,2644908.5,258145.89,232269.13,0,0,716,0.01,2,87,64,10,35
ACC204880,CUST103242,Fixed Deposit Linked,321225.65,26207.17,28984.49,0,0,559,0.01,3,89,64,13,31
ACC202157,CUST100923,Salary,211026.87,58410.84,40104.14,0,0,600,0,3,84,91,14,40
ACC201886,CUST104201,Savings,24527.39,39962.87,-11977.69,60401,3963723.93,555,0.65,4,73,,7,30
ACC201956,CUST101110,Salary,240603.4,25733.98,41235.04,0,0,637,0,2,70,64,15,25
ACC201629,CUST103076,Savings,21376.3,56249.82,-41521.57,89588.44,4937403.28,537,0.83,1,95,96,12,36
ACC202698,CUST101428,Savings,264628.94,69244.77,33962.17,77269.61,8597517.33,551,0.41,2,79,59,11,25
ACC203993,CUST100054,Salary,16396.39,92485.06,-259901.6,316424.66,6910408.32,523,1.5,1,60,60,7,21
ACC200040,CUST103599,Savings,306911.26,408033.86,-295160.88,741774.25,56328636.88,565,0.91,3,77,59,12,32
ACC201704,CUST102572,Salary,448079.35,109964.15,64628.33,27950.09,2689969.73,643,0.15,3,50,39,18,24
ACC202693,CUST103634,Savings,190342.72,74788.38,31742.78,0,0,626,0,3,42,65,5,25
ACC204698,CUST102733,,10297.84,5229.89,2047.15,0,0,551,0,3,98,83,8,37
ACC203302,CUST104088,Current,47231.67,1979.42,3531.12,0,0,513,0,2,65,67,13,
ACC204362,CUST104261,Fixed Deposit Linked,163586.5,,17100.87,9187.1,512120.99,,0.19,2,62,81,13,27
ACC203173,CUST100352,Fixed Deposit Linked,66496.15,281219.96,-53363.62,,10969848.51,651,0.38,1,46,,14,28
ACC203136,CUST102068,Salary,217506.92,52224.51,68844.76,0,0,720,0.01,,81,63,12,32
ACC200311,CUST103625,Savings,33772.4,25866.09,-17008.34,,694651.46,451,0.82,2,,72,19,25
ACC201631,CUST102815,Fixed Deposit Linked,173177.85,53328.59,19443.79,,1195875.24,658,0.13,5,49,46,14,24
ACC204749,CUST101527,Savings,11048.87,1500,1898.42,0,0,529,0,2,76,60,11,19
ACC202067,CUST101298,Savings,3871.2,2357.71,579.62,0,0,534,0.04,2,84,85,15,31
ACC201426,CUST100888,Current,4046352.36,411559.17,541377.56,0,0,688,0.02,5,83,66,11,35
ACC202002,CUST100479,Salary,37445.45,61848.72,-15791.5,46162.49,1015373.3,611,0.49,3,85,100,15,40
ACC200357,CUST100350,Savings,78531.28,132126.41,,69503.47,3741617.76,641,0.3,4,64,40,10,17
ACC202408,CUST102858,Savings,134841.4,49166.55,33615.99,0,0,607,0,3,46,55,15,16
ACC201129,CUST102095,Fixed Deposit Linked,41187.57,87852.05,-297174.32,402926.66,8621374.11,528,1.5,1,60,72,22,24
ACC203517,CUST104081,NRI,365617.32,35590.59,67799.15,0,0,712,0,3,48,71,14,22
ACC204056,CUST102224,Savings,25339.86,29978.82,-49108.67,88985.69,1022215.8,532,1.19,2,85,56,6,31
ACC201827,CUST104091,Fixed Deposit Linked,316267.77,28614.85,30609.54,0,0,646,0.01,4,77,93,11,38
ACC202440,CUST102066,Savings,34487.71,45129.42,4830.22,19500.91,1824277.73,574,0.34,2,67,66,13,30
ACC200128,CUST102819,Savings,26249.82,60233.86,-20890.02,47724.72,3286656.74,594,0.54,3,47,83,11,23
ACC201009,CUST102970,Savings,113652.69,444016.82,-272360.19,453972.61,41314442.36,601,0.7,5,100,100,7,42
ACC201813,CUST104335,Salary,85070.85,44132.25,18844.47,41346.94,1824215.7,684,0.44,2,100,75,8,36
ACC203644,CUST100476,Fixed Deposit Linked,410578.92,34906.82,33079.63,0,0,569,0,4,44,36,12,20
ACC200657,CUST100566,Salary,251712.65,50073.21,51976.02,0,,733,0,3,100,86,11,46
ACC201246,CUST103168,Salary,198420.51,129216.72,51168.08,0,0,624,0.01,1,76,68,10,18
ACC204810,CUST102511,Fixed Deposit Linked,83866.66,64243.34,-68005.22,100951.08,2231337.17,573,1.07,2,69,86,6,28
ACC202771,CUST100115,Savings,54198.34,94448.38,-70980.37,133174.41,4108959.57,543,0.78,2,73,90,16,21
ACC200201,CUST100764,Savings,3928.69,1757.95,679.98,0,0,520,0.05,2,100,82,6,35
ACC203344,CUST104114,Savings,95541.37,32750.34,20521.93,0,0,658,0,1,92,46,8,30
ACC204853,CUST104779,Savings,26272.4,51449.76,-350189.73,405990.11,4636086.49,603,,2,,78,15,30
ACC201421,CUST103711,Savings,38481.59,93104.38,,145260.87,9303573.81,560,0.71,2,79,100,10,51
ACC201817,CUST101563,Fixed Deposit Linked,486314.92,482755.81,37187.18,385385.31,20733578.81,566,0.41,3,92,100,9,48
ACC200954,CUST100625,Savings,328062.47,59693.44,73630.18,0,0,706,0,4,71,73,8,24
ACC203048,CUST103182,Salary,151026.74,19423.3,30937.38,0,0,659,0.02,4,40,11,8,10
ACC202418,CUST101754,Salary,208401.88,44113.48,38698.54,0,0,577,0,5,88,65,12,36
ACC203698,CUST100401,Salary,35508.17,46176.18,-6960.65,62414.17,713845.67,568,0.61,2,90,82,17,31
ACC202361,CUST101373,Savings,113034.43,46873.82,33120.82,,0,518,0.03,3,75,,12,36
ACC203359,CUST100020,,5049.45,8615.58,892.88,0,0,609,0.01,2,90,100,8,32
ACC200996,CUST102313,Current,46203.54,95955.05,-306521.06,402821.11,11822151.06,532,1.5,3,70,70,12,26
ACC200593,CUST104581,Salary,45361.42,17934.83,12159.55,0,0,652,0.03,4,65,77,10,16
ACC200970,CUST101786,Savings,46503.03,72941.11,-17509.96,47968.04,2633574.81,628,0.47,6,100,100,9,37
ACC200202,CUST102767,Fixed Deposit Linked,107895.78,24187.45,13616.57,0,0,700,0.01,3,32,32,17,16
ACC204568,CUST103069,Savings,371849.14,67461.4,97308.51,0,0,,0,2,100,99,8,38
ACC201974,CUST101846,Savings,220364.55,163214.2,68587,0,,662,0.04,4,65,62,12,19
ACC204016,CUST100285,Salary,343187.04,32928.31,55300.67,0,0,688,0,5,78,78,8,
ACC204841,CUST103457,Salary,36605.2,49701.07,-69601.66,112093.56,2357593.63,539,1.25,2,55,45,16,23
ACC203318,CUST104263,,75644.31,52202.33,10107.17,24072.79,2012508.48,660,0.31,2,61,54,11,17
ACC203863,CUST103217,Savings,185712.37,691647,-594810.76,1153207.09,49788821.22,568,0.97,1,84,78,12,48
ACC204990,CUST101685,Savings,15680.96,26051.3,-1066.05,19385.53,1299651.96,587,0.48,2,54,35,12,15
ACC201980,CUST102522,Fixed Deposit Linked,297423.26,24056.93,25386.15,0,0,581,0.03,1,57,27,9,13
ACC202380,CUST104936,Savings,37903.65,46557.76,-38924.26,79318.92,907416.12,465,0.95,,83,70,15,31
ACC202486,CUST102230,Current,822616.14,181449.56,102299.07,0,0,732,0,2,86,69,10,29
ACC202374,CUST102258,Savings,277128.05,105348.41,46725.65,0,0,704,0,2,71,74,6,32
ACC204104,CUST103417,Salary,64588.93,68214.49,-179735.68,252767.44,5276462.84,592,1.5,3,67,75,13,22
ACC204915,CUST102568,Savings,55353.7,98845.21,-445555.05,514891.85,5899281.31,485,1.5,4,95,74,8,34
ACC203097,CUST102966,Savings,113689.45,28373.06,36170.09,0,0,630,0,2,52,31,12,15
ACC204535,CUST104492,Salary,233642.99,55025.05,70620.2,34899.64,2882194.53,674,0.17,4,93,79,11,30
ACC203089,CUST101801,Salary,7889.25,1809.07,1079.42,,115505.72,533,0.31,2,75,76,8,40
ACC204430,CUST100539,Salary,7910.17,2747.9,1805.75,0,0,558,0.07,2,100,100,9,46
ACC201187,CUST103130,Current,40421.86,34233.34,-11824.51,28291.43,873829.75,513,0.54,3,69,51,8,22
ACC202329,CUST103788,Savings,394511.53,94485.19,65754.09,49792.14,3007503.92,664,0.28,3,67,84,7,32
ACC202342,CUST101070,Savings,2496928.54,683862.47,393355.23,0,0,644,0.02,2,80,86,11,35
ACC200351,CUST103918,Savings,337503.08,36322.01,55328.09,,0,641,0,1,76,82,13,26
ACC203403,CUST103341,Salary,2919.52,6328.27,551.86,0,0,593,0.06,2,88,99,5,54
ACC201755,CUST100932,,7644.08,33360.21,-21236.34,39285.95,,577,0.7,3,100,84,11,20
ACC201595,CUST104040,Salary,10972.4,31228.47,-2366.94,46610.14,1407379.88,577,0.66,3,94,92,9,36
ACC200042,CUST100029,Current,1580290.62,192120.44,179990.02,0,0,645,0,1,92,91,12,39
ACC204739,CUST101045,Salary,188727.96,43324.31,34283.26,0,0,689,0.06,3,68,54,17,27
ACC202149,CUST100929,Savings,18196,48790.5,-10834.54,81108.79,4514154.98,600,0.69,5,94,84,6,39
ACC203347,CUST101980,Salary,129696.37,27415.14,23709.02,7088.78,671783.46,562,0.17,5,89,80,7,28
ACC204531,CUST104360,Current,135736.59,109656.04,-81104.56,138692.5,6804766.86,511,0.89,4,72,53,13,27
ACC202494,CUST102398,Fixed Deposit Linked,70971.81,36675.22,-41803.23,107507.55,3389096.82,503,1.06,2,97,100,,50
ACC203635,CUST102424,Salary,196800.52,45046.9,30130.41,0,0,624,0,2,56,82,4,22
ACC201273,CUST102092,Current,6413150.11,315779.92,349758.71,0,0,718,0.04,3,71,68,10,30
ACC202182,CUST101127,,48098.15,65807.36,8003.27,17202.3,778733.33,632,0.21,4,84,,5,33
ACC200574,CUST100070,Savings,1337654.4,635881.73,290108.82,0,0,749,0.01,4,70,79,13,33
ACC201920,CUST101159,Savings,101305.45,67145.44,17147.83,0,0,607,0,4,100,80,10,35
ACC202924,CUST103787,Salary,304048.53,65242.61,66596.25,0,0,678,0.03,2,87,99,6,41
ACC204639,CUST101931,Savings,251849.19,47852.14,78180.81,0,0,697,0.04,4,69,50,10,23
ACC200856,CUST101487,Fixed Deposit Linked,188892.64,27336.43,22702.52,9043.14,434081.7,592,0.15,2,92,,5,50
ACC202176,CUST101649,Salary,32638.5,50030.3,-9800.37,35875.12,3522437.68,617,0.49,2,76,71,9,27
ACC203468,CUST104562,Salary,,28385.57,2963.5,,3608787.77,553,0.61,2,83,93,6,31
ACC202795,CUST101093,Current,,1971.23,602.52,0,0,549,0.03,3,100,100,8,35
ACC202047,CUST102042,Salary,62227.71,,9000.21,12534.17,1352340.53,641,0.18,3,82,86,9,32
ACC201808,CUST100386,Savings,101922.37,13735.15,18612.45,0,0,568,,3,87,73,15,31
ACC202620,CUST102044,Savings,130323.23,51208.75,34092.1,0,0,656,0,1,77,65,9,25
ACC204559,CUST100412,Savings,2480.37,2495.03,420.3,0,0,549,0.04,2,86,85,8,26
ACC201898,CUST102552,Current,42453.59,33811.78,-405143.95,454307.73,5074432.02,500,1.5,3,60,74,17,25
ACC201846,CUST103963,Savings,,37870.39,18048.77,0,0,662,0,4,56,68,14,28
ACC204474,CUST104879,Savings,,86055.01,69833.53,0,0,684,0.03,5,90,92,13,45
ACC200875,CUST102929,Current,293374.88,238908.96,24573.68,114572.78,10945943.93,638,0.3,3,52,52,15,13
ACC200103,CUST104439,Savings,140362.09,28226.16,22575.06,0,0,633,0,1,44,20,12,9
ACC203678,CUST100038,Savings,500,1500,-1207.78,0,0,,0,2,95,92,9,40
ACC202458,CUST102770,Salary,56960.43,48410.19,-14206.25,95613.41,5398746.6,614,0.65,1,88,83,6,37
ACC204057,CUST104706,Savings,229322.76,91290.2,37890.48,0,0,643,0,3,74,68,13,26
ACC203226,CUST103958,Savings,87334.98,95832.25,4018.83,,4183322.45,638,0.39,7,100,100,9,33
ACC203409,CUST102752,Salary,45895.34,75000.16,-40423.44,71767.74,820058.56,580,0.74,3,94,,15,47
ACC200604,CUST104510,Savings,56677.71,17488.98,19565.84,0,0,620,0.02,2,68,43,18,29
ACC200988,CUST104849,Salary,223550.55,53226.54,48414.94,0,0,604,0,2,73,60,7,21
ACC201233,CUST101551,Savings,20478.48,6526.37,3651.01,0,0,600,0,3,80,92,9,37
ACC200066,CUST103340,Salary,249692.91,85827.51,44038.95,0,0,674,0,3,78,62,15,30
ACC201433,CUST100208,Salary,106687.44,44135.37,16575.16,0,0,628,0.02,3,69,70,12,38
ACC200384,CUST101323,Savings,9398.18,3279.31,1917.64,0,0,598,0.02,4,90,99,4,27
ACC200893,CUST102650,Savings,80092.16,32751.63,22094.37,0,0,618,0.01,2,50,22,19,6
ACC200056,CUST101103,Savings,237784.95,88449.46,40857.01,0,0,720,0.02,3,70,84,13,30
ACC200711,CUST101507,Savings,64329.8,45376.66,,33959.13,2668783.14,619,0.41,2,85,72,12,29
ACC202372,CUST104064,Savings,4181.05,2083.58,763.4,0,0,599,0.05,3,75,86,11,20
ACC202126,CUST103859,Current,186695.34,,-130598.2,280893.82,13740225.31,595,0.49,3,71,71,13,32
ACC202588,CUST102442,Savings,77056.89,38299.08,12828.15,43055.41,3120260.64,587,0.42,2,88,53,3,28
ACC200355,CUST100252,Current,832288.12,281438.89,91023.39,0,0,648,0.04,3,75,58,12,22
ACC201842,CUST101774,Current,2918062.24,518639.53,247232.01,0,0,693,0.06,1,73,65,8,31
ACC202407,CUST101778,Salary,403704.27,55942.55,72047.32,0,0,711,0.02,1,89,65,10,34
ACC201018,CUST103407,Salary,25101.27,26225.69,1988.61,21624.86,1235095.61,566,0.47,4,86,82,12,26
ACC201314,CUST100744,Salary,576004.53,63123.6,98208.51,0,0,,0.07,1,92,80,6,31
ACC203296,CUST103887,Current,42000.91,8092.25,3157.48,0,0,566,0.03,,66,80,8,36
ACC202963,CUST102772,Salary,52580.48,15876.44,13637.23,2441.64,275201.94,609,0.08,2,97,70,15,40
ACC200307,CUST102826,Salary,472015.42,60734.71,80238.14,0,0,703,0,1,76,81,7,27
ACC203461,CUST104388,,6140.31,1815.89,1111.26,0,0,601,0,2,93,84,6,28
ACC200813,CUST101592,Savings,188091.58,64260.28,31574.17,0,0,,0,2,75,94,11,26
ACC200041,CUST104121,Salary,70364.38,43983.58,9489.75,27579.4,1871546.94,524,0.32,2,80,52,14,20
ACC204411,CUST102193,Current,23308.76,3542.41,1854.14,0,,500,0.06,2,100,93,10,32
ACC201405,CUST104215,,1582189.01,766844.66,268343.56,0,0,632,0,2,56,52,15,21
ACC203580,CUST104733,Savings,12651.34,43622.13,-96355.11,119510.96,1368370.58,496,1.5,1,69,86,10,29
ACC201681,CUST100108,Salary,10401.3,4152.3,1894.18,0,0,642,0.01,3,85,,,43
ACC200882,CUST102498,Fixed Deposit Linked,9648.12,8687.71,467.56,,0,673,0.04,3,85,90,12,32
ACC203604,CUST103771,Salary,39517.71,38189.32,-18657.84,76637.42,877295.55,461,,2,85,74,12,40
ACC200698,CUST102276,Salary,127720.57,38699.15,27749.82,0,0,,0,1,66,66,11,22
ACC203837,CUST100454,Current,805383.66,46047.59,76952.39,0,0,675,0.01,2,59,62,6,35
ACC203981,CUST104391,Current,218490.02,25185.99,34317.88,0,,643,0,3,32,,12,11
ACC202051,CUST100820,Salary,149178.53,23304.82,25649.79,0,0,660,0,2,38,34,14,18
ACC204130,CUST102349,Salary,48184.7,12355.93,10229.07,0,0,589,0.02,3,40,15,21,10
ACC200215,CUST102370,Salary,4897.26,3382.53,658.38,0,0,625,0.02,2,88,100,7,45
ACC203024,CUST100307,Current,1789356.08,366324.49,145202.7,,,683,0.01,4,84,82,14,30
ACC202146,CUST101395,Salary,14197.62,43900.11,-11175.59,53733.27,3530977.79,549,0.66,1,79,79,11,32
ACC202322,CUST102301,Savings,16764.27,33046.13,-195633.45,222381.74,2541975.96,491,1.5,4,85,100,6,47
ACC204840,CUST101636,Salary,62513.44,66780.47,7240.05,40106.3,2522091.74,600,0.35,2,49,31,11,18
ACC202482,CUST103689,Current,774101.66,542594.42,-2854753.92,3443879.45,38754292.36,520,1.5,3,66,71,10,28
ACC201370,CUST100328,Salary,24972.81,46927.9,-42425.62,57831.96,1220479.65,519,0.92,2,89,91,15,36
ACC201566,CUST102127,Savings,23576.18,52175.34,-11792.82,35521.33,1107152.67,555,0.47,1,67,63,8,26
ACC202192,CUST101450,Savings,359399.93,107855.06,56594.82,0,0,659,0.04,1,98,100,11,40
ACC203320,CUST100377,Salary,,36394.87,18179.66,16513.98,1205120.55,687,0.28,1,84,87,8,35
ACC204986,CUST101184,Fixed Deposit Linked,30479.03,2169.12,3501.9,0,0,599,0,3,90,,7,46
ACC204958,CUST102061,Salary,,55340.12,19496.94,45926.67,,586,0.35,1,60,85,12,32
ACC203831,CUST103982,,17674.12,8367.34,2607.51,0,0,575,0,1,77,63,,30
ACC201516,CUST100801,Current,751358.97,109807.68,79504.14,0,0,713,0.03,2,62,47,8,21
ACC202748,CUST104501,Savings,829289.72,255713.83,210018.12,0,0,660,0,4,93,91,5,29
ACC202503,CUST104930,Fixed Deposit Linked,18966.44,3538.34,1710.96,0,0,513,0,3,100,94,7,36
ACC203044,CUST104585,Savings,4838.27,,801.78,0,0,590,0.02,1,93,100,9,44
ACC201766,CUST102518,Salary,35591.36,92396.98,-12015.64,46831.55,5228520.23,693,0.35,5,98,84,6,37
ACC202186,CUST100484,,17169.48,,-491.39,,1929049.69,498,0.61,1,66,58,9,
ACC204830,CUST101707,Savings,26891.85,35469.17,-118116.66,177244.44,1995970.13,525,1.5,1,73,75,13,31
ACC203308,CUST104407,Savings,172604.81,40932.32,29555.58,,1224221.13,582,,1,100,63,10,39
ACC203977,CUST103079,Savings,14595.19,6069.15,3670.51,0,0,587,0.06,1,81,100,9,32
ACC201037,CUST101751,,309309.22,58936,98546.65,0,,663,0.03,3,60,50,13,17
ACC202437,CUST101830,Salary,77711.35,17775.79,14683.28,0,0,695,0,3,43,26,13,16
ACC202999,CUST100986,Salary,181540.39,,,0,0,709,0.02,1,82,86,9,27
ACC201510,CUST101765,Salary,,42530.58,31711.89,0,0,647,0,2,78,100,11,31
ACC200411,CUST103197,Savings,13645.01,2655.28,3161.57,0,0,653,0.02,3,65,59,11,21
ACC203802,CUST102670,Salary,20199.57,4649.49,4633.82,0,0,552,0,1,86,98,8,46
ACC203649,CUST104532,Salary,121639.91,26454.3,27473.77,15655.13,1573212.45,590,0.19,2,62,70,12,21
ACC201301,CUST101595,Salary,51147.4,96568.82,-480315.87,535037.51,5988606.3,594,1.5,2,72,86,10,29
ACC203259,CUST102272,Salary,256410.43,176203.88,68174.11,0,0,660,0,1,60,55,12,22
ACC201296,CUST100330,Savings,47142.54,94748,-56929.73,105325.16,3187043.3,534,0.8,3,73,78,6,25
ACC203723,CUST103989,Savings,9454.84,3072.08,1333.38,0,0,556,0,1,77,100,5,41
ACC203316,CUST103592,Salary,278242.2,48631.24,52628.3,33817.63,1070340.09,723,0.26,4,84,68,5,28
ACC203475,CUST100355,Salary,43193.4,71260.58,-8634.66,37004.47,3016854.23,557,0.4,,51,49,8,13
ACC204058,CUST101879,Fixed Deposit Linked,721500.79,64853.16,56064.1,12528.36,1372502.58,648,0.14,2,100,94,8,37
ACC204077,CUST104564,Savings,103365.96,23319.11,16406.98,0,0,567,0,3,53,,17,18
ACC204353,CUST103031,Savings,33220.67,79017.92,-9018.99,41242.81,2806895.2,632,0.32,2,70,48,13,21
ACC202549,CUST104396,Savings,73806.26,51327.1,21811.15,8816.67,664433.77,649,0.14,2,61,73,9,27
ACC204869,CUST103627,Salary,20050.09,25852.06,-2967.09,44654.79,1384139.06,488,0.68,2,77,84,10,35
ACC200758,CUST104203,Savings,13345.07,8266.69,2166.01,0,0,576,0,,78,92,12,43
ACC202367,CUST100997,Savings,15001.17,3367.21,,0,0,577,0.03,2,86,78,11,31
ACC202476,CUST104835,Salary,17030.29,7131.59,2550.88,0,0,563,0.01,2,100,98,11,39
ACC204445,CUST101396,Salary,146660.98,43516.21,33614.04,0,0,655,0,2,50,,7,26
ACC201317,CUST103755,Savings,41843.84,73092.84,2340.76,76122.58,6175919.35,575,0.46,1,60,62,16,18
ACC203184,CUST100311,Salary,105161.93,27359.53,20170.61,0,0,622,,3,36,35,16,13
ACC200073,CUST100296,Salary,28049.89,64830.49,-54537.18,95284.74,1067902.29,558,0.92,5,89,100,9,45
ACC200025,CUST100501,Fixed Deposit Linked,229026.23,87276.1,22296.67,28467.48,3179644.74,661,0.22,2,66,85,15,37
ACC203392,CUST103647,Savings,81475.79,101885.5,12669.77,43464.12,1893796.2,628,0.27,4,86,85,10,35
ACC203582,CUST103401,Salary,153271.76,58311.58,,0,0,699,0,4,96,67,5,39
ACC201126,CUST103959,Savings,143829.83,59198.05,37281.71,0,0,573,0,3,92,100,14,45
ACC201139,CUST100314,Fixed Deposit Linked,25741.94,2568.27,2407.24,591.79,28332.66,550,0.13,5,100,100,6,37
ACC200505,CUST100047,Savings,528491.05,94937.72,72922.26,44875.28,4192348.39,681,0.22,3,79,90,7,23
ACC201560,CUST104150,Salary,37870.32,13600.41,10241.69,0,0,639,0,,22,27,12,12
ACC204694,CUST101686,Savings,433116.37,112209.58,95356.36,0,0,720,0.02,5,95,97,8,40
ACC204786,CUST102049,Fixed Deposit Linked,100019.39,39580.73,13692.53,19240.39,1609747.52,602,0.21,3,72,68,11,20
ACC204831,CUST103474,Salary,,106194.79,-36815.93,82140.34,6527400.9,621,0.59,3,55,55,12,27
ACC204928,CUST101275,Savings,24108.95,84112.23,,42938.33,3516711.54,573,0.37,1,100,100,7,36
ACC203530,CUST100039,Current,469949.6,289701.96,-744417.83,1159537.35,24942345.27,504,1.5,4,78,53,14,25
ACC203619,CUST100292,Savings,2234450.43,474858.21,372783.67,0,0,688,,1,62,60,14,17
ACC201120,CUST100551,Fixed Deposit Linked,460628.75,473235.43,-2157543.92,2626590.9,57136712.44,,1.5,3,,37,,18
ACC201112,CUST100627,Savings,6350.37,1840.87,1176.73,0,0,539,0,2,97,81,7,45
ACC200586,CUST104519,NRI,168090.5,29727.59,45809.9,4970.32,226312.81,685,0.02,1,45,62,10,23
ACC200601,CUST104299,Savings,21704.6,4961.04,3373.58,0,0,509,0.01,3,86,84,13,38
ACC200611,CUST104566,Savings,8855.85,27970.52,-99198.78,122697.76,1367806.44,460,1.5,2,87,59,17,34
ACC203186,CUST104052,Savings,10699.53,36102.7,-26844.62,96086.08,2857444.84,595,0.95,2,58,34,8,19
ACC202473,CUST103426,Salary,207593.9,69863.54,30141.8,,1197036.98,667,0.18,3,69,77,13,37
ACC202696,CUST103649,Salary,139383.17,51667.75,21108.32,34334.16,3732157.47,547,0.37,2,80,87,12,33
ACC201089,CUST102495,Savings,11496.66,44696.41,-7401.74,45843.16,521808.13,555,0.57,2,82,80,13,29
ACC202737,CUST103990,,430466.43,64982.62,68741.51,0,0,645,0.01,3,100,100,6,52
ACC201535,CUST102465,Salary,1473.99,2320.14,272.62,0,0,601,0,2,100,100,5,45
ACC201408,CUST100217,Savings,233635.25,55121.29,40784.62,0,0,700,0,2,73,87,6,33
ACC202613,CUST102802,Salary,171219.24,80013.15,41302.73,0,0,683,0,2,44,45,21,21
ACC200348,CUST102093,Savings,17409.96,22327.27,-9103.61,33652.21,2052665.25,456,0.73,4,91,100,10,40
ACC200885,CUST101747,Savings,2349.74,3916.31,372.34,203.95,20604.55,602,0.04,2,100,96,11,35
ACC204930,CUST104551,Savings,9078.24,22609.16,-37806.73,61093.96,702079.28,489,1.34,3,37,14,18,7
ACC204530,CUST102502,Current,4280270.23,163684.17,268792.03,0,0,669,0.04,3,85,78,13,42
ACC200782,CUST104035,Savings,81418.96,27108.96,16692.77,22775.79,2269433.94,591,0.28,3,80,52,8,23
ACC204659,CUST102660,Current,6113.54,1500.29,602.67,0,0,611,0.04,1,82,66,15,33
ACC204598,CUST103087,Savings,13362.14,2647.5,3324.33,0,0,578,0,1,53,41,14,21
ACC200629,CUST100371,Salary,14319.45,75670.93,-372001.77,400075.99,4492438.05,506,1.5,2,66,54,6,29
ACC204117,CUST103876,Savings,,10388.64,16893.97,,0,609,0.01,2,33,25,15,13
ACC204619,CUST104045,Savings,223022.6,32993.12,52206.26,0,0,680,0,1,86,64,11,26
ACC202548,CUST104109,Salary,26420.87,34428.2,-9799.6,32979.11,2742913.63,573,0.56,1,60,56,13,33
ACC203712,CUST103590,Current,4816947.73,298264.05,291200.02,0,0,611,0.07,1,88,96,10,40
ACC202457,CUST100234,Salary,18980.72,4854.36,3573.47,637.19,47933.89,548,0.12,2,100,91,9,33
ACC200408,CUST100387,Salary,508997.13,65739.68,120975.49,0,0,689,,3,71,64,12,24
ACC203391,CUST100906,Salary,35710.43,65787.4,-34840.77,69657.34,2064145.98,554,0.7,1,69,45,20,17
ACC200164,CUST100151,Savings,432736.01,82945.72,87841.23,0,0,691,0.01,2,87,63,15,37
ACC203265,CUST104296,Current,3288411.12,458387.27,250511.23,190799.87,17751753.88,619,0.17,3,97,,11,34
ACC204650,CUST100635,Salary,97829.77,138107.3,-23075.67,86222.66,8276293.37,602,0.4,1,76,53,7,19
ACC202336,CUST102481,Savings,101593.83,39463.05,16664.44,0,0,605,0,3,57,70,7,30
ACC202038,CUST102678,Savings,155236.78,39875.14,24858.47,43844.6,2678726.86,561,0.35,3,78,70,2,26
ACC201969,CUST101429,Salary,55735.56,14458.4,17343.31,0,0,601,0,1,45,40,12,12
ACC203508,CUST103895,Savings,1214.82,1500,134.88,0,0,635,0.02,1,96,75,4,43
ACC203570,CUST104617,Savings,264134.12,63412.04,46559.67,0,0,651,0,4,91,94,14,36
ACC201649,CUST102873,Savings,4887.88,3638.96,1271.54,0,0,613,0.03,5,100,83,7,35
ACC203860,CUST101379,Savings,157048.76,27783.16,29426.02,0,0,701,0.03,2,33,35,,12
ACC202426,CUST101923,Current,346582.18,269391.63,-995767.25,1116462.99,24345843.47,542,1.5,4,74,63,9,28
ACC201087,CUST100180,Salary,5315.01,2795.76,818.65,0,0,588,0.06,4,74,60,11,27
ACC204872,CUST101597,Fixed Deposit Linked,,295777.69,426025.39,0,0,712,0,2,89,58,9,29
ACC204170,CUST101970,Current,755679.32,260711.1,-18530.5,362137.53,37527385.31,620,0.59,1,78,52,6,31
ACC203139,CUST100636,Salary,136564.96,44873.1,29550.5,26015.27,2222184.61,610,0.28,2,61,49,13,25
ACC204309,CUST100525,Fixed Deposit Linked,29381.63,,-87155.93,135001.86,4019502.74,530,1.42,3,93,100,9,37
ACC204000,CUST101701,Savings,170358.36,26932.9,36691.58,0,0,718,0,2,51,30,8,18
ACC201754,CUST100006,Savings,183104.77,75507.12,50559.25,0,0,737,0.03,3,96,95,7,34
ACC200294,CUST103064,Current,,1500,802.93,0,0,557,,4,73,83,,34
ACC203980,CUST101201,,170382.49,37502.13,34179.45,10907.91,973528.78,,0.12,2,96,76,8,37
ACC200965,CUST104664,Savings,114015.29,121323.22,-118004.34,310239.17,9630165.89,,1.02,1,45,22,9,13
ACC201822,CUST102619,Salary,109935.51,168160.64,-383114.69,459041.15,9684481.8,565,1.5,5,56,81,9,24
ACC201909,CUST104626,Fixed Deposit Linked,1940094.45,493677.31,219599.95,0,0,620,0,1,82,68,8,37
ACC202914,CUST102840,Salary,147312.65,99211.59,39355.61,0,0,726,0.01,3,77,79,,24
ACC202860,CUST103524,Current,663920.4,281967.26,-47664.54,481473.34,35993091.77,588,0.69,1,70,80,9,36
ACC203686,CUST104542,Savings,12230.37,3238.31,3289.57,0,0,603,,1,83,74,5,26
ACC202363,CUST103618,Savings,,1978.04,333.23,336.44,33021.62,517,0.17,6,71,100,16,35
ACC200528,CUST103537,Fixed Deposit Linked,82477.79,53589.11,6032.62,29335.88,3030957.61,696,,3,78,77,6,40
ACC203202,CUST103083,Savings,251715.39,41679.53,68049.8,0,0,690,0.03,1,72,75,12,34
ACC203225,CUST101713,Savings,127548.7,38046.63,24726.41,29733.49,1341490.54,590,0.31,4,72,56,11,22
ACC201968,CUST100075,,477266.54,29924.23,52884.07,0,0,626,0,1,100,100,11,33
ACC202237,CUST100528,Savings,335208.18,57153.72,55029.26,0,0,,0.02,1,78,,11,35
ACC200027,CUST100333,Current,128552.84,13871.23,,0,0,588,0.02,2,45,9,10,13
ACC204013,CUST103090,Salary,19383.54,29341.39,-7073.37,27339.95,1672486.14,630,0.56,3,88,69,11,37
ACC201673,CUST104386,Savings,148019.75,24607.89,22240.04,6035.99,466911.06,631,,3,40,27,23,13
ACC200274,CUST101833,Salary,8045.8,2411.21,1702.41,0,0,541,0,2,73,82,5,29
ACC201072,CUST103830,Savings,5052.78,2486.29,678.67,0,0,609,0.02,4,73,97,10,31
ACC201074,CUST103793,Savings,6487.33,5790.03,1333.07,0,0,687,0,2,100,91,9,40
ACC203827,CUST101599,Salary,56267.22,14347.21,15542.38,3880.59,280022.16,619,0.14,3,,79,9,39
ACC204038,CUST102523,Salary,106908.43,38679.12,34480.7,0,0,662,0.01,1,57,82,12,26
ACC203910,CUST102308,Salary,29646.45,24692.92,-35251.25,76314.76,1651822.53,468,1.18,4,88,85,7,41
ACC204443,CUST103330,Current,1602619.67,303892.12,91800.72,0,0,704,0.01,3,55,17,12,18
ACC202302,CUST104243,Savings,33864.58,6411.68,6041.99,0,0,626,0,3,,69,15,31
ACC203382,CUST100737,,23521.04,3322.97,4671.46,0,0,677,0,2,77,56,9,20
ACC204336,CUST104338,Salary,45433.31,34345.01,2719.87,31043.95,942911.67,584,0.46,3,49,33,10,17
ACC201290,CUST104277,Savings,1057.35,1726.61,-1457.59,2246.77,101797.28,405,0.92,2,100,92,11,35
ACC200585,CUST103066,,219901.83,68769.88,61128.75,0,0,801,0.01,3,83,73,11,36
ACC200837,CUST100718,Salary,107933.99,60488.47,36261.92,0,0,607,0.03,3,79,74,2,36
ACC200710,CUST104011,Salary,6665.63,37375.41,-28511.66,44422.21,1977842.28,545,0.87,3,96,100,6,40
ACC204333,CUST100671,Savings,5060.4,2940.65,954.52,0,0,608,0,1,92,100,9,41
ACC202615,CUST101549,Savings,278259.81,132877.05,42531.27,18838.81,1933459.54,732,0.08,1,70,67,12,25
ACC201250,CUST104884,Fixed Deposit Linked,54661.27,14672.78,14072.75,0,,645,0,2,58,30,13,19
ACC204240,CUST100723,Salary,154952.09,18158.77,,0,0,634,0.02,,79,76,15,29
ACC202965,CUST103837,Savings,694.91,1500,-56.26,0,0,600,0.01,2,94,81,14,26
ACC201437,CUST101609,Savings,138245.93,72787.2,,26760.81,1455952.25,662,0.22,1,65,60,6,24
ACC203799,CUST100405,Current,1792477,231486.88,207857.98,0,0,605,0,3,33,32,22,5
ACC201553,CUST100319,Fixed Deposit Linked,77571.21,,13186.01,0,0,598,0.05,3,50,42,16,18
ACC200816,CUST102284,Fixed Deposit Linked,275515.21,35246.21,23540.2,26446.32,1168187.46,681,0.25,,65,54,13,23
ACC201243,CUST101614,Salary,24816.07,35734.36,-31810.71,59853.43,1262180.51,497,0.91,2,83,63,11,21
ACC203941,CUST100822,Savings,,137770.76,17602.81,59740.38,2914712.29,652,0.27,4,71,46,12,23
ACC200957,CUST102456,Savings,138256.82,27206.16,19494.86,0,0,628,0.02,2,30,1,18,11
ACC200302,CUST103225,Savings,185337.9,67640.87,40883.41,11432.85,904681.92,606,0.12,1,84,89,6,19
ACC202619,CUST103892,Savings,59763.03,18261.46,13641.47,0,0,668,0.01,2,35,8,19,4
ACC204687,CUST103175,Fixed Deposit Linked,59213.52,50563.88,-254147.52,302557.09,3451115.93,462,,2,100,92,13,27
ACC204007,CUST103057,Current,7263.61,4427.24,797.5,0,0,,0,6,100,100,1,40
ACC202678,CUST101960,Savings,181963.89,41661.97,43049.97,406902.39,21921637.3,638,0,2,92,70,9,24
ACC203559,CUST102737,Salary,345198.48,106688.15,112128.77,0,0,685,0.03,2,65,65,8,31
ACC202485,CUST101688,Salary,231096.08,66077.33,43933.02,0,0,687,0.01,3,90,100,8,32
ACC204916,CUST100064,Savings,119883.28,72757.51,33920.5,0,0,643,0.05,3,69,79,15,22
ACC203706,CUST100726,Current,225938.21,193002.09,-108029.8,234397.43,14598126.24,614,0.69,4,86,86,5,38
ACC201063,CUST101129,Savings,149277.1,,24673.49,7334.92,,581,0.1,2,50,73,11,21
ACC200872,CUST100203,Savings,342829.76,45352.03,54561.93,0,0,599,0.06,4,85,54,18,27
ACC204904,CUST104875,Savings,34051.48,62355.87,-4034.09,52437.32,4304370.33,604,0.45,1,100,81,11,36
ACC202819,CUST104790,Savings,266944.97,94828.81,59979.18,0,0,605,0.01,1,75,64,8,28
ACC204882,CUST101757,Savings,10666.54,20326.65,-23828.04,44113.43,,414,1.02,4,76,86,11,28
ACC200952,CUST100594,Salary,147218.67,44692.5,26029.95,0,0,681,0,1,65,78,9,31
ACC200159,CUST100144,Salary,24897.4,29032.85,-13702.78,33645.73,2113787.79,579,0.64,3,66,73,15,21
ACC200906,CUST102683,Salary,11175.25,20092.33,-21924.56,51013.3,1561937.49,500,1.01,2,57,84,10,23
ACC200923,CUST100879,Savings,262102.17,31896.78,43102.89,0,0,684,,2,25,11,13,7
ACC202770,CUST102833,Salary,100428.7,51905.31,19049.31,61443.56,3682957.12,660,0.48,2,90,82,9,20
ACC200059,CUST102570,Savings,80301.64,24271.24,19981.26,0,0,617,0,1,53,35,,18
ACC202922,CUST103724,Salary,121153.73,22486.28,26935.4,6615.56,435695.84,682,0.12,2,65,60,9,29
ACC204617,CUST103118,Salary,42415.88,36589.31,7152.66,6376.02,481533.58,604,0.17,2,60,69,15,31
ACC204767,CUST103923,Savings,6432.04,2028.12,1518.03,,0,579,0,2,94,93,8,37
ACC201975,CUST100131,Savings,196543.12,44248.75,35853.79,0,0,663,0.01,2,71,51,5,21
ACC200023,CUST100642,Salary,336240.77,,58976.21,24347.36,2520012.08,669,0.17,3,64,50,17,16
ACC204005,CUST102549,Savings,77874.67,29545.56,14999.16,19640.01,1721361.43,645,,2,64,65,12,25
ACC202625,CUST100123,Salary,45306.66,90977.92,-96936.72,139794.81,4452666.61,525,1,2,83,67,14,25
ACC200683,CUST103745,Savings,192347.92,30824.58,45684.24,0,0,604,0,2,43,,15,13
ACC203063,CUST100619,Current,973039.32,710686.59,32483.11,210545.34,19113132.28,680,0.23,3,41,37,17,16
ACC202394,CUST104048,Salary,209568.57,43955.63,42297.1,0,0,663,0.07,3,89,81,12,44
ACC204321,CUST102261,Savings,4765.44,1500,735.79,0,0,534,0.02,4,100,90,8,24
ACC203603,CUST103985,Current,9280.16,1500,759.48,0,0,,0,3,43,57,15,27
ACC202140,CUST103792,Savings,,50772.05,-96333.03,138245.06,1546382.95,586,1.49,3,100,100,15,41
ACC202056,CUST104457,Salary,23718.97,30534.28,-26117.18,66352.46,2096945.32,504,0.91,2,92,77,1,31
ACC202702,CUST104460,Savings,500,1500,-427.54,0,0,584,0.06,2,84,65,22,37
ACC200228,CUST100297,Savings,138380.63,60868.09,20938.89,15167.23,1233182.24,618,0.1,1,81,98,7,43
ACC200489,CUST100677,Fixed Deposit Linked,87045.65,70821,-17265.72,118569.31,5690225.93,555,0.72,2,78,58,12,29
ACC201237,CUST103628,Salary,18467.77,40264.9,-28466.05,82066.34,933933.69,503,0.96,2,,90,7,42
ACC200829,CUST103545,,161835.94,18277.91,28573.37,0,0,644,0,3,30,2,22,8
ACC204744,CUST102735,Savings,232131.39,55887.7,36018.12,0,0,704,0.01,3,82,65,13,24
ACC200385,CUST101550,Current,,4047.21,2685.37,0,0,591,0.01,1,79,91,8,34
ACC204305,CUST100364,Fixed Deposit Linked,169471.97,45431,16833.66,41767.62,1315127.13,587,,5,100,100,7,41
ACC202497,CUST103552,Fixed Deposit Linked,81384.77,199685.58,,175638.55,9768151.75,664,0.61,4,74,87,16,38
ACC202283,CUST100204,Salary,18278.19,40984.08,-41376.3,82099.22,3687700.66,433,0.99,4,74,84,,37
ACC200015,CUST103543,Salary,23287.25,95387.16,,,5807770.96,557,1.33,3,76,73,11,27
ACC203900,CUST103947,Salary,5425.6,2948.56,1338.6,471.45,30745.3,562,0.11,2,100,99,10,41
ACC203162,CUST103380,,75166.28,13104.73,16969.98,0,0,649,0,2,28,29,11,7
ACC204851,CUST101998,Salary,23317.37,89495.34,-32182.29,115965.62,3699161.54,611,0.66,,67,64,9,29
ACC201388,CUST101714,Current,249064.75,43424,15326.2,0,0,562,0,1,69,88,12,34
ACC204495,CUST104536,Fixed Deposit Linked,161806.2,38372.58,22741.99,0,0,655,0.01,2,32,41,22,17
ACC201588,CUST103479,Savings,48680.25,120682.69,1440.27,,6727749.71,665,0.33,2,78,60,9,32
ACC204982,CUST104843,Savings,86134.66,13251.64,12639.03,0,0,641,0.01,3,25,33,19,7
ACC203348,CUST103233,Salary,236956.03,,35540.43,0,0,661,0.01,4,95,79,9,24
ACC204789,CUST100623,Savings,16922,4637.49,3139.56,0,0,580,0,2,93,98,5,26
ACC201751,CUST104584,Current,61933.82,59497.42,-16286.73,46664.28,2853655.79,567,0.54,3,39,52,18,
ACC203274,CUST104204,Fixed Deposit Linked,21096.27,4866.93,3229.94,0,0,582,0.03,3,100,100,10,42
ACC201150,CUST103194,Current,927542.25,102555.98,141967.67,0,0,666,,2,86,68,8,33
ACC203426,CUST101245,Current,3409.32,1589.97,151.85,0,0,556,0,1,72,61,8,29
ACC201304,CUST103898,Savings,900800.9,190216.14,156835.42,0,0,707,0,3,86,100,13,40
ACC201231,CUST102245,Savings,134761.4,26854.74,20638.46,25334.96,1444457.19,513,0.37,2,83,78,,36
ACC202744,CUST104677,Salary,20172.05,35631.36,91.15,51608.42,3551600,616,0.58,3,79,66,9,26
ACC201792,CUST102517,Salary,23391.8,58646.43,-18538.25,,1411357.91,640,0.53,1,79,61,21,37
ACC204622,CUST103506,Salary,11830.11,2275.56,2154.37,0,0,577,0,,97,80,7,30
ACC203555,CUST102263,Savings,36605.74,58119.35,-28296.28,73426.23,1591287.26,591,0.67,1,70,70,13,34
ACC201269,CUST100433,Salary,3414.86,2450.77,709.44,0,,533,0,5,85,100,5,40
ACC203160,CUST103897,Salary,165133.8,23432.44,27927.75,0,0,,,2,71,96,,45
ACC203488,CUST102383,Current,221448.42,336728.16,-1953948.54,2346697.37,26246347.26,485,1.5,3,66,54,13,24
ACC200963,CUST101557,Savings,257245.68,82467.99,50392.14,30441.91,3251868.05,615,0.2,2,90,91,9,30
ACC203154,CUST100607,Salary,9018.1,3874.79,1376.29,0,0,433,0.02,3,83,79,11,31
ACC200497,CUST100367,Salary,120065.65,26946.83,20858.3,0,0,582,0.02,4,21,18,,3
ACC200352,CUST101272,Salary,3977.72,4324.7,941,0,0,,0,5,96,100,8,38
ACC201838,CUST102354,Current,13324.77,2824.3,857.71,0,0,487,0.05,4,74,97,8,43
ACC203931,CUST103695,Salary,7506.24,2355.02,1332.13,0,0,561,0,4,95,98,14,39
ACC202490,CUST100521,Current,348749.58,58169.98,34241.89,0,0,694,0,3,27,14,21,7
ACC200001,CUST102586,Salary,57954.43,55263.25,-280970.37,349867.27,3902748.08,547,,4,62,81,10,25
ACC200285,CUST103936,Salary,139592.56,28898.86,35137.35,0,0,629,0,1,80,78,9,30
ACC204809,CUST101794,Salary,415981.7,48488.23,77557.87,0,0,654,0,1,100,100,7,39
ACC201646,CUST102114,Salary,31305.1,41539.32,-20902.07,96664.57,4367789.56,,0.83,1,81,66,8,25
ACC200783,CUST102662,Salary,10598.98,50034.89,-223605.73,259753.27,2945602.02,470,1.5,,78,92,9,49
ACC202908,CUST100140,Savings,123350.05,45460.21,35043.49,0,0,724,0,3,74,68,6,
ACC203991,CUST103714,Salary,5304.23,2454.71,1274.16,0,0,604,,4,94,94,9,34
ACC204706,CUST104986,Current,20909.34,2273.52,1563.92,0,0,573,0,3,100,100,,33
ACC202396,CUST100226,Current,2142150.24,237937.85,269937.34,,0,672,0.03,2,63,52,8,26
ACC200068,CUST103682,Current,653297.64,37605.44,59126.61,0,0,696,0.01,2,35,23,14,10
ACC200403,CUST102605,Fixed Deposit Linked,1493684.35,167873.95,132716.26,96036.53,8198266,608,0.25,1,71,66,13,16
ACC203434,CUST103658,Salary,155573.07,38401.17,40190.97,30172.72,1867344.86,560,,3,56,72,14,22
ACC202802,CUST101764,Salary,290189.5,59596.66,74517.37,0,0,,0,1,78,73,12,32
ACC200797,CUST103409,Savings,93075.01,39252.9,21045.17,0,0,644,0.01,3,61,96,11,19
ACC203098,CUST100300,Salary,211727.47,34725.36,57722.28,0,0,690,0,4,77,87,6,39
ACC204967,CUST101528,Salary,48676.29,63569.96,-172586.28,225714.18,2555352.15,546,1.5,4,80,90,8,35
ACC204482,CUST104186,Salary,67752.01,29024.64,9993.51,28061.07,887326.44,570,0.43,3,45,77,16,25
ACC202023,CUST104937,Salary,4376.48,1500,728.94,517.57,42327.69,502,0.16,3,100,96,7,58
ACC200177,CUST103496,Fixed Deposit Linked,360105.17,38744.32,,0,0,609,0.03,2,79,66,6,27
ACC200953,CUST103814,Savings,52191.07,129203.99,-196447.59,247716.9,7542007.97,519,1.41,4,49,49,13,21
ACC203428,CUST100571,Salary,60807.43,11869.94,18126.13,0,0,578,0,2,42,42,19,19
ACC202139,CUST102492,Salary,121009.15,22733.23,23815.97,7075.06,684202.22,587,0.08,2,100,75,10,34
ACC201200,CUST101221,Savings,5525.8,1500,898.21,0,0,,0,1,75,77,5,25
ACC204319,CUST104202,Savings,254708.54,49511.43,36613.74,0,0,698,0,2,23,15,14,10
ACC202915,CUST102446,Current,1888348.79,565574.14,200760.03,0,0,598,0.06,1,78,94,12,29
ACC203894,CUST102761,Savings,146871.6,73317.02,32084.39,0,0,650,0.05,2,75,83,7,33
ACC202300,CUST104223,Fixed Deposit Linked,4395186.4,525374.18,438038.48,0,0,687,0.03,3,67,80,11,29
ACC201756,CUST101691,Savings,29130.94,18154.95,5515.72,15358.4,1156743.17,481,0.4,4,66,82,6,33
ACC203486,CUST102139,Savings,,48534.29,35926.81,0,0,664,0.08,4,89,100,9,27
ACC202606,CUST102293,Savings,51634.91,58258.36,-44832.59,95646.4,1089255.71,559,0.94,3,59,52,,15
ACC201577,CUST101071,Salary,19185.98,31206.56,,60107.01,1771254.54,485,1.2,1,75,85,5,31
ACC202719,CUST101689,Fixed Deposit Linked,347471.89,98175.67,52723.42,0,0,694,0,1,75,91,10,42
ACC202241,CUST104935,Savings,186693.62,42222.47,42928.09,0,0,577,0,2,80,23,10,20
ACC201928,CUST103933,Savings,16471.5,7202.6,3852.13,0,0,599,0.01,4,70,75,11,30
ACC202774,CUST102401,Salary,5804.89,1500,1040.99,199.5,20000,469,0.05,3,100,95,4,33
ACC201507,CUST101526,Salary,214359.24,83846.9,32452.87,0,0,638,0.01,4,62,60,12,
ACC201497,CUST101837,Salary,244641.1,35954.63,38930.96,17337.85,1555728.31,658,0.19,2,93,67,6,42
ACC204850,CUST103445,Salary,115202.38,27925.14,15206.42,24108.17,1169960.35,627,0.34,3,89,62,13,22
ACC202292,CUST103612,Savings,133732.61,68658.36,,,3138802.11,583,0.36,6,86,96,8,39
ACC202493,CUST104539,Salary,331006.47,42928.47,76867.09,0,0,649,0,2,86,73,10,29
ACC204235,CUST101828,Salary,27596.72,31506.96,2108.69,36059.72,2866337.34,591,0.5,4,84,87,8,26
ACC200538,CUST102648,Salary,38712.69,34056.23,7150.66,17464.44,933666.79,645,0.31,3,72,94,11,29
ACC201330,CUST102304,Savings,15156.41,3980.05,3657.58,0,0,568,0.01,2,82,69,5,31
ACC202303,CUST103995,Salary,122348.43,18927.27,22843.6,,0,692,0.06,4,23,,15,8
ACC202499,CUST102822,,116427.39,44133.96,25397.1,52699.86,3085522.65,558,0.41,2,80,71,14,32
ACC201612,CUST101207,Current,3925395.23,409866.19,247677.8,0,0,612,0,1,53,74,13,27
ACC201488,CUST102859,Savings,504089.71,54289.93,92609.49,0,0,641,0,2,70,49,8,27
ACC202018,CUST104599,Salary,144863.03,128643.23,21818.8,110053.83,7555597.59,610,0.47,3,,46,13,19
ACC201744,CUST101467,Fixed Deposit Linked,557807.87,112429.97,123581.77,0,0,596,0,,86,74,10,28
ACC204941,CUST103461,Savings,239491.11,118347.84,53313.54,0,0,677,0.03,1,100,100,7,45
ACC203913,CUST103190,,170532.33,67483.66,22604.96,86548.08,7877733.41,627,0.47,2,54,68,14,27
ACC204712,CUST100699,Salary,327007.85,36632.04,58986.99,0,0,703,0,1,47,55,21,15
ACC200120,CUST101370,Salary,230136.06,72699.6,28413.66,39659.8,2990296.77,635,0.25,1,83,42,13,27
ACC204166,CUST102035,Savings,162019.88,38362.93,36232.73,0,0,657,0.01,4,97,32,15,20
ACC204889,CUST104488,Fixed Deposit Linked,,250669.34,-52353.25,275578.7,23746148.2,561,0.66,3,63,76,12,36
ACC200948,CUST100463,Salary,355787.35,88453.23,105667.02,0,0,587,0.03,1,84,77,10,37
ACC200510,CUST103795,Salary,64879.44,7520.62,10923.91,0,0,604,0.02,1,49,40,14,
ACC201393,CUST100978,Fixed Deposit Linked,51279.52,5058.14,7925.15,0,0,623,0.02,2,82,73,7,18
ACC201508,CUST104855,NRI,2907.26,2588.24,321.76,0,0,,0,4,100,100,5,51
ACC203895,CUST100592,Current,670740.71,180755.75,71509.66,162322.5,7903823,540,0.39,3,81,71,10,31
ACC204325,CUST104351,Salary,8636.22,28006.69,-46391.77,61103.64,686982.89,394,1.48,2,78,82,7,35
ACC201331,CUST102567,Salary,199654.12,44689.86,37688.98,0,0,688,0.02,3,,49,11,13
ACC201309,CUST100518,Salary,,6948.8,504.91,0,0,589,0.01,4,10,100,52,32
ACC203877,CUST101781,Current,371358.06,29917.63,36670.33,0,0,622,0.01,3,35,,16,13
ACC204675,CUST104495,Salary,341143.05,71297.88,67734.26,0,0,640,0,2,76,87,,29
ACC202973,CUST100018,Salary,213090.36,43170.12,44608.26,0,0,599,0.01,4,59,93,13,16
ACC203800,CUST100757,Salary,92962.67,47166.3,14452.23,12359.2,799435.81,634,0.13,1,75,86,15,45
ACC204863,CUST103302,Savings,226215.97,74605.14,31003.01,96487.9,4368071.04,641,0.48,1,82,64,10,28
ACC203890,CUST104929,Current,5873.64,1500,430.02,0,0,573,0,1,49,19,,17
ACC203930,CUST103452,Savings,16624.12,22192.54,-6378.06,31829.31,983416.21,494,0.66,1,92,85,,31
ACC201931,CUST100748,Fixed Deposit Linked,108470.28,27050.58,15889.29,0,0,660,0.02,3,,85,13,33
ACC202812,CUST104606,Savings,38390.23,6629.73,,0,,591,,3,71,66,9,26
ACC202539,CUST104267,NRI,17358.94,4248.58,2980.67,0,0,605,0,2,76,100,9,44
ACC202669,CUST100091,Salary,6548.54,1675.66,1363.12,0,0,571,0,1,86,81,14,44
ACC204124,CUST103281,,352170.26,12881.26,22718.51,0,0,647,0.06,3,91,,9,28
ACC203825,CUST104730,Salary,60296.2,103576.26,-67078.19,110369.51,4895309.14,532,0.74,3,85,,10,30
ACC203719,CUST101817,Savings,53554.75,10503.22,9882.34,0,0,618,0,1,55,44,12,30
ACC203748,CUST101520,,72433.04,121813.04,-172729.93,221755.05,4796504.18,512,1.27,2,58,55,10,27
ACC201117,CUST104275,Salary,343416.6,63837.4,79369.6,21151.13,1699334.94,663,0.14,2,79,76,12,29
ACC203248,CUST100089,Salary,285221.82,55812.1,45022.32,0,,649,0,1,80,83,11,34
ACC204481,CUST100713,Current,351880.56,56417.94,24416.65,0,0,677,0.02,2,63,61,10,19
ACC200663,CUST101044,Savings,144481.64,24057.33,24806.05,0,0,569,0.02,3,91,100,9,27
ACC202822,CUST104989,Savings,13320.29,5445.16,2351.23,0,0,,,2,93,100,5,47
ACC200573,CUST102416,Savings,20348.16,3765.12,3425.18,0,0,657,0,3,69,,13,
ACC203652,CUST103487,Savings,106650.69,47582.27,25336.58,0,0,696,0,5,68,72,7,19
ACC200696,CUST100184,Salary,46404.62,52640.57,-56359.45,123635.52,1403759.46,489,1.05,2,84,100,10,47
ACC203847,CUST102074,Savings,73521.63,96591.74,-54019.16,115674.33,5630151.34,564,0.72,3,62,55,7,20
ACC204670,CUST101982,Fixed Deposit Linked,379686.21,47806.53,34352.3,0,0,677,0.03,3,66,40,11,29
ACC204458,CUST104869,Savings,72967.95,18294.46,16992.14,0,0,673,0,3,14,12,15,7
ACC203169,CUST101748,,674699.68,,-522700.55,903942.82,,506,1.03,1,59,52,7,25
ACC204053,CUST101002,Salary,18707.29,73649.53,-63894.32,96653.47,2042098.99,,0.85,3,68,44,17,24
ACC201071,CUST103357,Savings,96497.94,9057.96,15501.69,0,0,619,0.01,1,46,27,13,21
ACC204023,CUST103389,Savings,857328.18,291360.79,121461.82,0,0,676,0,4,58,68,8,35
ACC202187,CUST101320,Current,100661.2,46474.42,-127198.03,190144.66,4032162.32,458,1.5,3,48,45,16,
ACC204069,CUST104742,Current,13681.82,19561.29,-3933.02,12240.97,137823.09,560,0.44,2,77,60,4,23
ACC202045,CUST104438,Savings,2533.58,,490.25,0,0,537,0,2,91,49,9,27
ACC200282,CUST100731,,44247.69,56013.08,-138245.34,229057.4,7149448.82,526,1.5,3,100,100,17,36
ACC200258,CUST100426,Savings,73100.72,15889.51,16008.78,0,0,555,0.02,5,,76,7,28
ACC202664,CUST102494,Salary,246936.95,49040.74,67482.98,0,0,653,0,6,94,100,6,38
ACC201811,CUST102231,,181609.59,53751.81,34608.54,41728.53,3414500.76,628,0.32,2,90,74,9,30
ACC201797,CUST101236,Salary,,28413.02,6525.34,41988.8,3165319.88,604,0.55,1,72,78,12,23
ACC200599,CUST101876,Savings,135811,33021.39,21162.6,36345.43,2060145.23,547,0.36,4,82,85,7,29
ACC203233,CUST104781,Salary,46601.67,43667.24,7893.58,21320.09,1143554,584,0.29,3,,87,5,55
ACC200725,CUST104769,Savings,1377157.92,254074.67,352389.9,0,0,647,0,4,80,,9,32
ACC201636,CUST100103,Savings,133941.12,18892.34,29839.84,0,0,707,0,3,33,31,10,13
ACC202918,CUST104596,Savings,2885.54,7437.93,-1718.92,2424.82,109698.07,517,0.26,3,97,79,13,43
ACC200677,CUST101432,Fixed Deposit Linked,302845.69,57400.75,35126.74,0,0,700,0,6,65,59,,16
ACC204031,CUST101759,Current,12550.06,1500,1664.07,0,0,484,0.03,4,98,100,6,37
ACC201152,CUST103414,Savings,86351.41,95240.47,13914.17,24633.02,1469326.01,632,0.21,2,82,79,5,41
ACC201346,CUST102388,Salary,34086.43,61696.76,4444.13,43077.49,2944813.82,,0.38,4,69,100,7,33
ACC200055,CUST103078,Savings,239983.86,411036.3,-591797.57,1008502.67,44719737.51,506,1.18,3,63,50,13,19
ACC204971,CUST103005,Salary,67228.92,58852.78,5297.1,21766.84,2038171.36,633,0.29,3,73,87,7,20
ACC200825,CUST101489,Savings,21586.75,7906.28,4246.16,0,,597,0,1,96,84,5,37
ACC201411,CUST100690,Fixed Deposit Linked,421930.14,42221.01,43983.15,0,0,672,0.02,,85,87,15,36
ACC201546,CUST100056,Savings,250889.97,114984.47,50919.97,0,0,684,0.07,6,90,71,4,31
ACC203336,CUST101083,Savings,8302.58,3448.92,1924.81,,0,,0,2,100,95,,36
ACC202214,CUST100531,Savings,74242.58,57856.05,14743.55,13344.91,1377957.81,608,0.11,4,70,76,11,40
ACC200085,CUST101413,Savings,10658.43,39387.19,-70055.55,92312.97,2733725.64,572,1.48,3,100,100,9,30
ACC202920,CUST102666,Salary,201884.33,28526.06,41369.75,0,0,684,0,2,83,,13,36
ACC201361,CUST104721,Savings,25542.66,76009.15,-168927.34,214317.99,2416926.71,588,1.5,3,83,68,9,39
ACC202935,CUST104513,Salary,336139.35,33435.03,56869.95,0,0,615,0,4,80,63,11,29
ACC200888,CUST100668,Current,621664.98,130211.2,59809.17,0,0,659,0.06,2,93,90,8,55
ACC202954,CUST103888,,308641.96,269892.82,-141817.93,245952.84,11040466.77,481,0.7,1,43,47,19,15
ACC201687,CUST100796,Savings,8600.41,3522.15,2146.37,0,0,658,0,,87,99,3,29
ACC201819,CUST101400,Salary,32848.37,53602.22,-14488.23,33157.59,2787238.26,587,0.47,2,70,46,11,20
ACC203703,CUST104910,Savings,41560.3,42182.28,179.25,43491.81,,,0.55,1,87,59,12,31
ACC201972,CUST102751,Fixed Deposit Linked,27236.37,4363.38,2192,0,0,607,0,2,93,99,10,43
ACC202546,CUST101031,Salary,140671.51,59270.13,30227.35,0,0,606,0.03,3,79,71,11,24
ACC200714,CUST103333,Savings,245938.28,55107.1,59389.76,15491.17,854084.39,671,0.16,4,42,38,12,17
ACC204757,CUST103234,,294419.07,105372.7,80918.79,0,0,752,0,2,52,75,10,15
ACC201056,CUST104822,Current,148446.41,12653.28,13950.47,0,0,692,0,1,50,37,14,15
ACC202286,CUST100905,Savings,21892.09,38538.46,2798.1,54435.05,3237774.14,565,0.57,2,92,58,14,34
ACC204691,CUST102537,Salary,25069.34,61836.24,-17501.73,47173.56,2179221.12,559,0.56,3,61,63,15,28
ACC204984,CUST103385,Current,497911.32,38311.99,43463.27,0,0,600,0.03,3,85,70,4,31
ACC202207,CUST101749,Savings,174213.08,40431.57,35015.63,0,0,615,0.01,3,33,9,18,7
ACC204978,CUST102558,Savings,89847.96,26727.39,31801.79,0,0,635,0,1,89,92,16,34
ACC204068,CUST100875,Savings,336770.08,188539.41,73248.04,0,0,,0,3,38,29,8,14
ACC204768,CUST104199,Savings,168828.16,25690.63,26452.35,0,0,,0.02,3,56,54,,8
ACC202848,CUST100049,Savings,202319.61,204014.69,-611456.49,866916.55,18147611.56,522,1.5,2,77,77,10,33
ACC200617,CUST100746,Savings,96816.31,16410.51,26287.47,0,0,596,0,2,32,2,12,6
ACC203653,CUST101297,Savings,11089.03,43026.57,-34792.39,56261.28,1793949.22,465,0.86,2,100,72,,39
ACC204409,CUST104158,Salary,226344.32,102102.3,33439.01,0,0,710,0.03,3,50,45,10,16
ACC200123,CUST100199,Salary,14234.34,34706.76,-217954.35,275520.31,3086234.04,531,1.5,4,70,59,14,35
ACC204803,CUST103219,Savings,17007.64,68553.13,-122067.98,185287.4,5822994.07,518,1.33,3,83,76,9,30
ACC202042,CUST101896,Savings,97815.59,55707.57,25977.82,61479.7,2686694.59,604,0.43,2,84,92,11,25
ACC200334,CUST100485,Salary,5403.88,2733.81,1008.11,0,0,546,0.07,2,97,89,8,39
ACC201362,CUST103864,Savings,505038.83,72159.71,77671.74,44240.9,1401907.89,669,0.17,4,61,50,12,28
ACC200304,CUST102876,Salary,212519.03,110377.06,34331.02,0,,693,0.01,1,61,83,11,28
ACC202772,CUST101821,Savings,96824.71,48630,14218.35,52072.2,3315205.63,557,0.44,1,64,61,8,26
ACC200980,CUST100831,NRI,20331.39,71097.04,-153664.69,182692.56,3979090.64,530,1.5,3,58,49,10,24
ACC203736,CUST103023,Savings,,2656.11,981.34,0,0,612,0.02,3,84,100,6,33
ACC201407,CUST104461,Savings,6936.31,2270.14,2378.49,,0,684,0,2,74,79,12,26
ACC203165,CUST102071,Current,844957.41,130719.24,92083.49,0,0,675,0.01,2,91,79,5,26
ACC202966,CUST100821,,153138.32,44833.14,22735,0,0,696,0.04,4,81,69,13,37
ACC204529,CUST101819,Savings,5284.05,,1038.68,0,0,562,0,3,100,87,6,36
ACC200175,CUST103289,Savings,39828.84,57675.92,2296.48,,805684.66,563,0.29,5,100,70,8,31
ACC200581,CUST104545,Current,358806.63,435316.52,-85800.41,468659.61,22921989.32,600,0.63,3,76,94,17,32
ACC203929,CUST100914,Salary,524.26,1500,,0,0,595,0.05,2,100,100,9,41
ACC201616,CUST101510,Savings,389270.54,62959.84,85877.13,0,0,662,0,1,92,88,8,38
ACC204415,CUST100797,Salary,3967.7,,632.1,0,0,569,0.02,2,88,77,12,33
ACC204461,CUST100928,Savings,193925.6,52921.42,32286.9,0,0,689,0,3,41,0,11,10
ACC201194,CUST102402,Salary,203917.96,70382.37,31328.96,0,0,702,0.01,3,86,86,7,35
ACC202876,CUST101475,Fixed Deposit Linked,298337.62,77076.37,28146.99,0,0,665,0.01,5,87,60,10,30
ACC204864,CUST102038,Current,798474.27,43126.76,75697.82,0,0,677,0,3,69,73,12,38
ACC204213,CUST103677,Salary,15679.96,3056.25,4258.92,0,0,560,0,2,100,97,8,32
ACC203243,CUST100105,Fixed Deposit Linked,,,903.69,0,0,602,0.01,3,98,82,6,36
ACC201824,CUST104944,Fixed Deposit Linked,299689.67,101877.87,43588.13,0,0,672,0,8,65,80,8,30
ACC201879,CUST101643,Salary,114815.79,62564.21,30745.24,0,0,630,0,1,79,75,9,31
ACC201981,CUST101842,Salary,171163.16,39765.58,28901.79,43255.54,3212009.7,613,0.39,3,78,50,12,29
ACC201861,CUST102851,Salary,36210.77,59023.37,,,3775184.27,444,1.5,1,69,80,9,34
ACC201350,CUST104928,Salary,15680.06,4853.19,2969.3,,0,604,0,2,74,57,10,31
ACC203575,CUST102553,Salary,256680.07,111512.53,39545.22,0,0,733,0,2,86,68,,42
ACC203606,CUST104235,Salary,135368.47,25492.9,38729.09,0,0,619,0.04,1,,73,15,28
ACC204734,CUST103354,Savings,4467.17,2167.1,746.5,0,0,554,0.04,1,87,85,,37
ACC202974,CUST101637,Salary,149475.97,38124.82,24816.17,43601.52,1365047.09,515,0.43,3,74,91,18,31
ACC200409,CUST102882,,143247.41,46370.17,37384.29,0,0,671,0,3,37,24,13,14
ACC200675,CUST103247,Savings,89361.44,19175.39,20908.52,0,0,563,0.01,2,28,13,13,10
ACC200297,CUST102225,Salary,125325.83,131634.19,31469.37,28077.76,1704083.45,628,0.12,5,75,73,18,21
ACC200925,CUST103501,Savings,125661.19,18846.91,20674.7,0,0,591,0.03,1,31,9,10,6
ACC200022,CUST101117,Fixed Deposit Linked,291250.16,85348.31,35370.28,0,,676,0,1,86,100,10,32
ACC204099,CUST104469,,2023.69,1607.68,369.98,0,0,583,0,3,88,89,7,33
ACC204015,CUST103215,Savings,26561.94,17891.31,4688.15,14268.71,300390.3,619,0.41,2,35,17,7,15
ACC200728,CUST102710,Salary,23699.37,38587.28,-145908.77,165680.58,1884167.33,517,1.5,1,76,,11,27
ACC203669,CUST103232,Current,12124.67,,1764.47,2255.67,47207.36,598,0.28,2,97,65,5,29
ACC204184,CUST103597,Salary,271208.5,75495.59,72326.92,0,0,683,0,1,84,53,6,27
ACC201307,CUST104477,Salary,99475.9,92313.81,12657.53,29961.06,1414167.84,669,0.18,4,60,76,11,32
ACC202941,CUST102501,Salary,189934.1,43691.31,29785.33,0,0,712,0.01,2,74,100,9,39
ACC200671,CUST100195,Salary,23658.4,59411.21,-7755.25,32099.86,3358921.76,578,0.39,5,53,67,15,26
ACC201672,CUST103785,Salary,238048.01,81752.92,33543.68,0,0,646,0,3,76,92,6,28
ACC201199,CUST101957,Fixed Deposit Linked,20265.88,60574.98,-842.42,23432.34,1057505.37,626,0.27,2,98,89,9,44
ACC202229,CUST104776,Savings,247394.19,134569.22,71090.71,0,0,693,0,3,58,78,6,38
ACC203797,CUST103383,Salary,4678.16,3068.85,842.05,0,0,,0.01,,92,94,6,34
ACC204927,CUST101016,Fixed Deposit Linked,158461.24,12267.84,20144.25,0,0,658,0,2,,78,8,33
ACC200293,CUST102195,Savings,20754.09,51654.79,-310853.57,361360.66,4101031.75,599,1.5,3,63,60,11,27
ACC202249,CUST104720,,54598.56,130693.69,,97300.94,4671742.32,615,0.48,,85,63,9,30
ACC202690,CUST104630,Savings,277792.88,122560.05,56382.96,0,0,663,0.01,2,69,49,8,28
ACC200126,CUST102220,Fixed Deposit Linked,190344.47,25191.04,24640.65,0,0,564,0,2,61,42,12,15
ACC202579,CUST103659,Fixed Deposit Linked,3172262.75,381472.96,384456.3,0,0,735,0,4,64,87,11,30
ACC203479,CUST102604,Fixed Deposit Linked,421888.47,34386.66,62595.45,,,671,0.03,2,78,52,5,31
ACC202247,CUST104554,Savings,428313.94,53627.85,62764.76,30302.47,1365818.87,622,0.19,2,,69,0,35
ACC203545,CUST101933,Salary,219523.49,,39757.55,,0,742,0,1,70,53,13,27
ACC204524,CUST103140,Salary,71702.28,46843.23,,9049.97,530373.81,621,0.18,2,86,86,13,44
ACC204586,CUST104000,Fixed Deposit Linked,6925.99,4894.27,458.23,0,0,595,0,,93,82,,42
ACC200692,CUST100134,Current,111926.01,39460.63,-50083.89,105710.1,3171628.47,457,1.12,2,85,100,6,25
ACC202982,CUST100687,Savings,38986.56,61216.83,-9218.78,31340.86,2348255.19,640,0.33,2,88,62,5,27
ACC200686,CUST100120,Savings,114957.68,32262.15,26712.2,0,0,565,0,2,86,85,10,31
ACC200817,CUST103575,Salary,11554.18,32961.16,-52512.7,108428.61,1217723.08,586,1.22,4,32,32,17,8
ACC200216,CUST104838,Salary,11859.77,51857.04,-12125.09,68628.47,5155113.14,521,0.62,1,63,85,5,26
ACC203838,CUST102868,Savings,8236.25,34432.37,-40821.97,73349.22,2328331.11,520,1.07,2,65,51,11,32
ACC203325,CUST100348,Salary,123844.71,65214.06,26333.42,0,0,677,0.02,5,90,90,5,35
ACC200152,CUST104673,Savings,5859.41,4556.96,823.71,0,0,,0.02,1,100,100,7,37
ACC200706,CUST102117,Fixed Deposit Linked,361401.68,52282.52,37305.84,0,0,662,0,2,,75,12,37
ACC201992,CUST100173,Salary,157602.89,,28515.64,40264.16,4032511.55,641,0.28,1,78,34,15,32
ACC203889,CUST104703,Fixed Deposit Linked,675148.48,54424.42,,0,0,628,0.01,2,80,82,10,27
ACC204595,CUST104592,Current,57686.79,35996.96,-27580.3,93256.68,1054310.29,438,0.94,4,,100,9,41
ACC204779,CUST101682,Savings,228366.47,390198.57,-753302.82,938687.26,29051463.6,551,1.5,2,76,75,12,34
ACC202008,CUST101928,Fixed Deposit Linked,259527.15,18969.06,32197.55,0,0,645,,1,21,16,17,4
ACC200478,CUST100724,Salary,16877.93,25186.27,-75961.75,108739.55,1236371.93,460,1.5,4,100,84,6,37
ACC201282,CUST104518,Current,604563.14,132177.2,59169.69,0,0,646,0,3,83,100,,37
ACC201604,CUST103932,Savings,24461.68,72933.64,-23900.43,60045.89,,690,0.55,3,,100,4,45
ACC204076,CUST104124,NRI,201734,25142.44,37372.72,0,0,698,0.02,5,35,29,,11
ACC201666,CUST102197,Savings,227638.2,38415.14,47905.42,0,0,653,0.04,,70,68,6,28
ACC204446,CUST103584,Savings,4446.84,3463.07,532.74,0,0,576,0.03,3,100,100,5,42
ACC203198,CUST103285,Salary,214844.32,49688.94,41610.89,0,0,610,0,2,48,43,15,21
ACC200812,CUST101168,Current,1597700.03,310932.76,172161.79,173647.48,16244056.38,616,0.26,5,71,58,9,
ACC203337,CUST103588,Salary,500,1500,-1059.59,0,0,533,0.05,2,93,92,3,49
ACC203602,CUST104260,Current,509766.49,48565.88,52451.55,,1615928.54,719,0.14,2,91,87,9,41
ACC200250,CUST104701,Current,,41867.3,43572.84,0,0,663,0.03,2,47,31,13,25
ACC200843,CUST100833,Fixed Deposit Linked,1219133.19,132418.14,118128.6,0,0,662,0.02,3,82,67,15,41
ACC202125,CUST100942,Salary,156865.16,70893.4,36944.72,,0,674,0.04,3,76,69,13,30
ACC203312,CUST101259,Salary,403355.67,70344.95,70947.85,0,0,688,0.05,4,81,100,7,38
ACC203056,CUST101316,Salary,140673.06,16817.45,26263.44,,0,657,0,1,43,34,17,17
ACC202375,CUST104750,Salary,229399.6,35933.85,36428.27,0,0,608,0,5,,44,12,15
ACC202032,CUST104316,Salary,91904.63,88556.57,14169.15,11641.54,846191.93,659,0.08,4,78,89,12,47
ACC200967,CUST101420,Salary,34050.18,28848.85,-142672.37,188458.75,2114953.52,532,1.5,3,96,77,9,42
ACC204513,CUST101156,Salary,113988.76,18552.13,28456.43,0,0,635,0,2,35,28,9,17
ACC200080,CUST103321,Salary,57910.29,28262.97,11724.49,19389.36,1594021.5,527,0.35,,86,69,18,
ACC200972,CUST100457,Salary,38962.39,100282.64,-60835.8,115882.71,5194096.25,559,0.79,5,67,79,19,32
ACC201896,CUST100818,,80285.27,36934.27,25792.31,18376.44,1499368.56,629,0.26,4,68,68,14,26
ACC202235,CUST100965,Savings,27083.08,34307.51,-70800.41,109739.12,1241831.21,549,1.5,1,57,52,9,13
ACC200246,CUST102178,Salary,,70848.96,16153.52,50096.07,2926273.68,608,0.36,2,54,60,10,25
ACC202704,CUST102820,Savings,261468.06,71109.52,46937.45,0,0,655,0.03,4,55,60,17,21
ACC202203,CUST100446,Salary,50001.07,82742.38,,48518.83,4943709.12,639,0.37,2,70,81,13,27
ACC204921,CUST104859,Salary,152301.37,58118.98,,0,0,643,0,4,66,79,12,28
ACC204144,CUST103756,Savings,9539,3720.05,1589.84,0,0,553,0.01,5,55,75,6,27
ACC204671,CUST102774,Current,6662986.56,419669.12,420144.32,0,0,650,0,3,56,44,10,21
ACC203374,CUST100886,,23007.01,5628.44,3976.89,0,0,682,0,2,56,33,14,17
ACC204103,CUST101645,Savings,17535.88,3754.11,3047.75,0,0,602,0,3,100,87,7,38
ACC202331,CUST104967,Savings,140576.06,24990.76,29158.38,7725.7,654192.06,668,0.08,1,87,87,10,38
ACC204376,CUST101848,Fixed Deposit Linked,829812.96,724659,-283041.38,607508.06,69509182.96,641,0.58,,41,54,,17
ACC204142,CUST102674,Fixed Deposit Linked,164291.93,39392.64,21232.62,0,0,682,0,1,71,63,12,
ACC204359,CUST102128,Savings,8702.8,2315.02,1983.01,0,0,564,0,3,91,,8,37
ACC201505,CUST100044,Fixed Deposit Linked,700514.03,796606.17,,1072315.43,32636050.2,561,0.97,2,76,77,8,29
ACC202951,CUST102149,Savings,167206.63,327407.49,-383335.57,787965.95,50057276.88,543,1.08,2,76,88,8,39
ACC201345,CUST104247,Salary,72958.76,52361.8,4627.48,63060.73,4648459.43,649,0.47,2,90,73,10,33
ACC203317,CUST100526,Salary,900.1,1500,-906.64,1670.77,78106.94,489,0.79,3,94,95,12,48
ACC200591,CUST101362,Salary,378561.81,110227.99,63860.96,0,0,685,0.04,1,65,55,14,17
ACC200975,CUST103270,Savings,106522.53,21836.12,29190.54,,515037.82,639,0.09,4,86,78,18,33
ACC204228,CUST100260,Savings,210585.82,42132.3,41487.66,0,0,709,0.02,2,73,67,11,28
ACC201645,CUST100908,Savings,112946.8,26351.31,18386.26,0,0,632,0.03,3,27,9,16,8
ACC201679,CUST104983,Salary,27604.83,,667.71,35781.29,2433314.27,,0.44,4,73,63,15,30
ACC200509,CUST102004,Savings,818682.24,272727.36,156630.87,0,0,633,0,3,82,78,6,27
ACC200122,CUST104816,Salary,37521.99,67996.06,-5407.66,43846.54,3536110.23,604,0.38,1,60,98,7,34
ACC203120,CUST104147,Current,2761478.66,490318.19,361132.39,0,,691,0.01,4,75,60,10,27
ACC201534,CUST101966,NRI,4583.07,3134.73,971.6,0,0,616,0.02,2,100,100,6,42
ACC203352,CUST101530,Savings,133785.08,32671,33137.02,14922.41,993121.18,605,0.19,2,83,77,13,31
ACC204661,CUST103854,Salary,349927.34,78545.67,51574.34,0,0,707,0.03,1,71,50,6,21
ACC201710,CUST101178,Salary,126325.05,29913.35,28216.05,0,0,658,0,1,73,97,9,34
ACC204451,CUST101250,Current,12042.29,,974.26,0,0,554,0,,,100,14,51
ACC202100,CUST102917,Savings,6524.57,1577.63,1024.85,0,0,565,0.06,5,100,82,6,34
ACC200869,CUST104785,Savings,91221.53,23436.66,26565.44,11123.24,795354.78,626,0.19,3,59,56,6,19
ACC204504,CUST102993,Current,1075684.62,364274.28,154305.86,0,0,711,0,4,85,85,8,37
ACC201030,CUST101779,Savings,152434.79,53424.5,22627.79,,1690891.65,640,0.18,3,70,67,8,
ACC203463,CUST102719,Savings,2788.41,1698.75,,0,0,616,0,4,100,100,8,34
ACC202694,CUST103939,Savings,93368.85,85332.74,24136.49,77387.98,3725656.04,579,,5,99,72,11,29
ACC200756,CUST102119,Savings,7589.08,2668.86,1714.47,0,,502,0,4,100,86,11,39
ACC201998,CUST100342,Savings,11201.67,12457.25,-13280.07,30598.58,348059.64,461,0.98,5,31,53,13,16
ACC203749,CUST103640,Salary,47153.04,15475.96,9681.19,0,0,541,0.01,3,30,17,18,4
ACC203590,CUST100771,Salary,210090.55,56149.03,34527.35,47238.49,1466564.35,630,0.36,3,73,83,9,25
ACC201156,CUST101270,Current,454642.43,308840.52,43117.62,137195.78,15482659.93,609,0.24,2,90,74,,37
ACC203156,CUST101712,Savings,32169.21,3623.56,6019.61,0,0,618,0,1,100,76,12,38
ACC202115,CUST101089,Salary,202031.17,78848.23,36961.93,43963.59,3173467.75,,0.3,1,58,80,13,29
ACC200982,CUST104681,Salary,541180.52,70129.97,115232.12,0,0,720,0.01,4,89,69,4,32
ACC200332,CUST104148,Fixed Deposit Linked,306514.44,49382.07,42990.19,0,,650,0.01,3,88,88,5,44
ACC201592,CUST104377,Savings,390304.24,592805.28,-1436238.95,1715710.61,50974578.11,522,1.5,1,86,49,9,27
ACC202384,CUST102488,Salary,130710.99,24341.32,,0,0,654,0.02,1,89,82,8,30
ACC202960,CUST100916,Savings,122601.01,,40174.18,0,0,699,0,2,29,22,14,4
ACC201575,CUST103704,Savings,315208.06,139151.04,65107.93,0,0,753,0,3,67,99,18,25
ACC204672,CUST101166,Savings,25914.11,5022.51,,0,0,566,0,2,67,60,9,32
ACC200061,CUST104395,Salary,9473.05,41426.31,-10456.32,,2048161.07,540,0.49,2,80,84,9,
ACC200472,CUST100561,Salary,296384.85,36729.05,62810.91,0,0,681,0.06,2,100,98,10,44
ACC200901,CUST103379,Savings,174974.7,33583.31,50982.61,0,0,705,0.03,4,44,47,11,17
ACC203454,CUST100294,Savings,73877.11,178549.48,-725548.04,802429.93,9104730.56,576,1.5,2,78,64,14,31
ACC200865,CUST102763,Savings,107452.9,14964.46,19358.07,0,0,659,0,4,,0,16,8
ACC203583,CUST101389,Fixed Deposit Linked,5633.15,1500,618.45,0,0,616,0,2,99,91,16,38
ACC204733,CUST100225,Savings,11709.19,5198.46,2724.69,0,0,626,0,2,61,68,,35
ACC202525,CUST102037,Salary,144588.75,62516.08,16209.76,31084.46,1901483.61,608,0.29,,93,79,13,22
ACC201329,CUST102210,Salary,216337.94,39203.46,37003.86,0,0,688,0,2,75,88,7,32
ACC203614,CUST102632,Savings,8349.72,2835.38,2217.66,0,0,510,0,1,70,75,11,26
ACC201342,CUST103027,Savings,156725.57,32973.54,40474.13,0,,722,0,2,27,13,12,12
ACC200741,CUST100549,Savings,109973.66,,28131.08,,0,644,0,1,59,73,15,25
ACC204813,CUST101147,Savings,264136.08,,52549.76,0,0,642,0,1,40,16,15,5
ACC203388,CUST102126,Current,542285.28,654847.63,-6052399.63,6637777.57,74590364.08,598,1.5,2,69,59,15,25
ACC201605,CUST102638,Savings,19942.45,3066.79,4447.01,0,0,623,0,5,46,49,10,32
ACC202180,CUST104251,Salary,8373.92,1638.19,1415.51,0,0,555,0,2,66,56,14,28
ACC204815,CUST100608,Salary,15266.38,37493.68,-37055.11,100355.62,2163569.71,439,0.96,2,100,74,8,38
ACC204112,CUST103449,Salary,12242.45,46933.96,-7550.6,27506.41,1753427.56,579,0.4,4,63,49,14,19
ACC203029,CUST104303,Savings,108312.69,32811.2,27506.15,0,0,691,0,5,15,31,13,9
ACC203281,CUST103759,Savings,131090.63,59814.41,21831.08,0,0,663,0,1,49,,12,31
ACC204120,CUST102730,Savings,250654.07,123306.68,64418.54,0,0,729,0,2,73,90,12,46
ACC201628,CUST103011,Fixed Deposit Linked,203545.06,77180.89,36841.57,28276.58,1631130.25,645,,2,100,63,9,20
ACC204323,CUST101753,Salary,16392.77,24316.75,-8095.49,31482.46,2191250.24,650,0.64,1,55,70,,17
ACC203804,CUST100097,Salary,40780.81,86839.74,-55530.12,169874.73,9116865.96,475,0.82,4,81,65,15,32
ACC202438,CUST101053,Savings,55899.14,137927.07,-540002.89,713015.51,21026023.98,596,1.5,4,56,47,15,14
ACC201149,CUST101818,Salary,,34973.63,50785.66,0,0,655,,6,84,70,12,
ACC201160,CUST104094,Salary,186983.25,74102.64,27682.89,0,0,648,,3,90,79,,33
ACC203904,CUST103297,Salary,242830.62,99340.58,55828.75,0,,725,0.01,3,82,76,13,24
ACC204651,CUST104465,Salary,37158.91,10831.21,5650.95,7389.07,410886.61,582,0.35,4,29,6,15,6
ACC200256,CUST103525,,8764.51,1500,769.92,0,0,553,0.03,5,97,87,9,34
ACC202598,CUST103262,Current,2943360.17,215434.21,245865.54,0,0,655,0.04,3,95,79,13,39
ACC200633,CUST103400,Salary,,84925.97,-16169.72,77711.5,5981442.37,564,0.55,6,81,100,10,44
ACC202946,CUST101026,Fixed Deposit Linked,13796.64,,-89081.98,112332.37,3534079.99,415,1.5,1,86,72,7,42
ACC202337,CUST104307,Savings,83616.1,64173.42,11806.95,29827.78,1365315.33,673,0.25,5,88,85,13,33
ACC204476,CUST104618,Savings,193789.66,351995.93,-131584.64,484273.24,23663645.06,499,0.69,4,87,74,10,24
ACC200777,CUST100378,Fixed Deposit Linked,340797.07,70306.29,65528.41,0,0,647,0.01,3,81,95,13,41
ACC201105,CUST101728,Fixed Deposit Linked,470066.36,45069.98,35742.95,0,0,627,0.01,3,70,57,17,24
ACC202101,CUST104418,Salary,23775.37,41606.75,3916.68,9774.59,933103.21,604,0.12,2,,100,13,38
ACC204150,CUST102853,Current,1300394.84,167677.12,92243.73,,10973580.78,614,0.31,2,61,52,11,19
ACC203407,CUST100473,Savings,47671.59,36620.22,-51384.84,113547.97,1265799.1,497,1.09,,75,72,14,32
ACC200557,CUST104920,Salary,110457.31,,34044.64,0,0,618,0.07,3,47,40,11,15
ACC201850,CUST103972,Savings,,46816.9,40850.36,0,0,727,0.01,2,100,68,16,29
ACC201985,CUST100604,Fixed Deposit Linked,581.87,1500,-45.99,0,0,595,0.02,1,100,84,11,35
ACC202088,CUST102144,Savings,203161.94,38202.56,38836.97,27970.99,1896702.16,703,0.25,3,77,55,9,21
ACC202899,CUST101692,Current,154089.3,144118.33,-88651.81,145556.8,7063283.89,593,0.75,4,61,56,14,18
ACC203220,CUST103657,Current,5559.15,,333.29,0,0,601,0.02,1,92,89,6,48
ACC200261,CUST102223,Savings,170077.82,32446.53,53420.13,0,0,678,0.01,5,85,95,7,42
ACC204195,CUST101314,Savings,3766.64,1500,524.1,0,0,517,0,2,77,100,10,32
ACC202666,CUST103856,Savings,104538.31,22687.94,25033.31,0,0,645,0,2,34,,18,10
ACC202131,CUST104601,Current,11718.68,3409.91,1124.6,0,0,512,0,3,100,83,,40
ACC201472,CUST103903,Salary,154668.85,74873.67,27453.24,0,0,694,0,4,76,32,16,17
ACC200627,CUST101412,Salary,38873.15,53210.59,-46997.19,,3349824.48,477,0.95,2,79,63,12,24
ACC203131,CUST102799,Salary,13125.93,3633.81,2113.83,0,0,512,0,3,,100,11,
ACC201889,CUST102025,Fixed Deposit Linked,13606.14,1917.87,1843.05,0,0,544,0.02,1,59,61,7,19
ACC203042,CUST101035,Salary,18038.39,31662.42,-11999.3,59670.44,3770637.22,564,0.73,2,68,80,11,34
ACC204095,CUST103502,Savings,26888.51,3536.92,5608.28,0,0,576,0,1,82,48,16,31
ACC202078,CUST104538,Current,1476601.87,244103.15,134209.47,0,0,682,,4,48,47,13,
ACC203585,CUST104876,,,45443.81,33224.4,0,0,675,0,6,100,76,7,33
ACC202830,CUST101546,Fixed Deposit Linked,2839831.77,514423.1,393403.74,0,0,,0.04,2,70,80,7,27
ACC204490,CUST101324,Savings,26875.43,57073.38,-3640.23,46410.34,3041928.36,579,0.45,,87,83,10,32
ACC204783,CUST103108,Current,,296985.51,-610731.47,832551.29,17474964.57,543,1.5,2,79,56,9,31
ACC200208,CUST103979,Current,266186.37,536216.46,-875641.96,1296538.18,38597015.46,559,1.39,1,75,81,11,34
ACC204723,CUST102524,Savings,337088.58,133455.38,,0,0,621,0,1,77,85,11,28
ACC201913,CUST102726,Salary,17636.53,37701.99,-38851.67,56647.72,1748191.36,478,1.05,2,,57,10,16
ACC201606,CUST103176,Salary,231617.43,93370.92,,0,0,692,0.03,4,,84,9,25
ACC201020,CUST104619,Salary,284635.51,129092.19,48829.79,87637.6,5735510.97,661,0.3,2,50,7,13,9
ACC200608,CUST104291,,118927.26,,21561.55,0,0,,0,2,85,81,13,30
ACC201403,CUST100174,Fixed Deposit Linked,549539.77,,62506.67,0,0,698,0,3,75,87,12,40
ACC200221,CUST100733,Savings,195596.55,32463.5,36657.01,0,0,663,0,1,39,30,18,16
ACC203254,CUST102163,Savings,24382.17,32390.45,-4619.77,31845.89,674610.36,587,0.58,3,64,58,18,20
ACC202726,CUST100340,Savings,943.86,1500,199.8,0,0,496,0,2,87,99,10,24
ACC202096,CUST100948,Salary,156548.65,82984.1,33787.58,,0,680,0,4,69,44,10,23
ACC200209,CUST100911,Salary,74630.22,19078.68,18654.67,,0,670,0.09,2,30,9,17,10
ACC203798,CUST104348,Current,1655739.56,761352.27,-867712.65,1719937.57,101882132.8,572,1.12,3,54,31,13,10
ACC203539,CUST102682,Savings,60554.96,109605.31,-32008.23,68647.17,4842879.11,621,0.46,2,77,59,9,26
ACC200153,CUST104902,Savings,42596.01,62420.68,-153613.94,188721.96,2144521.6,543,,3,100,84,14,40
ACC201590,CUST103123,Salary,25794.21,49221.23,-57297.39,93365.81,1065410.42,479,1.11,4,77,77,12,26
ACC202442,CUST102587,Salary,14226.89,38475.78,-2823.02,31610.65,1439486.03,600,0.46,1,80,92,6,27
ACC201147,CUST103322,Current,3740.38,2864.93,-2689.15,4039.29,45302.79,493,0.94,3,70,63,15,23
ACC203427,CUST102382,Current,347481.35,482687.9,-358155.94,502376.22,42762492.44,539,0.76,7,57,50,14,15
ACC201967,CUST101964,Current,15346.77,3396.43,1429.65,0,0,612,0.02,4,94,,7,39
ACC203206,CUST100013,Fixed Deposit Linked,2222768.5,397229.15,242928.77,337557.05,23652725.9,636,0.32,3,49,39,9,
ACC202433,CUST102183,Fixed Deposit Linked,535724.92,97313.41,35235.59,87590.63,3994538.33,580,0.36,5,89,100,12,26
ACC201633,CUST104958,Fixed Deposit Linked,565.89,,-173.53,0,0,596,0.02,2,77,81,7,29
ACC203292,CUST101343,Salary,55556.56,68177.3,-175417.33,245155.8,5388862.56,572,1.5,2,,74,14,28
ACC200597,CUST102110,Savings,108766.59,19272.64,23277.85,0,0,637,0,2,,25,,16
ACC203137,CUST100529,Salary,52985.86,58067.81,-34904.54,92252.62,2727237.4,563,0.79,1,78,57,15,28
ACC201656,CUST101003,Salary,46235.12,21438.05,12116.2,16861.51,1818501.59,599,0.33,3,76,64,11,21
ACC204284,CUST102158,Savings,40134.31,61233.4,-9854.79,30945.12,2378884.93,661,0.39,4,94,90,10,38
ACC203297,CUST101087,Salary,35705.53,64716.91,-50449.75,86744.16,2610773.9,424,0.89,1,100,85,8,28
ACC201565,CUST102277,Savings,15219.91,51126.43,-140832.24,162172.13,1850956.53,496,1.5,2,97,85,9,48
ACC201518,CUST102182,Savings,2159.06,2567.92,,0,0,562,0,3,90,100,11,34
ACC204199,CUST104787,Salary,13758.41,5056.57,,0,0,480,0.01,1,96,72,9,37
ACC200225,CUST103135,Savings,39917.94,12652.69,8446.06,0,,617,,3,46,44,17,16
ACC202517,CUST102823,Savings,95601.41,21660.41,16240.76,0,0,573,0,2,20,23,15,8
ACC204188,CUST102449,Salary,272641.91,55883.61,68473.12,0,0,672,0,3,53,35,12,24
ACC202393,CUST103539,Salary,269271.45,56237.91,62676.63,0,0,722,0,6,95,85,6,36
ACC201760,CUST101943,Salary,238836.68,23263.04,45727.39,0,0,683,0.07,2,89,73,5,42
ACC201360,CUST103319,Salary,349953.74,75601.86,75929.01,0,0,708,0,3,78,97,5,35
ACC203304,CUST101013,Fixed Deposit Linked,245449.96,103006.8,35920.59,42087.42,3876779.3,674,0.24,1,85,68,13,36
ACC202324,CUST101642,Fixed Deposit Linked,59976.87,61543.03,-73373.3,97462.15,3071089.36,495,1.15,2,91,72,13,27
ACC203558,CUST100849,,72919.75,24609.64,13668.23,0,0,759,0,2,65,38,14,24
ACC204272,CUST103812,Savings,524771.35,109791.26,143402.58,0,0,691,0,2,86,69,13,30
ACC201833,CUST100654,Savings,15608.8,4839.97,2535.81,0,0,568,0.01,3,100,100,9,27
ACC203661,CUST100738,Salary,155210.1,140266.7,,58233.26,2732894.19,613,0.29,3,51,37,15,14
ACC202009,CUST101468,Salary,129472,62881.55,22081.91,0,0,616,0.06,3,76,65,15,28
ACC203657,CUST100250,Salary,455437.02,128204.63,71965.62,0,0,678,0,3,66,,12,29
ACC203857,CUST104390,Salary,15507.94,49085.77,-146610.83,189137.3,2130158.82,473,1.5,2,78,70,,29
ACC200693,CUST102460,Savings,13176.76,3559.6,2276.32,0,0,648,0,2,93,87,12,35
ACC204526,CUST103577,,1837.95,2960.82,258.26,0,0,589,0.01,2,94,93,12,29
ACC202612,CUST102620,Savings,9606.56,6094.92,1341.31,0,0,556,0.01,2,98,100,,
ACC201186,CUST100494,Fixed Deposit Linked,28764.11,17757.47,-31076.42,47787.28,535703.05,414,1.32,4,32,36,15,14
ACC201369,CUST101189,Salary,14173.39,67505.27,-6007.46,44129.54,4718224.77,,0.36,3,49,64,12,29
ACC201907,CUST102874,Salary,335662.73,90582.21,70145.47,0,0,628,0,3,84,87,10,32
ACC204088,CUST104728,Savings,26622.07,13716.26,8068.04,1754.68,96013.82,583,0.12,1,47,35,24,15
ACC202477,CUST100685,Savings,64953.59,,10376.94,5010.52,462650.06,665,0.13,2,41,20,21,12
ACC200016,CUST101073,Salary,106042.33,27725.74,27078.72,6338.81,372138.93,616,0.07,3,90,88,15,43
ACC202514,CUST100962,Savings,,96992.57,,0,,662,0,4,84,76,9,32
ACC204607,CUST102070,Savings,10105.32,3404.84,1862.06,0,0,591,0.01,2,95,83,10,40
ACC202205,CUST104459,Savings,55152.36,50728.16,7102.36,21091.46,1029300.33,548,0.28,,76,66,12,28
ACC203595,CUST101085,,2765980.4,332194.32,206286.9,0,0,678,0.01,2,79,95,11,29
ACC201486,CUST103620,Salary,312889.37,82172.98,52958.36,0,0,645,0.03,1,,53,5,38
ACC201676,CUST101188,Current,487708.91,56504.31,35205.25,48321.47,1063321.66,566,0.33,2,82,69,13,29
ACC202353,CUST100475,Savings,220194.69,43834.49,,0,0,647,0,,62,66,11,26
ACC200656,CUST103828,Fixed Deposit Linked,697247.37,,88034.68,0,0,642,0,5,48,58,9,19
ACC201571,CUST104801,Salary,17345.17,38647.37,-1868.13,22140.59,1925345.24,567,0.37,3,94,100,8,47
ACC201737,CUST103035,Salary,109742.09,32202.02,17389.75,0,0,682,0,3,2,18,19,9
ACC203855,CUST101700,Salary,,58795.67,94583.61,0,0,711,0,1,98,94,5,41
ACC202846,CUST102578,Salary,38797.23,60179.27,-278643.85,309631.67,3474521.21,,1.5,1,66,78,11,
ACC202980,CUST103614,Savings,,72576.66,12537.69,0,0,650,0,3,100,100,7,40
ACC200618,CUST100017,Fixed Deposit Linked,433316.54,35583.88,51049.39,0,0,711,0,1,89,84,9,32
ACC202847,CUST103801,Current,4800924.94,794239.44,513658.52,0,0,,0,1,67,66,5,24
ACC204399,CUST101668,Savings,215007.43,109824.94,62258.98,0,0,690,0.05,2,100,89,13,43
ACC200867,CUST102997,Salary,308242.3,48166.2,61859.55,12747.22,957519.83,601,0.09,3,89,92,8,34
ACC202507,CUST100118,Savings,558.27,1500,-79.62,0,0,474,0,3,49,48,20,26
ACC202110,CUST104470,Salary,82838.14,28311.46,11229.72,0,0,632,0,1,77,59,5,32
ACC200457,CUST102939,Savings,73020.44,88924.08,-397356.32,527455.71,5949106.36,510,1.5,,46,81,15,31
ACC204507,CUST103301,Salary,140553.93,48505.43,39777.25,0,0,698,0,,66,64,7,24
ACC200790,CUST102505,Savings,180077.7,50945.95,44406.72,0,0,658,0,2,47,27,15,21
ACC204839,CUST103696,Savings,267061.03,38026.52,51003,0,0,,0,2,72,66,15,32
ACC203607,CUST104956,Salary,172510.66,108047.74,41880.27,0,0,706,0,1,62,72,10,36
ACC203822,CUST103776,Salary,8884.58,34821.96,-14892.54,35067.06,1637739,555,0.66,5,100,100,6,43
ACC202260,CUST101336,Savings,173061.29,17663.95,29623.21,0,0,731,0.02,2,43,25,11,12
ACC204570,CUST104950,Savings,6399.05,2232.23,1087.77,0,0,545,0.01,1,75,58,7,24
ACC202808,CUST104631,Salary,429864.75,69983.03,82797.65,0,0,729,0.03,3,39,32,19,13
ACC203518,CUST101199,Fixed Deposit Linked,26301.47,21465.1,-50777.78,81053,1737105.25,436,1.5,2,88,99,7,49
ACC200733,CUST101244,Fixed Deposit Linked,495845.08,33572.97,38357.71,0,0,639,0,3,71,61,17,31
ACC204844,CUST104659,Savings,246348.81,74541.27,42811.62,0,0,651,0.03,3,78,61,5,19
ACC203958,CUST101287,Savings,293607.23,202906.86,86933.16,0,0,623,0,5,77,,7,24
ACC202133,CUST100985,Salary,327268.28,78049.33,53901.93,0,0,693,0,1,73,65,12,30
ACC201944,CUST101490,Savings,266278.26,60382.57,52898.65,0,0,732,0.01,3,55,62,8,14
ACC202279,CUST102348,Current,,5682.44,2362.92,0,0,550,0,1,100,100,4,43
ACC200659,CUST101204,Savings,26464.13,3234.08,4725.76,0,0,637,0,1,56,68,14,31
ACC202430,CUST104969,Salary,10095.93,3974.37,1831.05,,0,536,0.01,,97,,8,40
ACC203751,CUST104427,,132783.02,29338.17,34948.14,0,0,613,0,1,49,46,15,22
ACC202528,CUST101284,Savings,235273.86,66354.94,69154.93,0,,674,0,1,66,38,15,
ACC204357,CUST100137,Savings,87888.65,15283.21,17358.18,0,0,687,0,1,45,23,11,15
ACC200642,CUST102749,Savings,62212.43,24261.27,8541.11,15267.45,464448.89,573,0.33,1,92,100,10,37
ACC200168,CUST103008,Savings,52725.78,16214.7,9583.35,,0,625,0,4,27,18,22,9
ACC201517,CUST101288,Salary,167680.84,82158.08,18477.34,48454.24,3691865.68,615,0.4,1,,79,12,27
ACC201800,CUST101334,Salary,352984.03,40417.05,59431.34,0,0,638,0.06,1,62,76,13,28
ACC203394,CUST102507,NRI,10309.92,1988.72,1756.6,0,0,502,0,2,75,96,12,28
ACC201917,CUST103638,Savings,23247.21,42671.87,-12165.29,30807.35,1360157.55,578,0.49,2,96,95,10,43
ACC200272,CUST104917,Savings,156422.87,44173.19,24686.18,9469.72,612985.68,628,0.15,2,97,96,8,46
ACC202468,CUST103193,Salary,27627.69,31560.88,-8694.68,,1727059,591,0.71,1,86,92,8,28
ACC204724,CUST102205,Savings,9778.04,44584.15,-18356.16,58825.16,4108175.49,476,0.71,4,59,71,8,20
ACC201066,CUST102168,Salary,286375.15,101654.4,71062.61,0,0,645,0,1,,46,12,26
ACC200494,CUST100577,Salary,21796.28,113463.15,-6317.05,60401.3,3859608.05,,0.35,2,93,91,3,31
ACC201912,CUST101780,Savings,138579.71,35987.83,36121.31,0,0,690,0.04,4,33,38,14,15
ACC203646,CUST100957,Savings,252927.62,34853.47,37714.65,11965.78,,646,0.15,2,31,13,8,9
ACC200038,CUST104966,,189913.91,132031.35,-1000928.65,1159205.18,13193860.56,539,1.5,1,29,45,12,9
ACC200306,CUST104692,Savings,39976.91,30260.26,10648.43,0,0,652,0,3,78,74,,32
ACC203740,CUST104837,Salary,32698.01,64544.69,-32797.52,64015.82,732219.66,590,0.71,3,94,85,11,37
ACC204102,CUST101205,Savings,12597.4,70553.12,-52512.49,81108.72,3636678.27,496,,1,73,78,15,36
ACC203152,CUST101273,Salary,36862.2,38046.87,-4202.74,50157.37,2167928.04,595,,2,73,70,10,37
ACC202829,CUST100649,Fixed Deposit Linked,348148.33,34287.09,51325.67,0,0,,0.01,2,84,71,7,29
ACC200781,CUST102240,Savings,14790.65,9339.24,2012.22,0,0,593,0,2,100,100,8,46
ACC200534,CUST103749,Savings,114861.71,437504.29,-1145341.05,1536341.45,17346677.55,448,1.5,2,58,69,11,25
ACC200583,CUST103921,Salary,154857.1,39742.05,44637.26,0,0,587,0.02,2,87,88,6,35
ACC204143,CUST100094,Current,236903.36,40712.59,37858.76,0,0,645,0,3,57,42,8,20
ACC203796,CUST104270,Salary,49060.14,79513.87,-257843.24,319200.02,3573360.49,494,1.5,3,80,98,7,41
ACC204785,CUST103723,Current,970454.53,941764.8,-830072.53,1475679.57,105236567.6,526,0.92,4,48,55,11,20
ACC204891,CUST104493,,64515.55,68780,9277.73,26716.71,2113389.85,544,,1,88,96,12,34
ACC202861,CUST104229,Salary,27018.76,41836.3,-39656.96,66118.43,2107526.18,454,1,3,73,,,30
ACC200316,CUST101803,NRI,4247.77,2167.52,1061.83,0,0,548,0,1,67,71,,21
ACC202197,CUST102818,Fixed Deposit Linked,30522.22,43621.42,-53362.99,86124.11,964617,572,1.13,3,79,84,8,36
ACC202564,CUST102176,Salary,142741.34,40538.54,45743.13,0,0,646,0,4,74,69,,47
ACC204508,CUST103324,Fixed Deposit Linked,861266.54,64901.89,81713.24,0,0,638,,1,87,72,9,26
ACC204782,CUST104090,Salary,108008.29,80407.97,20121.4,17992.07,,618,0.17,,99,59,9,28
ACC201794,CUST102036,Salary,190060.81,39302.56,33258.16,0,0,645,0,4,58,77,8,27
ACC204655,CUST100876,Savings,252386.13,300944.02,-594584.25,1015777.59,21318707.59,560,1.4,3,66,69,11,20
ACC204640,CUST101150,Salary,213091.42,89418.01,35445.41,0,0,686,0,2,97,82,8,34
ACC200271,CUST101261,NRI,66971.89,123757.63,-155228.41,311923.4,9903491.86,471,1.15,2,72,83,5,34
ACC200548,CUST103626,Current,4704369.84,306654.87,354659.77,0,0,658,0.04,,75,65,11,37
ACC201692,CUST102314,Savings,44151.18,59713.37,-37253.76,94508.12,2929691.95,546,,2,75,51,11,42
ACC203525,CUST103904,Salary,109135.48,121946.56,5514.05,,6741918.72,677,0.33,3,85,90,11,45
ACC203012,CUST101381,Savings,71033.01,,10942.41,0,0,630,0.03,5,47,18,9,9
ACC204793,CUST101802,Salary,3877.04,6222.16,-4940.64,6376.89,71163.03,460,0.79,2,99,92,15,44
ACC202390,CUST102249,Savings,3375.86,2518.82,809.13,0,0,650,0,1,79,77,11,31
ACC203876,CUST101301,Salary,162210.45,88478.29,46364.49,0,0,739,0.02,2,89,85,7,
ACC200894,CUST104453,Salary,116953.96,40160.3,31349.32,0,0,701,0,2,39,43,13,25
ACC201999,CUST103209,Savings,,40731.41,26277.88,0,0,630,0,2,93,100,6,
ACC202122,CUST103371,Savings,19767.28,61659.75,-51856.74,77635.15,1677386.68,545,0.9,2,65,59,13,24
ACC204157,CUST100950,Savings,150599.24,60875.04,21569.04,0,0,644,0,2,59,65,11,25
ACC201247,CUST102478,Savings,430556.84,127646.97,110327.05,0,0,745,0.01,3,63,43,13,26
ACC201259,CUST100506,Fixed Deposit Linked,287955.2,18591.48,26548.65,0,0,638,0,2,,10,16,10
ACC200809,CUST104918,Salary,72959.68,17789.59,12950.36,0,0,707,0,3,,42,11,30
ACC201049,CUST104688,Savings,10945.12,28779.84,-60856.67,,1076507.38,508,1.5,,76,70,9,31
ACC201878,CUST103633,Salary,256261.79,38413.88,48673.13,0,,678,,3,69,84,9,
ACC202879,CUST103541,Salary,195950.62,,40608.88,15026.5,1421528.9,666,0.13,2,,52,16,18
ACC200107,CUST101335,Savings,3956.73,1927.16,1163.09,0,0,605,0,1,100,90,10,36
ACC200673,CUST100765,Savings,255625.79,42508.97,72932.66,0,0,647,0.05,2,91,77,14,36
ACC204470,CUST101958,Salary,157106.91,72564.05,49112.98,0,0,700,0.03,2,85,76,14,31
ACC204297,CUST102075,Salary,93319.11,76942.06,20415.61,37722.27,3391874.22,702,0.27,1,67,63,12,15
ACC201532,CUST101315,NRI,37237.8,30334.9,-59618.59,111212.47,2422417.64,526,1.36,3,95,79,9,27
ACC201855,CUST103765,Savings,96418.9,17371.21,21306.4,6974.2,573154.92,548,0.15,2,54,26,15,14
ACC200211,CUST100999,Fixed Deposit Linked,15667.63,4711.92,1726.72,0,0,,0,2,100,97,5,42
ACC203147,CUST101441,Current,91384.8,121718.8,-225205.95,360042.89,11270715.49,509,1.32,4,85,69,9,27
ACC202256,CUST104323,Fixed Deposit Linked,277918.81,360008.68,-316792.69,858480.13,,628,0.99,3,65,53,19,24
ACC202105,CUST104832,Salary,149895.95,19921.84,22115.9,12748.54,761379.06,633,0.22,4,56,44,10,22
ACC203268,CUST101109,Current,1260111.62,120317.82,137356.06,0,0,676,0.05,4,50,57,17,27
ACC204766,CUST100253,Salary,2907.38,2245.84,884.88,0,0,563,0.03,4,91,66,9,24
ACC201973,CUST104952,Fixed Deposit Linked,478066.77,32494.32,43260.6,0,0,,0,1,100,86,10,47
ACC201501,CUST102115,Salary,35810.84,75990.4,-215151.84,245142.77,2805042.04,528,1.5,2,59,80,9,33
ACC204182,CUST102190,Savings,18606.65,13561.39,2263.79,6023.22,353481.45,619,0.24,1,40,61,12,16
ACC200646,CUST103018,Savings,218225.87,35408.45,49817.43,0,0,640,0.03,2,54,61,12,27
ACC203633,CUST102973,Current,540216.05,335444.7,-51633.24,288728.81,22999742.38,553,0.44,3,79,77,12,36
ACC200771,CUST101173,Savings,197356.62,21015.3,38539.97,0,0,737,0,4,50,59,12,20
ACC200703,CUST102669,Savings,81042.31,18784.72,21890.38,0,0,572,0,1,6,26,21,6
ACC203587,CUST103805,Salary,113977.38,38728.52,23019.76,0,0,615,0.03,1,100,95,14,35
ACC201249,CUST104180,Current,260751.15,23424.84,31279.91,0,0,616,0.02,3,19,26,11,7
ACC202472,CUST104019,Savings,273449.72,37829.57,47074.65,0,0,699,0,4,38,42,9,11
ACC201860,CUST101992,Savings,3070.88,1674.31,830.62,343.49,32097.03,528,0.08,3,87,,10,41
ACC200709,CUST103559,Fixed Deposit Linked,30497.51,6610.52,6547.85,0,0,548,0,3,100,67,7,30
ACC202672,CUST102812,Fixed Deposit Linked,20231.27,24273.33,-74407.94,86778.14,984913.07,473,1.5,2,26,20,17,9
ACC201461,CUST102344,Savings,537973.53,252833.38,116350.18,0,0,720,0.02,2,61,34,20,16
ACC201484,CUST101238,Savings,174675.11,45547.14,,0,0,686,0,3,96,57,23,24
ACC202545,CUST100844,Savings,10002.09,3143.84,1626.86,0,0,592,0.04,5,56,35,16,13
ACC200230,CUST100653,,239062.08,66491.62,36291.37,0,0,664,0.04,4,77,90,7,24
ACC201356,CUST101172,Savings,289418.05,52414.47,58741.73,0,0,693,0,2,99,100,12,36
ACC203011,CUST100516,Savings,41748.86,53853.37,-8305.53,47836.36,2198784.64,620,0.57,4,74,82,,31
ACC200851,CUST100019,Salary,231252.59,54851.91,39267.2,,0,651,0,1,75,77,9,41
ACC201004,CUST104193,Salary,30763.85,59398.8,-31871.03,63449.7,3846920.47,519,0.69,3,85,74,5,41
ACC201996,CUST103100,Current,633095.96,60884.82,71259.3,0,0,665,0,1,83,97,7,43
ACC201834,CUST102407,Savings,20094.36,42464.97,-144805.57,189051.18,,507,1.5,1,89,95,5,47
ACC203973,CUST101858,Salary,207697.71,48201.37,51333.31,0,0,656,0.01,3,93,93,8,46
ACC201316,CUST103459,Salary,8272.45,31010.27,-23301.26,35740.88,402530.83,475,0.82,3,92,75,13,38
ACC203327,CUST102246,Savings,47870.17,30391.36,12670.77,0,0,660,0,3,76,94,10,34
ACC201623,CUST101114,Savings,25602.68,52588.95,-6229.34,28539.61,1319587.32,604,0.39,1,,100,8,32
ACC201480,CUST104512,Savings,143611.76,90969.13,12516.64,110210.1,6327988.33,635,0.54,2,97,63,,24
ACC203833,CUST102969,Savings,109692.48,45575.78,22113.39,18431.97,1990613.49,670,0.22,1,64,,4,24
ACC201278,CUST102916,Savings,14535.27,16523.67,611.54,23081.25,1009508.79,606,0.51,2,80,47,9,24
ACC203080,CUST104089,Salary,78942.97,122727.57,-93018.3,145077.97,7060315.24,533,0.87,4,83,66,8,
ACC201823,CUST100209,Salary,98751.99,,17477.8,0,0,646,0.02,4,86,,5,30
ACC201053,CUST102512,Salary,244274.49,120482.75,46391.51,0,0,674,0.02,2,83,62,6,27
ACC204145,CUST102891,Salary,20196.1,89267.47,-49187.9,104121.03,5788964.63,605,0.71,2,53,,8,24
ACC200475,CUST102817,Savings,68678.68,20796.69,22272.52,0,0,680,0,2,,27,22,12
ACC202282,CUST100581,,16115.82,63122.15,-29646.67,53221.49,2564198.2,525,0.6,1,93,88,10,24
ACC203711,CUST100136,Fixed Deposit Linked,177171.8,49826.67,35050.05,0,0,,0.02,2,74,86,13,29
ACC203146,CUST102979,Current,604745.3,236234.86,,107912.72,9044050.27,650,0.3,3,77,68,13,28
ACC200335,CUST100893,Savings,350162.08,49266.62,58148.79,0,0,633,0,3,70,68,14,28
ACC202617,CUST102202,Current,897124,107936.41,141355.77,0,0,682,0.04,1,68,52,12,22
ACC203662,CUST100310,Salary,151950.07,40254.82,52647.67,0,0,689,0,3,47,29,10,13
ACC200088,CUST104797,,101961.46,37563.01,28585.68,0,0,649,0,2,43,25,13,10
ACC200874,CUST103478,Savings,162060.26,19687.86,27523.64,0,0,622,0,3,,62,10,23
ACC200543,CUST104534,Savings,307175.64,,-2286074.34,2753884.33,60573507.53,556,1.5,2,82,72,8,22
ACC203000,CUST104544,Salary,184331.39,57973.24,52224.02,0,,667,0.01,4,87,81,11,39
ACC202760,CUST102892,Salary,15491.14,7277.75,3629.78,0,0,538,0,4,,65,6,21
ACC204979,CUST101082,,154654.62,24508.92,30468.73,0,0,605,0.01,2,45,13,13,10
ACC201880,CUST104505,Savings,14152.49,6846.73,3007.75,0,0,688,0,2,89,77,6,36
ACC204894,CUST103840,Savings,29480.66,34857.71,-42424.3,92483.76,1974556.56,501,1.09,4,82,89,14,29
ACC200926,CUST103894,Fixed Deposit Linked,38937.95,61539.71,-20653.35,124995.76,5817694.48,609,0.74,2,57,65,,22
ACC200319,CUST103535,Savings,108382.32,50093.15,22927.98,0,0,726,0,3,82,85,11,31
ACC200878,CUST101583,Salary,77540.81,243464.3,-129599.63,288867.79,14039517.44,515,0.71,3,77,61,14,35
ACC203994,CUST102972,Fixed Deposit Linked,133760.78,442211.93,-239299.79,463100.54,,536,0.69,3,87,47,5,23
ACC203246,CUST102169,Fixed Deposit Linked,219929.84,350442.03,-151467.93,335710.65,24980205.9,575,0.65,4,54,27,16,18
ACC203078,CUST104455,Current,406302.74,43942.39,39297.14,7985.32,772081.42,629,0.08,4,72,78,13,31
ACC203761,CUST101458,Current,171804.07,131981.27,-452818.05,511605.99,5757492.71,478,,4,59,46,9,19
ACC204610,CUST101635,,13285.05,2613.33,2185.77,0,0,592,0,2,,85,9,31
ACC204234,CUST101917,Savings,1077337.3,333476.79,331909.04,0,0,650,0,2,70,62,13,39
ACC204259,CUST102870,Savings,222735.63,107877.93,37259.49,0,0,612,0.02,2,97,64,8,30
ACC201618,CUST100245,Savings,26446.87,40733.19,-57292.98,87839.15,2643325.11,523,1.26,3,73,70,8,35
ACC203726,CUST101561,Salary,116217.73,36566.64,17879.4,19827.02,1080571.05,609,0.28,2,79,62,11,27
ACC204849,CUST103743,Salary,11072.57,19032.83,974.28,26652.46,573942.1,513,0.56,1,100,87,10,37
ACC201045,CUST101666,Salary,17257.49,45708.02,-68610.69,86714.66,974152.4,499,1.31,3,70,,14,17
ACC201750,CUST103976,Savings,10544.85,33991.52,-46289.72,61497.6,1838208.39,369,1.23,3,81,79,7,38
ACC203878,CUST104814,Savings,304259.71,61230.86,65471.31,0,0,590,0.01,3,82,84,7,32
ACC203917,CUST103070,Fixed Deposit Linked,305377.24,60329.75,37836.88,0,0,677,0,4,63,57,14,26
ACC201043,CUST101822,Savings,4738.35,1873.09,990.02,1190.41,54184.28,521,0.32,3,98,97,4,37
ACC203010,CUST101518,Current,18244.69,4193.34,2263.04,0,0,541,0,2,96,91,7,38
ACC203290,CUST104272,Salary,13115.36,3177.38,2358.33,0,0,526,0.01,2,91,95,,36
ACC202064,CUST101398,Salary,78144.86,101458.12,-277229.36,378088.46,4309249.14,501,,3,77,82,8,47
ACC202964,CUST101624,Current,20552.54,2094.03,1553.46,0,0,525,0,2,89,50,12,26
ACC200641,CUST103103,Fixed Deposit Linked,110710.83,110856.56,-16501.45,89767.42,5830898.15,632,0.48,2,84,93,7,43
ACC200137,CUST103557,Savings,224874.25,36210.73,50390.44,0,0,609,0,2,52,15,12,14
ACC200880,CUST101718,Salary,203135.35,51648.49,33706.22,0,0,640,0,1,73,58,11,24
ACC201976,CUST100178,Fixed Deposit Linked,50110.55,55390.33,-1735.4,32678.17,,613,0.41,3,65,62,11,
ACC201581,CUST104250,Savings,55696.53,9352.26,13889.17,0,0,,0.01,2,40,27,16,10
ACC201097,CUST101027,Savings,5730.27,4826.44,1515.46,0,0,607,0,1,96,77,12,33
ACC204673,CUST100971,,37097.71,112136.47,-104867.67,162409.59,5091540.19,442,0.92,,73,79,17,20
ACC201392,CUST102850,Savings,454634.62,57257.19,71988.91,0,0,674,0,3,62,58,13,27
ACC202083,CUST100839,Savings,3720.88,1735.96,836.77,0,0,604,,2,85,100,7,39
ACC201266,CUST103423,Current,258464.28,16663.63,,0,0,695,0.01,3,19,15,15,4
ACC204231,CUST100901,Salary,32590.05,71894.04,-9739.3,45728.48,3571775.86,582,0.42,3,86,89,9,40
ACC202574,CUST103257,Savings,115351.65,36977.72,21457.12,0,0,663,0.03,3,87,82,6,31
ACC202135,CUST102867,Salary,95719.03,,22647.24,16196.5,1321810.3,681,0.18,3,79,84,8,32
ACC201503,CUST101146,Savings,17966.82,4627.21,3173.63,,0,597,0.02,2,87,97,7,33
ACC203367,CUST101710,Savings,229908.78,40417.39,43272.98,19327.73,1968585.12,614,0.22,3,84,51,11,24
ACC203729,CUST103726,Savings,44302.6,85730.59,-80298.63,150822.84,4724519.42,516,0.94,3,84,74,15,28
ACC200148,CUST102887,Salary,2682.62,,390.82,0,0,548,0,3,99,87,7,39
ACC200303,CUST101405,Savings,5457.92,4462.27,514.36,0,0,577,0,,92,100,7,50
ACC201924,CUST100048,Current,17082.27,6698.16,2074.03,0,0,,0.01,1,99,64,5,36
ACC204770,CUST101648,Fixed Deposit Linked,195557.63,50681.79,30145.33,0,0,675,0.03,3,83,85,9,33
ACC202637,CUST102310,Savings,296725.52,48130.89,88434.41,0,0,666,,2,52,63,18,19
ACC201904,CUST101800,Savings,172318.8,,13738.22,86145.44,2619357.04,652,0.44,4,70,52,11,25
ACC204664,CUST103261,Fixed Deposit Linked,30812.01,4403.57,2757.88,0,0,650,0.02,1,62,52,10,24
ACC204294,CUST101976,Salary,15987.32,57988.29,-179157.76,238471.07,,550,,4,71,68,12,31
ACC203842,CUST100609,Salary,167337.61,107610.63,44939.49,0,0,672,0,2,95,78,10,28
ACC204437,CUST100357,,36319.64,16729.79,4884.18,19638.56,939340.21,654,0.45,3,77,82,10,38
ACC201768,CUST104037,Savings,9836.72,1926.01,1544.56,0,0,,0,3,100,71,17,43
ACC202875,CUST101798,Salary,31440.99,40654.35,-85170.85,127644.05,2716730.67,527,1.5,1,100,78,9,35
ACC202240,CUST102543,Fixed Deposit Linked,500,1500,-520.44,0,0,627,0,4,90,87,15,41
ACC204981,CUST102904,Current,789581.77,557178.29,-4254402.34,4552421.14,50981426.79,503,1.5,1,72,29,11,24
ACC200483,CUST103347,Salary,47703.06,58877.06,-455776.83,536238.96,6089939.75,515,1.5,1,93,88,7,29
ACC201280,CUST101448,Savings,256165.69,57024.51,,0,0,622,0,1,87,100,7,43
ACC203680,CUST104101,Fixed Deposit Linked,18991.9,3641.02,2598.7,0,0,,0.01,1,92,96,7,34
ACC200791,CUST101721,Savings,1870.29,3710.87,352.09,0,0,558,0,1,96,100,7,40
ACC201201,CUST102073,Savings,112976.31,30546.44,30104.5,8771.09,704609.96,,,4,55,74,9,35
ACC203912,CUST104533,Salary,57705.9,30618.4,10780.11,0,0,651,0.06,5,73,85,11,46
ACC202362,CUST100739,Savings,21264.88,43611.26,-48010.62,63455.84,2006308.84,473,1.09,2,79,83,14,32
ACC203069,CUST101579,Savings,46877.7,104650.28,-47567.19,101704.47,,556,0.63,1,82,45,7,27
ACC203429,CUST101435,Salary,82843.85,20303.25,15857.12,15661.79,1267114.59,577,0.29,2,94,100,12,27
ACC204947,CUST103152,Savings,81079.24,137435.34,-38360.86,106606.33,5847780.48,505,0.5,4,86,50,8,33
ACC204837,CUST104947,Salary,68535.81,40451.28,16687.47,48611.16,3219403.53,595,0.48,1,90,78,10,22
ACC202591,CUST100464,Fixed Deposit Linked,65464.31,69119.13,1543.86,33493.85,1924736.38,619,0.34,1,91,100,7,43
ACC202710,CUST103244,Savings,,4192.79,542.71,0,,550,0,1,100,87,4,32
ACC201529,CUST101702,Savings,11187.13,26223.29,-67164.88,78007.06,879786.75,581,1.5,2,,41,13,15
ACC202809,CUST102601,Fixed Deposit Linked,498735,319784.19,-41806.41,580212.14,49459242.72,607,0.69,4,70,57,14,22
ACC200685,CUST104403,,429956.72,54347.57,91101.69,0,0,697,0,2,66,55,16,26
ACC201551,CUST102091,Salary,52093.41,95218.73,-8159.7,56133.81,2447280.92,704,0.41,3,77,67,15,27
ACC204255,CUST101063,Savings,250783.09,650585.54,-317370.41,589814.55,37282369.35,548,0.63,3,77,97,12,28
ACC203871,CUST100441,Fixed Deposit Linked,79687.03,91611.38,-193286.47,243771.52,5087999.47,567,1.5,2,95,86,7,
ACC200560,CUST104281,Savings,775071.09,239720.14,201253.33,0,0,644,0,2,100,66,11,42
ACC202250,CUST102755,Savings,229525.18,45781.13,55811.9,0,0,624,0,3,88,70,9,27
ACC204681,CUST100524,Fixed Deposit Linked,162158.19,45634.78,30557.26,11072.56,992580.9,649,0.19,3,74,58,11,29
ACC203500,CUST104431,Savings,65268.51,28569.44,10389.72,28085.55,1286303.96,,0.41,3,69,36,14,
ACC202689,CUST104709,Current,1004183.41,242314.39,174267.61,0,0,637,0.06,2,95,94,8,42
ACC204208,CUST104332,Fixed Deposit Linked,206346.48,143486.58,9233.58,65329.2,6696768.7,629,0.31,4,54,53,13,18
ACC204870,CUST102693,Salary,271648.17,64338.72,84228.82,0,0,661,0.02,2,94,95,7,32
ACC203379,CUST104401,Savings,32219.5,105832.77,-46674.11,112160.33,3387583.31,657,,,65,,20,24
ACC203193,CUST101927,Salary,74197.1,114549.15,-28058.53,79406.97,2354463.17,581,0.47,2,100,71,7,36
ACC201446,CUST102555,Savings,319858.2,150191.87,48679.67,0,0,621,0,2,83,85,8,25
ACC201952,CUST101745,Salary,235236.38,34869.66,43941.25,13580.1,808182.2,657,0.15,,71,64,12,17
ACC200922,CUST101330,Fixed Deposit Linked,8790.13,8930.13,722.99,0,0,541,,2,100,96,9,37
ACC201624,CUST100063,Fixed Deposit Linked,342532.11,32898.09,32436.37,0,0,712,0,3,62,63,11,21
ACC200310,CUST103114,Salary,170587.82,64415.95,22440.66,0,0,634,0.02,3,83,81,12,26
ACC201319,CUST100783,Salary,8110.53,32899.6,-25804.99,37100.7,1998297.47,494,0.82,1,75,50,10,28
ACC203531,CUST101486,Salary,144544.45,22588.3,23678.86,0,0,640,0.01,5,93,72,16,29
ACC201663,CUST101873,Current,2451595.93,,307851.53,0,0,702,0,6,82,55,11,28
ACC200815,CUST103165,Fixed Deposit Linked,210308.28,66502.58,46800.47,0,0,709,0,2,91,94,14,29
ACC204538,CUST100595,Savings,3096.8,2451.88,677.57,0,0,586,0.03,3,96,98,13,34
ACC202266,CUST104848,,715862.69,469048.73,46382.32,466861,41751324.42,565,0.44,4,83,80,10,35
ACC201473,CUST101426,Salary,10137.57,64179.28,-22498.68,52454.55,4252686.78,516,0.62,3,84,94,8,39
ACC201773,CUST100194,NRI,77829.39,143184.41,-11880.44,,6528410.12,644,0.37,3,93,85,13,46
ACC204623,CUST101679,Savings,158248.54,70209.65,28699.89,0,0,684,0,1,51,61,19,20
ACC201093,CUST103683,Current,226727.03,300311.48,-100085.81,261727.82,11250663.19,596,0.57,2,82,70,8,33
ACC204176,CUST104033,Savings,193103.3,74096,37936.54,0,0,676,0.04,4,54,,11,16
ACC201950,CUST102242,Savings,78056.21,129729.18,-315582.27,360355.56,4048080.22,459,1.5,4,54,46,13,18
ACC203884,CUST102573,Salary,134504.13,30164.55,32041.24,0,0,659,0,1,100,100,5,39
ACC204522,CUST102938,Salary,61919.58,35835.71,14040.44,30657.31,1890469.52,603,0.42,3,70,76,10,45
ACC204680,CUST102950,Savings,48198.19,50991.41,8523.76,7795.69,354229.37,624,0.08,2,66,79,10,26
ACC202800,CUST101922,Salary,378970.36,111273.96,65173.54,0,0,748,0,1,62,75,11,27
ACC201239,CUST100247,Current,172587.54,19372.66,,0,0,686,0,4,44,38,16,20
ACC200329,CUST104255,Savings,119965.08,56288.66,23269.67,0,0,671,0,1,,54,16,18
ACC203102,CUST102046,Fixed Deposit Linked,79591.5,150604.78,-64389.87,139984.18,7659698.54,565,0.57,3,33,38,16,
ACC200242,CUST104092,Savings,15706.39,36242.61,-26430.92,58697.41,2813587.71,461,0.81,1,82,71,13,22
ACC204689,CUST104057,Salary,17783.62,31752.98,-96076.69,126296.86,2749545.98,498,1.5,4,82,47,12,22
ACC202257,CUST101105,Current,7048786.09,588385.26,645618.42,0,0,701,0.01,3,88,81,9,
ACC202818,CUST101577,Current,1372615.76,98938.86,139513.87,0,0,744,0.06,4,75,84,11,23
ACC203824,CUST101845,Current,337779.78,23251.11,26451.19,0,,641,0,1,37,27,18,15
ACC200753,CUST104826,Current,138784.14,78918.01,-383166.91,479129.85,5429433.98,516,1.5,1,63,78,13,
ACC201563,CUST102337,Salary,3713.66,2293.97,1106.03,0,0,624,0.02,2,100,99,14,43
ACC201934,CUST102389,NRI,39410.57,17401.61,7836.57,6739.97,395775.18,569,0.22,2,44,10,16,9
ACC204798,CUST102976,Salary,192555.02,28388.34,53101.12,0,0,701,0.04,2,87,58,5,35
ACC203493,CUST104894,Savings,,70941.9,,52904.11,1685067.38,599,0.35,3,92,68,6,32
ACC203022,CUST104238,Savings,44831.07,72091.45,-16478.81,42752.78,4297115.28,540,0.4,1,70,66,17,29
ACC202648,CUST101079,Fixed Deposit Linked,342050.18,26522,41970.95,6386.95,665702.38,631,0.09,2,30,55,17,13
ACC201856,CUST100430,Savings,,50709.91,57253.02,0,0,575,0,2,71,69,10,29
ACC203563,CUST101776,Savings,41652.82,26115.25,7024.82,9920.48,608930.09,632,0.24,3,36,30,21,10
ACC201964,CUST101515,Savings,10717.96,5724.09,3106.7,0,0,538,0,1,86,81,9,25
ACC201013,CUST103802,Fixed Deposit Linked,16728.28,29344.03,-6058.41,43194.42,2719175.01,487,0.69,2,99,72,9,37
ACC201427,CUST103128,Savings,53854.65,4307.77,8156.13,0,0,580,0,2,,61,14,20
ACC203322,CUST103820,Salary,8015.36,3683.53,2058.99,0,0,548,0.02,1,100,93,13,36
ACC201295,CUST104868,Savings,170348.56,45650.73,26936.22,0,0,659,0,2,20,21,18,6
ACC200466,CUST102680,Salary,9976.94,34083.45,-1955.62,37732.11,1669642.28,608,0.53,2,100,77,,38
ACC204028,CUST102262,Salary,103161.06,21060.41,16666.94,12769.52,1169481.95,569,0.22,2,77,79,5,26
ACC200174,CUST100472,,149970.83,14036.78,23182.88,0,0,709,0.08,3,31,29,15,10
ACC200277,CUST102727,Fixed Deposit Linked,879721.49,571512.71,75344.24,652443.07,57050223.38,617,0.52,2,60,63,12,
ACC201069,CUST100205,Savings,13506.49,7175.38,2794.88,0,0,635,0,2,58,62,12,27
ACC201548,CUST100695,Savings,32040.09,88622.34,-96188.87,153885.37,1760202.45,468,1.04,3,56,87,11,22
ACC201024,CUST101784,Savings,7417.15,21252.71,-8526.87,41819.73,474260.16,490,,3,85,100,9,48
ACC202834,CUST103741,NRI,273314.42,208560.17,41409.73,142734.75,12770848,642,0.29,2,57,60,14,18
ACC201466,CUST101894,,203395.75,222682.7,-599084.31,815477.83,17914575.19,,1.5,2,,83,16,21
ACC201713,CUST103467,Salary,31707.29,62739.96,-4198.19,41432.92,1243009.65,573,0.49,1,94,74,9,34
ACC203424,CUST100988,Current,273888.88,15187.66,24557.61,0,0,615,0.02,,40,37,20,21
ACC202611,CUST100509,Salary,,70350.39,-1668.75,120738.62,7070721.71,572,0.64,2,61,57,11,30
ACC200388,CUST101242,Fixed Deposit Linked,745185.88,138668.24,76434.92,0,0,764,0.01,1,76,70,4,29
ACC202070,CUST104507,Current,97670.92,51502.36,13985.24,56552.57,1180998.17,607,0.44,3,71,39,13,27
ACC203970,CUST102490,,87479.86,40265.05,20186.78,0,0,629,0.03,2,57,77,2,28
ACC203495,CUST102087,Savings,11886.77,1836.77,2273.33,0,0,648,0.01,,93,96,12,
ACC202821,CUST103292,Current,105009.29,139139.55,,255947.26,5531424.17,548,0.95,5,58,39,12,11
ACC201424,CUST104435,Salary,758860.91,85757.1,136224.3,0,0,651,0.03,,85,68,11,25
ACC203542,CUST101640,Salary,500,1500,-633.17,0,0,572,0,3,76,97,14,42
ACC204908,CUST103561,Savings,17600.72,3443.61,3009.16,0,,638,0.03,2,,,14,34
ACC203574,CUST102306,,,87622.62,28367.59,58036.07,4001944.53,622,0.3,1,75,53,11,19
ACC200050,CUST104615,Fixed Deposit Linked,612018.65,53318.17,96169.8,0,0,649,0,1,68,55,,18
ACC201887,CUST104574,Salary,8135.64,4686.69,1062.48,0,0,553,0,1,100,100,8,38
ACC203695,CUST100614,,772960.32,290107.49,142029.06,0,0,715,0,3,54,34,11,13
ACC204229,CUST104417,Salary,1059.48,1500,255.62,0,0,529,0,3,58,62,12,20
ACC200482,CUST101588,NRI,6021.95,7237.71,1014.75,0,0,561,0.01,1,76,72,8,38
ACC203393,CUST101030,Savings,,45662.33,31549.11,0,0,680,,1,79,75,8,35
ACC202251,CUST100383,Savings,2648831.63,652348.56,661003.75,0,0,683,0.01,3,55,70,16,28
ACC204162,CUST100419,Savings,9607.92,3083.25,1718.59,0,0,554,0.02,4,96,87,11,27
ACC202313,CUST104611,Savings,35752.1,71183.91,-11366.49,43099.18,4870967.31,539,0.36,4,72,59,9,22
ACC202849,CUST104289,Savings,162371.95,442005.58,-363952.31,569834.02,33238079.09,569,0.95,,56,67,18,
ACC203103,CUST104228,Savings,595.58,1656.08,71.81,308.29,20000,,0.2,3,97,97,7,34
ACC204127,CUST104612,Savings,114009.11,36493.04,23979.75,0,0,732,0,2,72,39,6,
ACC203867,CUST104964,Fixed Deposit Linked,278259.95,51682.07,33536.28,28330.1,2176597.7,572,0.25,1,77,69,15,33
ACC202465,CUST104963,Current,3987123.2,223119.89,347689.78,0,0,655,0.01,1,91,75,5,38
ACC202929,CUST102390,Current,683127.21,701532.28,-143494.85,473375.93,22794161.85,599,0.47,4,63,61,11,33
ACC204106,CUST102861,Salary,86195.82,21313.86,21291.96,0,0,699,0,2,72,54,12,18
ACC200064,CUST100023,Salary,52653.56,7725.77,8728.31,0,0,635,0.04,1,57,33,15,23
ACC204897,CUST102773,,199565.15,29883.26,34227.04,0,0,640,0,1,30,22,16,7
ACC200776,CUST100798,Current,163221.03,80514.48,15207.59,17455.59,1030927.51,,0.19,4,70,48,8,24
ACC204173,CUST102151,Salary,192834.17,69994.27,42940.29,0,0,584,0,1,,81,1,27
ACC202734,CUST103540,Salary,174121.89,55649.59,35952.44,0,0,706,0,3,68,55,10,21
ACC202580,CUST101731,Savings,4306.24,9131.99,472.52,0,0,626,0,1,83,88,11,35
ACC203483,CUST102863,Savings,32611.36,7694.89,5092.84,0,0,564,0.01,4,61,,15,27
ACC204885,CUST102790,Salary,65211.97,59942.51,9089.62,82759.85,5252294.7,698,0.52,4,79,91,6,34
ACC202344,CUST104808,Salary,3268.23,,-2193.95,15548.98,683781.72,575,0.48,4,89,87,8,36
ACC202815,CUST100998,Savings,68759.09,116721.54,,392840.35,4400152.38,538,1.5,4,80,91,5,41
ACC204708,CUST100980,Salary,20642.48,36175.6,-8937,67976.09,2136662.21,565,0.71,1,73,66,7,32
ACC204026,CUST104383,Savings,11739.64,6365.49,2434.23,0,0,572,0,1,93,84,6,39
ACC200724,CUST102860,Fixed Deposit Linked,1626.81,1500,119.77,0,0,571,0,2,94,70,5,35
ACC204907,CUST102278,Savings,955.78,1500,157.43,0,0,483,0,4,100,100,12,43
ACC204573,CUST104671,,68843.14,14218.09,11217.09,0,0,633,0,4,67,36,8,14
ACC204960,CUST100600,,5957.56,2791.97,1585.07,0,0,670,0.01,2,61,53,12,19
ACC204878,CUST101059,Savings,3099.69,2606.26,498.71,0,0,,0,3,98,100,7,41
ACC201735,CUST102211,Savings,98406.04,,19423.21,3235.94,341071.74,597,0.11,5,30,0,18,9
ACC203124,CUST100374,Savings,87341.58,17920.8,15154.69,3336.24,366277.77,614,0.08,3,38,12,19,14
ACC200273,CUST100012,Savings,25900.88,8609.4,7066.51,0,0,609,0.02,,50,40,9,17
ACC202944,CUST103520,Savings,14291.63,72306.64,-17314.39,60977.98,,703,0.54,5,100,86,8,34
ACC204776,CUST104499,Salary,17438.81,6284.78,4874.91,0,0,508,0,2,84,97,8,45
ACC204567,CUST100417,Savings,274756.62,75457.95,37273.31,74732.27,5659511.32,,0.38,2,77,100,9,32
ACC201452,CUST104739,Salary,166515.3,56326.03,22182.4,,3757165.56,595,0.3,,79,99,,42
ACC202715,CUST103799,Savings,500,1500,-607.55,0,,490,0.01,4,55,75,9,27
ACC204245,CUST102551,Salary,238837.2,26721.27,40910.98,6688.17,608325.64,608,0.11,6,81,78,6,27
ACC202692,CUST103199,Savings,3176.68,3023.53,544.12,0,0,,0,3,100,82,9,31
ACC202767,CUST103919,Salary,80973.74,59075.2,26087.38,0,0,745,0,3,,93,15,40
ACC200218,CUST103789,Salary,68083.16,35538.22,11270.27,20300.84,1674346.59,608,0.31,1,89,100,7,31
ACC200239,CUST104863,Salary,10447.89,44783.67,-123831.84,148461.99,1702590.61,542,1.5,4,99,93,11,39
ACC201131,CUST104462,Salary,41241.79,97915.1,-81295.79,138942.01,4264687.48,537,0.82,1,73,57,8,25
ACC204748,CUST101218,Savings,359784.25,116166.26,61516.18,0,0,680,,3,85,59,12,40
ACC203264,CUST100935,Salary,147102.85,36012.21,26161.19,0,0,573,0.02,2,68,77,4,37
ACC202239,CUST103482,Current,14248.53,1971.86,1256.96,0,0,519,0.01,2,67,55,15,32
ACC201383,CUST101545,Fixed Deposit Linked,139030.83,47987.58,18495,0,0,638,0.01,3,89,87,14,35
ACC203074,CUST104972,,254196.59,60535.18,25965.25,,0,,0,3,62,76,6,29
ACC201357,CUST101427,Savings,10694,4433.98,3043.92,0,0,607,0,2,98,87,,32
ACC202630,CUST101382,Savings,4814.59,1500,939.56,0,0,543,0.02,1,85,87,8,29
ACC202832,CUST103560,Current,414312.92,34691.68,35636.21,0,0,576,0.01,3,39,19,,15
ACC200624,CUST104405,Fixed Deposit Linked,12293.66,30267.08,-62363.66,98303.72,1118643.21,462,1.5,2,58,75,14,32
ACC200839,CUST102722,Savings,2727.43,3696.57,336.01,1235.89,26384.46,610,0.29,,58,52,8,21
ACC200323,CUST103044,Fixed Deposit Linked,1187.57,1500,-172.05,0,0,601,0,3,100,100,9,39
ACC204976,CUST102747,Fixed Deposit Linked,23385.16,20070.54,-3027.36,15901.66,477137.14,544,,5,65,67,9,25
ACC201867,CUST100102,Salary,218733.41,75360.39,40665.79,0,0,670,0.01,5,61,70,,24
ACC202826,CUST101100,Salary,13779.27,39923.83,-127887.23,169238.48,3623241.69,516,1.5,2,86,50,5,28
ACC204564,CUST103974,,152023.69,98910.65,29392.37,36595.07,3001513.67,611,0.21,2,46,42,20,14
ACC200437,CUST103912,Salary,92509.62,66747.94,24899.77,0,0,703,0.02,2,85,100,10,28
ACC200119,CUST102351,Savings,4090.55,1500,851.12,0,0,548,0,3,64,79,8,30
ACC204534,CUST104836,Savings,6593.52,2252.9,1030.82,828.54,98454.78,572,0.17,1,94,,9,45
ACC204805,CUST101986,Savings,202629.45,29413.07,48842.14,0,,705,0,2,32,30,13,15
ACC201839,CUST102741,Salary,9828.54,67702.71,-154802.51,,3775243.36,525,1.5,2,70,75,8,32
ACC201026,CUST102834,Salary,214395.2,100296.77,43047.77,0,0,725,0,4,80,76,5,31
ACC203301,CUST104987,Current,4668644.39,543292.85,448923.12,0,0,709,0,2,73,,19,15
ACC204172,CUST104018,Savings,6617.06,4261.7,1574.99,0,0,582,0.07,1,,85,7,23
ACC203101,CUST101472,Savings,19511.82,,-19942.09,45262.09,3332753.75,607,0.51,1,84,70,8,32
ACC200900,CUST100759,Savings,116694.49,16087.68,21563.37,0,0,689,0.04,4,24,14,12,10
ACC204467,CUST104285,Savings,290005.72,89922.05,47496.8,0,0,645,0.01,3,84,,11,
ACC201204,CUST102718,Salary,8640.52,44418.39,-203371.88,220319.79,2531859.64,442,1.5,4,55,85,16,24
ACC204612,CUST102265,Savings,23143.54,2782.05,3452.02,0,0,533,0,2,95,100,5,44
ACC204973,CUST100189,Savings,20133.04,47461.39,-112976.58,165831.7,1904798.81,527,,5,81,70,10,27
ACC204050,CUST102203,Salary,195907.93,78541.92,35034.05,0,0,633,0.03,2,89,100,7,31
ACC200552,CUST103988,Savings,34258.44,43064.89,-24788.86,66916.35,3928454.94,494,0.82,2,92,100,16,34
ACC200406,CUST101874,Salary,25601.41,58763.66,-8332.1,32103.43,366683.62,591,0.35,3,81,83,12,30
ACC204548,CUST101571,Savings,37727.26,9245.77,8738.77,,320597.34,,0.31,2,32,39,11,11
ACC201613,CUST102005,Salary,28490.97,35610.45,-79765.94,108896.13,,505,1.5,2,53,46,13,24
ACC202934,CUST100303,Fixed Deposit Linked,2161.37,1500,327.27,0,,566,0,1,62,59,14,24
ACC203298,CUST100394,Savings,21599.87,,3776,0,0,564,0.03,3,94,100,10,25
ACC202833,CUST103886,Fixed Deposit Linked,69389.31,176559.38,-733782.14,835103.75,18357933.79,543,1.5,2,76,60,14,20
ACC202349,CUST104242,Savings,28046.67,51727.55,-129628.26,,3382533.46,558,1.5,3,50,64,13,21
ACC203109,CUST100837,Savings,2173.12,1500,368.76,0,0,601,0,2,93,94,8,35
ACC201738,CUST101498,Salary,283876.25,39204.86,49109.46,0,0,635,0,3,86,60,9,37
ACC200236,CUST103230,Savings,3824169.28,571175.45,611843.21,0,0,696,1.33,4,50,91,10,36
ACC203163,CUST103685,Salary,12922.87,73105.6,-3888.54,44603.04,3396248.12,629,0.39,5,75,67,15,
ACC200499,CUST103550,Savings,135744.71,42994.7,27693.99,0,0,,0,3,56,52,14,22
ACC203625,CUST101165,Salary,47258.88,63084.63,-5313.72,44624.71,2119589.18,535,0.41,6,89,65,,30
ACC203127,CUST104309,Savings,210771.62,47682.29,34340.87,,686544.29,719,0.21,7,81,66,12,31
ACC200794,CUST104893,,79273.98,25376.02,20745.86,0,0,646,0.04,3,30,18,18,9
ACC203358,CUST102350,Savings,39488.39,20921.06,7777.3,25415.97,1702972.53,586,0.39,3,66,89,15,26
ACC203291,CUST104926,Salary,35676.34,52274.69,-361301.82,419638.98,,611,1.5,1,67,63,,33
ACC203972,CUST102007,Savings,45134.21,79885.46,4860.36,23523.11,1907703.33,706,0.2,2,60,57,13,23
ACC200990,CUST100944,Salary,136006.65,42710.83,16341.18,49648.52,2934700.33,660,0.46,2,84,79,9,17
ACC202435,CUST103880,Salary,133670.42,73435.24,32246.28,0,0,641,0.02,4,94,94,12,32
ACC203376,CUST103678,Current,3117395.84,626064.34,267454.24,0,0,585,0,2,76,,12,16
ACC200390,CUST101578,Savings,46823.58,10392.43,8514.84,0,,650,0,,,4,,5
ACC202400,CUST104489,Salary,5183.45,3527.45,1124.27,1311.31,80449.35,520,0.2,1,62,46,9,18
ACC201217,CUST103365,Salary,,34043,,0,0,649,,5,42,45,10,21
ACC200235,CUST103276,Salary,62933.15,69056.14,-123511,242799.92,2751067.03,543,1.29,2,63,82,10,28
ACC200331,CUST100414,Salary,39224.56,115488.08,-250095.77,314838.35,6852247.97,597,1.5,1,72,91,10,26
ACC203188,CUST101989,Savings,204154.93,35403.78,44170.59,0,0,648,0,2,90,72,8,32
ACC200044,CUST100838,Salary,29459.55,51222.18,-9566.57,96419.84,2123624.33,659,0.72,2,80,84,8,21
ACC204722,CUST101069,Current,452971.8,234940.84,25455.64,111808.45,9654707.83,,0.28,1,,91,9,46
ACC204216,CUST102958,Salary,228007.15,37341.25,,0,0,644,0.03,2,85,96,10,45
ACC203436,CUST101349,NRI,87804.72,270002.82,-977817.79,1195467.69,13617072.05,498,1.5,2,69,88,10,33
ACC203072,CUST102212,Salary,34951.52,25967.05,3476.71,17478.44,555022.3,566,0.42,2,100,94,11,33
ACC203134,CUST104540,Savings,146817.23,33739.22,26510.34,0,0,628,0,,100,91,7,41
ACC204045,CUST100848,Salary,96972.75,15843.73,,5919.48,371708.28,624,0.16,3,47,36,13,12
ACC201594,CUST104286,Savings,132502.65,82424.3,22317.92,27707.22,1714650.67,655,0.23,2,63,77,9,31
ACC200223,CUST103274,Current,249746.69,32267.68,20384.55,0,0,663,0.03,1,24,28,9,10
ACC202891,CUST101681,Savings,135417.99,12514.07,22554.43,0,0,673,0.02,2,47,18,12,13
ACC201245,CUST104141,Salary,66335.54,33607.53,13410.23,0,0,640,0,4,82,82,13,34
ACC201540,CUST103133,Savings,105846.64,38468.31,20281.12,39862.49,1766749.82,579,0.41,1,69,68,,25
ACC203537,CUST104748,Savings,9183.44,2740.3,1423.56,447.59,20000,601,0.05,2,99,100,9,35
ACC204148,CUST104432,Savings,517901.57,47047.25,82421.89,0,0,742,,3,77,64,7,32
ACC202533,CUST102699,NRI,7406.97,2607.23,1837.39,0,0,537,,4,,58,8,31
ACC204944,CUST103943,Savings,483319.34,101917.77,78626.51,0,0,695,0.04,3,64,90,15,
ACC200818,CUST104870,Savings,47384.22,115558.87,-49217,88722.23,3819710.64,648,0.57,2,83,88,13,35
ACC203458,CUST103329,Savings,,80569.5,95980.25,0,0,695,0,2,86,58,8,17
ACC200155,CUST100008,Current,3532928.74,411254.87,254596.33,0,0,715,0.02,2,69,66,13,38
ACC204895,CUST102690,Savings,1539.85,3187.58,265.46,0,0,618,0.03,3,,100,9,35
ACC200248,CUST101782,Current,676920.42,345827.54,-275631.83,533395.58,24723907.57,499,0.88,4,58,39,12,20
ACC203927,CUST101308,Salary,88646.08,59508.06,29290.84,19117.17,1837934.01,691,0.14,1,96,88,8,35
ACC204014,CUST103495,Fixed Deposit Linked,120925.65,78085.55,-82971.99,172787.07,5447840.85,,1.03,3,70,62,10,20
ACC202636,CUST100399,Savings,124514.39,44118.93,20895.92,0,0,675,0.03,4,56,82,12,36
ACC200793,CUST100175,Savings,53240.24,49707.23,,133550.94,4117425.23,545,1.03,1,89,,13,30
ACC201725,CUST101509,Current,114076.66,153381.82,-14259.63,224469.83,17782240.82,623,0.6,1,60,50,14,16
ACC203189,CUST100306,Fixed Deposit Linked,222739.25,110428.34,36593.27,96350.9,6637267.4,640,0.39,2,86,77,17,38
ACC202649,CUST101950,Salary,397772.23,50270.43,60887.81,0,0,623,0.03,2,96,77,8,22
ACC200628,CUST101965,Salary,,75084.77,4351.46,52220.13,4285864.23,665,0.34,2,64,40,16,17
ACC204756,CUST103791,Savings,217994.73,48915.88,36734.85,7260.91,620345.44,680,0.12,3,72,52,7,25
ACC202339,CUST104266,Current,382283.04,,34153.5,0,0,620,0,2,71,49,11,22
ACC204876,CUST103314,Savings,37262.85,51887.42,1022.18,24551.83,2636158.8,652,0.34,4,85,57,13,24
ACC201620,CUST103362,Salary,,56592.75,83813.86,0,0,695,0,2,61,69,14,31
ACC201451,CUST101777,Salary,33713.1,56249.36,,155432.24,1783636.92,536,1.24,2,71,61,10,24
ACC202902,CUST103610,Savings,15128.71,,2576.21,0,0,559,0,5,95,95,7,37
ACC201828,CUST102569,Savings,399764.72,38912.04,67803.68,0,0,703,0,3,91,77,7,35
ACC200826,CUST100927,Current,28066.97,,4520.89,0,,608,0,3,49,54,14,
ACC201639,CUST100508,Current,4007547.46,435601.72,297026.27,0,0,718,0,3,75,100,9,44
ACC203864,CUST102885,Salary,145547.61,31781.53,25507.08,14415.78,,685,0.22,2,70,60,11,38
ACC202913,CUST104889,Fixed Deposit Linked,442875.2,69853.66,40971.54,0,,,0.02,2,66,79,12,30
ACC203791,CUST103538,Savings,553920.73,107606.28,,0,0,688,0.03,2,33,54,14,18
ACC202939,CUST102676,Savings,26366.83,2731.35,4536.32,0,,586,0,1,47,44,11,20
ACC203420,CUST104337,Savings,140309.99,13842.41,21767.18,0,0,644,0.01,3,25,10,15,5
ACC203996,CUST101920,Fixed Deposit Linked,25809.92,31660.87,-103202.24,121433.52,1357311.01,437,1.5,3,81,76,14,26
ACC203767,CUST104295,Fixed Deposit Linked,220780.23,23705.43,36642.34,7907.85,526561.17,644,0.13,2,86,84,6,23
ACC200535,CUST103586,Savings,12076.33,55657.57,-204207.05,235366.14,2627997.67,461,1.5,1,78,70,9,41
ACC202663,CUST100389,Salary,771.35,2566.47,-542.9,2508.59,148494.61,535,0.52,2,100,76,8,41
ACC200154,CUST101860,Salary,225315.3,113448.08,35105.1,0,0,659,0.01,2,81,67,11,29
ACC203241,CUST100427,Salary,128768.34,40579.56,24578.13,0,0,655,0,2,59,50,12,23
ACC203149,CUST104874,,44313.28,37158.93,204.04,19981.79,2163302.88,622,0.34,3,78,85,,19
ACC202952,CUST103323,Savings,225818.75,105443.8,33847.02,0,0,652,0,1,100,60,9,26
ACC201311,CUST100032,Savings,12465.7,4581.52,1734.78,0,,546,0.02,6,93,98,5,41
ACC200322,CUST102107,,115534.8,43729.1,19387.35,0,0,675,,5,60,79,9,26
ACC204110,CUST103367,Salary,182815.71,26229.94,29182.19,0,0,667,0.02,3,43,11,12,13
ACC203330,CUST101050,Savings,153479.52,55299.09,32519.56,0,,692,0.03,2,76,91,,35
ACC203985,CUST103451,Savings,3848.21,1500,593.22,0,0,522,,2,100,93,8,41
ACC201798,CUST103544,Salary,286023.52,135119.07,63057.34,0,0,684,0,4,69,53,11,23
ACC200082,CUST104183,Salary,209751.43,60939.83,63715.8,0,0,663,0,4,100,96,6,37
ACC202560,CUST102598,Savings,143194.82,51638.64,30514.75,0,0,,0.03,2,73,67,14,31
ACC201943,CUST102629,Salary,185065.51,33178.33,36317.68,0,0,692,0,3,86,95,10,29
ACC201988,CUST100658,Savings,8875.1,2019.27,,0,0,529,0,1,66,74,12,30
ACC203536,CUST103632,Savings,7773.11,8648.33,984.24,,0,581,0.03,1,88,90,5,40
ACC201574,CUST102771,Salary,105523.55,52390.48,23151.23,52923.97,3996590.18,609,0.46,3,64,75,9,32
ACC202977,CUST101347,Salary,81352.27,54957.6,14608.34,15706.01,898791.82,593,0.21,3,99,82,7,42
ACC202723,CUST101866,Salary,137276.51,138743.78,11091.46,83718.28,,606,0.34,3,35,40,15,15
ACC203405,CUST102257,Savings,386682.24,183409.08,95410.35,0,0,701,,2,76,87,10,31
ACC202058,CUST103349,Salary,6734.99,21224.09,-1352.58,23676.5,1950904.07,605,0.53,2,63,80,12,33
ACC201762,CUST103303,Savings,24900.11,5216.45,4362.98,0,0,689,0,2,54,49,18,18
ACC201494,CUST100321,Salary,38887.14,72711.22,-28923.88,54839.05,3003100.98,593,0.54,3,74,66,11,22
ACC202080,CUST103102,Savings,756.43,2162.38,-195.07,945.8,41608.27,445,0.31,2,84,99,12,43
ACC201174,CUST103833,Salary,54113.02,18420.29,14893.13,11461.19,356480.26,695,0.22,3,42,26,10,11
ACC204509,CUST102539,,262064.2,49445.21,26776.57,60923.85,2823962.12,559,0.48,2,43,36,16,13
ACC202628,CUST100819,Savings,71652.82,89137.12,-29125.28,142984.15,6550975.34,580,0.72,2,,66,8,26
ACC204261,CUST102397,Current,630250.25,42086.94,41103.51,0,0,657,0.01,2,91,96,11,37
ACC204648,CUST104853,Savings,49817.05,117626.54,-103832.69,165596.1,7237722.5,582,0.84,1,90,91,10,45
ACC200614,CUST104246,Savings,73818.31,316585.29,,363968.19,34952787.58,546,0.67,3,77,67,19,35
ACC203093,CUST100269,,14076.7,2394.85,2305.44,0,0,603,0.02,3,73,70,12,22
ACC203450,CUST104326,Salary,190160.13,85588.79,33745.78,0,0,656,0,1,93,100,8,35
ACC201014,CUST102024,Current,253297.78,242741.66,18455.86,362986,23218846.29,691,0.52,1,,93,7,35
ACC203057,CUST104978,Salary,147842.86,70409.3,28908.4,0,0,575,0,2,61,69,8,25
ACC204794,CUST104736,Savings,,5241.5,570.6,0,0,536,0.03,3,100,100,12,42
ACC203905,CUST100904,Salary,12688.8,,-84311.28,132323.18,4039713.08,478,1.29,1,73,81,12,24
ACC202181,CUST101233,Savings,199436.81,22193.34,32354.07,0,0,685,0,3,45,37,11,14
ACC203418,CUST101265,Salary,407718.12,45654.29,79331.56,0,0,687,0.02,2,55,44,13,26
ACC203100,CUST101447,Savings,86445.42,29217.64,13325.86,0,0,610,0.07,2,100,84,14,28
ACC201211,CUST101438,,297883.45,44305.9,43477.53,0,0,683,0,3,75,78,,24
ACC200634,CUST102067,Salary,1089.83,1500,138.29,0,0,646,0,1,62,57,17,23
ACC201055,CUST102980,,184937.49,43927.19,33283.53,,0,653,0.01,2,40,28,23,12
ACC202340,CUST102533,Savings,431345.56,88740.7,69513.45,0,0,632,0,2,100,85,10,34
ACC200796,CUST100045,,140142.15,19919.36,22073.28,0,0,657,0.01,1,87,72,11,26
ACC204270,CUST101312,Fixed Deposit Linked,8517.33,2042.41,1120.57,0,0,560,0,2,82,92,12,43
ACC202814,CUST103442,Savings,12050.28,25493.7,1679.04,37978.02,2759627.02,,0.58,1,88,100,7,34
ACC204341,CUST102947,Savings,50216.8,55207.52,-222677.31,272110.03,3060918.8,492,1.5,,70,91,8,37
ACC201080,CUST100211,Fixed Deposit Linked,123297.47,45002.53,18448.87,11664.14,,711,0.18,2,79,88,11,44
ACC201654,CUST100299,Salary,500,1500,-499.71,,0,575,0.04,4,100,90,9,44
ACC201607,CUST104265,Savings,187943.17,44278.1,39772.98,0,0,647,0.01,4,93,100,5,31
ACC200144,CUST104487,,20185.84,42630.98,-2728.96,44473.82,947399.39,634,0.5,3,75,73,12,33
ACC204241,CUST104485,Salary,202061.19,78775.24,54654.45,44523.86,5266967.95,658,0.22,5,67,76,11,25
ACC200090,CUST104153,Savings,304860.96,61364.56,68952.83,0,0,698,0.02,1,80,63,17,30
ACC200682,CUST101049,Savings,44082.02,78584.25,-4805.59,41154.02,1915285.32,618,0.36,2,74,50,13,19
ACC204406,CUST101633,Salary,181239.84,75600,26585.08,0,0,690,0.02,2,89,83,8,41
ACC203431,CUST103930,Fixed Deposit Linked,358843.98,43068.9,44244.85,0,0,643,0,3,87,79,10,32
ACC200093,CUST101295,Savings,142563.18,33245.21,23748.46,0,0,657,0.06,3,98,79,9,35
ACC200834,CUST103393,Savings,232012.27,71188.93,34390.34,0,0,666,0,4,74,57,12,33
ACC204791,CUST103369,Savings,5448.96,6422.94,1230.37,1012.82,83306.03,606,0.15,2,86,96,9,44
ACC201400,CUST102021,Savings,9296.07,3447.79,2468.07,649.8,49547.62,562,0.11,6,95,94,10,42
ACC203979,CUST103462,,45493.64,59849.78,-20945.84,119421.33,6696503.37,571,0.81,2,80,70,11,23
ACC202291,CUST103172,Savings,406605,44221.37,70649.85,0,0,687,0.05,1,87,100,12,29
ACC201500,CUST101840,Salary,64500.62,59167.74,5365.18,63677.91,5125396.28,637,0.46,4,80,,14,22
ACC202262,CUST104594,Salary,12834.27,59042.38,-36532.63,76151.62,4571929.68,571,0.76,2,68,82,12,26
ACC201468,CUST100030,Savings,27464.65,39523.4,,59170.76,1762045.84,486,0.8,4,72,82,10,22
ACC203928,CUST104614,Current,261680.01,,-681568,876223.45,19210182.37,591,1.5,2,91,70,9,37
ACC203245,CUST100142,Savings,6573.76,1838.46,1315.44,0,0,595,0.02,1,100,100,8,44
ACC200998,CUST102732,NRI,72131.51,27274.9,18648.44,0,0,587,0.01,2,40,13,11,8
ACC200853,CUST103567,Salary,173345.7,50081.76,34754.99,0,0,659,0.01,6,57,38,8,20
ACC203875,CUST103306,,201363.11,38294.51,46077.21,0,0,706,,1,65,53,12,15
ACC201142,CUST100113,Salary,500,1500,-1535.08,1487.66,44117.66,486,1.04,3,78,100,11,47
ACC202274,CUST101464,Salary,12944.85,39237.66,-100096.28,177346.71,5213153.87,573,1.5,2,65,84,10,45
ACC204497,CUST101388,Savings,77684.34,75171,15452.41,36756.08,2125594.26,707,0.29,2,100,100,13,38
ACC201103,CUST101862,Savings,359282.95,33877.38,54003.36,0,0,602,0.03,2,78,78,14,32
ACC200084,CUST103024,Savings,71424.25,104636.44,-123216.66,201556.77,2281914.83,529,1.09,3,87,55,13,
ACC202210,CUST100883,Current,2277867.39,170202.98,168478.86,0,0,640,0,5,59,63,,25
ACC204210,CUST104027,Current,15441.66,1951.78,,0,0,563,0.02,4,98,94,5,42
ACC204677,CUST102368,Salary,81931.95,32446.13,19661.7,19315.21,1711691.13,581,0.26,1,84,100,14,35
ACC203440,CUST102903,Salary,119278.95,43483.64,36688.89,0,0,,0,4,56,27,7,9
ACC201567,CUST103499,,53477.8,102987.25,-12087.09,52530.51,4322542.38,603,0.34,3,96,81,10,43
ACC201660,CUST104854,Current,160059.02,13901.68,17971.65,0,0,620,0,6,55,27,22,16
ACC201556,CUST103841,Salary,160252.21,32755.12,48741.72,0,0,726,0.08,4,77,75,16,23
ACC203764,CUST104196,Savings,14077.14,53365.68,-115494.09,171153.6,3653509.12,489,1.5,4,58,62,10,18
ACC203584,CUST103564,Savings,,38679.74,15647.69,0,0,659,0.05,3,75,74,10,31
ACC201885,CUST101356,Salary,3939.42,8701.34,381.78,0,0,568,0,4,100,100,12,43
ACC203144,CUST103454,Salary,5209.9,1500,928.38,0,0,526,0.03,2,100,100,7,60
ACC201866,CUST102045,Current,2020383.64,175485.89,156613.6,0,0,729,0.01,2,70,66,16,34
ACC202874,CUST103824,Savings,14800.97,5399.9,2303.36,0,0,641,0,2,61,,5,34
ACC204330,CUST103122,Salary,293641.81,57788.66,46709.83,0,0,711,0,4,72,73,11,27
ACC203588,CUST101607,Savings,556144.78,295689.95,145820.83,176769.28,11853090.69,665,0.25,5,76,64,10,28
ACC203267,CUST104447,Savings,10649.21,1662.77,2021.29,,0,602,0,2,94,86,12,37
ACC202884,CUST103767,Current,404480.96,626851.47,-856639.74,1164703.19,35281721.46,547,1.23,1,100,43,14,22
ACC202890,CUST103967,Savings,139680.3,19836.91,24032.21,0,0,586,,2,49,56,6,10
ACC203007,CUST102358,Savings,101213.1,43657.62,23179.55,0,0,642,0,4,71,72,10,34
ACC201826,CUST100449,Salary,12894.47,63486.87,-176478.51,202975.42,4364917.45,495,1.5,2,65,54,10,18
ACC203923,CUST103996,Current,363431.76,166850.01,-790281.04,1041303.81,22321031.33,492,1.5,4,61,44,19,24
ACC202640,CUST102897,Fixed Deposit Linked,284752.52,47480.11,22235.45,0,0,571,0.01,5,70,76,13,42
ACC201525,CUST101151,Salary,316950.63,48807.73,81476.98,0,0,675,0,1,60,73,11,25
ACC201562,CUST101888,Salary,234850.19,25006.83,39753.64,0,0,681,0,1,72,74,14,
ACC200343,CUST102221,Savings,9581.95,2102.72,1548.56,0,0,625,0,2,95,100,10,31
ACC202542,CUST100407,Salary,226427.66,56357.85,65894.78,0,0,652,0,4,58,59,9,22
ACC203385,CUST104700,Salary,558661.99,71636.08,93001.24,0,0,690,0.01,4,84,,,37
ACC202412,CUST100313,Salary,232444.44,45026.52,37728.88,0,0,722,0,4,77,76,11,28
ACC202707,CUST100041,Salary,102432.48,29281.55,30763.97,0,0,,,2,91,81,14,36
ACC201110,CUST102384,Current,,107269.19,88037.72,0,0,695,0,6,72,56,11,15
ACC203442,CUST103834,Savings,8048.88,6170.18,2573.48,0,0,573,0,2,77,100,9,35
ACC202213,CUST104783,Savings,23518.33,4257.12,5126.96,0,0,571,0.03,2,27,0,16,8
ACC201359,CUST101051,Salary,42689.39,73195.6,-115405.62,151912.12,3296447.94,472,1.39,4,68,99,8,36
ACC202107,CUST104237,Savings,70204.17,26903.95,19467.13,0,0,606,0,4,29,15,19,9
ACC201378,CUST104529,Savings,111141.56,50692.75,20184.06,27146.85,2258152.48,592,,1,80,,7,30
ACC202828,CUST103058,Savings,167540.87,30584.17,24515.93,15650.37,327302.03,641,0.22,3,,60,18,27
ACC200424,CUST102146,Savings,118287.13,45414.44,35465.62,0,0,671,0,3,87,78,14,29
ACC200292,CUST102329,Salary,12769.85,31451.83,-8276.12,27714.59,1339743.71,305,0.51,2,67,40,10,34
ACC201065,CUST104901,Savings,52568.91,88333,-51938.23,156646.15,6761530.14,553,0.8,2,83,80,16,30
ACC202377,CUST102883,,171302.56,80678.87,38369.43,0,0,568,0,3,76,61,9,20
ACC202127,CUST104662,Savings,8907.04,3785.58,2249.01,0,0,658,0.03,1,74,36,9,20
ACC201717,CUST104416,,125133.75,21107.41,25376.85,0,0,670,0.01,4,30,51,15,12
ACC200937,CUST103353,Salary,27365.09,64699.54,,392526.29,4383842.17,473,1.5,1,76,85,8,28
ACC203779,CUST101524,Savings,9559.07,6344.35,1611.38,1621.41,94810.15,570,0.16,5,,,6,38
ACC203964,CUST103300,Savings,41187.19,98453.15,-263539.1,305311.48,3427239.97,496,1.5,1,63,67,16,26
ACC203990,CUST100799,Salary,83541.8,14002.3,24612.04,0,0,,0,3,48,22,17,10
ACC200254,CUST102275,Savings,50775.19,52685.46,-13297.38,73582.48,3565366.65,558,0.61,3,75,81,9,27
ACC204823,CUST104496,Current,24367.87,2780.1,2399.89,0,0,619,0,1,89,99,7,30
ACC201482,CUST102287,Savings,21016.41,30773.48,-44942.89,81329.63,2514736.93,544,1.22,3,90,77,11,39
ACC200944,CUST101629,Salary,3951.78,1724.62,651.54,789.08,34545.38,487,0.27,4,68,74,9,24
ACC203183,CUST102920,Salary,269080.94,40673.63,65976.11,0,0,610,0.03,5,63,74,14,30
ACC203266,CUST102720,Fixed Deposit Linked,363436.76,37976.87,48775.25,0,0,625,0,1,82,100,8,34
ACC202907,CUST100469,Savings,30541.01,106348.2,-36679.04,,,566,0.57,4,,74,8,38
ACC200969,CUST102686,,235139.12,,39287.71,0,0,643,0,3,60,57,12,28
ACC200496,CUST100544,Savings,2087.26,1500,476.31,0,0,546,0.02,1,,64,12,22
ACC201829,CUST101820,Current,21875.14,5253.84,2527.04,0,0,535,0,1,50,54,,20
ACC202177,CUST102607,Current,495680.93,26565.11,33610.94,0,0,632,0.03,2,97,75,13,40
ACC200337,CUST100555,Salary,15200.55,1500,2489.92,0,0,605,0,,76,79,10,29
ACC204704,CUST103394,Salary,37421.38,50627.75,-258714.39,308531.51,3502950.44,533,1.5,1,81,75,7,30
ACC201148,CUST104999,,29398.59,48409.89,-26004.05,62006.27,706166.54,549,0.68,1,72,74,15,32
ACC202243,CUST102299,Current,195137.86,332055.59,-2251565.49,2478086.06,28199572.81,484,1.5,2,71,56,16,25
ACC204975,CUST100975,Salary,231981.13,47655.36,40681.28,0,0,735,0.05,5,69,,11,37
ACC203968,CUST100327,Savings,246218.27,38927.37,53341.86,0,0,643,0,4,80,100,10,
ACC202151,CUST102692,Fixed Deposit Linked,169435.5,10433.53,14589.14,0,0,605,0,3,30,26,17,8
ACC202010,CUST101224,Savings,31391.27,17777.39,6231.28,,736811.04,572,0.54,4,82,80,7,36
ACC202491,CUST100522,Savings,5606.18,1649.78,1159.28,0,0,572,0.03,2,100,94,6,38
ACC204910,CUST104514,NRI,18584.79,8118.1,3209.63,0,0,658,0,3,100,100,10,46
ACC201810,CUST104013,Savings,73576.44,22720.72,13546.91,0,0,665,0,5,47,17,14,9
ACC201994,CUST100437,Salary,692996.45,72668.09,111979.08,0,0,682,0,1,89,76,4,35
ACC202932,CUST102830,Savings,69163.67,29258.07,23502.09,0,0,611,0,4,80,66,11,34
ACC202824,CUST100440,Salary,124086.94,92376.44,18091.73,50772.05,1120506.04,629,0.33,2,97,100,11,31
ACC202897,CUST101179,Salary,99664.84,45165.56,23331.19,0,0,636,0,3,68,72,9,31
ACC202275,CUST100874,Current,2562380.35,356357.39,132453,0,0,652,0.04,1,92,66,12,41
ACC200434,CUST102053,Salary,23555.65,35207.38,-16509.18,58278.16,2679746.35,529,0.69,3,56,59,,21
ACC204501,CUST101540,Current,328445.85,457687.03,-4807.66,236179.78,14609010.74,618,0.3,1,79,76,10,37
ACC202823,CUST103536,NRI,70371.83,10471.7,12508.09,0,0,590,,2,24,16,18,9
ACC203755,CUST104840,Savings,164499.74,401303.81,-2193602.83,2340766.42,26297155.81,543,1.5,2,71,71,16,24
ACC202504,CUST103089,Savings,362960.37,493094.95,-444816.55,707385.26,21981759.59,517,0.94,1,71,86,12,27
ACC203211,CUST104472,Savings,26191.52,38504.48,-58626.44,74564.66,832250.14,512,1.36,2,69,48,10,17
ACC204641,CUST102838,Current,,148134.5,124970.18,0,0,729,0,4,76,70,6,31
ACC204308,CUST104123,Salary,73624.24,37173.01,16558.6,10018.56,579583.43,559,,2,53,100,6,37
ACC203540,CUST104704,Fixed Deposit Linked,405365.81,89909.75,46307.69,0,0,606,0,3,68,99,14,30
ACC203270,CUST100591,Salary,13559.8,21158.46,-15124.59,30100.53,1449961.29,500,0.87,1,78,91,11,25
ACC201941,CUST103101,Savings,144704.86,44297.33,20942.71,16849.23,1460163.81,718,0.19,1,92,98,9,35
ACC201891,CUST100396,Salary,,76400.23,47686.56,0,0,670,0.04,1,69,74,10,29
ACC203599,CUST103390,Savings,42387.48,45172.98,-176910.3,250497.55,5303221.58,486,1.5,2,85,69,10,32
ACC201265,CUST101905,Savings,258464.05,44769.15,60639.15,18725.88,1995662.87,632,0.18,4,51,52,9,21
ACC204438,CUST102831,Savings,103546.91,20490.31,23335.6,0,0,,0,3,37,,8,7
ACC202597,CUST102540,Salary,2658.5,1500,901.34,0,0,566,0.02,2,55,81,11,20
ACC201410,CUST103720,Fixed Deposit Linked,15863.65,1928.61,1867.52,936.5,55384.98,570,0.23,1,69,52,9,
ACC201214,CUST104593,Salary,73130.29,70181.15,3145.72,63461.35,2751882.51,583,0.45,2,73,52,16,27
ACC200966,CUST100150,Salary,151226.44,22815.82,32110.83,0,0,639,0,3,32,9,19,6
ACC201230,CUST100445,,88732,127052.8,-56252.12,105669.97,4883120.11,,0.61,4,91,98,5,40
ACC200605,CUST103670,Fixed Deposit Linked,81176.56,103813.93,-41323.27,80658.84,4730020.22,580,0.54,2,74,54,10,27
ACC200104,CUST100465,Savings,84972.4,17202.69,25843.49,0,0,,,2,40,43,16,9
ACC200645,CUST103708,Savings,434280.19,81581.55,70233.37,0,0,693,0.02,2,87,96,17,40
ACC204590,CUST104639,Savings,54943.49,22981.9,10613.79,19607.37,898128.06,647,0.39,3,85,82,11,26
ACC203088,CUST104145,Savings,435085.04,163748.05,68254.7,59975.46,3792248.14,558,0.18,1,81,58,12,25
ACC201019,CUST104245,Salary,3684.28,1500,828.99,0,0,601,0.01,2,83,98,11,46
ACC200091,CUST100468,Salary,410243.36,111638.69,104105.86,28934.15,1581030.85,634,0.09,4,100,91,7,35
ACC202870,CUST103835,Salary,630834.15,68411.7,119615.05,0,0,623,0,2,68,62,11,27
ACC200908,CUST103331,Salary,137056.07,26175.38,25312.04,,0,589,0.03,3,90,64,14,21
ACC202150,CUST104871,NRI,632992.33,107749.77,94148.06,0,0,689,0.03,2,57,28,10,21
ACC200238,CUST102754,Savings,318424.3,100918.88,92211.31,0,0,682,0,3,67,79,13,31
ACC203140,CUST101269,Salary,41965.22,,-39292.29,96793.94,2992175.53,625,,3,91,96,5,35
ACC200942,CUST104772,Savings,1730.02,1500,228.79,0,0,571,0.01,4,65,79,13,30
ACC201270,CUST102364,Salary,92506.26,13700.89,19022.91,0,0,622,0.03,2,45,22,20,11
ACC200938,CUST100139,Fixed Deposit Linked,141361.11,20598.79,21305.73,0,0,671,0,1,17,0,,4
ACC203229,CUST101439,Savings,251214.53,42317.22,63436.41,0,0,636,0.03,2,65,72,3,29
ACC203551,CUST103951,Savings,269852.53,464216.68,-678301.97,1019672.73,46818861.29,478,1.3,3,3,63,49,35
ACC201862,CUST101176,Fixed Deposit Linked,38321.22,26478.76,-84399.01,107617.74,2364200.81,468,1.5,2,67,65,10,29
ACC201669,CUST103615,Savings,5010.95,3257.59,1336.8,,39238.09,,0.11,3,53,80,18,28
ACC200005,CUST100106,Savings,75490.21,30177.32,12867.23,42823.88,3462948.21,598,0.48,4,88,64,7,26
ACC204343,CUST104850,Fixed Deposit Linked,484953.03,792311.23,-431980.43,832280.24,79737920.48,587,0.74,1,79,65,14,37
ACC203943,CUST100909,Salary,253792.89,63374.49,53614.38,0,0,643,0.02,4,98,74,9,40
ACC203013,CUST102716,Savings,123126.61,45652.3,35672.61,0,0,661,0.03,2,54,39,18,15
ACC200018,CUST101744,Savings,608776.55,107764.19,125968.21,0,0,652,0.02,2,79,69,12,25
ACC201970,CUST103712,Savings,115606.58,36720.88,23171.94,35099.73,2962182.95,671,0.39,2,67,47,11,24
ACC202709,CUST103273,Salary,31327.22,48532.12,-87956.69,131768.98,1499550.67,464,1.39,,68,73,9,
ACC202232,CUST102252,Savings,324825.53,191361.48,83697.96,0,0,722,0.05,3,70,57,8,20
ACC200811,CUST101513,,35087.11,50258.17,-70314.9,104750.2,1197006.33,544,1.27,4,71,77,12,30
ACC201300,CUST100622,Salary,98347.76,38413.36,27352.09,15843.1,1796270.58,620,0.17,5,71,56,7,
ACC204911,CUST100391,Savings,7292.36,19907.36,-3704.45,38276.95,2299187,613,0.7,2,82,58,10,27
ACC200260,CUST101589,Salary,114770.7,33931.77,24912.63,0,0,685,0.02,1,86,86,15,43
ACC201804,CUST101104,Savings,,145227.31,102572.29,0,0,651,0.01,4,73,69,10,20
ACC201570,CUST100736,Savings,54135.47,80511.54,-4822.4,41894.49,877846.34,531,,1,69,64,8,23
ACC204280,CUST102472,Salary,117371.98,65343.34,32801.82,0,0,656,0.03,2,64,65,10,
ACC202454,CUST100212,Savings,250951.68,154773.15,53624.82,0,0,734,0,6,96,69,5,33
ACC201743,CUST103516,Salary,302840.45,58411.26,,0,0,635,0.02,3,89,79,5,28
ACC201630,CUST102998,Salary,16757.06,48980.05,-10405.04,36236.67,3023600.36,536,0.55,5,75,89,,30
ACC201716,CUST102227,Salary,138152.17,32391.42,23754.46,0,0,622,0,2,79,93,10,38
ACC200520,CUST104112,Savings,39524.71,24739.68,7874.47,4826.27,404727.75,668,0.13,1,79,68,9,34
ACC203937,CUST100329,Salary,28090.67,69432.41,-14618.27,43070.1,4783390,603,0.47,4,70,51,19,37
ACC203482,CUST101704,Savings,103647.51,,19592.74,0,0,678,0,5,23,43,9,
ACC201658,CUST100941,Salary,,94275.72,-13844.68,69401.62,7006361.84,589,0.46,2,72,46,14,17
ACC203472,CUST104712,Savings,182486.54,34849.23,53429.8,0,0,594,0.04,2,81,92,10,22
ACC202475,CUST103196,Savings,5908.89,3846.55,1571.91,0,0,563,0,2,75,68,11,26
ACC203948,CUST100451,Savings,119976.2,64855.06,30951.01,0,0,688,0.03,2,86,92,12,36
ACC203934,CUST102198,Current,13123.15,1500,2000,0,0,664,0,3,62,61,13,36
ACC203645,CUST102032,Savings,18514.99,2422.09,3395.65,0,0,566,0.01,2,84,55,9,19
ACC200763,CUST103269,Salary,48693.34,40244.56,8113.13,,2052054.48,568,0.38,2,68,83,9,32
ACC204703,CUST100127,Salary,262373.03,38855.6,46374.82,0,0,643,0,3,88,89,11,31
ACC204326,CUST103117,Savings,458508.4,45429.74,80591.92,0,0,686,0,3,77,78,20,33
ACC204427,CUST103775,Savings,36548.92,105982.06,-10931.89,94199.89,5740196.87,621,0.52,1,56,48,18,25
ACC201091,CUST104273,Current,622322.7,513649.24,-5544983.75,6182186.63,69558104.37,503,1.5,3,51,48,14,22
ACC203608,CUST102234,Savings,17972.38,53682.4,,65424.75,1411361.65,561,0.82,2,86,79,8,33
ACC201101,CUST102174,Salary,121497.15,24680.43,30961.59,0,0,734,0.02,1,65,84,,29
ACC204557,CUST103348,Savings,59142.88,,10015.25,38144.83,812614.04,565,0.45,4,76,89,8,31
ACC200958,CUST104722,Salary,228628.53,74342.98,53318.22,0,0,627,0,4,47,49,15,15
ACC200559,CUST103240,,17143.36,54700.17,-13020.6,47752.82,3993388.31,632,0.55,1,45,66,14,29
ACC201519,CUST102588,Current,225212.47,25795.57,26012.87,0,0,636,0,2,30,27,13,11
ACC204909,CUST104474,,8384.89,46744.79,-29210.38,55086.34,1648845.33,515,0.74,1,77,75,11,28
ACC202484,CUST100487,Savings,473483.65,88484.66,129211.84,0,0,624,0,3,59,60,13,25
ACC200366,CUST100026,Savings,169671.68,,44465.08,0,0,586,0,4,91,100,8,47
ACC203901,CUST101890,Savings,34447.74,53908.04,-19564.38,65788.16,1971091.03,592,0.64,2,71,77,15,31
ACC201948,CUST104759,Current,4115047.17,267990.38,485682,0,0,621,0,2,64,66,9,24
ACC204165,CUST100477,Savings,8441.04,2077.31,1645.55,0,0,548,0,3,81,81,13,38
ACC201572,CUST100336,Fixed Deposit Linked,224368.83,51634.98,26028.13,0,0,633,0,4,93,81,10,25
ACC200808,CUST100283,Savings,139291.97,64232.94,20878.72,0,0,675,0,1,81,75,14,26
ACC203232,CUST102821,Salary,,100869.44,15769.78,49915.84,1103259.81,608,0.25,2,71,45,10,23
ACC203946,CUST100164,Salary,9593.28,33000.49,-9110.79,43050.6,2504489.99,548,0.65,6,51,71,13,28
ACC200011,CUST100228,Salary,242673.88,106701.54,47534.37,0,,620,0.03,1,48,49,11,20
ACC202025,CUST102714,Savings,10366.77,6381.97,1357.24,0,0,,0.06,2,95,100,4,38
ACC200176,CUST104074,Salary,63467.73,104265.41,-189467.4,247047.13,5433174.56,495,1.47,2,89,100,12,40
ACC202488,CUST102320,Salary,658544.39,93467.43,128491.75,0,0,644,0,2,73,63,8,31
ACC203886,CUST103186,Salary,89597.7,76690.64,23387.69,49371.31,4162242.04,636,0.31,2,78,86,8,38
ACC202569,CUST100104,Salary,28334.59,74464.65,2010.16,36988.58,2188521.96,622,0.38,5,69,53,8,25
ACC203520,CUST102375,Savings,116426.89,16572.44,20084.8,3808.89,112414.72,601,0.05,2,77,65,8,24
ACC203760,CUST103549,Savings,10836.37,,2299.63,0,0,628,0,2,52,,18,16
ACC203282,CUST102043,Savings,,16788.17,17382.3,0,0,678,0,4,24,34,20,17
ACC201664,CUST102550,Salary,97202.28,47345.48,25696.97,0,0,677,0.01,1,55,59,3,18
ACC202191,CUST103189,Salary,181940.43,63483.63,20141.8,59550.73,5286956.38,654,0.44,3,35,43,15,19
ACC204993,CUST103171,Savings,5262.27,3136.13,1384.96,0,,594,0,2,81,61,10,12
ACC203370,CUST104819,,8303.6,3990.14,1742.57,0,0,647,0.02,1,88,75,9,35
ACC202660,CUST104766,Fixed Deposit Linked,376654.18,111162.78,25158.49,38256.67,2987474.79,670,0.2,1,79,56,14,36
ACC204252,CUST100005,Savings,29795.18,48464.06,-16502.06,53312.49,3223989.5,552,0.64,1,71,92,13,32
ACC203578,CUST104127,Savings,46709,37731.77,-2602.6,60250.33,3619550.17,627,,2,65,79,12,32
ACC202046,CUST100067,Fixed Deposit Linked,21034.52,55153.78,-6016.65,35961.17,2838190.03,616,0.46,1,93,49,5,29
ACC202624,CUST100421,Savings,16394.92,67470.68,-15498.61,95997.12,4568511.13,591,0.64,4,61,,,33
ACC203410,CUST100885,Savings,39245.1,64477.63,-199624.22,273985.8,3088333.91,529,1.5,2,92,94,8,40
ACC201185,CUST102445,Current,12433.94,8948.59,794.57,0,0,609,0,6,87,76,10,
ACC201006,CUST104793,Salary,,50715.9,92542.08,0,0,615,0,1,66,68,8,29
ACC203569,CUST103706,Fixed Deposit Linked,566236.38,494888.96,-275462.72,948380.59,46377811.82,476,0.84,4,83,74,17,25
ACC203737,CUST102421,Savings,87022.99,41412.64,,12982.58,985976.64,667,0.15,1,71,84,14,27
ACC204656,CUST100004,Fixed Deposit Linked,179904.29,50505.2,,14859.25,1649896.24,601,0.19,3,93,79,9,32
ACC202049,CUST103782,Savings,2072.06,3333.3,249.15,0,0,570,0,1,100,84,11,38
ACC204011,CUST100768,Savings,61950.55,74867.22,-103978.8,188606.72,5801390.95,527,1.22,2,100,97,12,50
ACC200269,CUST100149,Salary,19323.73,48034.45,-5626.08,34206.08,1541768.21,619,0.5,1,100,79,6,38
ACC201993,CUST101611,Salary,197213.9,39530.32,30650.77,0,0,698,0,3,96,76,8,32
ACC200265,CUST101739,Salary,226099.68,53457.56,53994.31,0,0,683,,1,76,70,13,30
ACC200914,CUST103858,Savings,8602.21,4440.3,1689.59,0,0,621,0,2,98,100,10,35
ACC202278,CUST101251,Savings,381367.04,60403.81,65574.15,0,0,663,0.02,2,88,100,5,40
ACC202231,CUST101537,Salary,185423.35,56864.81,,0,0,700,0,1,75,62,9,26
ACC200290,CUST100491,,3964.15,2287.35,743,347.99,30371.8,591,0.12,2,96,72,7,43
ACC202912,CUST100714,Salary,41017.93,44228.93,-97942.18,154743.11,1762092.8,551,1.5,3,86,70,9,32
ACC202093,CUST100550,Salary,9743.35,5226.91,2508.56,0,0,613,0,3,92,98,7,34
ACC204571,CUST104185,Savings,1890.42,1500,424.84,0,0,487,0,2,76,57,13,25
ACC201652,CUST100358,Salary,120570.76,61170.66,28040.47,0,0,717,0.03,,79,74,5,33
ACC204141,CUST104946,Current,173423.46,11118.11,18126.61,0,0,583,0.08,3,17,14,,9
ACC204257,CUST100242,Salary,435330.23,58298.87,65295.85,0,0,712,0.01,2,87,59,7,23
ACC203039,CUST102740,Savings,101326.6,,23545.15,0,,692,0,3,34,52,,15
ACC202677,CUST101048,Savings,10187.97,1895.84,1777.32,0,0,599,0.02,2,70,70,12,34
ACC200288,CUST101934,Salary,130924.97,,23169.88,34672.7,1941191.13,646,0.28,4,87,100,9,30
ACC203107,CUST103839,Savings,3457.68,1500,,0,0,585,0,1,75,64,11,23
ACC204963,CUST100646,Salary,45249.81,59075.64,6760.49,30084.97,3006931.09,621,0.35,2,84,84,16,35
ACC200575,CUST104880,Savings,229346.04,34268.21,61423.29,0,0,707,0,2,34,24,12,11
ACC200850,CUST101746,Current,146259.51,17002.3,16752.73,0,0,,0.02,3,58,18,,22
ACC203883,CUST100520,Salary,64982.11,25326.01,17600.34,6924.62,825729.59,610,0.14,2,72,79,13,31
ACC201722,CUST101411,Savings,32671.43,58628.64,-219038.97,290144.68,6110774.3,458,1.5,1,89,82,11,30
ACC203949,CUST102538,Savings,195901.61,29426.59,43167.55,0,0,724,0,2,32,19,12,9
ACC201100,CUST100188,,,39912.98,44222.85,0,0,742,,5,52,56,10,22
ACC201207,CUST100356,Fixed Deposit Linked,73133.02,123056.23,-14696.39,61045.32,4762905.87,608,0.36,3,57,51,12,20
ACC201843,CUST103978,Salary,109466.54,25167.69,28080.31,0,0,621,0.02,2,77,85,8,26
ACC201848,CUST104774,Savings,204616.91,62754.68,43857.23,,0,606,0,4,89,70,5,38
ACC202524,CUST103669,Current,306890.22,61552.53,23639.17,0,0,623,0,3,68,46,11,28
ACC203947,CUST101523,Savings,,48990.8,82182.79,0,0,686,0,2,81,59,12,25
ACC201694,CUST103605,,,52146.7,68944.53,0,0,667,0,2,90,43,16,31
ACC204181,CUST100992,Fixed Deposit Linked,18263,2006.97,1519.51,0,0,640,0,3,85,100,14,29
ACC204565,CUST100616,Savings,19906,34402.53,-52892.63,77347.5,1627360.96,586,1.28,6,85,92,11,43
ACC203960,CUST104645,,135184.7,17610.69,21180.38,11757.08,561269.14,600,0.22,5,86,72,6,46
ACC200233,CUST104520,Fixed Deposit Linked,56815,55643.77,-9579.22,30290.78,3564176.89,634,0.36,2,95,80,10,40
ACC203332,CUST100519,,86092.81,27966.49,27836.12,0,0,587,0,1,75,59,5,34
ACC202647,CUST104119,Savings,500,1500,-322.63,0,0,503,0,3,83,100,11,34
ACC204041,CUST100147,Fixed Deposit Linked,2526571.83,366297.46,401228.43,0,0,658,0.05,7,93,71,5,36
ACC201711,CUST103463,Salary,95038.92,64372.56,12892.62,48996.96,3998161.4,626,0.42,1,49,76,10,23
ACC200182,CUST101941,Current,8364.63,1500,456.15,0,0,581,0,2,84,48,6,21
ACC201462,CUST101033,Savings,651.98,1500,-137.8,0,0,522,0.01,4,89,95,9,31
ACC200049,CUST102659,Savings,220042.55,115068.07,42360.3,0,0,667,0.03,4,43,44,13,18
ACC204918,CUST102062,Savings,17112.22,2599.06,2841.01,0,0,604,,3,,86,11,32
ACC204582,CUST101066,,141509.01,80893.85,26327.39,0,0,670,0,2,74,68,9,31
ACC200106,CUST100931,Current,1797453.29,348978.69,123288.52,,0,615,0,3,86,57,12,31
ACC200443,CUST101723,Savings,28149.78,7007.04,4258.44,0,0,610,0.05,4,42,62,,20
ACC201954,CUST104373,Current,361633.26,12010.95,17824.22,0,0,616,0,2,44,,15,18
ACC204742,CUST100954,Savings,7925.14,31640.55,-20590.31,,1263437.12,548,0.79,3,47,50,13,19
ACC200726,CUST100776,Savings,8759.31,5325.55,1816.74,0,0,580,0,4,100,100,12,38
ACC202238,CUST100176,Savings,12535.18,3676.49,2269.81,0,0,589,0,3,94,73,6,33
ACC202330,CUST104494,Salary,26477.39,97985.88,2608.57,31802.62,1476902.64,562,0.22,4,66,59,16,18
ACC204125,CUST104971,Current,803914.5,93447.86,89492.95,0,0,679,0.03,2,61,50,15,23
ACC200169,CUST102029,Fixed Deposit Linked,86421.34,98531.65,12966.21,40299.66,1272257.3,612,0.26,2,76,59,12,25
ACC201001,CUST104676,Salary,,59676.45,87704.51,0,0,681,0.01,3,64,59,13,25
ACC203252,CUST103174,Fixed Deposit Linked,4906.78,1500,811.86,0,0,543,0.02,2,83,97,6,42
ACC202148,CUST104095,Savings,43880.31,,,134701.54,2887511.35,539,1.05,1,71,97,9,30
ACC200197,CUST102805,Savings,80248.88,29862.31,11792.1,0,0,688,0,2,88,73,9,23
ACC204591,CUST101687,Salary,21903.33,6588.56,3198.66,0,0,648,0,6,93,94,7,
ACC203793,CUST100750,Salary,57795.91,85243.7,1006.47,122279.58,5814915.49,576,0.58,2,74,61,4,22
ACC200647,CUST104252,Current,26373.47,5138.31,2924.76,,0,,0.01,1,71,72,16,27
ACC203035,CUST104292,Salary,,32991.67,-18165.05,44954.72,956941.21,479,0.81,3,100,74,9,29
ACC204140,CUST100793,Savings,197101.58,24653.83,43595.05,0,0,657,0.01,4,76,76,13,39
ACC203733,CUST103608,Fixed Deposit Linked,214193.36,32611.39,22694.14,0,0,647,0,2,39,24,8,11
ACC202758,CUST102102,Savings,661416.53,124735.25,118753.63,0,0,658,0,3,59,58,15,24
ACC200373,CUST102031,Savings,191577.99,31992.25,49863.07,0,0,747,0,2,76,54,8,37
ACC204774,CUST101696,Salary,16280.11,73632.43,-221082.89,295219.46,3326974.15,537,1.5,3,97,60,6,29
ACC200566,CUST103811,Salary,727969.02,89793.52,114649.28,0,0,714,0,4,50,,10,20
ACC203720,CUST100400,Salary,26398.89,52318.36,5965.23,12265.99,998755.99,705,0.21,3,93,93,17,29
ACC202895,CUST101671,Current,940891.12,105619.88,,0,0,712,0,4,75,92,11,30
ACC204556,CUST102808,Current,311574.08,,41151.28,0,0,695,0.02,2,67,69,10,25
ACC203485,CUST102400,Savings,,23842.03,8094,5160.92,522635.4,580,0.15,1,84,92,4,33
ACC201155,CUST101918,Savings,175037.98,39096.04,50739.81,0,0,710,0.02,3,35,41,17,7
ACC204135,CUST104795,Savings,1219481.81,217915.63,209943.13,0,0,702,0,2,83,95,6,30
ACC200973,CUST101305,Savings,19717.73,9127.43,3249.63,0,0,581,0,5,100,92,7,34
ACC203287,CUST101567,Fixed Deposit Linked,439326.55,66132.04,61772.47,0,0,,0.03,3,90,100,7,41
ACC203627,CUST102050,Fixed Deposit Linked,600457.84,498494.95,-1186126.15,1888368.99,83325048.05,544,1.5,2,83,60,3,36
ACC203638,CUST103511,Savings,187232.43,24295.07,27898.77,0,0,701,0.05,2,38,32,9,10
ACC201835,CUST103852,Salary,18095.34,60777,-262092.5,288434.41,3241482.14,492,1.5,1,100,90,13,43
ACC202308,CUST100637,Salary,74645.18,91314.2,-215989.93,284608.17,6284877.65,486,1.5,5,78,75,6,32
ACC201840,CUST102617,Salary,12860.81,4223.84,2834.34,0,0,675,0.04,6,99,78,4,34
ACC204923,CUST104887,Salary,360221.28,73895.61,54255.69,22600.21,1730199.4,647,0.08,1,78,65,12,23
ACC202044,CUST103014,Savings,453301.65,453859.31,-3708404.29,4206204.44,46885475.84,599,1.5,2,75,83,10,30
ACC204405,CUST102152,Savings,2418.14,1500,620.24,0,0,553,0.04,1,100,77,9,38
ACC204372,CUST101252,Salary,124460.08,33353.71,20224.51,0,0,601,0.01,1,87,73,7,39
ACC204732,CUST100959,Savings,152611.67,51427.77,23601.13,47214.84,3487547.95,,0.39,2,85,73,10,39
ACC204750,CUST103987,Current,3652409.03,741737.92,339412.29,0,0,703,0.03,2,99,64,5,30
ACC204718,CUST104820,Savings,,34156.62,22238.83,0,0,670,0.02,2,44,31,9,6
ACC200844,CUST100366,NRI,47764.53,,-124182.08,236478.67,7451650.98,474,1.23,3,47,49,13,22
ACC204489,CUST101155,Salary,38777.56,48518.24,-178916.4,213730.62,2399301.37,487,1.5,1,70,82,12,34
ACC202155,CUST104865,Salary,4859.92,3162.46,742.95,1647.51,51952.41,564,0.3,4,,81,5,46
ACC200349,CUST102187,Savings,232625.77,46757.77,40602.81,0,0,653,0,,100,98,7,32
ACC200784,CUST104012,Salary,500,1500,-2736.81,1745.36,20000,459,1.5,1,96,100,6,38
ACC200047,CUST104635,Salary,36993.64,34187.27,7220.05,13135.73,776704.98,646,0.18,1,41,9,21,9
ACC203651,CUST104602,NRI,372276.88,127683.63,62953.19,0,,683,0.05,1,86,75,10,31
ACC204498,CUST103719,Salary,102617.64,26364.31,22637.77,0,0,664,0.01,3,89,90,10,30
ACC204018,CUST100428,Savings,74676.53,29111.12,17300.55,0,0,640,0.05,3,46,17,10,11
ACC201439,CUST100990,Savings,52649.28,55494.34,15591.84,14293.15,1327631.26,601,0.16,3,71,93,12,31
ACC201865,CUST103740,Salary,266061.79,73335.19,68591.21,0,0,732,0,3,88,87,8,26
ACC203195,CUST100749,Savings,327218.21,70647.61,59795.65,0,0,651,0,3,64,91,14,
ACC200033,CUST104866,Salary,130963.8,32225.61,21778.88,0,0,639,0.02,3,40,,17,12
ACC200787,CUST101038,Savings,81102.93,12190.68,16881.01,0,0,630,0.01,3,44,35,11,14
ACC204577,CUST103969,,6895.15,8893.41,757.74,0,0,565,0.06,2,90,100,8,42
ACC202627,CUST102628,Savings,31729.88,61797.85,-156063.66,222130.61,2475077.95,573,1.5,3,80,41,12,22
ACC200931,CUST104210,Savings,498419.2,46985.08,81597.25,0,0,735,0.01,1,32,39,8,13
ACC202404,CUST101124,Salary,290107.56,94994.86,62695.85,0,0,684,0,2,96,100,12,47
ACC201685,CUST100058,Current,1393431.3,148992.1,159625.84,0,0,,0.02,3,94,83,9,37
ACC201248,CUST104214,Salary,19818.91,6206.36,3554.85,0,0,622,0,2,100,100,8,
ACC204855,CUST104413,Salary,2226.58,3279.64,-5617.28,8033.25,91167.06,410,1.39,1,74,77,9,26
ACC200092,CUST100157,Savings,142035.02,25325.22,41827.33,0,0,543,0,5,81,75,10,42
ACC202851,CUST100858,Fixed Deposit Linked,,25773.51,19709.43,0,0,713,0,2,30,28,11,8
ACC202793,CUST100707,Current,455871.24,452886.86,-2695676.32,3511536.41,73601287.77,526,1.5,1,50,57,12,18
ACC200764,CUST104046,Savings,144850.5,21662.39,40191.71,0,0,646,0.03,3,31,24,12,8
ACC202988,CUST102408,Salary,51592.15,63135.36,-33340.26,,6454446.99,563,0.82,3,85,70,16,30
ACC202448,CUST101067,Fixed Deposit Linked,111917.05,82292.95,2770.82,62670.84,3512155.79,627,0.42,3,,61,13,32
ACC201728,CUST102585,Savings,67789.82,113455.07,6225.62,32337.14,3387794.46,628,0.19,3,92,100,9,46
ACC200257,CUST102016,Savings,193170.7,40096.97,50052.08,0,0,623,0.01,3,78,65,9,26
ACC201219,CUST103694,Savings,24878.78,25273.76,-4101.72,29059.48,855716.59,546,0.57,1,85,89,6,36
ACC201161,CUST103159,Savings,378224.73,61233.41,76757.67,0,0,744,,1,80,65,7,26
ACC200772,CUST101832,Savings,107692.76,29625.15,30347.44,0,0,634,0.03,1,47,15,12,16
ACC200312,CUST102312,Savings,106059.42,30540.38,21812.33,0,0,627,0,1,51,70,13,16
ACC204386,CUST100673,Savings,8763.26,44482.19,-13006.32,30402.79,2961352.26,561,0.5,4,95,86,8,37
ACC204032,CUST104579,Current,24819.38,,1632.7,0,0,556,0,3,88,92,14,39
ACC204859,CUST102675,Savings,238451.63,59932.81,38538.29,33358.99,1008104.05,593,0.26,4,87,84,7,29
ACC202997,CUST100344,Fixed Deposit Linked,14845.78,5795.96,1802.61,0,0,573,0.03,1,50,40,17,16
ACC204279,CUST104844,Current,184107.59,44693.29,26503.35,0,0,671,0,2,48,15,20,12
ACC201176,CUST101752,Savings,436754.05,421505.76,-164629.17,933222.59,82892720.17,514,0.75,5,66,78,16,31
ACC203896,CUST101303,Savings,85091.57,26505.34,13490.08,19493.12,1743080.51,598,0.34,1,82,92,,31
ACC201349,CUST101835,Current,873499.51,120606.87,123175.96,50319.94,5285952.63,641,0.17,2,66,47,16,23
ACC203775,CUST101040,Salary,103652.06,51956.68,17311.38,0,0,694,0,3,87,83,12,46
ACC203116,CUST100380,Savings,168000.46,32665.12,46690.82,0,0,686,0,2,86,53,7,26
ACC203516,CUST100913,Salary,50949.51,40268.14,8985.34,44024.36,1943581.6,619,0.44,2,78,95,14,22
ACC202298,CUST103334,Savings,546717.3,92784.34,98696.45,42594.69,4546534.32,717,,3,66,67,12,35
ACC202871,CUST101399,Savings,199987.96,48200,51259.92,0,0,766,0.01,1,56,67,18,19
ACC200391,CUST104625,Salary,115664.85,91277.42,29620.09,27662.1,1762253.4,658,0.19,4,85,66,9,31
ACC201456,CUST103473,Salary,493956.01,92599.15,82342.06,0,0,662,0,2,69,37,12,17
ACC201092,CUST100278,Savings,,61616.77,-95426.97,,2721811.92,538,1.34,2,70,76,17,31
ACC203239,CUST104699,Current,249511.63,21043.38,18927.46,8585.69,556487.12,641,0.16,2,30,20,19,11
ACC202778,CUST104573,Savings,370291.97,108342.47,98022.02,0,0,699,0,2,78,55,10,19
ACC204462,CUST100823,Fixed Deposit Linked,1065743.74,94225.85,130225.41,0,0,676,,5,35,57,9,24
ACC204441,CUST100470,Salary,3710.46,2173.37,843.46,,0,581,0.02,2,99,84,8,39
ACC203656,CUST100758,Salary,102027.23,21675.47,17624.71,0,0,620,0.02,2,,87,8,42
ACC202583,CUST103681,Fixed Deposit Linked,114228.59,31194.49,14838.89,,3041802.01,569,0.47,2,53,68,10,20
ACC203257,CUST101768,Savings,17707.76,87777.59,-527002.97,577243.27,6596827.35,460,1.5,1,47,41,15,23
ACC201372,CUST100897,Salary,33397.01,55965.1,-114666.04,139811.09,3005773.2,525,,3,93,67,9,35
ACC200919,CUST100196,Salary,54467.8,18298.8,14737.84,0,0,732,,4,49,25,18,17
ACC204307,CUST102125,Savings,32768.88,63335.65,-197866.41,246639.3,2779917.96,527,1.5,5,70,57,10,17
ACC202550,CUST103893,Salary,9792.56,6748.25,1861.49,0,0,600,0,2,85,86,12,31
ACC200537,CUST103607,Current,2044883.91,326370.72,127386.33,,0,734,0,5,62,38,10,26
ACC201220,CUST103568,Salary,24662.24,97078.32,-27074.61,59652.69,5040333.81,578,0.49,2,67,55,9,23
ACC204271,CUST103448,Savings,111828.27,13964.06,25547.47,0,0,667,0,1,32,18,13,15
