Customer_ID,First_Name,Last_Name,Age,Gender,Marital_Status,Education,Occupation,City,State,Employment_Status,Annual_Income,Monthly_Income,Customer_Since,Customer_Segment,Risk_Profile
CUST101501,Tarak,Rana,,Male,Married,Doctorate,Salaried - Government,Ludhiana,Punjab,Employed,1225309.03,102109.09,15,Business Owners,Medium
CUST102586,Udant,Mani,29,Male,Widowed,Diploma,Salaried - Government,Mumbai,Maharashtra,Employed,1499948.6,124995.72,11,Young Professionals,Medium
CUST102653,Bhavini,Dixit,45,Female,Divorced,Graduate,Unemployed,Bhopal,,Not Employed,,5023.88,6,Business Owners,Low
CUST101055,Unni,Tandon,24,Female,Divorced,Graduate,Student,Mysuru,Karnataka,Not Employed,52357.14,4363.1,6,Students,Medium
CUST100705,Vedhika,Manda,41,Female,Married,High School,Salaried - Private,Hyderabad,Telangana,Employed,699538.25,58294.85,10,Business Owners,Medium
CUST100106,Abhimanyu,Chander,32,Male,Single,Post Graduate,Salaried - Government,Nagpur,Maharashtra,Employed,1026272.61,85522.72,8,Young Professionals,Medium
CUST100589,Omkaar,Panchal,18,Male,Single,Graduate,Student,Ranchi,Jharkhand,Not Employed,66106.48,5508.87,1,Students,Medium
CUST102468,Harish,Prakash,40,Male,Married,Post Graduate,Salaried - Private,Bhopal,Madhya Pradesh,Employed,1718583.27,,15,Business Owners,Medium
CUST102413,Lucky,Babu,30,Male,Divorced,Graduate,Salaried - Private,Indore,,Employed,1517440.71,126453.39,3,Young Professionals,Medium
CUST101600,Unni,Chahal,38,Female,Widowed,Graduate,Salaried - Private,Delhi,,Employed,1128178.89,94014.91,2,,Medium
CUST102464,Niharika,Gara,33,Female,Single,Post Graduate,Homemaker,Lucknow,Uttar Pradesh,,176933.51,14744.46,15,Young Professionals,Low
CUST100228,Vedika,Wali,49,Female,Married,Graduate,Salaried - Private,Bengaluru,Karnataka,Employed,1827569.11,152297.43,5,Business Owners,Medium
CUST100915,Ranveer,Divan,34,Male,Married,Graduate,Salaried - Private,Pune,Maharashtra,Employed,1021235.51,85102.96,5,Young Professionals,Medium
CUST100794,Rajeshri,Pathak,,Female,Married,High School,,Delhi,Delhi,Retired,414856.22,34571.35,8,Retired Customers,Low
CUST103021,Vedika,Devi,47,Female,Single,Graduate,Homemaker,Chandigarh,Punjab,Not Employed,19326.57,1610.55,2,Business Owners,Low
CUST103543,Hemal,Gopal,32,Female,Single,Post Graduate,Salaried - Private,Kochi,Kerala,,1700520.4,141710.03,4,Young Professionals,Medium
CUST101073,Lipika,Purohit,32,Female,Single,Doctorate,Salaried - Private,,Karnataka,Employed,722724.31,60227.03,14,Young Professionals,Medium
CUST103351,Amrita,Kuruvilla,21,Female,Widowed,Graduate,Salaried - Private,Coimbatore,Tamil Nadu,Employed,1483178.57,123598.21,3,Young Professionals,High
CUST101744,Mahika,Kadakia,35,Female,Married,Post Graduate,Self Employed,Lucknow,Uttar Pradesh,Self Employed,2877082.72,239756.89,16,Business Owners,High
CUST101084,Vidhi,Walla,34,Female,Married,Graduate,Salaried - Private,,Delhi,Employed,2196706.66,183058.89,10,Young Professionals,High
CUST100926,Krisha,Murthy,,Other,Single,Graduate,Salaried - Private,Ludhiana,Punjab,Employed,1431053.33,119254.44,10,Young Professionals,High
CUST103049,Zinal,Walia,33,Female,Single,Post Graduate,Salaried - Government,Vadodara,Gujarat,Employed,910252.54,75854.38,15,Young Professionals,Medium
CUST101117,Laksh,Wason,36,Male,Widowed,Graduate,Self Employed,Delhi,Delhi,Self Employed,1428833.85,119069.49,1,Business Owners,High
CUST100642,Kamya,Chauhan,39,Female,Divorced,Graduate,Salaried - Private,Surat,Gujarat,Employed,1935170.13,161264.18,17,Business Owners,Medium
CUST104767,Baljiwan,Dua,33,Male,Widowed,Graduate,Salaried - Private,Chennai,Tamil Nadu,Employed,2342767.07,195230.59,12,Young Professionals,High
CUST100501,Rayaan,Prabhu,33,Male,,Post Graduate,Salaried - Private,Chandigarh,Punjab,Employed,1656917.86,138076.49,2,Young Professionals,Medium
CUST104066,Nicholas,Rout,25,Male,Single,,Self Employed,Kolkata,West Bengal,Self Employed,2143521.95,178626.83,7,Young Professionals,High
CUST100333,Ishaan,Patel,69,Male,Widowed,Graduate,Retired,Bhubaneswar,Odisha,Retired,314420.23,26201.69,15,Retired Customers,Low
CUST104684,Imaran,Chahal,40,Male,Married,Post Graduate,Salaried - Private,Bhubaneswar,Odisha,Employed,1162606.55,96883.88,15,Business Owners,Medium
CUST100486,Neelima,Narain,22,Female,Divorced,Graduate,Homemaker,Jaipur,Rajasthan,Not Employed,27724.01,2310.33,4,Young Professionals,Medium
CUST101962,Victor,Narula,71,Male,Married,Graduate,Retired,Bhopal,Madhya Pradesh,Retired,924239.85,77019.99,15,Retired Customers,Low
CUST100393,Mitali,Rattan,27,Female,Divorced,Post Graduate,Salaried - Government,Jaipur,Rajasthan,Employed,718852.4,59904.37,,Young Professionals,Medium
CUST104842,Chanakya,Bansal,61,Male,Single,Graduate,Retired,Ahmedabad,Gujarat,Retired,508570.1,42380.84,8,Retired Customers,Low
CUST104866,Chandresh,Sawhney,68,Male,Married,Doctorate,Retired,Udaipur,Rajasthan,Retired,656802.01,54733.5,11,Retired Customers,Low
CUST101755,Adya,Agrawal,29,Female,Divorced,Doctorate,Homemaker,Lucknow,Uttar Pradesh,Not Employed,66128.21,5510.68,9,Young Professionals,Medium
CUST102515,Ishanvi,Devi,39,Female,Married,Graduate,Business Owner,Kolkata,West Bengal,Self Employed,5626337.15,468861.43,3,High Net Worth Individuals,High
CUST103585,Aditya,Sami,24,Male,Divorced,Graduate,Freelancer,Delhi,Delhi,Self Employed,548388.2,45699.02,3,Young Professionals,High
CUST104315,Diya,Mahal,22,Female,Widowed,High School,Unemployed,Lucknow,Uttar Pradesh,Not Employed,11700.83,975.07,4,Young Professionals,Medium
CUST104966,Bina,Kale,57,Female,Married,High School,Business Owner,Raipur,Chhattisgarh,Self Employed,3374377.93,281198.16,13,High Net Worth Individuals,High
CUST102099,Warda,Raj,29,Female,Married,Post Graduate,Salaried - Private,Nashik,Maharashtra,Employed,2133290.19,,11,Young Professionals,High
CUST103599,Pranit,Sodhi,40,Male,Divorced,Doctorate,Business Owner,Chandigarh,Punjab,Self Employed,9956266.21,829688.85,5,High Net Worth Individuals,High
CUST104121,Bahadurjit,Kamdar,40,Male,Divorced,Diploma,Salaried - Private,Raipur,,Employed,989790.2,82482.52,4,,Medium
CUST100029,Jagrati,Loke,30,Female,Single,Post Graduate,Business Owner,Dehradun,Uttarakhand,Self Employed,4397317.13,366443.09,8,High Net Worth Individuals,High
CUST100065,Wishi,Bahl,66,Female,Divorced,Graduate,Retired,Mysuru,,Retired,668758.34,55729.86,17,Retired Customers,
CUST100838,Oscar,Venkataraman,31,Male,Single,Post Graduate,Salaried - Government,Kochi,Kerala,Employed,1658925.93,138243.83,13,Young Professionals,Medium
CUST103906,Oviya,Mistry,21,Female,Married,Graduate,Unemployed,Indore,Madhya Pradesh,Not Employed,10590.97,882.58,3,Young Professionals,Medium
CUST103773,Bhavani,Nadkarni,35,Female,Married,Diploma,Business Owner,Thiruvananthapuram,Kerala,Self Employed,9711867.52,809322.29,7,High Net Worth Individuals,High
CUST104635,Ekiya,Srinivasan,63,Female,Widowed,Diploma,Retired,Bhubaneswar,Odisha,Retired,656416.43,54701.37,16,Retired Customers,Low
CUST103161,Mohini,Manne,21,Female,Widowed,Graduate,Salaried - Private,Pune,Maharashtra,Employed,769200.49,64100.04,3,Young Professionals,Medium
CUST102659,Amol,Magar,63,Male,Single,Diploma,Self Employed,Lucknow,Uttar Pradesh,Self Employed,1870352.08,155862.67,3,Business Owners,Medium
CUST104615,Gaurang,Gulati,40,Male,Widowed,High School,Self Employed,Guwahati,Assam,Self Employed,1794537.84,149544.82,10,Business Owners,High
CUST104628,Dayamai,Arya,42,,Married,High School,Salaried - Government,Delhi,Delhi,Employed,788093.21,65674.43,4,Business Owners,Medium
CUST102451,Yamini,Saraf,47,Female,Married,Post Graduate,Self Employed,Pune,Maharashtra,Self Employed,1822429.3,151869.11,4,Business Owners,Medium
CUST102846,Abha,Sabharwal,33,Female,Widowed,Graduate,Business Owner,Vadodara,Gujarat,Self Employed,15427143.96,1285595.33,15,High Net Worth Individuals,High
CUST101144,Ekbal,Rao,57,Male,Single,High School,Business Owner,Bhubaneswar,Odisha,Self Employed,8147673.04,678972.75,19,High Net Worth Individuals,High
CUST103078,Lucky,Shah,47,Male,Single,Post Graduate,Business Owner,Kanpur,Uttar Pradesh,Self Employed,9824743.8,818728.65,5,High Net Worth Individuals,High
CUST101103,Ekiya,Suresh,32,Female,Divorced,Graduate,Salaried - Private,Ludhiana,Punjab,Employed,1527931.15,127327.6,14,Young Professionals,Medium
CUST100168,Kashish,Gaba,24,Female,Married,Graduate,Salaried - Private,Indore,Madhya Pradesh,Employed,666283.95,55523.66,6,Young Professionals,Medium
CUST101670,Gabriel,Hans,72,Male,Divorced,Graduate,Retired,Bengaluru,Karnataka,Retired,601253.91,50104.49,11,Retired Customers,Low
CUST102570,Umang,Bakshi,62,Male,Single,Post Graduate,Retired,Coimbatore,Tamil Nadu,Retired,537384.96,44782.08,2,Retired Customers,Low
CUST102377,Amol,Jaggi,65,Male,Single,Graduate,,Chennai,Tamil Nadu,Retired,660629.03,55052.42,1,Retired Customers,Low
CUST104395,Lakshmi,Lad,29,Female,Widowed,Graduate,Salaried - Private,Bhubaneswar,Odisha,Employed,759014.3,63251.19,,Young Professionals,Medium
CUST104257,Sai,Dewan,27,Male,Single,High School,Salaried - Government,Bhubaneswar,Odisha,Employed,1299752.42,108312.7,4,Young Professionals,Medium
CUST103862,Ojas,Venkatesh,35,Male,Widowed,Doctorate,Freelancer,Udaipur,Rajasthan,Self Employed,662421.85,55201.82,1,Young Professionals,Medium
CUST100023,Jhalak,Mann,64,Female,Divorced,Graduate,Retired,Mysuru,Karnataka,Retired,193774.2,16147.85,12,Retired Customers,Low
CUST102633,Pushti,Kala,45,Female,,Graduate,Salaried - Government,Hyderabad,Telangana,Employed,1505713.1,125476.09,14,Business Owners,Medium
CUST103340,Kiaan,Mangat,36,Male,Married,Post Graduate,Salaried - Private,Coimbatore,Tamil Nadu,Employed,1562113.22,130176.1,7,Business Owners,Medium
CUST102215,Kamya,Sankaran,45,Female,Divorced,Graduate,Self Employed,Thiruvananthapuram,Kerala,Self Employed,1593939.19,132828.27,2,Business Owners,Medium
CUST103682,Kamala,Palla,67,Female,,Graduate,Retired,Lucknow,Uttar Pradesh,Retired,1141821.85,95151.82,11,Retired Customers,Low
CUST104724,Rohan,Gour,60,Male,Divorced,,Salaried - Private,Kanpur,Uttar Pradesh,Employed,1310519.19,109209.93,4,Business Owners,Medium
CUST101907,Ishani,Bali,42,,Married,High School,Salaried - Private,Ludhiana,Punjab,Employed,1400104.78,,17,Business Owners,Medium
CUST100084,Jyoti,Bir,,Female,Widowed,Graduate,Self Employed,Lucknow,Uttar Pradesh,Self Employed,913979.76,76164.98,15,Business Owners,Medium
CUST100227,Vedant,Deol,,Male,Single,Diploma,Unemployed,Chennai,Tamil Nadu,Not Employed,85899.19,7158.27,4,Young Professionals,Medium
CUST100296,Ganga,Saran,23,Female,Single,Graduate,Salaried - Government,Guwahati,Assam,Employed,1235945.32,,,Young Professionals,Medium
CUST101001,Vansha,Wable,45,Female,Married,Post Graduate,Self Employed,Surat,Gujarat,Self Employed,9616.15,801.35,16,Business Owners,High
CUST102138,Isha,Vasa,44,Female,Married,Graduate,Self Employed,Mumbai,Maharashtra,Self Employed,1038359.33,86529.94,15,Business Owners,High
CUST100711,Quincy,Chauhan,22,Male,Divorced,Graduate,Student,Pune,Maharashtra,Not Employed,53032.06,4419.34,4,Students,Medium
CUST102801,Max,Lad,55,Male,Divorced,Diploma,Self Employed,Kochi,Kerala,Self Employed,933692.62,77807.72,16,Business Owners,Medium
CUST102527,Forum,Guha,47,Female,Divorced,Graduate,Salaried - Government,,Uttar Pradesh,Employed,,79139.16,20,,Medium
CUST103752,Triya,Bajwa,35,Female,Divorced,Graduate,Salaried - Private,Chennai,Tamil Nadu,Employed,,214245.43,2,Young Professionals,High
CUST103321,Balvan,Mittal,,Male,Widowed,Graduate,Salaried - Private,Lucknow,Uttar Pradesh,Employed,719936.69,59994.72,3,Young Professionals,Medium
CUST103181,Wriddhish,Pall,28,Male,Single,,Salaried - Private,Kochi,Kerala,,1419361.56,118280.13,10,Young Professionals,High
CUST104183,Bimala,Nath,21,Female,Divorced,Graduate,Salaried - Private,Guwahati,Assam,Employed,1537076.8,128089.73,,Young Professionals,High
CUST101615,Karan,Kara,41,Male,Divorced,High School,Salaried - Private,Jaipur,Rajasthan,Employed,2004217.6,167018.13,7,Business Owners,High
CUST103024,Aadi,Bobal,32,Male,Single,High School,Salaried - Private,Delhi,Delhi,Employed,2231500.54,185958.38,14,Young Professionals,High
CUST101413,Tanish,Magar,21,Male,Widowed,Graduate,Salaried - Government,Lucknow,Uttar Pradesh,Employed,752954.09,62746.17,3,Young Professionals,Medium
CUST100763,Irya,Barman,45,Female,Married,Graduate,Homemaker,Ludhiana,Punjab,Not Employed,30880.56,2573.38,2,Business Owners,Low
CUST100655,Vedhika,Seth,55,Female,Widowed,Post Graduate,Self Employed,Ahmedabad,,Self Employed,1911312.12,159276.01,20,Business Owners,Medium
CUST104797,Chakradhar,Palla,62,Male,Divorced,Graduate,Retired,Hyderabad,Telangana,Retired,762139.74,63511.64,4,Retired Customers,Low
CUST103849,Indali,Natt,45,Female,Married,Post Graduate,Salaried - Private,Kanpur,Uttar Pradesh,Employed,1332263.43,111021.95,14,Business Owners,Medium
CUST104153,Hemani,Sathe,35,Female,Widowed,Doctorate,Self Employed,Chennai,Tamil Nadu,Self Employed,1530480.08,127540.01,17,Business Owners,High
CUST100468,Orinder,Mistry,25,Male,Single,Doctorate,,Ranchi,Jharkhand,Self Employed,2925736.55,243811.38,7,Young Professionals,High
CUST100157,Vaishnavi,Sane,35,Female,Widowed,,Salaried - Government,Delhi,Delhi,Employed,790698.94,65891.58,12,Young Professionals,Medium
CUST101295,Janani,Sandal,26,Female,Divorced,Graduate,Salaried - Private,,Kerala,Employed,676654.34,56387.86,8,Young Professionals,
CUST100497,Chakradev,Rana,43,Male,Married,High School,Business Owner,Nagpur,Maharashtra,Self Employed,5632213.51,469351.13,13,High Net Worth Individuals,High
CUST104740,Krish,Chada,42,Male,,Post Graduate,Salaried - Private,Kochi,Kerala,Employed,1816020.22,151335.02,7,Business Owners,Medium
CUST102940,Widisha,Buch,62,Female,Married,High School,Retired,Kochi,Kerala,Retired,562548.33,46879.03,5,,Low
CUST103456,Yashasvi,Tailor,47,Female,Single,Graduate,Business Owner,Chandigarh,Punjab,Self Employed,9980148.43,831679.04,2,High Net Worth Individuals,High
CUST100373,Maanas,Sarna,44,Male,Single,High School,Salaried - Private,Delhi,Delhi,Employed,1163260.25,96938.35,15,Business Owners,Medium
CUST100079,Jatin,Kar,21,Male,Married,High School,Unemployed,Indore,Madhya Pradesh,Not Employed,,2519,3,Young Professionals,Medium
CUST101553,Tejas,Sur,30,,Divorced,Graduate,Salaried - Government,Indore,Madhya Pradesh,Employed,881041.83,73420.15,4,Young Professionals,Medium
CUST101669,Zaitra,Balakrishnan,47,Female,,Graduate,Salaried - Private,Surat,Gujarat,Employed,2005917.49,167159.79,19,Business Owners,Medium
CUST102131,Lekha,Kapadia,23,Female,Married,Diploma,Salaried - Private,Kanpur,Uttar Pradesh,Employed,1159525.75,96627.15,5,Young Professionals,High
CUST104439,Caleb,Mody,55,Male,Single,Diploma,Self Employed,Nashik,Maharashtra,Self Employed,607240.68,50603.39,8,Business Owners,Medium
CUST100465,Aarna,Shroff,66,Female,Divorced,Graduate,Retired,Ludhiana,Punjab,Retired,519790.43,43315.87,13,Retired Customers,
CUST100248,Robert,Bahri,43,Male,Widowed,Post Graduate,,Ranchi,Jharkhand,Not Employed,35909.34,2992.44,15,Business Owners,Low
CUST100931,Krishna,Mallick,34,Female,Widowed,Post Graduate,Business Owner,Chennai,Tamil Nadu,Self Employed,5620349.94,468362.5,12,High Net Worth Individuals,High
CUST101335,Gaurangi,Sastry,21,Female,Single,Graduate,Student,Lucknow,Uttar Pradesh,Not Employed,36837.47,3069.79,3,Students,Medium
CUST104524,Darpan,Deo,38,Male,Married,Post Graduate,Salaried - Private,Nashik,Maharashtra,Employed,1359449.57,113287.46,19,Business Owners,Medium
CUST101338,Ekaja,Mittal,65,Female,Married,Diploma,Retired,,Tamil Nadu,Retired,255090.64,21257.55,10,Retired Customers,Low
CUST101406,Abha,Devan,18,Female,Single,Graduate,Student,Ludhiana,Punjab,Not Employed,135245.81,11270.48,1,Students,Medium
CUST101090,Ishani,Prabhakar,36,Female,Married,Graduate,Unemployed,Chandigarh,Punjab,Not Employed,50767.39,4230.62,7,,Low
CUST104209,Sneha,Buch,48,,Single,Graduate,Salaried - Private,Raipur,Chhattisgarh,Employed,3051205.63,254267.14,,High Net Worth Individuals,Medium
CUST100742,Madhav,Sanghvi,18,Male,Single,Post Graduate,Unemployed,Jaipur,Rajasthan,Not Employed,38911.58,3242.63,1,Young Professionals,
CUST102323,Darsh,Kothari,18,Male,Single,Graduate,Student,Bengaluru,Karnataka,Not Employed,62886.49,5240.54,1,Students,Medium
CUST103601,Lohit,Chadha,37,Male,Divorced,Post Graduate,Freelancer,Surat,Gujarat,Self Employed,360674.59,30056.22,17,Business Owners,Medium
CUST102123,Gaurika,Chaudhry,21,Female,Single,Post Graduate,Salaried - Private,Udaipur,Rajasthan,Employed,1393511.14,116125.93,,Young Professionals,High
CUST102094,Warda,De,18,Female,Single,Post Graduate,Unemployed,Indore,Madhya Pradesh,Not Employed,39544.73,3295.39,1,Young Professionals,Medium
CUST100240,Banjeet,Devi,30,Male,Single,Graduate,,Ranchi,Jharkhand,Employed,1096346.73,91362.23,12,Young Professionals,Medium
CUST102351,Nitara,Palan,33,Female,Married,Graduate,Unemployed,Nashik,Maharashtra,Not Employed,28216.24,2351.35,15,,Low
CUST101370,Ekiya,Kota,,Female,Single,Graduate,Salaried - Private,Patna,Bihar,Employed,1681013.06,140084.42,10,Business Owners,Medium
CUST101057,Rayaan,Vohra,36,Male,Single,Graduate,Unemployed,Surat,Gujarat,Not Employed,40514.03,3376.17,8,Business Owners,Low
CUST104816,Advay,Sampath,24,Male,Divorced,Post Graduate,Salaried - Private,Jaipur,Rajasthan,Employed,1281292.32,106774.36,6,Young Professionals,High
CUST100199,Tara,Narain,43,Female,Single,,Self Employed,Vadodara,Gujarat,Self Employed,1114660.06,92888.34,5,Business Owners,High
CUST102280,Max,Anne,31,Male,Widowed,Graduate,Salaried - Private,Dehradun,Uttarakhand,Employed,2230638.7,185886.56,4,,
CUST104749,Eiravati,Chatterjee,,Female,Single,Graduate,Salaried - Private,Bhubaneswar,Odisha,Employed,1491455.14,124287.93,8,Young Professionals,High
CUST102220,Yahvi,Desai,62,Female,Divorced,Post Graduate,Retired,Delhi,Delhi,Retired,606682.9,50556.91,2,Retired Customers,Low
CUST104771,Zaid,Chandra,55,Male,Single,Graduate,Salaried - Private,Bhopal,Madhya Pradesh,Employed,1467453.46,,20,Business Owners,Medium
CUST102819,Faraj,Tandon,50,Male,Married,Graduate,Salaried - Private,Indore,Madhya Pradesh,Employed,1058851.59,88237.63,15,,Medium
CUST103150,Warda,Sarin,39,Female,Single,Post Graduate,Salaried - Government,Kolkata,West Bengal,Employed,426592.88,35549.41,14,Business Owners,Medium
CUST104256,Aadhya,Shan,25,Female,Married,Graduate,Salaried - Private,Bhopal,Madhya Pradesh,Employed,,119003.12,5,Young Professionals,High
CUST103107,Omisha,Bhakta,35,Female,Single,Post Graduate,Salaried - Private,Jaipur,Rajasthan,Employed,389349.56,32445.8,2,Young Professionals,Medium
CUST101973,Arin,Bora,40,Male,,Doctorate,Self Employed,Delhi,Delhi,Self Employed,2588787.46,215732.29,2,Business Owners,High
CUST101375,Girindra,Ramanathan,40,Male,Widowed,Post Graduate,Self Employed,Bengaluru,Karnataka,Self Employed,1702409.97,141867.5,2,Business Owners,High
CUST103968,Ekani,Chad,44,Female,Widowed,Graduate,Salaried - Private,Patna,Bihar,Employed,1930839.42,160903.29,16,Business Owners,Medium
CUST104062,Ikbal,Tak,21,Male,Single,Post Graduate,Salaried - Private,Thiruvananthapuram,Kerala,Employed,1219002.37,101583.53,3,Young Professionals,High
CUST104445,Mekhala,Tailor,65,Female,Single,Graduate,Retired,,Maharashtra,Retired,,47354.43,5,Retired Customers,Low
CUST103557,Samaksh,Sur,59,Male,Widowed,Graduate,Retired,Kanpur,Uttar Pradesh,Retired,1034951.33,86245.94,17,Retired Customers,Medium
CUST100964,Maanav,Barad,55,Male,Widowed,Graduate,Business Owner,Delhi,Delhi,Self Employed,8080686.19,673390.52,8,High Net Worth Individuals,High
CUST100179,Amaira,Hans,60,Female,Married,High School,Retired,Coimbatore,Tamil Nadu,Retired,388526.44,32377.2,5,Retired Customers,
CUST103698,Zaid,Sampath,30,Male,Married,High School,Salaried - Private,Mumbai,Maharashtra,Employed,794856.08,66238.01,5,Young Professionals,Medium
CUST103821,Rachita,Handa,,Female,Widowed,Graduate,Retired,Udaipur,Rajasthan,Retired,663625.06,55302.09,13,Retired Customers,Low
CUST104878,Kevin,Mohanty,53,Male,,Doctorate,Salaried - Private,Pune,Maharashtra,Employed,1523149.33,126929.11,10,Business Owners,Medium
CUST103899,Jagat,Tripathi,47,Male,Married,Post Graduate,Business Owner,Bengaluru,Karnataka,Self Employed,17719163.44,1476596.95,13,High Net Worth Individuals,High
CUST104487,Gavin,Yadav,37,Male,Divorced,,Salaried - Government,Ranchi,Jharkhand,Employed,1018675.71,84889.64,3,Business Owners,
CUST103238,Brijesh,Dar,31,Male,Single,Graduate,Salaried - Private,Ranchi,Jharkhand,Employed,1788045.46,149003.79,13,Young Professionals,Medium
CUST102974,Ubika,Issac,39,Female,Married,High School,Salaried - Private,Dehradun,Uttarakhand,Employed,927466.06,77288.84,3,Business Owners,Medium
CUST103580,Yachana,Mannan,40,Female,Divorced,Doctorate,Salaried - Government,Ranchi,Jharkhand,Employed,1130122.05,94176.84,8,Business Owners,Medium
CUST102887,Jeevika,Aggarwal,21,Female,Widowed,Graduate,Unemployed,,Maharashtra,Not Employed,22484.17,1873.68,3,Young Professionals,Medium
CUST102575,David,Chand,,Male,Married,Graduate,Salaried - Government,Kanpur,Uttar Pradesh,Employed,757819.63,63151.64,12,Young Professionals,Medium
CUST101419,Qarin,Dugar,44,Male,Divorced,Graduate,Business Owner,Ludhiana,Punjab,Self Employed,8174633.77,681219.48,10,High Net Worth Individuals,High
CUST103907,Shaurya,Narasimhan,80,Male,Widowed,Post Graduate,Retired,Nagpur,Maharashtra,Retired,497921.82,,17,Retired Customers,Low
CUST104673,Devansh,Gopal,19,Male,Single,Post Graduate,Student,Lucknow,Uttar Pradesh,Not Employed,63508.11,5292.34,1,Students,Medium
CUST104902,Sai,Bakshi,24,Female,Widowed,Graduate,Salaried - Government,Bhopal,Madhya Pradesh,Employed,1140296.36,95024.7,6,Young Professionals,Medium
CUST101860,Upkaar,Comar,39,Male,Widowed,Post Graduate,Self Employed,Kolkata,West Bengal,Self Employed,1839983.22,153331.93,3,Business Owners,High
CUST100008,Hardik,Saini,44,Male,Divorced,Graduate,Business Owner,Kanpur,Uttar Pradesh,Self Employed,8050997.55,670916.46,1,High Net Worth Individuals,High
CUST102894,Onkar,Buch,45,Male,Married,High School,Salaried - Government,Coimbatore,Tamil Nadu,Employed,1065368.17,88780.68,2,Business Owners,Medium
CUST102847,Chavvi,Vohra,23,Female,Single,Post Graduate,Salaried - Government,Coimbatore,Tamil Nadu,Employed,1253733.31,104477.78,1,Young Professionals,Medium
CUST103664,Anita,Yogi,80,Female,Married,Post Graduate,Retired,Pune,Maharashtra,Retired,455281.84,37940.15,5,Retired Customers,Low
CUST100144,Mason,Chawla,42,Male,Divorced,Graduate,Salaried - Private,,Karnataka,Employed,606730.9,50560.91,14,Business Owners,Medium
CUST102104,Meghana,Rege,20,Female,Single,High School,Student,Guwahati,Assam,Not Employed,13707.37,1142.28,2,Students,Medium
CUST103143,Mason,Sodhi,65,Male,Widowed,Graduate,Retired,Bengaluru,Karnataka,Retired,831583.88,69298.66,11,Retired Customers,Low
CUST100841,Mahika,Dass,23,Female,Single,Graduate,Salaried - Private,Nashik,Maharashtra,Employed,1022438.48,85203.21,2,Young Professionals,High
CUST101128,Keya,Kara,27,Female,Married,Post Graduate,Salaried - Government,Nagpur,Maharashtra,Employed,1742687.97,145224,9,Young Professionals,Medium
CUST100151,Wishi,Krishnamurthy,43,,Divorced,Doctorate,Self Employed,Udaipur,Rajasthan,Self Employed,2059725.2,171643.77,9,Business Owners,High
CUST103591,Advaith,Edwin,25,Male,Married,Graduate,Business Owner,Pune,Maharashtra,Self Employed,7819733.84,651644.49,7,High Net Worth Individuals,High
CUST101052,Indrajit,Sachdev,38,Male,Widowed,Post Graduate,Salaried - Government,Udaipur,Rajasthan,Employed,685948.6,57162.38,19,Business Owners,Medium
CUST101590,Farhan,Bera,32,Male,Divorced,Graduate,Salaried - Government,Ranchi,Jharkhand,Employed,777283.6,64773.63,2,Young Professionals,Medium
CUST103008,Zayyan,Bandi,68,Male,Widowed,Graduate,Retired,Chandigarh,Punjab,Retired,301854.3,25154.52,4,Retired Customers,Low
CUST102029,Zashil,Uppal,44,Male,Single,High School,Salaried - Private,Nashik,Maharashtra,Employed,1801280.09,150106.67,13,Business Owners,Medium
CUST103418,Chaitanya,Shere,37,Male,Married,Diploma,Salaried - Private,Vadodara,Gujarat,Employed,1081863.58,90155.3,15,,Medium
CUST101807,Naksh,Sandhu,39,Male,Married,Graduate,Salaried - Private,Indore,Madhya Pradesh,Employed,763901.34,63658.44,16,Business Owners,Medium
CUST102696,Lucky,Konda,20,Male,Single,Graduate,Student,Mysuru,Karnataka,Not Employed,81753.55,6812.8,1,Students,Medium
CUST103039,Deepa,Sridhar,28,Female,Widowed,Post Graduate,Unemployed,Bengaluru,,Not Employed,71595.71,5966.31,10,Young Professionals,Medium
CUST100472,Wyatt,Chhabra,67,Male,Single,Post Graduate,Retired,Lucknow,Uttar Pradesh,Retired,426146.21,35512.18,11,Retired Customers,Low
CUST103289,Ranveer,Chatterjee,23,Male,Widowed,Graduate,Salaried - Government,Bhopal,Madhya Pradesh,Employed,1050499.6,87541.63,3,Young Professionals,Medium
CUST104074,Rushil,Barad,21,Male,Married,Doctorate,Salaried - Private,Jaipur,Rajasthan,Employed,1962076.19,163506.35,3,Young Professionals,High
CUST103496,Wriddhish,Setty,35,Male,,Post Graduate,Salaried - Private,Guwahati,Assam,Employed,1137502.78,94791.9,16,Young Professionals,Medium
CUST100279,Janani,Shroff,38,Female,Divorced,Post Graduate,Salaried - Government,Pune,Maharashtra,Employed,900738.38,75061.53,5,,Medium
CUST101741,Ojas,Goel,40,Male,Single,Graduate,Salaried - Government,Indore,Madhya Pradesh,Employed,993404.6,82783.72,14,Business Owners,Medium
CUST104624,Daksha,Vyas,26,Female,Married,Graduate,Unemployed,Dehradun,Uttarakhand,Not Employed,50281.53,4190.13,8,Young Professionals,Medium
CUST102886,Bhavya,Zachariah,18,Female,Single,Graduate,Student,Guwahati,Assam,Not Employed,37391.04,3115.92,1,Students,Medium
CUST101941,Manan,Kamdar,28,Male,Widowed,Doctorate,Unemployed,Coimbatore,Tamil Nadu,Not Employed,23817.05,1984.75,10,Young Professionals,Medium
CUST100100,Vanya,Dey,34,Female,Widowed,High School,Homemaker,Kochi,Kerala,Not Employed,71611.23,5967.6,5,Young Professionals,Low
CUST102804,Mugdha,Bala,29,Female,Widowed,Graduate,Unemployed,Surat,Gujarat,Not Employed,76477.8,6373.15,8,Young Professionals,Medium
CUST103570,Siddharth,Bains,69,Male,Widowed,Graduate,Retired,,Gujarat,Retired,539823.81,44985.32,4,Retired Customers,Low
CUST103684,Ekiya,Purohit,50,Female,,Graduate,Salaried - Government,Nashik,Maharashtra,Employed,1558023.29,129835.27,9,Business Owners,Medium
CUST103661,Timothy,Pai,21,Male,Divorced,Diploma,Salaried - Government,,Maharashtra,Employed,840770.27,70064.19,3,Young Professionals,
CUST100530,Hemang,Kalita,63,Male,,Graduate,Retired,Udaipur,Rajasthan,Retired,1019565.61,84963.8,,Retired Customers,Low
CUST101886,Sneha,Oza,43,Female,Divorced,High School,Salaried - Private,Raipur,Chhattisgarh,Employed,2094224.13,174518.68,16,Business Owners,High
CUST100681,Dhruv,Chad,27,Male,,Post Graduate,Salaried - Government,Ranchi,Jharkhand,Employed,928439.58,77369.96,9,Young Professionals,Medium
CUST103794,Gaurika,Walla,51,Female,Divorced,,Business Owner,Kolkata,,Self Employed,8549005.53,712417.13,11,High Net Worth Individuals,High
CUST103944,Krisha,Batra,,Female,Married,,Freelancer,Udaipur,Rajasthan,Self Employed,626738.5,52228.21,8,Young Professionals,High
CUST104666,Falguni,Din,18,Female,Single,High School,Student,Ludhiana,Punjab,Not Employed,57630.87,4802.57,1,Students,Medium
CUST102018,Ekiya,Yohannan,35,Female,Widowed,Post Graduate,Unemployed,Patna,Bihar,Not Employed,41043.75,3420.31,17,Young Professionals,Low
CUST101096,Indira,Narayan,47,Female,Divorced,Diploma,Self Employed,Patna,Bihar,Self Employed,2067435.12,172286.26,17,Business Owners,High
CUST100829,Varenya,Shukla,,Female,Single,Graduate,Salaried - Private,Kochi,Kerala,Employed,1861655.03,155137.92,15,Young Professionals,Medium
CUST102805,Luke,Sundaram,32,Male,Widowed,High School,Freelancer,Nashik,Maharashtra,Self Employed,501007.91,41750.66,7,Young Professionals,Medium
CUST103829,Maya,Tella,34,Female,Divorced,Doctorate,Salaried - Private,Thiruvananthapuram,Kerala,,1293110.35,107759.2,16,Young Professionals,Medium
CUST104381,Kritika,Mital,49,Female,Divorced,High School,Self Employed,Pune,Maharashtra,Self Employed,1139861.1,94988.43,4,Business Owners,
CUST103891,Devansh,Muni,32,Male,Widowed,High School,Salaried - Private,Hyderabad,Telangana,Employed,879342.58,73278.55,12,Young Professionals,Medium
CUST100764,Nakul,Mukherjee,18,Male,Single,Graduate,Unemployed,Patna,Bihar,Not Employed,29345.98,2445.5,1,,Medium
CUST102767,Radha,Sahni,74,Female,Divorced,Graduate,Retired,Ludhiana,Punjab,Retired,462432.92,38536.08,17,Retired Customers,Low
CUST104328,Bimala,Wable,35,Female,Divorced,High School,Business Owner,Dehradun,Uttarakhand,Self Employed,4825868.92,402155.74,17,High Net Worth Individuals,High
CUST103295,Chaman,Bhatti,57,,Married,Post Graduate,Business Owner,Bhubaneswar,Odisha,Self Employed,8307416.02,692284.67,18,High Net Worth Individuals,High
CUST102194,Siddharth,Sridhar,77,Male,Married,High School,Retired,Jaipur,Rajasthan,Retired,1046223.88,87185.32,1,Retired Customers,Low
CUST102357,Manan,Suri,38,Male,Widowed,Graduate,Salaried - Private,Udaipur,Rajasthan,Employed,782119.14,65176.6,10,Business Owners,Medium
CUST103425,Advika,Vora,23,Female,Married,Post Graduate,Student,Nashik,Maharashtra,Not Employed,41018.08,3418.17,5,Students,Medium
CUST103979,Hemal,Sathe,37,Female,Widowed,Post Graduate,Business Owner,Vadodara,Gujarat,Self Employed,11169326.96,930777.25,8,High Net Worth Individuals,High
CUST100911,Mitesh,Bala,73,Male,Widowed,Post Graduate,Retired,Bhopal,Madhya Pradesh,Retired,459767.1,38313.92,15,Retired Customers,Low
CUST103145,Turvi,Gola,35,Female,Married,Graduate,Self Employed,Pune,Maharashtra,Self Employed,1175115.71,97926.31,8,,High
CUST100999,Janani,Kota,23,Female,,Post Graduate,Student,Kanpur,Uttar Pradesh,Not Employed,77873.56,6489.46,5,Students,
CUST103653,Faqid,Bhardwaj,34,Male,Divorced,Graduate,Self Employed,Nagpur,Maharashtra,Self Employed,1982515.85,165209.65,2,Business Owners,High
CUST102483,Lucky,Iyer,40,Male,Divorced,Post Graduate,Salaried - Government,,Bihar,Employed,1809702.47,150808.54,14,Business Owners,Medium
CUST104076,Deepa,Deshpande,60,Female,Widowed,High School,Retired,Ahmedabad,Gujarat,Retired,541433.89,45119.49,8,Retired Customers,Low
CUST102370,Rishi,Gupta,18,Male,Single,High School,Student,Bhubaneswar,Odisha,Not Employed,48827.99,4069,1,Students,Medium
CUST104838,Dakshesh,Ray,42,Male,Widowed,Graduate,Salaried - Private,Patna,Bihar,Employed,1349089.94,112424.16,13,Business Owners,Medium
CUST100033,Lopa,Kanda,35,Female,Divorced,High School,Salaried - Private,Vadodara,Gujarat,Employed,2303667.4,191972.28,7,Young Professionals,High
CUST103789,Ayushman,Subramaniam,27,Male,Single,Graduate,Salaried - Government,Pune,Maharashtra,Employed,778170.04,64847.5,2,Young Professionals,Medium
CUST101020,Bhavya,Sodhi,51,Female,Single,Diploma,Salaried - Government,,Karnataka,Employed,1496729.04,124727.42,19,Business Owners,Medium
CUST101647,Anjali,Gera,22,Female,Single,Doctorate,Salaried - Private,Udaipur,Rajasthan,Employed,741460.37,61788.36,4,Young Professionals,Medium
CUST100733,Siddharth,Choudhry,58,Male,Divorced,,Retired,Kolkata,West Bengal,Retired,818108.36,68175.7,16,Retired Customers,Medium
CUST104582,Janani,Andra,39,Female,Divorced,Graduate,Salaried - Private,Vadodara,Gujarat,,1066489.14,88874.09,4,Business Owners,Medium
CUST103274,Gayathri,Swamy,62,Female,Single,,Retired,Mumbai,Maharashtra,Retired,640974.47,53414.54,12,Retired Customers,Low
CUST101620,Bhavani,Ram,54,Female,Divorced,Graduate,Homemaker,Kochi,Kerala,Not Employed,71819.29,5984.94,13,Business Owners,Low
CUST103135,Ekapad,Iyengar,62,Male,Single,Graduate,Retired,Nagpur,Maharashtra,Retired,254103,21175.25,4,Retired Customers,Low
CUST102689,Dhriti,Mahajan,21,Female,Widowed,High School,Student,Surat,Gujarat,Not Employed,24560.16,2046.68,3,Students,Medium
CUST102707,Ojas,Hora,39,Male,,High School,Homemaker,Bhubaneswar,Odisha,Not Employed,38944.44,3245.37,13,Business Owners,Low
CUST100297,Hema,Vig,28,Female,Married,High School,Salaried - Government,Ludhiana,Punjab,Employed,1151278.43,95939.87,,Young Professionals,Medium
CUST102339,Lakshit,Dar,25,Male,Divorced,Diploma,Salaried - Private,Mumbai,Maharashtra,Employed,416253.75,34687.81,7,Young Professionals,Medium
CUST100653,Qushi,Tripathi,39,,Divorced,Post Graduate,Self Employed,Ahmedabad,Gujarat,Self Employed,1210332.92,100861.08,4,Business Owners,High
CUST103774,Vincent,Ray,41,Male,Married,Graduate,Freelancer,Raipur,Chhattisgarh,Self Employed,678587.76,56548.98,8,Business Owners,Medium
CUST101255,Liam,Bhatnagar,20,Male,Single,Post Graduate,Student,Vadodara,Gujarat,Not Employed,32782.99,2731.92,2,Students,Medium
CUST104520,Hardik,Som,32,Male,Divorced,Post Graduate,Salaried - Government,Chandigarh,Punjab,Employed,926182.23,77181.85,11,Young Professionals,Medium
CUST100230,Zayyan,Sandhu,59,Male,Widowed,Post Graduate,Retired,Chennai,Tamil Nadu,Retired,300686.02,25057.17,9,Retired Customers,Low
CUST103276,Nimrat,Ramachandran,35,Female,Widowed,Graduate,Salaried - Private,Ahmedabad,Gujarat,Employed,2248181.42,187348.45,7,Young Professionals,High
CUST103230,Nachiket,Sawhney,36,Male,Single,Post Graduate,Business Owner,Surat,Gujarat,Self Employed,14157408.25,1179784.02,5,High Net Worth Individuals,High
CUST100691,Balvan,Merchant,20,Male,Single,Post Graduate,Student,Vadodara,Gujarat,Not Employed,63517.32,5293.11,2,Students,Medium
CUST102754,Yashodhara,Raval,36,Female,Single,Post Graduate,Salaried - Private,Patna,Bihar,Employed,2312773.36,192731.11,,Business Owners,High
CUST104863,Charles,Chakraborty,24,,Widowed,Post Graduate,Salaried - Government,Nashik,Maharashtra,Employed,825579.32,68798.28,6,Young Professionals,Medium
CUST100969,Ekani,Thaman,38,Female,Widowed,,Business Owner,Indore,Madhya Pradesh,Self Employed,7006603.83,583883.65,14,High Net Worth Individuals,High
CUST100633,Keya,Sarin,18,Female,Single,Post Graduate,Student,,Odisha,Not Employed,34991.13,2915.93,1,Students,Medium
CUST104092,Hritik,Sathe,33,Male,Widowed,High School,,Mumbai,,,828338.22,69028.18,1,Young Professionals,High
CUST104077,Omisha,Shetty,29,Female,Widowed,Graduate,Salaried - Government,Mumbai,Maharashtra,Employed,981554.58,81796.21,2,Young Professionals,Medium
CUST101321,Liam,Pillay,47,Male,Widowed,Graduate,,Vadodara,Gujarat,Employed,2600596.48,216716.37,6,Business Owners,Medium
CUST101831,Zaitra,Kapur,47,Female,Single,High School,Salaried - Private,Patna,Bihar,Employed,2403903.53,200325.29,11,Business Owners,Medium
CUST102178,Gavin,Gupta,46,Male,Widowed,Graduate,Salaried - Government,Surat,Gujarat,Employed,1743865.34,145322.11,17,Business Owners,Medium
CUST101417,Pranit,Bhakta,18,Male,Single,Graduate,Unemployed,Delhi,Delhi,Not Employed,22951.4,1912.62,1,Young Professionals,Medium
CUST101782,Aarna,Mitra,54,Female,,Graduate,Business Owner,Nagpur,Maharashtra,Self Employed,7222439.66,601869.97,13,High Net Worth Individuals,High
CUST104715,Aashi,Randhawa,50,Female,Divorced,Post Graduate,Freelancer,Thiruvananthapuram,Kerala,Self Employed,1068407.97,89034,17,Business Owners,Medium
CUST104701,Gaurangi,Balan,62,Female,Single,Graduate,Retired,Bhopal,Madhya Pradesh,Retired,1016411.89,84700.99,4,Retired Customers,Low
CUST104118,Veer,Kannan,56,Male,Divorced,Graduate,Salaried - Private,Bhopal,Madhya Pradesh,Employed,1894453.71,157871.14,4,Business Owners,Medium
CUST101652,Aryan,Soman,68,Male,Married,Graduate,Retired,Indore,Madhya Pradesh,Retired,459538.86,38294.9,4,Retired Customers,Low
CUST101483,Yashvi,Bawa,21,Female,Divorced,Graduate,Student,Indore,Madhya Pradesh,Not Employed,119465.72,9955.48,3,Students,Medium
CUST102275,Wridesh,Zacharia,35,Male,Divorced,Graduate,Salaried - Private,Nagpur,Maharashtra,,1389943.4,115828.62,7,Young Professionals,Medium
CUST100877,Vasudha,Khosla,32,Female,Divorced,Graduate,Salaried - Private,Bhopal,Madhya Pradesh,Employed,1286264.9,107188.74,8,Young Professionals,Medium
CUST103525,Isaac,Dubey,24,Male,Single,Post Graduate,Unemployed,Delhi,Delhi,Not Employed,27176.88,2264.74,6,Young Professionals,Medium
CUST102016,Darika,Gill,41,Female,Married,Graduate,Self Employed,Jaipur,Rajasthan,Self Employed,1026188.02,85515.67,8,Business Owners,High
CUST100426,Warhi,Pai,35,Female,Married,Post Graduate,Freelancer,Vadodara,Gujarat,Self Employed,365122.92,30426.91,13,Young Professionals,Medium
CUST100626,Upadhriti,Ravel,44,Female,Single,Graduate,Salaried - Government,Jaipur,Rajasthan,Employed,,89156.23,17,Business Owners,Medium
CUST101589,Gayathri,Saraf,30,Female,Married,Graduate,Salaried - Government,Udaipur,Rajasthan,Employed,732529.34,,12,Young Professionals,Medium
CUST102223,Mason,Krishna,21,Male,Married,Graduate,Salaried - Private,Vadodara,Gujarat,Employed,,96349.41,3,Young Professionals,High
CUST102217,Elijah,Doctor,30,Male,Married,Post Graduate,Salaried - Government,Kolkata,West Bengal,Employed,483123.58,40260.3,12,Young Professionals,Medium
CUST104483,Jeremiah,Kara,19,Male,Single,Graduate,Student,Patna,Bihar,Not Employed,34146.89,2845.57,1,Students,Medium
CUST101485,Gagan,Balasubramanian,38,Male,Single,High School,Business Owner,Thiruvananthapuram,Kerala,Self Employed,9875299.46,822941.62,10,High Net Worth Individuals,High
CUST101739,Nisha,Gole,36,Female,Single,Post Graduate,Salaried - Private,Bhopal,Madhya Pradesh,Employed,1296952.1,108079.34,3,Business Owners,Medium
CUST102480,Raghav,Vyas,18,Male,Single,Graduate,Student,Kolkata,West Bengal,Not Employed,91406.12,7617.18,1,Students,Medium
CUST102584,Atharv,Saini,40,Male,Widowed,High School,Business Owner,Guwahati,Assam,Self Employed,1745571.54,145464.3,2,Business Owners,High
CUST102893,Qadim,Warrior,32,Male,,Graduate,Self Employed,Chennai,Tamil Nadu,Self Employed,2570065.36,214172.11,2,Young Professionals,High
CUST100149,Pavani,Jani,23,Female,Divorced,Diploma,Salaried - Government,Jaipur,Rajasthan,Employed,896519.87,74709.99,5,Young Professionals,Medium
CUST100676,Reyansh,Mander,30,Male,Widowed,Post Graduate,Salaried - Private,Thiruvananthapuram,Kerala,Employed,877113.61,73092.8,7,Young Professionals,Medium
CUST101261,Zarna,Munshi,36,Female,Single,Graduate,Business Owner,Coimbatore,Tamil Nadu,Self Employed,3380556.03,281713,13,High Net Worth Individuals,High
CUST104917,Pratyush,Johal,21,Male,Married,Graduate,Salaried - Government,Guwahati,Assam,Employed,943664.74,78638.73,3,Young Professionals,Medium
CUST100012,Onkar,Mall,61,Male,Widowed,Post Graduate,Retired,Nagpur,Maharashtra,Retired,189013.25,15751.1,4,Retired Customers,Low
CUST101833,Champak,Sant,,Male,Single,Post Graduate,,Indore,Madhya Pradesh,Not Employed,48513.39,4042.78,2,Students,Medium
CUST103248,Rachana,Soni,21,Female,,Graduate,Salaried - Private,Hyderabad,Telangana,Employed,716514.78,59709.57,3,Young Professionals,Medium
CUST101491,Janya,De,29,Female,Married,High School,Salaried - Private,Chennai,Tamil Nadu,Employed,1336169.5,111347.46,9,Young Professionals,High
CUST102727,Chasmum,Walia,46,Other,Divorced,Post Graduate,Business Owner,Mysuru,,Self Employed,15693184.15,1307765.35,,High Net Worth Individuals,High
CUST103686,Omisha,Varty,18,Female,Single,Graduate,,Mumbai,Maharashtra,Not Employed,61385.68,5115.47,1,Students,Medium
CUST101424,Aradhana,Sodhi,35,Female,Married,Graduate,Salaried - Private,Bengaluru,Karnataka,Employed,1165131.04,97094.25,2,Young Professionals,Medium
CUST104605,Kabir,Jhaveri,45,Male,Single,Graduate,Salaried - Private,Guwahati,Assam,Employed,930345.88,77528.82,11,Business Owners,Medium
CUST104595,Prisha,Pillay,36,Female,Single,Post Graduate,Salaried - Government,Kolkata,West Bengal,Employed,903467.52,75288.96,12,Business Owners,Medium
CUST100731,Aditya,Kunda,30,Male,Married,Graduate,Salaried - Private,Bhubaneswar,Odisha,Employed,1809623.04,,12,Young Professionals,Medium
CUST101231,Charles,Merchant,59,Male,Divorced,Graduate,Business Owner,Mysuru,Karnataka,Self Employed,16778492.97,1398207.75,20,High Net Worth Individuals,High
CUST101634,Odika,Bhavsar,62,Female,Married,High School,Business Owner,Pune,Maharashtra,Self Employed,14232344,1186028.67,9,High Net Worth Individuals,Medium
CUST103936,Reva,Pradhan,32,Female,Single,Doctorate,Freelancer,Mysuru,Karnataka,Self Employed,776326.35,64693.86,13,Young Professionals,Medium
CUST101210,Samarth,Tata,23,Male,Single,Graduate,Student,Surat,Gujarat,Not Employed,6433.33,536.11,5,Students,Medium
CUST103268,Tanveer,Dani,40,Male,Single,Post Graduate,Salaried - Private,Coimbatore,Tamil Nadu,Employed,2618669.66,,8,Business Owners,High
CUST101934,Hiral,Verma,28,Female,Married,Post Graduate,Salaried - Government,Kochi,,Employed,1504088.85,125340.74,10,Young Professionals,Medium
CUST100553,Yatan,Sawhney,45,Male,Married,Graduate,Business Owner,Kanpur,Uttar Pradesh,Self Employed,650664.67,54222.06,11,Business Owners,Medium
CUST100491,Fitan,Kurian,32,Male,Divorced,Graduate,Unemployed,Nashik,Maharashtra,Not Employed,38951.9,3245.99,1,Young Professionals,Low
CUST102962,Fariq,Bassi,38,Male,Single,Graduate,Self Employed,Indore,Madhya Pradesh,Self Employed,1026005.42,85500.45,1,Business Owners,
CUST102329,Saumya,Muni,37,Female,Divorced,Graduate,Salaried - Private,Pune,Maharashtra,Employed,601247.15,50103.93,18,Business Owners,Medium
CUST102195,Anamika,Thakkar,39,Female,Married,,Salaried - Private,Ludhiana,Punjab,Employed,1198361.83,99863.49,10,Business Owners,Medium
CUST103064,Vamakshi,Bail,,Female,Married,Graduate,Unemployed,Surat,Gujarat,Not Employed,27391.99,2282.67,1,Young Professionals,Medium
CUST100657,Raksha,Mangat,35,Female,Widowed,Graduate,Salaried - Private,Thiruvananthapuram,Kerala,Employed,941925.27,78493.77,12,Young Professionals,Medium
CUST102374,Christopher,Char,37,Male,Single,Post Graduate,Freelancer,Lucknow,Uttar Pradesh,Self Employed,525432.24,43786.02,17,Business Owners,Medium
CUST102225,Chandran,Gade,40,Male,Divorced,Doctorate,Self Employed,Ahmedabad,,Self Employed,2217203.67,184766.97,5,Business Owners,High
CUST104264,Naveen,Badal,35,Male,Widowed,Post Graduate,Business Owner,Bhubaneswar,Odisha,Self Employed,5867359.95,488946.66,4,High Net Worth Individuals,High
CUST101170,Ekaja,Chahal,21,Female,Single,Post Graduate,Student,Patna,Bihar,Not Employed,71777.03,5981.42,3,Students,Medium
CUST100132,Siya,Deep,18,Female,Single,Diploma,Student,Thiruvananthapuram,Kerala,Not Employed,18880.79,1573.4,1,Students,Medium
CUST100471,Ira,Rajagopalan,,,Widowed,Post Graduate,Business Owner,Surat,Gujarat,Self Employed,6743282.88,561940.24,8,High Net Worth Individuals,High
CUST103225,Radha,Mani,29,Female,Married,Graduate,Freelancer,Bhopal,Madhya Pradesh,Self Employed,1433670.97,119472.58,3,Young Professionals,High
CUST101405,Gagan,Dar,22,Male,Married,Graduate,Student,Bhubaneswar,Odisha,Not Employed,60688.03,5057.34,4,Students,Medium
CUST102876,Anika,Bora,42,Female,Widowed,Diploma,Salaried - Private,Hyderabad,Telangana,Employed,1784954.89,148746.24,10,Business Owners,Medium
CUST104504,Saumya,Deep,36,Female,Married,Graduate,Salaried - Private,Coimbatore,Tamil Nadu,Employed,1308078.63,109006.55,5,Business Owners,Medium
CUST104692,Victor,Dhawan,30,Male,Married,Graduate,Freelancer,Guwahati,Assam,Self Employed,488486.53,40707.21,2,Young Professionals,Medium
CUST102826,Vedika,Rastogi,36,Female,Single,Graduate,Self Employed,Raipur,Chhattisgarh,Self Employed,1673406.39,139450.53,16,Business Owners,High
CUST100287,Dalaja,Mitra,21,Female,Single,High School,Student,Kolkata,West Bengal,Not Employed,33185.1,2765.42,3,Students,Medium
CUST101869,Rohan,Guha,37,Other,Widowed,Post Graduate,Salaried - Government,Vadodara,,Employed,688838.39,57403.2,12,Business Owners,Medium
CUST103114,Yatan,Nadkarni,34,Male,Divorced,Diploma,Salaried - Government,Bengaluru,Karnataka,Employed,1060424.39,88368.7,3,Young Professionals,Medium
CUST103625,Geetika,Dalal,42,Female,Single,Doctorate,Self Employed,Nashik,Maharashtra,Self Employed,843868.56,70322.38,4,Business Owners,High
CUST102312,Xiti,Kalla,42,,Widowed,Diploma,Salaried - Private,Ludhiana,Punjab,Employed,626670.99,52222.58,15,Business Owners,Medium
CUST104923,Raghav,Murthy,30,Male,Single,Graduate,Salaried - Government,Guwahati,Assam,,1804923.63,150410.3,12,Young Professionals,Medium
CUST101618,Brijesh,Padmanabhan,39,Male,Divorced,Post Graduate,Business Owner,Kochi,Kerala,Self Employed,4274871.74,356239.31,15,High Net Worth Individuals,
CUST100994,Janya,Kanda,33,Female,Married,Graduate,Salaried - Government,Hyderabad,Telangana,Employed,1694319.39,,15,Young Professionals,Medium
CUST101803,Libni,Shetty,47,Female,Divorced,Graduate,Unemployed,Lucknow,Uttar Pradesh,Not Employed,39512.6,3292.72,17,Business Owners,Low
CUST102642,Indali,Narayanan,46,Female,Married,Post Graduate,Unemployed,Mumbai,Maharashtra,Not Employed,61725.17,5143.76,17,Business Owners,Low
CUST104802,Upma,Iyengar,54,Female,Single,Doctorate,Homemaker,Guwahati,Assam,Not Employed,50810.23,4234.19,6,,Low
CUST103535,Aradhana,Varghese,40,Female,Widowed,Graduate,Salaried - Private,Vadodara,Gujarat,Employed,876642.21,73053.52,15,Business Owners,
CUST104831,Raagini,Ramachandran,60,,Single,Post Graduate,Self Employed,Raipur,Chhattisgarh,Self Employed,807911.21,67325.93,6,Business Owners,Medium
CUST103911,Aadhya,Kapoor,40,Female,Widowed,Post Graduate,Business Owner,Indore,Madhya Pradesh,Self Employed,7256462.68,604705.22,5,High Net Worth Individuals,High
CUST102107,Daniel,Venkatesh,33,Male,Divorced,Post Graduate,Salaried - Private,Bhubaneswar,Odisha,Employed,782458.93,65204.91,15,Young Professionals,Medium
CUST103044,Avi,Bhatnagar,18,Male,Single,Graduate,Student,Nagpur,Maharashtra,Not Employed,15849.69,1320.81,1,Students,Medium
CUST100416,Keya,Shan,40,Female,Single,Post Graduate,Self Employed,Hyderabad,Telangana,Self Employed,1488084.74,124007.06,15,Business Owners,High
CUST100977,Samaksh,Sane,42,Male,Divorced,Graduate,Salaried - Government,Kanpur,Uttar Pradesh,Employed,1430188.59,119182.38,9,Business Owners,Medium
CUST102417,Nakul,Bains,38,Male,,Graduate,Salaried - Private,Kochi,Kerala,Employed,1566307.26,130525.6,10,Business Owners,Medium
CUST100505,Azad,Shetty,18,Male,Single,Graduate,Student,Chandigarh,Punjab,Not Employed,87371.76,7280.98,1,Students,Medium
CUST104152,Yoshita,Nagy,34,Female,Single,High School,Unemployed,Thiruvananthapuram,Kerala,Not Employed,39658.47,3304.87,11,Young Professionals,Low
CUST104255,Oni,Chaudhry,40,Female,Divorced,,Self Employed,,Kerala,Self Employed,935099.08,77924.92,8,Business Owners,High
CUST103941,Inaya,Walia,41,Female,Widowed,Graduate,Salaried - Government,Nagpur,Maharashtra,Employed,1064913.53,88742.79,5,Business Owners,Medium
CUST100414,Laban,Sagar,39,,Divorced,Post Graduate,Salaried - Private,Raipur,Chhattisgarh,Employed,2143163.21,178596.93,3,Business Owners,High
CUST104148,Noah,Oommen,27,Male,Single,Graduate,Salaried - Private,Coimbatore,Tamil Nadu,Employed,1072333.73,89361.14,7,Young Professionals,High
CUST101183,Lipika,Tailor,30,Female,Single,Post Graduate,Salaried - Government,,Kerala,Employed,1574955.07,131246.26,12,Young Professionals,Medium
CUST100485,Dominic,Chana,18,Male,Single,High School,Student,Raipur,Chhattisgarh,Not Employed,45173.22,3764.43,1,Students,Medium
CUST100893,Shravya,Prakash,44,Female,Married,Doctorate,Salaried - Private,Bhopal,Madhya Pradesh,Employed,1271564.23,105963.69,13,Business Owners,Medium
CUST100805,Rishi,Dalal,18,Male,Single,Graduate,Student,Lucknow,Uttar Pradesh,Not Employed,24358.66,2029.89,1,Students,Medium
CUST100555,Oeshi,Divan,26,Female,Married,Post Graduate,Homemaker,Bhopal,Madhya Pradesh,Not Employed,47359.63,3946.64,2,Young Professionals,Medium
CUST103825,Anita,Mand,21,Female,Single,Post Graduate,,Thiruvananthapuram,Kerala,Not Employed,40132.22,3344.35,3,Students,Medium
CUST101197,Ekanta,Mital,44,Female,Single,Graduate,Salaried - Private,Jaipur,Rajasthan,Employed,2099904.19,174992.02,17,Business Owners,High
CUST104253,Sudiksha,Radhakrishnan,18,Female,Single,Graduate,Student,Kolkata,West Bengal,Not Employed,5688.77,474.06,1,Students,Medium
CUST104058,Shravya,Bassi,51,Female,Divorced,Diploma,Self Employed,Lucknow,Uttar Pradesh,Self Employed,2621566.19,,6,Business Owners,High
CUST101293,Lipika,Peri,66,Female,Widowed,,Retired,Mysuru,Karnataka,Retired,848501.07,70708.42,16,Retired Customers,Low
CUST102221,Yauvani,Walla,22,Female,Married,High School,Student,Bhubaneswar,Odisha,Not Employed,44202.59,3683.55,3,Students,Medium
CUST103504,Chakradhar,Rastogi,21,Male,Divorced,High School,Salaried - Private,Hyderabad,Telangana,Employed,993699.97,82808.33,3,Young Professionals,High
CUST103654,Yoshita,Merchant,54,Female,Single,Diploma,Salaried - Private,Nagpur,Maharashtra,Employed,3139727.75,261643.98,17,High Net Worth Individuals,Medium
CUST104758,Jack,Kale,42,Male,Widowed,Graduate,Salaried - Government,Kanpur,Uttar Pradesh,Employed,705666.86,58805.57,9,Business Owners,Medium
CUST103006,Turvi,Basu,48,Female,Widowed,Post Graduate,Salaried - Private,Kochi,Kerala,Employed,1258730.44,104894.2,5,,Medium
CUST102093,Dhriti,Chander,21,Female,Divorced,Diploma,Salaried - Private,Ahmedabad,Gujarat,Employed,551678.38,45973.2,3,Young Professionals,Medium
CUST102187,Anvi,Subramaniam,21,Female,Widowed,Post Graduate,Salaried - Private,Guwahati,Assam,Employed,1043636.03,86969.67,3,Young Professionals,High
CUST103036,Bhavna,Jayaraman,27,Female,Divorced,Post Graduate,Salaried - Private,Hyderabad,Telangana,Employed,1061295.58,88441.3,9,Young Professionals,High
CUST103918,Aashi,Borah,32,Female,Married,Diploma,Self Employed,Guwahati,,Self Employed,1108396.67,92366.39,4,Young Professionals,High
CUST101272,Ekapad,Rajagopal,18,Male,Single,Graduate,Student,Patna,Bihar,Not Employed,63372.16,5281.01,1,Students,Medium
CUST100290,Tanish,Prabhakar,36,Male,Single,Post Graduate,Salaried - Private,Coimbatore,Tamil Nadu,Employed,1056707.42,88058.95,18,Business Owners,Medium
CUST104827,Fitan,Issac,67,Male,Widowed,Graduate,Retired,Bengaluru,Karnataka,Retired,493488.08,41124.01,19,Retired Customers,Low
CUST100252,Ubika,Yohannan,42,Female,Widowed,Post Graduate,Business Owner,Bhubaneswar,Odisha,Self Employed,4523691.08,376974.26,19,High Net Worth Individuals,High
CUST103245,Kamala,Samra,20,Female,Single,Post Graduate,Student,Chandigarh,Punjab,Not Employed,35513.1,2959.42,2,Students,Medium
CUST100350,Kritika,Dani,50,Female,Divorced,Post Graduate,Self Employed,Ahmedabad,Gujarat,Self Employed,2726116.88,227176.41,19,Business Owners,High
CUST101187,Netra,Sule,31,Female,Single,Graduate,Business Owner,Vadodara,Gujarat,Self Employed,4029712.72,335809.39,8,High Net Worth Individuals,High
CUST101961,Faraj,Bajwa,35,Male,Married,Graduate,Freelancer,Hyderabad,Telangana,Self Employed,1237093.19,103091.1,3,Young Professionals,High
CUST100422,Kiaan,Agate,34,Male,Divorced,Graduate,Salaried - Private,Nashik,Maharashtra,Employed,1025350.53,85445.88,14,Young Professionals,Medium
CUST100090,Jairaj,Solanki,50,Male,,Graduate,Self Employed,Mysuru,Karnataka,Self Employed,700630.8,58385.9,15,Business Owners,Medium
CUST103729,Veda,Sengupta,46,Female,Widowed,Graduate,Salaried - Government,Ahmedabad,Gujarat,Employed,1041223.04,86768.59,10,Business Owners,Medium
CUST102236,Peter,Nair,45,Male,Divorced,Graduate,Salaried - Private,Ahmedabad,Gujarat,Employed,1887842.63,157320.22,18,Business Owners,Medium
CUST100670,Nathan,Patla,20,Other,Single,Graduate,Student,Bengaluru,Karnataka,Not Employed,128806.41,10733.87,2,Students,Medium
CUST103040,Jagrati,Kar,36,Female,Widowed,Graduate,Salaried - Private,Nashik,Maharashtra,Employed,1504086.07,125340.51,15,Business Owners,Medium
CUST100026,Maya,Setty,21,Female,Married,High School,Salaried - Private,Guwahati,Assam,Employed,888780.27,74065.02,,Young Professionals,High
CUST100429,Girindra,Khare,44,Male,Single,Post Graduate,Salaried - Government,Ludhiana,Punjab,,1479530.84,123294.24,16,Business Owners,Medium
CUST100683,Omya,Datta,38,Female,Divorced,Graduate,,Indore,Madhya Pradesh,Self Employed,17243.38,1436.95,10,Business Owners,High
CUST104463,Dhriti,Mannan,46,Female,Married,Graduate,,Guwahati,Assam,Employed,2055825.85,171318.82,2,,Medium
CUST103945,Ijaya,Wason,36,Female,Single,Post Graduate,Self Employed,Chandigarh,Punjab,Self Employed,1145788.85,95482.4,15,Business Owners,High
CUST103523,Anmol,Varghese,24,Male,Divorced,Graduate,Unemployed,Thiruvananthapuram,Kerala,Not Employed,23919.57,1993.3,1,Young Professionals,Medium
CUST101541,Waida,Acharya,40,Female,Divorced,Graduate,Unemployed,Kanpur,Uttar Pradesh,Not Employed,14408.22,1200.68,,Business Owners,
CUST102031,Rajata,Thakkar,36,Female,Divorced,Graduate,Self Employed,Pune,Maharashtra,Self Employed,973478.22,81123.18,18,Business Owners,High
CUST102232,Advaith,Sabharwal,32,Male,Single,Graduate,Business Owner,Kanpur,Uttar Pradesh,Self Employed,5044618.4,420384.87,4,High Net Worth Individuals,High
CUST104120,Raksha,Bassi,21,Female,Married,High School,Student,Mumbai,Maharashtra,Not Employed,74346.37,6195.53,3,Students,Medium
CUST103235,Hemal,Arya,71,Female,Single,Graduate,Retired,Udaipur,Rajasthan,Retired,518556.47,43213.04,20,Retired Customers,Low
CUST100254,Januja,Mahajan,37,Female,Single,Graduate,Business Owner,Surat,Gujarat,Self Employed,5619408.94,468284.08,16,High Net Worth Individuals,High
CUST101029,Shravya,Wadhwa,44,Female,Married,Graduate,Self Employed,Delhi,Delhi,Self Employed,2134456.81,177871.4,12,Business Owners,High
CUST104392,Hritik,Parmer,54,Male,Single,Post Graduate,Salaried - Private,Patna,Bihar,Employed,1961951.97,163496,4,Business Owners,Medium
CUST103800,Nathan,Oommen,27,Male,Divorced,,Salaried - Private,Ludhiana,Punjab,Employed,1017566.3,84797.19,7,Young Professionals,High
CUST104310,Imaran,Tata,34,Male,Widowed,Diploma,Salaried - Private,Mysuru,Karnataka,Employed,1776168.17,148014.01,14,Young Professionals,Medium
CUST102509,Caleb,Raja,39,Male,Married,Post Graduate,Salaried - Government,Coimbatore,Tamil Nadu,Employed,896253.43,74687.79,,Business Owners,Medium
CUST102292,Robert,Radhakrishnan,60,Male,Divorced,Graduate,Self Employed,Chennai,Tamil Nadu,Self Employed,3297678.37,274806.53,,High Net Worth Individuals,Medium
CUST101323,Omisha,Agate,19,Female,Single,Post Graduate,Student,Vadodara,Gujarat,Not Employed,64452.93,5371.08,1,Students,Medium
CUST101550,Chandresh,Nayar,26,,Widowed,Post Graduate,Homemaker,Thiruvananthapuram,Kerala,Not Employed,81790.92,6815.91,4,Young Professionals,Medium
CUST104647,Tanay,Rajan,30,Male,Married,Graduate,Salaried - Private,Indore,Madhya Pradesh,Employed,1791662.29,149305.19,4,Young Professionals,Medium
CUST100315,Vyanjana,Swaminathan,39,Female,Single,Graduate,,Nagpur,Maharashtra,,1703302.64,141941.89,14,Business Owners,Medium
CUST101242,Deepa,Bajaj,39,Female,Married,,Salaried - Private,Bengaluru,Karnataka,Employed,2638165.19,219847.1,13,Business Owners,High
CUST102450,Chaman,Rastogi,19,Female,Single,Post Graduate,Student,,Maharashtra,Not Employed,14806.06,1233.84,1,Students,Medium
CUST101578,Wakeeta,Kar,75,Female,Widowed,Post Graduate,Retired,Kolkata,West Bengal,Retired,238377.09,19864.76,18,Retired Customers,Low
CUST104625,Ekapad,Arora,36,Male,Widowed,Post Graduate,Salaried - Private,Kochi,Kerala,Employed,1837443.46,153120.29,16,Business Owners,Medium
CUST103116,Sneha,Divan,35,Female,Widowed,High School,Salaried - Private,Coimbatore,Tamil Nadu,Employed,1092373.45,91031.12,11,Young Professionals,Medium
CUST100069,Chaaya,Chada,18,Female,Single,Graduate,Student,Vadodara,Gujarat,Not Employed,94046.05,7837.17,1,Students,Medium
CUST100859,Naksh,Nagar,48,Male,Widowed,Graduate,Salaried - Government,Raipur,Chhattisgarh,Employed,1276485.85,106373.82,13,Business Owners,Medium
CUST102753,Chaitanya,Anand,21,Male,Widowed,Graduate,Salaried - Government,,Rajasthan,Employed,481373.98,40114.5,,Young Professionals,Medium
CUST101632,Urishilla,Jaggi,30,Female,Widowed,Post Graduate,,Mumbai,Maharashtra,Employed,950610,79217.5,11,Young Professionals,Medium
CUST101650,Anjali,Randhawa,21,,Married,Graduate,Salaried - Private,Ahmedabad,Gujarat,Employed,569608.11,47467.34,3,Young Professionals,Medium
CUST103860,Vritti,Khare,59,Female,Married,Diploma,Retired,Delhi,Delhi,Retired,427840.45,35653.37,1,Retired Customers,Low
CUST103106,Rachana,Chanda,42,Female,Single,Graduate,Homemaker,Mumbai,Maharashtra,Not Employed,59786.57,4982.21,18,Business Owners,Low
CUST101074,Anusha,Bora,25,Female,Married,High School,Business Owner,Mumbai,Maharashtra,Self Employed,6805079.11,567089.93,7,High Net Worth Individuals,High
CUST104001,Vinaya,Shenoy,44,Female,Married,Graduate,Self Employed,,Assam,Self Employed,3104918.22,258743.19,18,High Net Worth Individuals,High
CUST100787,Urishilla,Maharaj,60,,Single,Graduate,Salaried - Private,Ahmedabad,Gujarat,Employed,2713263.62,226105.3,10,Business Owners,Medium
CUST102605,Sathvik,Gokhale,44,Male,Widowed,Graduate,Business Owner,Guwahati,,Self Employed,4813465.1,401122.09,5,,High
CUST103630,Ganga,Patla,21,Female,Single,Graduate,Salaried - Private,Coimbatore,Tamil Nadu,Employed,975685.65,81307.14,3,Young Professionals,High
CUST102121,Ekapad,Dani,28,Male,Widowed,Post Graduate,Salaried - Private,Lucknow,Uttar Pradesh,,1918795.18,159899.6,2,Young Professionals,High
CUST101874,Arin,Dasgupta,32,Male,,Post Graduate,Freelancer,Mysuru,Karnataka,Self Employed,990300.01,82525,4,Young Professionals,High
CUST100811,Varsha,Gera,46,Female,Divorced,Diploma,Salaried - Government,Nashik,Maharashtra,Employed,1046644.4,87220.37,10,Business Owners,Medium
CUST100387,Yatan,Chand,45,Male,Married,Graduate,Salaried - Private,Kochi,Kerala,Employed,2186881.89,182240.16,3,Business Owners,Medium
CUST102882,Forum,Narayan,61,Female,Divorced,Post Graduate,Retired,Nagpur,Maharashtra,Retired,999740.42,83311.7,17,Retired Customers,Low
CUST101175,Peter,Chander,43,Male,Married,Graduate,Salaried - Private,Kochi,Kerala,Employed,1035625.59,86302.13,4,Business Owners,Medium
CUST103197,Bhanumati,Singh,44,Female,Married,Diploma,Homemaker,Indore,Madhya Pradesh,Not Employed,70277.68,5856.47,19,Business Owners,Low
CUST102623,Peter,Dayal,30,Male,Married,High School,Salaried - Government,Nashik,Maharashtra,Employed,1155351.41,96279.28,1,Young Professionals,Medium
CUST101351,Aayush,Oza,58,Male,Widowed,High School,Homemaker,Pune,Maharashtra,Not Employed,103451.46,8620.95,17,Business Owners,Low
CUST100410,Jeevika,Comar,51,Female,Widowed,Diploma,Self Employed,Hyderabad,Telangana,Self Employed,1648786.92,137398.91,10,Business Owners,Medium
CUST104212,Tanay,Krishnan,36,Male,,Graduate,Salaried - Government,,Tamil Nadu,Employed,868390.9,72365.91,9,Business Owners,Medium
CUST100109,Warda,Kala,34,Female,Widowed,Graduate,,Nagpur,Maharashtra,Employed,1521450.64,126787.55,16,Young Professionals,Medium
CUST104995,Triya,Mitra,38,Female,Widowed,Graduate,Salaried - Private,,Bihar,Employed,1022947.41,85245.62,15,Business Owners,Medium
CUST103429,Ikshita,Lata,40,Female,Single,Diploma,Salaried - Private,Coimbatore,,Employed,1660178.35,138348.2,6,Business Owners,Medium
CUST102809,Ekaja,Mand,43,Female,Single,Doctorate,Salaried - Government,Raipur,Chhattisgarh,Employed,688380.41,57365.03,16,Business Owners,Medium
CUST102594,Wazir,Setty,18,Male,Single,Post Graduate,Unemployed,Kolkata,West Bengal,Not Employed,72073.6,6006.13,1,Young Professionals,Medium
CUST102836,Chanakya,Wali,35,Male,Divorced,Graduate,Salaried - Government,Ludhiana,Punjab,Employed,1103801.16,91983.43,11,Young Professionals,Medium
CUST102372,Lohit,Naidu,40,Male,Single,Post Graduate,Salaried - Private,Surat,Gujarat,Employed,1877073.96,156422.83,,Business Owners,Medium
CUST101235,Pavani,Shah,35,Female,Single,High School,Salaried - Government,Udaipur,Rajasthan,Employed,1172534.94,97711.24,10,Young Professionals,Medium
CUST102146,Qushi,Rana,31,Female,Widowed,Post Graduate,Salaried - Private,Indore,Madhya Pradesh,Employed,973713.01,81142.75,2,Young Professionals,Medium
CUST104975,Jagvi,Vyas,19,Female,Single,Graduate,Student,Dehradun,Uttarakhand,Not Employed,143379.63,11948.3,1,Students,Medium
CUST100599,Chaman,Ben,49,Female,Married,High School,Business Owner,Nagpur,Maharashtra,Self Employed,8080821.39,673401.78,9,High Net Worth Individuals,High
CUST101434,Jasmit,Varty,54,Female,Married,Graduate,Business Owner,Raipur,Chhattisgarh,Self Employed,,766317.31,18,High Net Worth Individuals,High
CUST104996,Laksh,Nadig,61,Male,Widowed,Graduate,Retired,Coimbatore,Tamil Nadu,Retired,541569.64,45130.8,8,Retired Customers,Low
CUST100538,Rachita,Khanna,42,Female,Single,High School,Salaried - Private,Bengaluru,Karnataka,Employed,1824576.96,152048.08,6,Business Owners,Medium
CUST100721,Ridhi,Keer,49,Female,Divorced,Post Graduate,Unemployed,Raipur,Chhattisgarh,,29855.03,2487.92,12,Business Owners,Low
CUST104410,Bachittar,Narayan,50,Male,Married,Graduate,Unemployed,Raipur,Chhattisgarh,Not Employed,19095.52,1591.29,10,Business Owners,Low
CUST101872,Ikshita,Nigam,48,Female,Married,Graduate,Salaried - Private,Bengaluru,Karnataka,Employed,1422954.93,118579.58,9,Business Owners,Medium
CUST102845,Aayush,Bir,42,Male,Married,Graduate,Self Employed,Jaipur,Rajasthan,Self Employed,1685273.57,140439.46,,Business Owners,High
CUST102053,Yauvani,Ravi,46,,Divorced,Graduate,Salaried - Private,Bhubaneswar,Odisha,Employed,947523.91,78960.33,6,Business Owners,Medium
CUST102907,Darika,Tata,,Other,Single,Graduate,Salaried - Government,Nashik,Maharashtra,Employed,807853.86,67321.15,8,Business Owners,Medium
CUST102254,Fiyaz,Ranganathan,33,Male,Widowed,High School,Unemployed,Nagpur,Maharashtra,Not Employed,42781.37,3565.11,15,Young Professionals,
CUST103912,Jyoti,Shukla,24,Female,Single,Doctorate,Salaried - Private,Nashik,Maharashtra,Employed,1122512.94,93542.74,2,Young Professionals,High
CUST100177,Parth,Mody,58,Male,Divorced,Graduate,Retired,Ahmedabad,Gujarat,Retired,1086433.07,90536.09,3,,Medium
CUST102890,Rachita,Nath,57,Female,Widowed,High School,Salaried - Government,Surat,Gujarat,Employed,1810603.12,150883.59,6,,Medium
CUST103673,Max,Sami,48,Male,Married,Diploma,Self Employed,Indore,Madhya Pradesh,Self Employed,2092187.02,174348.92,3,Business Owners,
CUST100080,Azad,Nigam,33,Male,Widowed,Post Graduate,Business Owner,Patna,Bihar,Self Employed,2914895.28,242907.94,8,Business Owners,High
CUST102561,Mekhala,Shenoy,38,Female,Widowed,Graduate,Salaried - Private,Kolkata,West Bengal,Employed,1014598.95,84549.91,15,Business Owners,Medium
CUST101723,Oviya,Chakraborty,55,Female,Widowed,Graduate,Homemaker,Bhopal,Madhya Pradesh,Not Employed,134991.62,11249.3,20,Business Owners,Low
CUST101617,Faqid,Chatterjee,36,Male,Single,Diploma,Salaried - Private,Dehradun,Uttarakhand,Employed,1016658.05,84721.5,4,Business Owners,
CUST101654,Advaith,Nazareth,66,Male,Widowed,Graduate,Business Owner,,Bihar,Self Employed,18241461.7,1520121.81,18,High Net Worth Individuals,Medium
CUST102328,Ishita,Solanki,65,,Divorced,High School,Retired,Ranchi,Jharkhand,Retired,757680.73,63140.06,20,Retired Customers,Low
CUST104613,Yachana,Golla,20,Female,Single,High School,Student,Hyderabad,Telangana,Not Employed,56355.8,4696.32,2,Students,Medium
CUST100221,Ryan,Kohli,66,Male,Widowed,Graduate,Retired,Bhubaneswar,Odisha,Retired,827435.84,68952.99,9,Retired Customers,Low
CUST100093,Upasna,Pandya,30,Female,Single,,Freelancer,Ludhiana,Punjab,Self Employed,934871.01,77905.92,3,Young Professionals,High
CUST102609,Chakradhar,Mistry,33,Male,Widowed,Post Graduate,Salaried - Private,Nashik,Maharashtra,Employed,2619115.66,218259.64,3,Young Professionals,High
CUST103382,Nilima,Patil,60,Female,Married,Post Graduate,Retired,Chandigarh,Punjab,Retired,1047584.49,87298.71,17,Retired Customers,Low
CUST104415,Chavvi,Purohit,38,,Widowed,Post Graduate,Salaried - Private,Patna,Bihar,Employed,1284287.72,107023.98,9,Business Owners,
CUST101397,Harsh,Dugal,60,Male,Widowed,Graduate,Retired,Bhopal,Madhya Pradesh,Retired,981355.53,81779.63,4,Retired Customers,Low
CUST104686,Aarav,Jani,38,Male,Divorced,Graduate,Salaried - Private,Delhi,Delhi,Employed,1452419.33,121034.94,11,Business Owners,Medium
CUST101292,Daksh,Comar,21,Male,Divorced,,Salaried - Government,Ahmedabad,Gujarat,Employed,1146582.61,95548.55,3,Young Professionals,Medium
CUST102164,Vasudha,Sharma,32,Female,Married,Graduate,Salaried - Private,Mysuru,Karnataka,Employed,2167651.21,180637.6,2,Young Professionals,High
CUST102939,Gaurangi,Babu,37,Female,Divorced,Post Graduate,Self Employed,Pune,Maharashtra,Self Employed,2598810.86,216567.57,15,Business Owners,High
CUST103668,Chakradhar,Vaidya,39,Male,Widowed,High School,Freelancer,Guwahati,Assam,Self Employed,697471.28,58122.61,3,Business Owners,Medium
CUST100812,Tristan,Chahal,38,Male,Widowed,High School,Salaried - Private,Kanpur,Uttar Pradesh,Employed,1166710.06,97225.84,5,Business Owners,Medium
CUST101258,Omaja,Hegde,53,Female,Single,High School,Self Employed,Kolkata,West Bengal,Self Employed,1789468.48,149122.37,3,Business Owners,Medium
CUST100889,Balhaar,Raju,50,Male,Married,Post Graduate,Business Owner,Raipur,Chhattisgarh,Self Employed,7618024.58,634835.38,10,High Net Worth Individuals,High
CUST101451,Harshil,Wagle,30,Male,Divorced,Post Graduate,Salaried - Government,Kolkata,West Bengal,Employed,833742.3,69478.53,,Young Professionals,Medium
CUST103316,Jeevika,Chanda,19,Female,Single,Post Graduate,,Kanpur,Uttar Pradesh,Not Employed,49895.82,4157.98,1,Students,Medium
CUST102559,Madhav,Sarraf,65,Male,Divorced,High School,Retired,Ludhiana,Punjab,Retired,697537.97,58128.16,14,,Low
CUST103574,Aishani,Sengupta,42,Female,Divorced,,Unemployed,Mysuru,Karnataka,Not Employed,34460.8,2871.73,13,Business Owners,Low
CUST102680,Caleb,Nath,26,Male,Single,High School,Salaried - Government,Kochi,Kerala,Employed,828222.46,69018.54,6,Young Professionals,
CUST104651,Xalak,Gara,33,Female,Divorced,Post Graduate,Business Owner,Bhubaneswar,Odisha,Self Employed,5643068.41,470255.7,12,High Net Worth Individuals,High
CUST104811,Odika,Balay,47,Female,Widowed,Post Graduate,Salaried - Private,Surat,Gujarat,Employed,1191112.3,99259.36,8,Business Owners,Medium
CUST104679,Rehaan,Sahota,21,Male,Divorced,Graduate,,Lucknow,Uttar Pradesh,Not Employed,44293.34,3691.11,3,Students,Medium
CUST102964,Meghana,Kadakia,38,Female,Married,Post Graduate,Business Owner,Mumbai,Maharashtra,Self Employed,3637835.25,303152.94,16,High Net Worth Individuals,High
CUST102672,Zaitra,Mukherjee,40,Female,Married,Post Graduate,Salaried - Private,Mysuru,Karnataka,Employed,857323.53,71443.63,17,Business Owners,Medium
CUST100561,Chavvi,Contractor,21,Female,Divorced,Graduate,,Jaipur,Rajasthan,Employed,1171576.76,97631.4,3,Young Professionals,High
CUST102778,Sanaya,Pant,37,Female,Married,Post Graduate,Salaried - Private,Bengaluru,Karnataka,Employed,905289.64,75440.8,5,,Medium
CUST102948,Jagdish,Ghosh,67,Male,Single,High School,Retired,Pune,Maharashtra,Retired,534992.86,44582.74,2,Retired Customers,Low
CUST102817,Anamika,Oza,64,Female,Widowed,Graduate,Retired,Indore,Madhya Pradesh,Retired,526857.63,43904.8,10,Retired Customers,Low
CUST102758,Praneel,Choudhary,33,Male,Married,Diploma,Salaried - Private,Lucknow,,Employed,,110608.35,,Young Professionals,Medium
CUST101756,Jeet,Kara,31,Male,Widowed,Graduate,Business Owner,Raipur,Chhattisgarh,Self Employed,12791861.72,1065988.48,13,High Net Worth Individuals,High
CUST100724,Amrita,Nagar,24,Female,Widowed,Diploma,Salaried - Private,Coimbatore,Tamil Nadu,Employed,699365.93,58280.49,4,Young Professionals,Medium
CUST100219,Triya,Hayer,47,Female,Married,Doctorate,Business Owner,,Gujarat,Self Employed,4268037.18,355669.76,15,High Net Worth Individuals,High
CUST104139,Yahvi,Minhas,39,Female,Widowed,Graduate,Self Employed,Udaipur,Rajasthan,Self Employed,1742066.79,145172.23,7,Business Owners,High
CUST103957,Naveen,Prakash,34,Male,Divorced,Post Graduate,Salaried - Private,Coimbatore,Tamil Nadu,Employed,802074.59,66839.55,3,Young Professionals,Medium
CUST101588,Amruta,Sankar,,Female,Married,High School,Student,Chandigarh,Punjab,,96444.44,8037.04,6,Students,Medium
CUST103347,Xavier,Sarin,22,Male,Divorced,Post Graduate,Salaried - Private,Mumbai,Maharashtra,Employed,1627437.29,135619.77,4,Young Professionals,High
CUST103970,Yochana,Pandey,39,Female,Married,Doctorate,Salaried - Government,Ahmedabad,Gujarat,Employed,771842.87,64320.24,5,Business Owners,Medium
CUST104707,Wahab,Dey,31,,Widowed,Doctorate,Salaried - Private,Mysuru,Karnataka,Employed,665772.13,55481.01,5,Young Professionals,Medium
CUST100043,Lekha,Sangha,,Female,Single,Graduate,Salaried - Government,Chandigarh,Punjab,Employed,1150338.67,95861.56,13,Business Owners,Medium
CUST103001,Maya,Atwal,29,Female,Widowed,Graduate,Salaried - Government,Raipur,Chhattisgarh,Employed,769927.64,64160.64,5,Young Professionals,Medium
CUST100210,Vritti,Gara,57,,Divorced,Graduate,Homemaker,Coimbatore,Tamil Nadu,Not Employed,104504.55,8708.71,14,Business Owners,Low
CUST100677,Jonathan,Doctor,36,Male,Divorced,Graduate,Salaried - Private,Chandigarh,Punjab,Employed,2068942.6,172411.88,16,,High
CUST100354,Manthan,Sanghvi,36,Male,Divorced,Post Graduate,Business Owner,Nashik,Maharashtra,Self Employed,7098629.22,591552.43,7,High Net Worth Individuals,High
CUST101433,Ati,Gola,20,Female,Single,Graduate,Student,Bhopal,Madhya Pradesh,Not Employed,46841.54,3903.46,2,Students,Medium
CUST100949,Jeevika,Kaul,33,Female,Widowed,Graduate,Business Owner,Nagpur,Maharashtra,Self Employed,13888150.54,1157345.88,14,High Net Worth Individuals,High
CUST102843,Om,Gole,66,Male,Divorced,Graduate,Retired,Dehradun,Uttarakhand,Retired,514468.86,42872.4,10,Retired Customers,Low
CUST100577,Siddharth,Behl,21,Male,Married,Post Graduate,Salaried - Private,Chennai,Tamil Nadu,,2050943.61,,3,Young Professionals,High
CUST103928,Jason,Gokhale,34,Male,Married,Graduate,Salaried - Private,Bhubaneswar,Odisha,Employed,1504504.4,125375.37,16,Young Professionals,Medium
CUST100544,Wazir,Sen,30,Male,Divorced,High School,Unemployed,Ranchi,Jharkhand,Not Employed,23497.49,1958.12,12,Young Professionals,
CUST100367,Kevin,Hora,73,Male,Widowed,High School,,Chandigarh,Punjab,Retired,555888.34,46324.03,3,Retired Customers,Low
CUST101612,Girik,Sehgal,,Male,Widowed,,Salaried - Private,Indore,Madhya Pradesh,Employed,1858137.16,154844.76,3,Young Professionals,High
CUST103550,George,Brar,45,Male,Widowed,Graduate,Salaried - Government,Kochi,Kerala,Employed,852126.79,71010.57,13,Business Owners,
CUST103716,Xavier,Bala,43,Male,Single,Diploma,Business Owner,Kolkata,West Bengal,Self Employed,7272706.45,606058.87,13,High Net Worth Individuals,High
CUST103779,Krishna,Dass,80,Female,,High School,Retired,Chennai,Tamil Nadu,Retired,356755.55,29729.63,2,Retired Customers,Low
CUST100135,Aarna,Shanker,30,Female,Divorced,Post Graduate,Homemaker,Pune,Maharashtra,Not Employed,35255.81,2937.98,12,Young Professionals,Low
CUST104480,Faraj,Roy,31,Male,Single,High School,Freelancer,Ranchi,Jharkhand,Self Employed,855318.81,71276.57,4,,
CUST101437,Lohit,Mukhopadhyay,42,Male,Married,High School,Salaried - Private,Guwahati,Assam,Employed,946022.34,78835.19,11,Business Owners,Medium
CUST100047,Arjun,Choudhary,26,Male,Divorced,Post Graduate,Self Employed,Delhi,Delhi,Self Employed,2518145.86,209845.49,,Young Professionals,High
CUST101360,Eshana,Biswas,33,Female,Widowed,High School,Self Employed,Nagpur,Maharashtra,Self Employed,2738880.54,228240.05,7,Business Owners,High
CUST100734,Maanas,Khanna,36,Male,Single,High School,Salaried - Private,Mumbai,Maharashtra,,1375410.1,114617.51,13,Business Owners,Medium
CUST101534,Qushi,Dhar,,Female,Widowed,Graduate,Business Owner,Bhubaneswar,Odisha,Self Employed,5533070.35,461089.2,11,High Net Worth Individuals,High
CUST102004,Watika,Seshadri,27,Female,Married,High School,Business Owner,Indore,Madhya Pradesh,Self Employed,5009779.76,417481.65,9,High Net Worth Individuals,High
CUST103795,Bhavya,Mital,62,Female,Single,Graduate,Retired,Ahmedabad,Gujarat,Retired,224545.16,18712.1,4,Retired Customers,Low
CUST102519,Eta,Dugar,53,Female,Widowed,Post Graduate,Homemaker,Mumbai,Maharashtra,Not Employed,14642.36,1220.2,10,Business Owners,Low
CUST101972,Aarush,Bhatnagar,61,Male,Divorced,Graduate,Retired,Lucknow,Uttar Pradesh,Retired,779523.83,64960.32,4,Retired Customers,Low
CUST100996,Faraj,Sha,39,Male,Married,Graduate,Business Owner,Delhi,Delhi,,4096715.81,341392.98,10,High Net Worth Individuals,High
CUST100061,Zehaan,Issac,52,Male,Single,High School,Business Owner,Nagpur,Maharashtra,Self Employed,1794442.3,149536.86,16,,Medium
CUST101108,Kala,Bir,29,Female,Single,High School,Salaried - Government,Surat,Gujarat,Employed,585263.95,48772,3,Young Professionals,Medium
CUST102405,Nakul,Nair,28,Male,Single,High School,Salaried - Private,Patna,Bihar,Employed,636399.87,53033.32,10,Young Professionals,Medium
CUST100095,Vinaya,Bhagat,46,Female,Widowed,Graduate,Business Owner,Lucknow,Uttar Pradesh,Self Employed,8990422.07,749201.84,16,High Net Worth Individuals,High
CUST100478,Yadavi,Mangat,40,Female,Single,Doctorate,Salaried - Government,Indore,Madhya Pradesh,Employed,1228860.55,102405.05,19,Business Owners,Medium
CUST104359,Isaiah,Bajaj,37,Male,Single,Graduate,Salaried - Government,Ahmedabad,Gujarat,Employed,890189.12,,19,Business Owners,Medium
CUST104112,Kala,Kala,32,Female,Divorced,Graduate,Salaried - Private,Vadodara,Gujarat,Employed,446764.24,37230.35,14,Young Professionals,Medium
CUST103707,Amol,Dugar,24,,Single,Post Graduate,Salaried - Private,Ludhiana,Punjab,Employed,1570420.6,130868.38,,Young Professionals,High
CUST101101,Victor,Ganguly,35,Male,Married,Post Graduate,Unemployed,Dehradun,Uttarakhand,Not Employed,47548.5,3962.38,13,Young Professionals,
CUST102746,Ethan,Dixit,21,Male,Divorced,Graduate,Student,Raipur,Chhattisgarh,Not Employed,66325.4,5527.12,3,Students,Medium
CUST102170,Patrick,Varty,33,,Divorced,Graduate,Salaried - Government,,Karnataka,Employed,1452668.67,121055.72,15,Young Professionals,Medium
CUST100322,Noah,Pandey,35,Male,Widowed,Graduate,Salaried - Private,Nagpur,Maharashtra,Employed,2448458.48,204038.21,12,,High
CUST104254,Ayush,Parekh,21,Male,Single,High School,Salaried - Private,Pune,Maharashtra,Employed,1869045.31,155753.78,3,Young Professionals,High
CUST103142,Ganga,Lala,42,Female,Single,High School,Salaried - Government,Udaipur,Rajasthan,Employed,1373541.56,114461.8,11,Business Owners,Medium
CUST103537,Unnati,Sachar,36,Female,Divorced,Graduate,Salaried - Private,Nagpur,Maharashtra,Employed,1087020.47,90585.04,3,Business Owners,Medium
CUST104925,Gautam,Misra,32,Male,Divorced,High School,Salaried - Private,Nashik,Maharashtra,Employed,1949927.98,162494,14,Young Professionals,Medium
CUST102924,Dakshesh,Tank,32,Male,Widowed,Post Graduate,Unemployed,Coimbatore,Tamil Nadu,Not Employed,27094.38,2257.87,3,Young Professionals,Low
CUST101149,Ekaraj,Brar,59,,Divorced,High School,Retired,Raipur,Chhattisgarh,Retired,855118.9,71259.91,7,Retired Customers,Medium
CUST103617,Onkar,Pant,41,Male,Single,Graduate,Salaried - Government,Raipur,Chhattisgarh,Employed,1342997.71,111916.48,10,Business Owners,Medium
CUST100291,Bhavya,Toor,47,Female,Widowed,High School,Salaried - Private,Bhubaneswar,Odisha,Employed,1311601.38,109300.11,20,,Medium
CUST103749,Aradhana,Swamy,40,Female,Married,Graduate,Business Owner,Mysuru,Karnataka,Self Employed,9819569.91,818297.49,12,High Net Worth Individuals,High
CUST103586,Nakul,Bhatt,34,Male,Single,Post Graduate,Self Employed,Delhi,,Self Employed,1036532.25,86377.69,11,Business Owners,High
CUST100533,Aradhana,Dhillon,,,Single,Doctorate,Salaried - Private,Nagpur,Maharashtra,Employed,1648636.71,137386.39,4,Young Professionals,High
CUST103607,Kamya,Kadakia,52,Female,Single,High School,Business Owner,Thiruvananthapuram,Kerala,Self Employed,5665821.38,472151.78,,High Net Worth Individuals,High
CUST102648,Samuel,Bhalla,36,Male,Single,Graduate,Salaried - Private,Kanpur,Uttar Pradesh,Employed,698543.6,58211.97,4,Business Owners,Medium
CUST104810,Elijah,Kala,39,Male,Married,Graduate,Salaried - Private,Hyderabad,Telangana,Employed,942797.93,78566.49,19,Business Owners,Medium
CUST101983,Eshana,Misra,69,Female,Single,High School,Retired,Nashik,Maharashtra,Retired,700115.94,58342.99,15,Retired Customers,
CUST102932,Bhavika,Dara,37,Female,Widowed,Post Graduate,Salaried - Private,Chennai,Tamil Nadu,Employed,1494375.98,124531.33,15,Business Owners,Medium
CUST101536,Nilima,Gill,21,Female,Married,Graduate,Salaried - Private,Pune,Maharashtra,Employed,1085898.87,,3,,High
CUST104534,Azaan,Uppal,31,Male,Widowed,Graduate,Business Owner,Kolkata,West Bengal,Self Employed,10187319.73,848943.31,11,High Net Worth Individuals,High
CUST104172,Thomas,Sami,40,Male,,Diploma,Salaried - Government,Guwahati,Assam,Employed,1485195.64,123766.3,9,Business Owners,Medium
CUST103360,Daksh,Tella,18,Male,Single,Diploma,Unemployed,Patna,Bihar,Not Employed,85850.9,7154.24,1,Young Professionals,Medium
CUST103665,Oviya,Ramakrishnan,41,Female,Married,Graduate,Business Owner,Ahmedabad,Gujarat,Self Employed,17195464.91,1432955.41,5,High Net Worth Individuals,High
CUST104005,Henry,Sarna,18,Male,Single,Post Graduate,,Coimbatore,Tamil Nadu,Not Employed,37154.2,3096.18,1,Students,Medium
CUST103626,Ishanvi,Pathak,38,Female,Widowed,Graduate,Business Owner,Jaipur,,Self Employed,7995995.3,666332.94,6,High Net Worth Individuals,High
CUST100586,Amara,Loke,30,Female,Married,Post Graduate,Self Employed,Kochi,Kerala,Self Employed,1623423.33,,12,Young Professionals,High
CUST103256,Avni,Bir,32,Female,Divorced,Graduate,Salaried - Private,Surat,Gujarat,Employed,1346471.85,112205.99,12,Young Professionals,Medium
CUST102298,Samuel,Guha,,Male,Single,Post Graduate,Retired,Jaipur,Rajasthan,Retired,371005.28,30917.11,1,Retired Customers,Low
CUST103988,Irya,Nath,34,Female,Divorced,,Salaried - Government,Patna,Bihar,Employed,,104495.89,12,Young Professionals,Medium
CUST100584,Dakshesh,Mallick,23,Male,Married,Graduate,Student,Ranchi,Jharkhand,Not Employed,72983.89,6081.99,5,Students,Medium
CUST102423,Qadim,Krish,38,Male,Single,Post Graduate,Self Employed,Udaipur,Rajasthan,Self Employed,1387674.45,115639.54,18,Business Owners,High
CUST101391,Zashil,Sagar,23,Male,Married,Doctorate,Salaried - Government,Udaipur,Rajasthan,Employed,745172.35,62097.7,5,Young Professionals,Medium
CUST104525,Sai,Barad,22,Male,Single,Graduate,Homemaker,Mumbai,Maharashtra,Not Employed,59591.14,4965.93,4,Young Professionals,Medium
CUST104920,Triveni,Borah,61,Female,Widowed,Graduate,Retired,Patna,Bihar,Retired,763338.91,63611.58,2,Retired Customers,Low
CUST104800,Chaman,Gole,32,Female,Widowed,Graduate,,Nashik,Maharashtra,Self Employed,397548.34,33129.03,3,Young Professionals,Medium
CUST103240,Suhani,Chaudry,43,Female,Single,Post Graduate,Salaried - Government,Vadodara,Gujarat,Employed,1094991.55,91249.3,11,Business Owners,Medium
CUST104281,Chanchal,Cherian,29,Female,Divorced,Post Graduate,Business Owner,Ranchi,Jharkhand,Self Employed,5125635.68,427136.31,10,High Net Worth Individuals,High
CUST103338,Odika,Bhatt,36,Female,Single,High School,Salaried - Government,,Rajasthan,Employed,962320.65,80193.39,16,Business Owners,Medium
CUST103220,Ishaan,Reddy,33,Male,Widowed,Post Graduate,Homemaker,Kolkata,West Bengal,Not Employed,25144.45,2095.37,1,Young Professionals,Low
CUST102111,Damyanti,Dubey,64,Female,Widowed,Diploma,Retired,Bengaluru,Karnataka,Retired,728678.43,60723.2,12,Retired Customers,Low
CUST101174,Agastya,Chakraborty,21,Male,Single,Post Graduate,Student,Kanpur,Uttar Pradesh,Not Employed,27664.35,2305.36,3,Students,Medium
CUST104862,Chavvi,Chahal,30,Female,Widowed,Graduate,Self Employed,Kochi,Kerala,Self Employed,1144763.66,95396.97,7,Young Professionals,High
CUST103811,Banjeet,Brahmbhatt,50,Male,Divorced,Post Graduate,Salaried - Private,Vadodara,Gujarat,Employed,2499566.5,208297.21,12,Business Owners,Medium
CUST101867,Ekaraj,Rout,46,Male,Divorced,Graduate,Homemaker,Surat,Gujarat,Not Employed,119666.26,9972.19,9,Business Owners,Low
CUST102614,Ekani,Dara,46,Female,Widowed,Post Graduate,Salaried - Private,Indore,,Employed,1978496.78,164874.73,2,Business Owners,Medium
CUST103866,Chaman,Bhat,31,Female,Single,Graduate,Homemaker,Mumbai,Maharashtra,Not Employed,138357.8,11529.82,4,Young Professionals,Low
CUST104885,Frederick,Sani,31,Male,Single,Graduate,Salaried - Government,Kochi,Kerala,Employed,1169142.63,97428.55,13,Young Professionals,Medium
CUST103778,Lipika,Chaudhuri,41,Female,Single,Post Graduate,Salaried - Private,Lucknow,Uttar Pradesh,Employed,2697280.91,224773.41,20,Business Owners,High
CUST103846,Ucchal,Walia,36,Female,Married,Post Graduate,Business Owner,Indore,Madhya Pradesh,Self Employed,5040717.7,420059.81,15,High Net Worth Individuals,High
CUST102416,Janya,Kala,45,Female,Single,Graduate,Homemaker,Mysuru,Karnataka,Not Employed,86383.26,7198.6,13,Business Owners,Low
CUST100070,Xavier,Biswas,50,Male,Single,Post Graduate,Business Owner,Kanpur,Uttar Pradesh,Self Employed,11012169.57,917680.8,8,High Net Worth Individuals,High
CUST104880,Aarnav,Sachdeva,70,Male,Married,Graduate,Retired,Udaipur,Rajasthan,Retired,1132425.2,94368.77,14,Retired Customers,
CUST101126,Balveer,Prakash,37,Male,Single,Post Graduate,Salaried - Private,Ludhiana,Punjab,Employed,1256297.33,104691.44,4,Business Owners,
CUST104024,Hema,Balay,41,Female,Widowed,Post Graduate,Self Employed,,Odisha,Self Employed,3301272.2,275106.02,9,High Net Worth Individuals,High
CUST103250,Liam,Din,44,Male,Married,Graduate,Unemployed,Coimbatore,Tamil Nadu,Not Employed,60735.63,5061.3,2,Business Owners,Low
CUST103901,Orinder,Hayre,64,Male,Widowed,Post Graduate,Retired,Lucknow,Uttar Pradesh,Retired,341071.72,28422.64,14,Retired Customers,Low
CUST101095,Neelima,Dua,53,Female,Divorced,Graduate,Salaried - Private,Thiruvananthapuram,Kerala,Employed,682770.63,56897.55,10,Business Owners,Medium
CUST104545,Logan,Chaudhuri,36,Male,Married,High School,Business Owner,Coimbatore,Tamil Nadu,Self Employed,9786856.49,815571.37,18,High Net Worth Individuals,High
CUST101212,Kavya,Krishnan,36,Female,Married,Graduate,Salaried - Government,Chennai,Tamil Nadu,Employed,614900.62,51241.72,14,Business Owners,Medium
CUST103921,Mohini,Sarraf,39,Female,Single,Post Graduate,Homemaker,Jaipur,Rajasthan,Not Employed,,10462.53,4,Business Owners,Low
CUST101425,Rajata,Rajagopal,22,Female,Widowed,Graduate,Student,Ranchi,Jharkhand,Not Employed,103442.91,8620.24,4,Students,Medium
CUST103066,Bhavika,Bains,32,Female,,Graduate,Salaried - Government,Dehradun,Uttarakhand,Employed,1576424.73,131368.73,14,Young Professionals,Medium
CUST104519,Jatin,Sanghvi,41,Male,Single,Graduate,Freelancer,Bengaluru,Karnataka,Self Employed,987731.52,82310.96,11,,High
CUST102100,Pushti,Chaudhari,44,Female,Single,Post Graduate,Business Owner,Nagpur,Maharashtra,Self Employed,6174658.86,514554.91,6,High Net Worth Individuals,High
CUST100807,Vansha,Kala,39,Female,Widowed,Post Graduate,Salaried - Private,Ranchi,,Employed,1079489.1,89957.43,6,Business Owners,Medium
CUST104743,Nakul,Chander,,Male,Married,Diploma,Unemployed,Nagpur,Maharashtra,Not Employed,11856.16,988.01,5,Young Professionals,Medium
CUST103750,Advay,Oak,21,Male,Widowed,Post Graduate,Salaried - Private,Guwahati,Assam,Employed,1866940.1,155578.34,1,Young Professionals,High
CUST101362,Gayathri,Sarraf,53,Female,Divorced,High School,Salaried - Private,Hyderabad,Telangana,Employed,2093809.04,174484.09,3,Business Owners,Medium
CUST102317,Banjeet,Dhingra,39,Male,Single,Graduate,Salaried - Government,Lucknow,Uttar Pradesh,Employed,1470818.25,122568.19,19,Business Owners,Medium
CUST104581,Aadhya,Dutta,36,Female,Divorced,Post Graduate,Self Employed,Bhopal,Madhya Pradesh,Self Employed,352793.02,29399.42,18,Business Owners,Medium
CUST104741,Anthony,Sule,18,Male,Single,Graduate,Student,Mysuru,Karnataka,Not Employed,25913.94,,1,Students,Medium
CUST101025,Udarsh,Purohit,69,Male,Widowed,Post Graduate,Retired,Jaipur,Rajasthan,Retired,546911.63,45575.97,15,Retired Customers,Low
CUST103109,Janya,Mall,21,,Widowed,Post Graduate,Salaried - Private,Ahmedabad,Gujarat,Employed,611207.33,,3,Young Professionals,Medium
CUST102110,Tara,Pathak,65,Female,,Graduate,Retired,Jaipur,Rajasthan,Retired,538340.45,44861.7,16,Retired Customers,Low
CUST101041,Bhavna,Chaudhuri,27,Female,Widowed,Graduate,Salaried - Private,Lucknow,Uttar Pradesh,Employed,1042795.41,86899.62,8,Young Professionals,High
CUST101876,Zayyan,Desai,31,Male,Single,Graduate,Salaried - Government,Indore,Madhya Pradesh,Employed,1096712.01,91392.67,1,Young Professionals,
CUST100881,Wahab,Mangal,20,Male,Single,High School,Student,Coimbatore,,Not Employed,56882.76,4740.23,2,Students,Medium
CUST104299,Nirja,Rai,18,Female,Single,Post Graduate,Student,Kolkata,West Bengal,Not Employed,100933.94,8411.16,1,Students,Medium
CUST101192,Ekansh,Modi,,Male,,Post Graduate,Salaried - Private,,Maharashtra,Employed,1629598.12,135799.84,18,Business Owners,Medium
CUST104587,Harinakshi,Kapur,37,Female,Divorced,Post Graduate,Self Employed,Nashik,Maharashtra,Self Employed,2170189.29,180849.11,19,Business Owners,High
CUST104510,Onveer,Sanghvi,58,Male,Divorced,Graduate,Retired,Thiruvananthapuram,Kerala,Retired,440789.59,36732.47,9,Retired Customers,Low
CUST103670,Onkar,Dutta,42,Male,Married,Diploma,Salaried - Private,Udaipur,Rajasthan,Employed,1738025.27,144835.44,13,Business Owners,Medium
CUST100624,Aditya,Sharaf,56,Male,Widowed,High School,Self Employed,Coimbatore,Tamil Nadu,Self Employed,1271706,105975.5,6,Business Owners,Medium
CUST102796,Vasana,Vala,18,Female,Single,,Student,Vadodara,Gujarat,Not Employed,112242.15,9353.51,1,Students,Medium
CUST104291,Ranbir,Raj,33,Male,Divorced,Diploma,Salaried - Government,Lucknow,Uttar Pradesh,Employed,782407.22,,1,Young Professionals,Medium
CUST104968,Eta,Murthy,21,Female,Married,High School,Salaried - Private,Bhubaneswar,Odisha,Employed,752164.57,62680.38,3,Young Professionals,Medium
CUST100233,Aashi,Kota,25,Other,Single,Graduate,Salaried - Government,Ahmedabad,Gujarat,Employed,1447007.19,120583.93,7,Young Professionals,Medium
CUST104566,Prisha,Pau,32,Female,Widowed,Post Graduate,Salaried - Private,Guwahati,Assam,Employed,605253.68,50437.81,10,Young Professionals,Medium
CUST101662,Timothy,Kakar,28,Male,Single,Graduate,Freelancer,Kanpur,Uttar Pradesh,Self Employed,376965.15,31413.76,10,Young Professionals,High
CUST100415,Warhi,Sodhi,43,Female,Widowed,Doctorate,Business Owner,Ranchi,Jharkhand,Self Employed,5123801.4,426983.45,1,High Net Worth Individuals,High
CUST104246,Aarush,Prashad,37,Male,,High School,Business Owner,Surat,Gujarat,Self Employed,6481282.76,540106.9,,High Net Worth Individuals,High
CUST102173,Charita,Rastogi,28,Female,Divorced,Graduate,Salaried - Government,Nagpur,Maharashtra,Employed,1195087.46,99590.62,,Young Professionals,Medium
CUST101456,Jack,Venkatesh,18,Male,Single,Graduate,Student,Kolkata,West Bengal,Not Employed,52641.33,4386.78,1,Students,Medium
CUST100746,Pranit,Bir,73,Male,Widowed,Graduate,Retired,Udaipur,Rajasthan,Retired,514257.77,42854.81,18,Retired Customers,Low
CUST100017,Pooja,Lalla,29,Female,Divorced,Graduate,Salaried - Government,Vadodara,Gujarat,Employed,1007078.57,83923.21,11,Young Professionals,Medium
CUST101200,Hema,Rao,29,Female,Widowed,Graduate,Salaried - Private,Nagpur,Maharashtra,Employed,1620078.42,,10,Young Professionals,High
CUST101699,Yoshita,Ranganathan,36,Female,Widowed,Doctorate,Self Employed,Kolkata,West Bengal,Self Employed,756590.62,63049.22,2,Business Owners,Medium
CUST103253,Wishi,Tank,70,Female,Divorced,Graduate,,Ludhiana,Punjab,Retired,648907.76,54075.65,10,Retired Customers,Low
CUST100596,Utkarsh,Om,34,Male,Widowed,Post Graduate,Salaried - Private,,Maharashtra,Employed,1711977.25,142664.77,12,Young Professionals,Medium
CUST103226,Anmol,Butala,47,Male,Widowed,Post Graduate,,Bhubaneswar,Odisha,Employed,1925756.12,160479.68,4,Business Owners,Medium
CUST104405,Urishilla,Raghavan,44,Female,Single,Graduate,Salaried - Government,Ahmedabad,Gujarat,Employed,789403.54,65783.63,4,Business Owners,Medium
CUST104719,Siddharth,Dugar,41,Male,Widowed,Graduate,Salaried - Private,Bhopal,Madhya Pradesh,Employed,1454608.43,121217.37,1,Business Owners,Medium
CUST101505,Jalsa,Grover,51,Female,Divorced,Post Graduate,Salaried - Private,Jaipur,Rajasthan,Employed,1132517.76,94376.48,14,Business Owners,Medium
CUST101412,Alexander,Nayak,27,Male,Divorced,Post Graduate,Self Employed,Hyderabad,Telangana,Self Employed,999803.04,83316.92,9,Young Professionals,
CUST101965,Hemal,Krishnamurthy,51,Female,,Graduate,Salaried - Private,Mumbai,Maharashtra,,1593744.76,132812.06,6,Business Owners,Medium
CUST100371,Bimala,Bhasin,40,Female,Married,Post Graduate,Salaried - Government,Nagpur,Maharashtra,Employed,1240656.25,103388.02,10,Business Owners,Medium
CUST101340,Charita,Patel,54,Female,Widowed,Graduate,Self Employed,Ahmedabad,Gujarat,Self Employed,1274383.95,106198.66,16,Business Owners,Medium
CUST100598,Nimrat,Nair,66,Female,Single,Post Graduate,Retired,Thiruvananthapuram,Kerala,Retired,384952.61,32079.38,10,Retired Customers,Low
CUST100238,Jacob,Magar,28,Male,Divorced,Graduate,Salaried - Private,Thiruvananthapuram,Kerala,Employed,848060.45,70671.7,10,Young Professionals,High
CUST103400,Amrita,Ben,27,Female,Married,High School,Salaried - Private,Kanpur,Uttar Pradesh,Employed,1729411.96,144117.66,9,Young Professionals,High
CUST102067,Henry,Edwin,44,Male,Married,Post Graduate,Homemaker,Kolkata,West Bengal,Not Employed,19668.49,1639.04,1,Business Owners,Low
CUST100810,Ekansh,Borah,19,Male,Single,Graduate,Unemployed,Chandigarh,Punjab,Not Employed,50679.33,4223.28,1,Young Professionals,Medium
CUST101094,Leena,Sahni,39,Female,Married,Post Graduate,Salaried - Private,,Madhya Pradesh,Employed,1672523.19,139376.93,11,Business Owners,
CUST104324,Advay,Ramanathan,45,Male,Widowed,Post Graduate,Self Employed,Ranchi,Jharkhand,Self Employed,2713519.73,226126.64,2,Business Owners,High
CUST104760,Yamini,Varty,39,Female,Widowed,Post Graduate,Self Employed,Vadodara,Gujarat,Self Employed,1983876.78,165323.07,12,Business Owners,High
CUST103676,Kai,Tripathi,71,Male,Married,,Retired,Patna,Bihar,Retired,461078.4,38423.2,14,Retired Customers,Low
CUST103464,Meera,Patel,60,Female,Single,Graduate,Retired,Bhubaneswar,Odisha,Retired,271904.82,22658.74,8,Retired Customers,Low
CUST103103,Dalbir,Morar,27,Male,,Doctorate,Self Employed,Ranchi,Jharkhand,Self Employed,2319669.7,193305.81,2,Young Professionals,High
CUST102749,Udant,Hayre,28,Male,Widowed,Graduate,Salaried - Government,Kanpur,Uttar Pradesh,Employed,584646.68,48720.56,10,Young Professionals,Medium
CUST102295,Jagdish,Varughese,39,Male,Single,Post Graduate,Business Owner,Patna,Bihar,Self Employed,8107489.78,675624.15,20,High Net Worth Individuals,High
CUST104192,Mitesh,Bobal,32,Male,Divorced,Post Graduate,Business Owner,Bengaluru,,Self Employed,10247469.13,853955.76,5,High Net Worth Individuals,High
CUST103708,Reva,Dani,35,Female,Divorced,Graduate,Salaried - Private,Lucknow,Uttar Pradesh,Employed,1855835.85,154652.99,3,Young Professionals,Medium
CUST103018,Wakeeta,Mody,42,Female,Divorced,,Salaried - Government,Hyderabad,Telangana,Employed,,65244.66,12,Business Owners,Medium
CUST104252,Jagdish,Patel,,Male,Widowed,Graduate,Homemaker,Mumbai,Maharashtra,Not Employed,99113.28,8259.44,8,Young Professionals,Low
CUST100803,Agastya,Grewal,34,Male,Single,,Salaried - Private,Nashik,Maharashtra,Employed,1218257.75,101521.48,16,Young Professionals,Medium
CUST104190,Rudra,Prakash,18,Male,Single,Doctorate,Unemployed,Nashik,Maharashtra,Not Employed,26724.32,2227.03,1,Young Professionals,Medium
CUST103705,Dhriti,Kala,36,Female,Divorced,Graduate,Salaried - Private,Ahmedabad,Gujarat,Employed,2817008.72,234750.73,14,Business Owners,High
CUST100751,Ridhi,Kulkarni,40,Female,Widowed,High School,Salaried - Private,Chandigarh,Punjab,Employed,2752073.46,229339.45,17,,High
CUST104644,Triya,Dhar,36,Female,Single,High School,Salaried - Government,Surat,Gujarat,Employed,845936.1,70494.68,10,Business Owners,Medium
CUST102531,Jack,Kashyap,41,Male,Widowed,Graduate,Homemaker,Delhi,Delhi,Not Employed,42742.81,3561.9,12,Business Owners,Low
CUST100621,Yamini,Pandya,43,Female,Married,High School,Salaried - Private,Patna,Bihar,Employed,1157646.63,96470.55,5,Business Owners,Medium
CUST102297,Zinal,Luthra,31,Female,Divorced,,Salaried - Government,,Chhattisgarh,Employed,,,2,Young Professionals,Medium
CUST103828,Siya,Choudhry,52,Female,Married,Post Graduate,Salaried - Private,Raipur,Chhattisgarh,Employed,1802619.91,150218.33,10,Business Owners,Medium
CUST100566,Triya,Chandran,25,Female,Married,Post Graduate,Salaried - Government,Hyderabad,Telangana,Employed,1268148.59,105679.05,7,Young Professionals,Medium
CUST101135,Yahvi,Saraf,67,Female,Divorced,Graduate,Retired,Surat,Gujarat,Retired,351019.68,29251.64,10,Retired Customers,Low
CUST101204,Logan,Ramaswamy,46,Male,Divorced,High School,,Patna,Bihar,Not Employed,97197.28,8099.77,,Business Owners,Low
CUST101047,Ekiya,Thakur,43,Female,Single,Post Graduate,Freelancer,Hyderabad,Telangana,Self Employed,,47813.34,19,Business Owners,Medium
CUST100051,Vinaya,Wadhwa,80,Female,Single,Graduate,Retired,Nashik,Maharashtra,Retired,898417.78,74868.15,10,Retired Customers,Low
CUST103651,Urishilla,Bhat,44,Female,Single,Graduate,Homemaker,Delhi,Delhi,Not Employed,54657.42,4554.78,5,Business Owners,Low
CUST101044,Anya,Ratti,24,Female,Married,Post Graduate,Salaried - Private,Mumbai,Maharashtra,Employed,588613.62,49051.14,6,Young Professionals,Medium
CUST102181,Kevin,Jhaveri,18,Male,Single,Graduate,Student,Guwahati,Assam,Not Employed,70677.62,5889.8,1,Students,Medium
CUST102688,Nathaniel,Sastry,40,Male,Single,Post Graduate,Salaried - Private,Guwahati,Assam,Employed,2191508.36,182625.7,3,Business Owners,High
CUST100534,Eiravati,Zachariah,45,Female,Married,Graduate,Homemaker,Bhopal,Madhya Pradesh,Not Employed,114673.02,9556.09,12,Business Owners,Low
CUST103184,Yutika,Oommen,36,Female,Single,Doctorate,Salaried - Government,Dehradun,,Employed,1066231.33,88852.61,,,Medium
CUST103857,Tarak,Bajwa,40,Male,Single,Graduate,,,Tamil Nadu,Employed,1751380.43,145948.37,5,Business Owners,Medium
CUST100443,Pallavi,Rao,43,Female,Married,Graduate,Business Owner,Chennai,Tamil Nadu,Self Employed,3602796.14,300233.01,11,High Net Worth Individuals,High
CUST103604,Gaurangi,Swamy,25,Female,Divorced,Graduate,Salaried - Private,Kolkata,West Bengal,Employed,1080488.87,90040.74,7,Young Professionals,High
CUST100195,Upasna,Boase,44,Female,Widowed,Post Graduate,Salaried - Government,Bhubaneswar,Odisha,Employed,,136692.62,8,Business Owners,Medium
CUST101115,Samesh,Arora,,Male,,Diploma,Salaried - Government,Raipur,Chhattisgarh,Employed,757874.82,63156.23,11,Business Owners,Medium
CUST100765,Yasti,Rao,31,Female,Widowed,Post Graduate,Salaried - Private,Mysuru,Karnataka,Employed,1378897.34,114908.11,5,Young Professionals,Medium
CUST101945,Jai,Kohli,39,Male,Widowed,Post Graduate,Self Employed,Pune,Maharashtra,Self Employed,2680017.81,223334.82,20,Business Owners,High
CUST103247,Madhavi,Ratta,73,Female,Married,Graduate,Retired,Vadodara,Gujarat,Retired,469134.13,39094.51,17,Retired Customers,Low
CUST103002,Tanish,Koshy,37,Male,Divorced,Post Graduate,Homemaker,Vadodara,Gujarat,Not Employed,44701.33,3725.11,13,Business Owners,Low
CUST101432,Darpan,Thakkar,45,Male,Widowed,Graduate,Salaried - Private,Ludhiana,Punjab,,1102651.73,91887.64,12,Business Owners,Medium
CUST104200,Simon,Koshy,39,Male,Married,Graduate,Business Owner,Indore,Madhya Pradesh,Self Employed,2737732.19,,7,Business Owners,High
CUST103095,Veer,Nagarajan,,Male,Single,Post Graduate,Salaried - Government,Jaipur,Rajasthan,Employed,779013.33,64917.78,20,Business Owners,Medium
CUST102922,Vasatika,Garde,32,Female,Widowed,Post Graduate,Salaried - Private,Indore,Madhya Pradesh,Employed,474366.36,39530.53,3,Young Professionals,
CUST100644,Hardik,Ghose,40,Male,Married,Graduate,Salaried - Private,Pune,Maharashtra,Employed,969180.57,80765.05,10,Business Owners,Medium
CUST101049,Nathaniel,Nagi,29,Male,Married,,Salaried - Private,Surat,Gujarat,Employed,1365383.76,113781.98,11,Young Professionals,High
CUST103745,Laksh,Jha,65,Male,Divorced,Graduate,Retired,Ahmedabad,Gujarat,Retired,936842.69,78070.22,14,,Low
CUST104093,Arunima,Virk,65,Female,Married,Post Graduate,Retired,Ludhiana,Punjab,Retired,264899.49,22074.96,1,Retired Customers,Low
CUST104403,Gautami,Saini,37,Female,Single,Post Graduate,,Raipur,Chhattisgarh,Employed,1774702.12,147891.84,19,Business Owners,Medium
CUST100120,William,Thakkar,29,Male,Divorced,Doctorate,Salaried - Private,Kanpur,Uttar Pradesh,Employed,735127.19,61260.6,11,Young Professionals,Medium
CUST102052,Raghav,Kapoor,18,,Single,Graduate,Student,Ludhiana,Punjab,Not Employed,89998.01,7499.83,1,Students,Medium
CUST104258,Amara,Das,48,Female,,Diploma,Self Employed,Ahmedabad,Gujarat,Self Employed,586072.87,48839.41,,Business Owners,Medium
CUST104888,Ati,Sanghvi,43,Female,Single,Graduate,Business Owner,Ranchi,Jharkhand,Self Employed,6351474.15,529289.51,6,High Net Worth Individuals,High
CUST104334,Finn,Devan,34,Male,Divorced,,Salaried - Private,Ludhiana,Punjab,Employed,,104182.88,1,Young Professionals,Medium
CUST104691,Ekaraj,Menon,,Male,Widowed,Post Graduate,Business Owner,Udaipur,Rajasthan,Self Employed,11099862.15,924988.51,17,High Net Worth Individuals,High
CUST100134,Nisha,Bora,25,Female,,Doctorate,Self Employed,Nagpur,Maharashtra,Self Employed,1121376.01,93448,7,Young Professionals,High
CUST102460,Triveni,Sampath,22,Female,Married,Graduate,Student,Coimbatore,Tamil Nadu,Not Employed,69485.19,5790.43,,Students,Medium
CUST101954,Yasti,Butala,22,Female,Widowed,Diploma,Student,Thiruvananthapuram,,,75272,6272.67,4,Students,Medium
CUST102463,Orinder,Bajwa,47,Male,Divorced,Graduate,Business Owner,Nagpur,Maharashtra,Self Employed,9202288.9,766857.41,12,High Net Worth Individuals,High
CUST100184,Oni,Bala,26,Female,Single,Diploma,Salaried - Private,Bengaluru,Karnataka,Employed,1464821.9,122068.49,4,Young Professionals,High
CUST101392,Siddharth,Ratti,24,Male,Single,High School,Unemployed,Vadodara,Gujarat,Not Employed,60246.76,5020.56,6,,Medium
CUST102276,Jhalak,Chakraborty,42,Female,Widowed,Graduate,Salaried - Private,Dehradun,Uttarakhand,Employed,773212.92,64434.41,14,Business Owners,Medium
CUST100511,Jacob,Yogi,25,Male,Married,High School,Salaried - Private,Pune,Maharashtra,Employed,987015.43,82251.29,7,Young Professionals,High
CUST104729,Kamya,Samra,30,Other,,High School,Salaried - Private,Hyderabad,Telangana,Employed,1351173.24,112597.77,12,Young Professionals,Medium
CUST104054,Sarthak,Krish,43,Male,Divorced,Doctorate,Homemaker,Lucknow,Uttar Pradesh,Not Employed,169441.76,14120.15,12,Business Owners,Low
CUST103137,Maanav,Swaminathan,39,,Married,Graduate,Salaried - Private,Bengaluru,Karnataka,Employed,1201489.77,100124.15,9,Business Owners,Medium
CUST102669,Warhi,Tella,76,Female,Divorced,Diploma,Retired,Kochi,Kerala,Retired,499176.64,41598.05,1,Retired Customers,Low
CUST104773,Hamsini,Merchant,20,Female,Single,Diploma,Student,Ludhiana,Punjab,Not Employed,71316.34,5943.03,2,Students,Medium
CUST104861,Tejas,Mander,64,,Widowed,Graduate,Retired,Delhi,Delhi,Retired,523571.62,43630.97,18,Retired Customers,Low
CUST102117,Warhi,Gola,22,Female,Married,Post Graduate,Salaried - Private,Bhubaneswar,Odisha,Employed,1095227.71,91268.98,3,Young Professionals,High
CUST100251,Manthan,Ramakrishnan,68,Male,Widowed,Graduate,Retired,Hyderabad,Telangana,Retired,668769.35,55730.78,8,Retired Customers,Low
CUST103526,Yachana,Vyas,69,Female,Widowed,Post Graduate,Homemaker,Bhopal,Madhya Pradesh,Not Employed,58742.39,4895.2,10,,Low
CUST103559,Rudra,Mittal,34,Male,Divorced,Post Graduate,Homemaker,Ludhiana,Punjab,Not Employed,152902.67,12741.89,1,Young Professionals,Low
CUST104011,Jeevika,Saini,21,Female,Widowed,Graduate,Salaried - Government,Bhubaneswar,Odisha,Employed,641652.52,53471.04,3,Young Professionals,Medium
CUST101507,Vansha,Dixit,31,Female,Single,,Salaried - Government,Raipur,Chhattisgarh,Employed,1040600.94,86716.74,1,Young Professionals,
CUST100122,Ayush,Trivedi,48,Male,Single,High School,,Ahmedabad,Gujarat,Employed,1083717.18,90309.76,5,Business Owners,Medium
CUST104259,Zilmil,Mammen,25,Female,Divorced,High School,Student,Kolkata,West Bengal,Not Employed,10856.15,904.68,7,Students,
CUST103333,Yutika,Iyer,58,Female,Divorced,Post Graduate,Self Employed,Ahmedabad,Gujarat,Self Employed,1603790.57,133649.21,7,Business Owners,Medium
CUST101871,Hritik,Shankar,36,Male,Married,Post Graduate,Salaried - Private,Mysuru,Karnataka,Employed,1553767.07,129480.59,1,Business Owners,Medium
CUST103692,Simon,De,31,Male,Divorced,Graduate,Salaried - Private,Raipur,Chhattisgarh,Employed,2188210.23,182350.85,13,Young Professionals,High
CUST100567,Naksh,Sane,19,Male,Single,High School,Student,Nagpur,Maharashtra,Not Employed,97875.92,8156.33,1,Students,Medium
CUST101371,Manya,Chad,35,Female,Divorced,Graduate,Salaried - Private,Raipur,Chhattisgarh,Employed,1910084.31,159173.69,14,Young Professionals,Medium
CUST103185,Harini,Modi,42,Female,Divorced,Graduate,Unemployed,Kanpur,Uttar Pradesh,Not Employed,23358.46,1946.54,7,Business Owners,Low
CUST103955,Zaid,Venkataraman,49,Male,Single,Graduate,Salaried - Private,Chennai,Tamil Nadu,Employed,1542880.13,128573.34,10,Business Owners,Medium
CUST101056,Arunima,Padmanabhan,43,Female,Single,High School,Salaried - Private,Patna,Bihar,Employed,908397.9,75699.82,,Business Owners,Medium
CUST100856,Triya,Sule,48,Female,,Graduate,Self Employed,Pune,Maharashtra,Self Employed,594703.61,49558.63,14,Business Owners,Medium
CUST103838,Aadhya,Sane,53,Female,Divorced,High School,Business Owner,Ludhiana,Punjab,Self Employed,8480157.4,706679.78,11,High Net Worth Individuals,
CUST102860,Utkarsh,Malhotra,,Male,Married,Post Graduate,Unemployed,Chandigarh,Punjab,Not Employed,18710.91,1559.24,10,Business Owners,Low
CUST104769,Advika,Dhar,28,Female,Divorced,Post Graduate,Business Owner,Patna,Bihar,Self Employed,7171835.35,,,High Net Worth Individuals,High
CUST100776,Yochana,Loke,18,Female,Single,Graduate,Student,Surat,Gujarat,Not Employed,87075.5,7256.29,1,Students,Medium
CUST100720,Siya,Thakkar,22,Female,Married,,Salaried - Private,Chandigarh,Punjab,Employed,753476.63,62789.72,4,Young Professionals,Medium
CUST102710,Vinaya,Chatterjee,30,Female,Divorced,,,Bhopal,Madhya Pradesh,Employed,728611.8,60717.65,5,Young Professionals,Medium
CUST102654,Meera,Balasubramanian,27,Female,Divorced,Graduate,Salaried - Private,Thiruvananthapuram,Kerala,Employed,2245765.63,,1,Young Professionals,High
CUST104877,Meghana,Loyal,18,Female,Single,High School,Unemployed,Kolkata,West Bengal,Not Employed,8608.08,717.34,1,Young Professionals,Medium
CUST100602,Madhavi,Savant,29,Female,Divorced,Post Graduate,Salaried - Private,,Gujarat,Employed,1163679.68,96973.31,1,,High
CUST103822,Chandani,Mitter,77,Female,Divorced,Graduate,Retired,Chandigarh,Punjab,Retired,601589.78,50132.48,7,Retired Customers,Low
CUST101244,Fitan,Kohli,44,Male,Divorced,Doctorate,Freelancer,Patna,Bihar,Self Employed,885301.92,73775.16,3,Business Owners,High
CUST104845,Ranbir,Kalita,58,Male,Single,Post Graduate,Retired,Udaipur,Rajasthan,Retired,306903.45,25575.29,6,Retired Customers,Low
CUST104841,Dev,Sengupta,22,Male,Widowed,Doctorate,Student,Surat,,Not Employed,97396.44,8116.37,4,Students,Medium
CUST100318,Indrajit,Ravel,39,Male,Single,Diploma,Salaried - Government,Coimbatore,Tamil Nadu,Employed,925780.45,77148.37,9,Business Owners,Medium
CUST100828,Nathan,Borah,29,Male,Married,Post Graduate,Salaried - Private,Thiruvananthapuram,Kerala,Employed,1828185.05,152348.75,2,Young Professionals,High
CUST103263,Isha,Memon,,Female,Divorced,Post Graduate,,Thiruvananthapuram,Kerala,Employed,2079735.45,173311.29,19,Business Owners,Medium
CUST100274,Anusha,Balasubramanian,66,Female,Divorced,Post Graduate,Retired,Guwahati,Assam,,555194.9,46266.24,4,Retired Customers,Low
CUST102664,Matthew,Gill,64,Male,Single,Post Graduate,Retired,Kolkata,West Bengal,Retired,606752.13,50562.68,9,Retired Customers,Low
CUST100549,Nidhi,Shanker,48,Female,Single,,Salaried - Private,Ludhiana,Punjab,Employed,1196724.73,99727.06,20,Business Owners,Medium
CUST103641,Zilmil,Sama,27,Female,Widowed,Graduate,Unemployed,Mysuru,Karnataka,Not Employed,24310.7,2025.89,9,Young Professionals,Medium
CUST104053,Shivani,Gill,40,Female,Widowed,Graduate,Salaried - Private,Ludhiana,Punjab,Employed,838082.62,69840.22,14,Business Owners,
CUST104892,Fariq,Sarkar,25,Male,Widowed,Graduate,Salaried - Private,Kolkata,West Bengal,Employed,909586.57,75798.88,7,Young Professionals,High
CUST102934,Triya,Ganguly,19,,Single,Graduate,Student,Kolkata,West Bengal,Not Employed,59464.55,4955.38,1,Students,Medium
CUST100605,Madhavi,Kale,21,Female,Widowed,Graduate,Salaried - Private,Coimbatore,Tamil Nadu,Employed,1575294.56,131274.55,3,Young Professionals,High
CUST100896,Sai,Tella,20,Male,Single,Graduate,Student,Raipur,Chhattisgarh,Not Employed,46821.38,3901.78,2,Students,Medium
CUST100527,Arya,Nath,53,Female,Widowed,Post Graduate,Salaried - Private,Ranchi,Jharkhand,Employed,1522744.12,126895.34,12,Business Owners,Medium
CUST104607,Nicholas,Luthra,44,Male,Single,Graduate,Salaried - Government,Kanpur,Uttar Pradesh,Employed,1028352.53,85696.04,11,Business Owners,Medium
CUST102347,Ayushman,Parekh,36,Male,Married,Graduate,Salaried - Government,Ranchi,Jharkhand,Employed,1384742.35,115395.2,,Business Owners,
CUST103439,Kritika,Pingle,35,Female,Married,Diploma,Unemployed,,Rajasthan,Not Employed,,5364.68,15,Young Professionals,Low
CUST104998,Chaaya,Munshi,21,Female,Single,Doctorate,Salaried - Private,Bhopal,Madhya Pradesh,Employed,883951.02,73662.59,3,Young Professionals,High
CUST104826,Onveer,Mishra,45,Male,Married,Graduate,Self Employed,,Kerala,Self Employed,2087185.7,173932.14,,Business Owners,High
CUST103922,Indali,Parsa,39,Female,Single,Graduate,Self Employed,Kochi,Kerala,Self Employed,3063870.85,255322.57,16,High Net Worth Individuals,High
CUST100298,Lopa,Yohannan,24,Female,Single,Post Graduate,Salaried - Government,Kochi,Kerala,Employed,1190535.1,99211.26,6,Young Professionals,Medium
CUST102119,Jonathan,Mohanty,18,Male,Single,Diploma,Unemployed,Kolkata,West Bengal,Not Employed,51639.98,4303.33,1,Young Professionals,Medium
CUST102536,Hiral,Ram,38,Female,Married,Graduate,Self Employed,Surat,Gujarat,Self Employed,1108827.42,92402.28,18,Business Owners,High
CUST104203,Amrita,Divan,21,Female,Married,Post Graduate,Student,Mumbai,Maharashtra,Not Employed,122211.17,10184.26,3,Students,Medium
CUST103254,Jack,Desai,46,Male,Married,Post Graduate,Business Owner,Patna,Bihar,Self Employed,,883482.47,5,High Net Worth Individuals,High
CUST103725,Mohammed,Sethi,49,Male,Widowed,Graduate,Salaried - Private,Lucknow,Uttar Pradesh,Employed,1970438.77,,13,Business Owners,
CUST101260,Lekha,Suri,44,Female,Married,Graduate,Business Owner,Lucknow,Uttar Pradesh,Self Employed,4599733.14,383311.09,17,High Net Worth Individuals,High
CUST101558,Devansh,Goel,,Male,Married,,Salaried - Private,Kanpur,Uttar Pradesh,Employed,,118141.15,3,Young Professionals,High
CUST103269,Rehaan,Sengupta,39,Male,Married,Graduate,Salaried - Private,Thiruvananthapuram,Kerala,Employed,966015.2,80501.27,15,Business Owners,Medium
CUST104046,Bhavika,Rastogi,69,Female,Married,Graduate,Retired,Chennai,Tamil Nadu,Retired,739649.08,61637.42,14,Retired Customers,Low
CUST100756,Anya,Pandey,37,Female,Divorced,Post Graduate,Self Employed,Nashik,Maharashtra,Self Employed,535587.29,44632.27,,Business Owners,Medium
CUST101010,Udant,Bhakta,33,Male,Widowed,High School,Business Owner,Dehradun,Uttarakhand,Self Employed,2170994.08,180916.17,15,Business Owners,High
CUST102794,Onveer,Warrior,18,Male,Single,High School,Student,Raipur,Chhattisgarh,Not Employed,61284.39,5107.03,1,Students,Medium
CUST102905,Yash,Ramachandran,67,Male,Married,Post Graduate,Retired,Vadodara,Gujarat,Retired,699981.79,58331.82,19,Retired Customers,Low
CUST101870,Darpan,Ramaswamy,66,Male,Widowed,Graduate,Retired,Guwahati,Assam,Retired,622044.5,51837.04,14,Retired Customers,Low
CUST102229,Oviya,Lad,21,Female,Single,Graduate,Salaried - Government,Udaipur,Rajasthan,Employed,679174.08,56597.84,1,Young Professionals,Medium
CUST101173,Tanvi,Chauhan,57,Female,Widowed,High School,Salaried - Government,Nashik,Maharashtra,Employed,697187.15,58098.93,4,Business Owners,Low
CUST101832,Hamsini,Venkataraman,68,Other,Divorced,Graduate,Retired,Jaipur,Rajasthan,Retired,720819.5,60068.29,6,Retired Customers,Low
CUST100376,Laban,Tella,,Male,Divorced,High School,Retired,Ahmedabad,Gujarat,Retired,341808.28,28484.02,12,Retired Customers,Low
CUST103853,Indira,Gala,31,Female,Widowed,Graduate,Freelancer,Chennai,Tamil Nadu,Self Employed,1056295.96,88024.66,6,Young Professionals,High
CUST103616,Yagnesh,Kuruvilla,42,Male,Divorced,Graduate,Self Employed,Bengaluru,Karnataka,Self Employed,2851091.29,237590.94,19,Business Owners,High
CUST100798,Tristan,Bose,47,Male,Married,Diploma,Freelancer,Delhi,Delhi,Self Employed,1366307.14,,1,,Medium
CUST100378,Chaitaly,Baral,26,Female,Widowed,Post Graduate,Salaried - Private,Bhopal,Madhya Pradesh,Employed,1627495.34,,8,Young Professionals,High
CUST101158,Raghav,Sankaran,33,Male,Married,Graduate,Salaried - Private,,Madhya Pradesh,Employed,842259.5,70188.29,15,Young Professionals,Medium
CUST103819,Aayush,Kant,57,Male,Single,Graduate,Self Employed,Kochi,Kerala,Self Employed,3336086.9,278007.24,6,High Net Worth Individuals,High
CUST102792,Balvan,Zacharia,65,Male,Single,Graduate,Self Employed,Mysuru,Karnataka,Self Employed,3315506.31,276292.19,16,High Net Worth Individuals,Medium
CUST102240,Elijah,Ganesh,18,Male,Single,Graduate,Student,Chandigarh,Punjab,Not Employed,135073.26,11256.11,1,Students,Medium
CUST104035,Christopher,Dayal,42,Male,Married,Post Graduate,Salaried - Private,Thiruvananthapuram,Kerala,Employed,803996.87,66999.74,14,Business Owners,Medium
CUST102662,Ria,Seth,24,Female,Single,Graduate,Salaried - Private,Delhi,Delhi,Employed,,109298.89,6,Young Professionals,High
CUST104012,Unnati,Raval,18,Female,Single,Graduate,Student,Udaipur,Rajasthan,Not Employed,6023.13,501.93,1,,Medium
CUST102957,Vedika,Joshi,24,Female,Widowed,Graduate,Unemployed,Patna,,Not Employed,40453.26,3371.11,6,Young Professionals,Medium
CUST103927,Gagan,Nori,40,Male,Widowed,Graduate,Salaried - Private,Mumbai,Maharashtra,Employed,1806374.49,150531.21,5,Business Owners,Medium
CUST101038,Daksh,Balay,58,Male,Married,Diploma,Retired,Kochi,Kerala,Retired,342022.4,28501.87,8,Retired Customers,
CUST103259,Omisha,Dua,27,Female,Married,Graduate,Salaried - Private,Jaipur,Rajasthan,Employed,1398809.33,116567.44,7,Young Professionals,High
CUST101344,Niharika,Kaur,25,Female,Widowed,Graduate,Salaried - Government,Mysuru,Karnataka,Employed,1291845.5,107653.79,2,Young Professionals,Medium
CUST102505,Sara,Balan,72,Female,Widowed,Graduate,Retired,Patna,Bihar,,1142424.83,95202.07,15,,Low
CUST101721,Warinder,Dave,18,Male,Single,Graduate,Student,Bengaluru,Karnataka,Not Employed,49144.73,4095.39,1,Students,Medium
CUST104663,Krishna,Tata,33,Male,Single,Post Graduate,Salaried - Private,,Gujarat,Employed,1197835.2,99819.6,8,Young Professionals,Medium
CUST100175,Vrinda,Kapadia,34,Female,Widowed,Post Graduate,,Bhopal,Madhya Pradesh,Employed,1573217.7,131101.48,6,Young Professionals,Medium
CUST104893,Jack,Chaudhary,67,Male,Single,Post Graduate,Retired,Bhubaneswar,Odisha,Retired,554283.7,46190.31,10,,Low
CUST101909,Dalaja,Kapur,19,Female,,Graduate,Student,Ludhiana,Punjab,Not Employed,83264.6,6938.72,1,Students,Medium
CUST100045,Januja,Devi,39,Female,Single,Doctorate,Salaried - Private,Hyderabad,Telangana,Employed,515373.38,42947.78,4,Business Owners,Medium
CUST103409,Varsha,Sridhar,,Female,Married,High School,Salaried - Government,Indore,Madhya Pradesh,Employed,731893.36,60991.11,15,Young Professionals,Medium
CUST104674,Reyansh,Pandit,43,Male,Single,Post Graduate,Self Employed,Guwahati,Assam,Self Employed,1043626.7,86968.89,10,Business Owners,High
CUST101075,Ijaya,Kalla,34,Female,Divorced,,Self Employed,Pune,Maharashtra,Self Employed,953659.03,79471.59,8,Business Owners,High
CUST102829,Jackson,Raghavan,23,Male,Married,Graduate,,Dehradun,Uttarakhand,Not Employed,61644.76,5137.06,5,Students,Medium
CUST101504,Harini,Pandya,65,Female,Single,Doctorate,Retired,Raipur,Chhattisgarh,Retired,416550.63,34712.55,10,Retired Customers,Low
CUST102309,Urvashi,Anand,21,Female,Single,High School,Salaried - Private,Mumbai,Maharashtra,Employed,428563.05,35713.59,1,Young Professionals,Medium
CUST101436,Bakhshi,Shroff,39,Male,Married,Graduate,Salaried - Government,Kolkata,West Bengal,Employed,1443418.6,120284.88,,Business Owners,Medium
CUST102418,Lakshit,Vaidya,39,Male,Widowed,Post Graduate,Salaried - Government,Thiruvananthapuram,Kerala,Employed,1713295.92,142774.66,4,,
CUST103986,Daniel,Bora,20,Male,Single,Post Graduate,Unemployed,Mysuru,Karnataka,Not Employed,75545.34,6295.44,2,Young Professionals,Medium
CUST103098,Manbir,Som,38,Male,Single,Graduate,Salaried - Private,Ahmedabad,,Employed,1005624.41,83802.03,17,Business Owners,Medium
CUST104588,Aradhana,Walla,18,Female,Single,Graduate,Unemployed,,Odisha,Not Employed,20111.48,1675.96,1,Young Professionals,Medium
CUST100283,Chatura,Bal,18,Male,Single,Post Graduate,Student,Kanpur,Uttar Pradesh,Not Employed,,5683.05,1,Students,Medium
CUST104918,Shivani,Chaudhuri,62,Female,Divorced,Post Graduate,Retired,Lucknow,Uttar Pradesh,Retired,372624.5,31052.04,12,Retired Customers,Low
CUST100842,Max,Walla,22,Male,Married,Graduate,Student,Dehradun,Uttarakhand,Not Employed,50285.71,4190.48,4,Students,Medium
CUST101513,Ekantika,Saini,,Female,Divorced,High School,Salaried - Private,Kanpur,Uttar Pradesh,Employed,1001505.42,83458.79,3,Young Professionals,High
CUST101168,Tristan,Parsa,47,Male,Married,Graduate,Business Owner,Bhopal,,Self Employed,7821305.75,651775.48,5,High Net Worth Individuals,High
CUST101592,Ishanvi,Gupta,33,Female,Divorced,Post Graduate,Salaried - Private,Lucknow,Uttar Pradesh,Employed,1142819.48,,15,Young Professionals,Medium
CUST103460,Tarak,Dhar,48,Male,,Graduate,Salaried - Private,Coimbatore,Tamil Nadu,Employed,1044247.16,87020.6,11,Business Owners,Medium
CUST103165,Neel,Mutti,25,Male,Single,High School,Salaried - Government,Mysuru,Karnataka,Employed,1328638.34,110719.86,7,Young Professionals,Medium
CUST102284,Aayush,Swamy,56,Male,Single,Diploma,Self Employed,Nagpur,Maharashtra,Self Employed,,235447.38,20,Business Owners,High
CUST103575,Jairaj,Jaggi,66,Male,Divorced,Graduate,Retired,Bhubaneswar,Odisha,Retired,1091698.87,90974.91,8,Retired Customers,Low
CUST104870,Utkarsh,Raj,27,Male,Single,Post Graduate,Self Employed,Udaipur,Rajasthan,,1861417.9,155118.16,9,Young Professionals,High
CUST102305,Faqid,Bawa,53,Male,Married,Graduate,Salaried - Private,Kolkata,West Bengal,Employed,886359.76,73863.31,7,Business Owners,Medium
CUST100952,Vrishti,Chaudhry,43,Female,Single,Graduate,Salaried - Private,Nashik,Maharashtra,Employed,1491881.58,124323.47,8,Business Owners,Medium
CUST104942,Charita,Pall,31,Female,Married,High School,Business Owner,Coimbatore,Tamil Nadu,Self Employed,,1252152.22,1,High Net Worth Individuals,High
CUST103053,Caleb,Buch,21,Male,Divorced,High School,Student,Dehradun,Uttarakhand,Not Employed,46289.64,3857.47,3,Students,Medium
CUST104559,Gopal,Sehgal,27,Male,Married,Doctorate,Homemaker,Jaipur,Rajasthan,Not Employed,39306.72,3275.56,9,Young Professionals,Medium
CUST102685,Oeshi,Iyer,53,Female,Single,Post Graduate,Self Employed,Kanpur,Uttar Pradesh,Self Employed,1424369.87,118697.49,17,Business Owners,Medium
CUST101489,Ekaraj,Dara,28,Male,Single,Graduate,Homemaker,Guwahati,Assam,Not Employed,146880.5,,10,Young Professionals,Medium
CUST100927,Gabriel,Sharaf,54,Male,,Doctorate,Homemaker,Pune,Maharashtra,Not Employed,150295.05,12524.59,2,Business Owners,Low
CUST101209,Madhav,Biswas,37,Male,Divorced,Post Graduate,Self Employed,Coimbatore,Tamil Nadu,Self Employed,1847881.8,153990.15,1,Business Owners,High
CUST103973,Pahal,Sandhu,,Female,Married,Post Graduate,Homemaker,,Gujarat,Not Employed,119620.88,9968.41,5,Business Owners,Low
CUST103545,Chakrika,Saha,79,Female,Divorced,Graduate,Retired,Chandigarh,Punjab,Retired,549391.84,45782.65,16,Retired Customers,Low
CUST104361,Champak,Golla,,Male,Widowed,Graduate,Retired,Bengaluru,Karnataka,Retired,487746.85,40645.57,15,Retired Customers,Low
CUST101921,Idika,Ghose,54,Female,Widowed,Graduate,Salaried - Government,Mumbai,Maharashtra,Employed,1571209.77,130934.15,7,Business Owners,Medium
CUST100351,Turvi,Kara,18,Female,Widowed,Graduate,Salaried - Private,Patna,Bihar,Employed,1681589.32,140132.44,5,Young Professionals,High
CUST104898,Charita,Chander,38,Female,Married,Graduate,Salaried - Private,Ranchi,Jharkhand,Employed,1156025.34,96335.45,14,Business Owners,Medium
CUST103393,Yatan,Sinha,51,Male,,Post Graduate,Salaried - Private,Coimbatore,Tamil Nadu,Employed,1265939.43,105494.95,9,Business Owners,Medium
CUST102721,Wriddhish,Shenoy,23,Male,Divorced,Graduate,Salaried - Private,Kolkata,West Bengal,Employed,685021.43,57085.12,5,Young Professionals,Medium
CUST104981,Arya,Tak,43,Female,Married,Post Graduate,Salaried - Government,Lucknow,Uttar Pradesh,Employed,1280563.28,106713.61,1,Business Owners,
CUST100718,Owen,Bala,30,Male,Widowed,Post Graduate,Salaried - Private,Kanpur,,Employed,1157045.76,96420.48,12,Young Professionals,
CUST102702,Damyanti,Rajagopal,20,Female,Single,Doctorate,Student,Nagpur,,,33950.74,2829.23,2,Students,Medium
CUST102722,Frederick,Mandal,42,Male,Single,Graduate,Homemaker,Surat,Gujarat,Not Employed,62792.16,5232.68,2,Business Owners,Low
CUST104561,Onveer,Mitra,18,Male,Single,Graduate,Unemployed,Delhi,Delhi,Not Employed,87853.75,7321.15,1,Young Professionals,Medium
CUST100308,Jagvi,Pant,46,Female,,Graduate,Homemaker,Nashik,Maharashtra,Not Employed,44825.63,3735.47,5,,Low
CUST101675,Laksh,Pillay,41,Male,Divorced,High School,Business Owner,Kochi,Kerala,Self Employed,2351039.49,195919.96,16,Business Owners,High
CUST100833,Zayan,Bhakta,,,Married,Graduate,Business Owner,Chandigarh,Punjab,Self Employed,2909239.24,242436.6,8,Business Owners,High
CUST100366,Bimala,Kaur,62,Female,Divorced,Post Graduate,Self Employed,Kolkata,West Bengal,Self Employed,2319965.98,193330.5,11,Business Owners,Medium
CUST104506,Advaith,Date,18,Male,Single,Doctorate,Student,Delhi,Delhi,Not Employed,38056.74,3171.39,1,Students,Medium
CUST102078,Vrishti,Subramaniam,34,Female,Widowed,Graduate,Self Employed,Chennai,Tamil Nadu,Self Employed,2295098.08,191258.17,16,Business Owners,High
CUST104038,Ishanvi,De,40,Female,Married,Graduate,Salaried - Private,Guwahati,Assam,Employed,2424445.92,202037.16,11,Business Owners,High
CUST104846,Owen,Kadakia,19,Male,Single,Post Graduate,Student,Bhopal,Madhya Pradesh,Not Employed,22796.16,1899.68,1,Students,Medium
CUST104479,Hardik,Chad,38,Male,Widowed,Graduate,Salaried - Government,Surat,Gujarat,Employed,1228525.43,102377.12,14,Business Owners,Medium
CUST101746,Yash,Chakrabarti,60,Male,Single,Post Graduate,Retired,Patna,Bihar,Retired,402796.97,33566.41,14,Retired Customers,Low
CUST100019,Diya,Radhakrishnan,32,Female,Married,Post Graduate,Salaried - Private,Kochi,Kerala,,1151092.39,95924.37,10,Young Professionals,Medium
CUST101322,Utkarsh,Sura,25,Male,Single,Post Graduate,Business Owner,Guwahati,Assam,Self Employed,9936979.24,828081.6,7,High Net Worth Individuals,High
CUST103567,Girish,Chadha,,Male,Single,Post Graduate,Salaried - Private,Raipur,Chhattisgarh,Employed,,188243.02,5,Business Owners,High
CUST102521,Zinal,Dani,26,Female,Single,Post Graduate,Salaried - Private,Guwahati,Assam,Employed,,105621.23,8,Young Professionals,High
CUST100218,Bina,Shah,50,,Divorced,Post Graduate,Business Owner,Pune,Maharashtra,Self Employed,10440126.9,870010.58,13,High Net Worth Individuals,High
CUST101487,Zaid,Chandra,27,Other,Married,High School,Salaried - Private,Hyderabad,Telangana,Employed,713927.13,59493.93,9,Young Professionals,Medium
CUST100438,Chandresh,Vora,38,Male,Married,,Self Employed,Kochi,Kerala,Self Employed,1554350.02,129529.17,20,,High
CUST104174,Faras,Subramaniam,50,Male,Divorced,Graduate,Self Employed,Nagpur,Maharashtra,Self Employed,1116437.64,93036.47,16,Business Owners,
CUST102750,Harshil,Nadig,62,Male,Widowed,Post Graduate,Retired,Bhopal,Madhya Pradesh,Retired,872198.13,72683.18,9,,Low
CUST103288,Agastya,Om,21,Male,,Post Graduate,Salaried - Private,Ranchi,Jharkhand,Employed,1014081.28,84506.77,3,Young Professionals,High
CUST103433,Janaki,Mandal,45,Female,Married,Post Graduate,Business Owner,Indore,Madhya Pradesh,,7675510.68,639625.89,20,,High
CUST102525,Samesh,Mitter,18,Male,Single,Graduate,Student,,Rajasthan,Not Employed,59700.55,,1,Students,Medium
CUST104650,Rehaan,Chowdhury,48,Male,Widowed,High School,Salaried - Government,Ranchi,Jharkhand,Employed,1256875.19,104739.6,3,,Medium
CUST103688,Vasana,Chaudhari,21,Female,Single,Graduate,Salaried - Government,Delhi,Delhi,Employed,415325.71,34610.48,3,Young Professionals,Medium
CUST102763,Sai,Saran,70,Female,Single,Graduate,Retired,Guwahati,Assam,Retired,416186.9,34682.24,19,Retired Customers,Low
CUST100802,Kritika,Comar,,Female,Divorced,Graduate,Unemployed,Surat,Gujarat,Not Employed,46556.53,3879.71,2,Business Owners,Low
CUST102997,Ishwar,Chadha,29,Male,Married,Post Graduate,Salaried - Private,Guwahati,Assam,Employed,1451721.35,120976.78,11,Young Professionals,High
CUST102228,Chanakya,Sengupta,55,Male,Single,High School,Self Employed,Guwahati,Assam,Self Employed,2810111.41,234175.95,15,Business Owners,High
CUST104785,Urvi,Peri,61,Female,Divorced,Graduate,Retired,Delhi,Delhi,Retired,726456.58,60538.05,7,Retired Customers,Low
CUST102077,Hritik,Sen,33,Male,Single,Graduate,Salaried - Government,Kolkata,West Bengal,Employed,1136812.83,94734.4,6,Young Professionals,Medium
CUST100582,Isaac,Chokshi,26,Male,Married,Diploma,,Udaipur,Rajasthan,Employed,1117516.22,93126.35,6,Young Professionals,Medium
CUST100203,Gagan,Mitra,48,Male,Widowed,Graduate,Salaried - Private,Surat,Gujarat,Employed,1231144.14,102595.34,14,Business Owners,Medium
CUST104346,Omkaar,Saraf,53,Male,Widowed,Post Graduate,Self Employed,Delhi,Delhi,Self Employed,2323373.41,193614.45,,Business Owners,High
CUST103478,Timothy,Parikh,36,Male,Married,Diploma,Salaried - Government,Lucknow,Uttar Pradesh,Employed,582823.67,48568.64,18,Business Owners,Medium
CUST102929,Ekantika,Nagy,58,Female,Divorced,Graduate,Business Owner,Guwahati,Assam,Self Employed,4550798.84,379233.24,20,High Net Worth Individuals,High
CUST103085,Urvi,Lad,28,Female,Widowed,Graduate,Salaried - Private,Udaipur,Rajasthan,Employed,999958.96,,9,Young Professionals,High
CUST101018,Siddharth,Padmanabhan,42,Male,Single,High School,Salaried - Private,Chandigarh,Punjab,Employed,2331839.24,194319.94,4,Business Owners,High
CUST101583,Charles,Borah,47,Male,Married,Graduate,,Hyderabad,Telangana,Self Employed,4776865.22,,10,High Net Worth Individuals,High
CUST101032,Neha,Sheth,37,Female,Divorced,Graduate,Salaried - Government,Kolkata,West Bengal,Employed,1274056.07,106171.34,16,Business Owners,Medium
CUST101718,Yashica,Mital,46,Other,Single,Post Graduate,Salaried - Government,Coimbatore,Tamil Nadu,Employed,998094.5,83174.54,5,Business Owners,Medium
CUST101281,Ekanta,Hayer,18,Female,Single,Graduate,Student,Coimbatore,Tamil Nadu,Not Employed,96059.6,8004.97,1,Students,Medium
CUST102498,Ojas,Suri,19,Male,,High School,Student,Delhi,Delhi,Not Employed,112099.77,9341.65,1,Students,Medium
CUST103350,Laban,Deshpande,21,Male,Divorced,Graduate,Salaried - Government,Ranchi,Jharkhand,Employed,504360.83,42030.07,3,Young Professionals,Medium
CUST100517,Logan,Bali,48,Male,Married,Diploma,Salaried - Private,Mysuru,Karnataka,Employed,,144689.78,13,Business Owners,Medium
CUST101747,Eiravati,Saraf,18,Female,Single,Graduate,Student,Bengaluru,Karnataka,Not Employed,51866.53,4322.21,1,Students,Medium
CUST104652,Dayamai,Kapur,33,Female,Single,Post Graduate,Salaried - Private,Bhubaneswar,Odisha,Employed,1678439.38,139869.95,2,Young Professionals,Medium
CUST103732,Samarth,Ram,59,Male,Divorced,Graduate,Retired,Nashik,Maharashtra,Retired,437655.16,36471.26,17,Retired Customers,Low
CUST100668,Jatin,Sarma,30,Male,Divorced,Doctorate,Self Employed,Jaipur,Rajasthan,Self Employed,2309151.03,192429.25,12,Young Professionals,High
CUST104059,Kashvi,Dugar,28,Female,Married,Post Graduate,Self Employed,Indore,Madhya Pradesh,Self Employed,914565.04,76213.75,10,Young Professionals,High
CUST103026,Zilmil,Bali,32,Female,Single,Graduate,Salaried - Private,Ludhiana,Punjab,Employed,959224.42,79935.37,7,Young Professionals,Medium
CUST104932,Inaya,Balan,40,Female,Widowed,Graduate,Salaried - Government,Jaipur,Rajasthan,Employed,1127570.78,93964.23,7,Business Owners,Medium
CUST103286,Arin,Dave,45,Male,Married,Graduate,Salaried - Government,Nashik,Maharashtra,Employed,1156793.28,96399.44,10,Business Owners,Medium
CUST102650,Nisha,Wason,64,Female,Divorced,Graduate,Retired,Kolkata,West Bengal,Retired,659426.35,54952.2,10,Retired Customers,Low
CUST104453,Zarna,Basak,62,Female,Divorced,,Retired,Thiruvananthapuram,Kerala,,853972.59,71164.38,8,Retired Customers,Low
CUST103192,Dayita,Brahmbhatt,18,Female,Single,Graduate,Unemployed,Vadodara,Gujarat,Not Employed,32274.65,2689.55,1,Young Professionals,Medium
CUST102124,Hredhaan,Trivedi,39,Male,Widowed,Graduate,Salaried - Private,Delhi,Delhi,Employed,1108526.18,92377.18,,Business Owners,Medium
CUST103375,Vyanjana,Koshy,23,Female,Married,Graduate,Salaried - Government,Vadodara,Gujarat,Employed,790397.92,65866.49,5,Young Professionals,
CUST103392,Mahika,Buch,28,Female,Widowed,Post Graduate,Salaried - Private,Delhi,Delhi,Employed,719586.57,59965.55,2,Young Professionals,Medium
CUST103485,Yashoda,Mahajan,39,Female,Widowed,Graduate,Salaried - Private,Dehradun,Uttarakhand,Employed,1012066.68,84338.89,1,Business Owners,Medium
CUST100759,Gavin,Deshmukh,73,Male,Widowed,High School,Retired,Ahmedabad,Gujarat,Retired,442706.56,36892.21,,Retired Customers,Low
CUST103379,Aishani,Banerjee,58,Female,Widowed,Graduate,Self Employed,Chennai,,Self Employed,994447.29,,9,Business Owners,Medium
CUST104440,Samar,Munshi,43,Male,Single,Post Graduate,Business Owner,Coimbatore,Tamil Nadu,Self Employed,3121283.65,,19,High Net Worth Individuals,High
CUST102526,Vaishnavi,Mahal,75,Female,Single,Doctorate,Retired,Bhopal,Madhya Pradesh,Retired,583955.7,48662.97,10,Retired Customers,Low
CUST104858,Ridhi,Goel,47,Female,Single,Graduate,Salaried - Government,,Uttar Pradesh,Employed,1338485.23,111540.44,8,Business Owners,Medium
CUST100907,Wishi,Mistry,30,Female,Married,Post Graduate,Salaried - Government,Nashik,Maharashtra,Employed,1452510.59,121042.55,12,Young Professionals,Medium
CUST102683,Nimrat,Bajaj,43,Female,Married,Graduate,Salaried - Private,Bhopal,Madhya Pradesh,Employed,593750.37,49479.2,14,Business Owners,Medium
CUST100214,Mohammed,Kar,22,Male,Single,Graduate,Salaried - Government,Chandigarh,Punjab,Employed,1150993.13,95916.09,4,Young Professionals,Medium
CUST103331,Krish,Walia,35,Male,Married,Graduate,Salaried - Government,Pune,Maharashtra,Employed,625734.73,52144.56,11,Young Professionals,Medium
CUST104458,Qushi,Behl,32,Female,Widowed,Post Graduate,Salaried - Private,Jaipur,Rajasthan,Employed,1211212.38,100934.36,14,Young Professionals,Medium
CUST100693,Anirudh,Nayar,41,Male,Widowed,Post Graduate,Salaried - Private,Thiruvananthapuram,Kerala,Employed,393741.19,32811.77,17,Business Owners,
CUST101503,Rayaan,Sandhu,23,Male,Single,Graduate,Salaried - Government,Pune,Maharashtra,Employed,1265542.86,105461.91,,Young Professionals,Medium
CUST102414,Ekansh,Mittal,36,Male,Widowed,High School,Salaried - Private,Dehradun,Uttarakhand,Employed,1698921.57,141576.8,10,Business Owners,Medium
CUST102118,Reva,Sule,45,Female,Widowed,Graduate,Salaried - Private,Mysuru,Karnataka,Employed,1538588.91,128215.74,20,Business Owners,Medium
CUST103858,Oviya,Krishna,19,Female,Single,High School,Student,Nagpur,Maharashtra,Not Employed,73682.83,6140.24,1,Students,Medium
CUST102462,Girish,Nagi,30,Male,Widowed,Graduate,Freelancer,Mysuru,,Self Employed,344872.85,28739.4,12,Young Professionals,Medium
CUST103635,Vritti,Om,18,Female,Single,Post Graduate,Unemployed,Hyderabad,Telangana,Not Employed,,7100.07,1,Young Professionals,Medium
CUST104105,Chasmum,Ganesh,22,Female,Married,Graduate,Student,Vadodara,Gujarat,Not Employed,68795.92,5732.99,3,Students,Medium
CUST104478,Tanveer,Swamy,41,Male,Married,Doctorate,Self Employed,Ranchi,Jharkhand,Self Employed,2886312.36,240526.03,1,Business Owners,High
CUST100196,Noah,Murthy,66,Male,Widowed,High School,Retired,Hyderabad,Telangana,Retired,401785.99,33482.17,3,Retired Customers,Low
CUST104667,Nathaniel,Divan,43,Male,Divorced,Graduate,Salaried - Government,Bengaluru,Karnataka,Employed,1571899.69,130991.64,3,Business Owners,Medium
CUST101543,Dhruv,Oak,33,Male,Widowed,Post Graduate,,Udaipur,Rajasthan,,1302054.22,108504.52,2,Young Professionals,Medium
CUST101330,Pahal,De,20,Female,Single,Post Graduate,Student,Ahmedabad,Gujarat,Not Employed,116835.59,9736.3,2,Students,Medium
CUST100879,Arjun,Bedi,70,Male,Divorced,,Retired,,Punjab,Retired,926071.76,77172.65,8,Retired Customers,Low
CUST104502,Eesha,Nair,34,Female,Divorced,Post Graduate,Freelancer,Bhubaneswar,Odisha,Self Employed,1071008.45,89250.7,9,Young Professionals,High
CUST103501,Arunima,Mandal,67,Female,Single,Post Graduate,Retired,Nashik,Maharashtra,Retired,464563.3,38713.61,13,Retired Customers,Low
CUST103894,Eta,Din,45,Female,Married,Graduate,Salaried - Private,Bhubaneswar,Odisha,Employed,2004536.04,167044.67,11,Business Owners,Medium
CUST104990,Meghana,Deep,41,Female,Married,Post Graduate,Freelancer,Raipur,Chhattisgarh,Self Employed,338039.76,28169.98,15,Business Owners,Medium
CUST100887,Ati,Hayer,23,Female,Divorced,High School,Salaried - Private,Bengaluru,Karnataka,Employed,1818992.56,151582.71,,Young Professionals,High
CUST101345,Upadhriti,Chand,,Female,Widowed,Graduate,Unemployed,Hyderabad,Telangana,Not Employed,79380.25,,11,Young Professionals,Medium
CUST100068,Barkha,Khosla,,Female,Divorced,Graduate,Salaried - Private,Udaipur,Rajasthan,Employed,688452.12,57371.01,15,Business Owners,Medium
CUST104210,Yochana,Gulati,61,Female,Divorced,High School,Self Employed,Coimbatore,Tamil Nadu,Self Employed,1608218.97,134018.25,13,Business Owners,Medium
CUST101815,Deepa,Rattan,20,Female,Single,Diploma,Student,Jaipur,Rajasthan,Not Employed,136298.82,,2,Students,Medium
CUST100568,Nirja,Kumer,21,Female,Married,Post Graduate,Freelancer,Kochi,Kerala,Self Employed,864858.73,72071.56,3,Young Professionals,High
CUST102167,Bahadurjit,Raja,71,Male,Divorced,Graduate,,,Uttarakhand,Retired,1108578.35,92381.53,11,Retired Customers,Low
CUST100096,Chavvi,Bhat,73,Female,Widowed,Graduate,Retired,Chennai,Tamil Nadu,Retired,1097427.83,91452.32,2,Retired Customers,Low
CUST104181,Vasana,Mander,79,Female,Widowed,Post Graduate,Retired,Raipur,Chhattisgarh,Retired,1073812.21,89484.35,8,Retired Customers,Low
CUST103353,Ansh,Sunder,31,Male,Divorced,Graduate,Salaried - Government,Ahmedabad,Gujarat,Employed,1156947.28,96412.27,13,Young Professionals,Medium
CUST100139,Owen,Biswas,78,Male,Married,Graduate,Retired,Chennai,Tamil Nadu,Retired,518996.83,43249.74,4,Retired Customers,Low
CUST104954,Rehaan,Sanghvi,34,Male,Divorced,,Salaried - Government,Indore,Madhya Pradesh,Employed,1106353.01,92196.08,3,Young Professionals,Medium
CUST102602,Amol,Misra,21,Male,Married,Post Graduate,Salaried - Private,Nagpur,Maharashtra,Employed,2211967.98,184330.67,3,Young Professionals,High
CUST104023,Frederick,Chawla,38,,Married,Graduate,Salaried - Private,Pune,Maharashtra,Employed,2109321.86,175776.82,1,Business Owners,High
CUST104772,Vasana,Murthy,40,Female,Single,Doctorate,Unemployed,Hyderabad,,,20383.26,1698.6,9,Business Owners,Low
CUST101606,Devika,Morar,,Female,,Graduate,Salaried - Government,Chandigarh,Punjab,Employed,1125060.75,93755.06,9,Young Professionals,Medium
CUST101629,Jagvi,Hans,35,Female,Single,Graduate,Unemployed,Dehradun,Uttarakhand,Not Employed,37867.93,3155.66,7,Young Professionals,Low
CUST101539,Jackson,Kanda,51,Male,Widowed,High School,Salaried - Private,Kanpur,Uttar Pradesh,Employed,1051212.59,87601.05,19,Business Owners,Medium
CUST101694,Niharika,Maharaj,42,Female,,Graduate,Freelancer,,Rajasthan,Self Employed,1309794.37,,8,Business Owners,High
CUST102059,Brinda,Varkey,22,,Single,Graduate,,Guwahati,Assam,Employed,1466562.6,122213.55,4,,High
CUST100463,Triya,Kumar,31,Other,Married,Graduate,Salaried - Private,Chandigarh,Punjab,Employed,2336835.86,194736.32,3,Young Professionals,High
CUST102330,Ojasvi,Dutt,,Female,Single,Graduate,Salaried - Private,Bhubaneswar,Odisha,Employed,1081167.79,90097.32,16,Business Owners,Medium
CUST103043,Siddharth,Malhotra,,Male,,Graduate,Student,Thiruvananthapuram,Kerala,Not Employed,129269.27,10772.44,2,Students,Medium
CUST104734,Kashvi,Manda,44,Female,Married,Graduate,Business Owner,Patna,Bihar,Self Employed,17492910.38,1457742.53,4,High Net Worth Individuals,High
CUST100594,Zilmil,Kale,30,Female,Married,Post Graduate,Salaried - Private,Dehradun,Uttarakhand,Employed,862230.08,71852.51,12,Young Professionals,Medium
CUST103814,Raghav,Parmar,52,Male,Single,Graduate,Salaried - Private,Bhopal,Madhya Pradesh,Employed,2156809.46,179734.12,6,,Medium
CUST100625,Brinda,Munshi,43,Female,Single,Post Graduate,,Kochi,Kerala,Employed,1575810.39,131317.53,17,Business Owners,Medium
CUST100450,Chandran,Chaudhry,54,Male,Single,Post Graduate,Self Employed,Surat,Gujarat,Self Employed,2122233.73,176852.81,6,Business Owners,High
CUST101499,Anvi,Shenoy,18,Female,Single,Doctorate,Student,Nagpur,Maharashtra,Not Employed,118227.92,9852.33,1,Students,Medium
CUST102456,Krishna,Kibe,73,Female,Divorced,Graduate,Retired,Vadodara,Gujarat,Retired,579069.47,48255.79,14,Retired Customers,Low
CUST104722,Jagvi,Rattan,45,Female,Divorced,,Salaried - Private,Mumbai,Maharashtra,Employed,1555157.66,129596.47,7,Business Owners,Medium
CUST102984,Vasana,Gokhale,41,Female,Widowed,High School,Business Owner,Delhi,Delhi,Self Employed,5380656.6,448388.05,14,High Net Worth Individuals,High
CUST101569,Jagrati,Krish,58,Female,Divorced,Diploma,Retired,Udaipur,Rajasthan,Retired,945157.63,78763.14,10,Retired Customers,Medium
CUST101034,Ranveer,Karpe,21,Male,Widowed,Graduate,Salaried - Private,Guwahati,Assam,Employed,,65193.29,3,Young Professionals,Medium
CUST103518,Vyanjana,Loyal,19,Female,Single,Graduate,Unemployed,Thiruvananthapuram,Kerala,Not Employed,55277.07,4606.42,1,Young Professionals,Medium
CUST101557,Nikita,Menon,30,Female,Widowed,Graduate,Salaried - Private,Delhi,Delhi,Employed,1986056.36,165504.7,7,Young Professionals,Medium
CUST103624,Yashica,Cheema,49,Female,Widowed,Post Graduate,Salaried - Private,Udaipur,Rajasthan,Employed,1037503,86458.58,6,Business Owners,Medium
CUST104664,Qarin,Lanka,53,Male,Married,Post Graduate,Business Owner,Ludhiana,Punjab,Self Employed,3655411.38,304617.61,2,High Net Worth Individuals,High
CUST100150,Kevin,Tiwari,66,Male,Single,Post Graduate,Self Employed,Coimbatore,Tamil Nadu,Self Employed,630807.08,52567.26,7,Business Owners,Medium
CUST101420,Lakshmi,Chauhan,21,Female,Single,Post Graduate,Salaried - Private,Kochi,Kerala,Employed,869779.5,72481.62,3,Young Professionals,High
CUST102011,Manya,Parsa,40,Female,Divorced,Post Graduate,Self Employed,Raipur,Chhattisgarh,Self Employed,1846120.28,153843.36,1,Business Owners,High
CUST102686,Inaya,Mangat,55,Female,Widowed,Graduate,Salaried - Government,Bengaluru,Karnataka,Employed,1430836.85,119236.4,12,Business Owners,Medium
CUST101786,Damini,Vaidya,21,Female,Divorced,Post Graduate,Salaried - Private,Indore,Madhya Pradesh,Employed,1200610.95,100050.91,3,Young Professionals,High
CUST100088,Xavier,Kala,42,Male,,,Homemaker,,Tamil Nadu,Not Employed,27165.52,2263.79,18,Business Owners,Low
CUST100457,Jason,Wali,47,Male,Divorced,Post Graduate,Salaried - Private,Pune,Maharashtra,Employed,1785906.94,148825.58,15,Business Owners,Medium
CUST101305,Ayushman,Panchal,22,Male,Single,Post Graduate,Homemaker,,Punjab,Not Employed,147581.52,12298.46,4,Young Professionals,Medium
CUST102925,Januja,Bhatnagar,32,Female,Married,Post Graduate,Salaried - Government,Mumbai,Maharashtra,Employed,887314.37,73942.86,6,Young Professionals,Medium
CUST103270,Nakul,Puri,40,,Married,Graduate,Freelancer,Chandigarh,Punjab,Self Employed,665468.37,55455.7,8,Business Owners,Medium
CUST103227,Omisha,Tak,47,Female,Widowed,Graduate,Business Owner,Ludhiana,Punjab,Self Employed,8099072.2,674922.68,19,,High
CUST101988,Chaman,Mody,51,Female,Divorced,Post Graduate,Business Owner,Dehradun,Uttarakhand,Self Employed,6794675.97,566223,3,High Net Worth Individuals,High
CUST103754,Lavanya,Chand,32,Female,Divorced,Graduate,Freelancer,Guwahati,Assam,Self Employed,600160.76,50013.4,2,Young Professionals,Medium
CUST103646,Amruta,Savant,30,,Widowed,Graduate,Freelancer,,Rajasthan,,772458.36,64371.53,3,Young Professionals,Medium
CUST100831,Eesha,Gopal,55,Female,Divorced,Post Graduate,Self Employed,Kochi,Kerala,Self Employed,1200166.35,100013.86,4,Business Owners,Medium
CUST100239,Oliver,Nagarajan,60,Male,Single,Post Graduate,Self Employed,Ranchi,Jharkhand,Self Employed,1339658.93,111638.24,19,Business Owners,Medium
CUST104681,Yatin,Walia,32,Male,Widowed,High School,Salaried - Private,Mumbai,Maharashtra,Employed,2245865.63,187155.47,13,Young Professionals,High
CUST103022,Tanmayi,Goyal,34,Female,Widowed,Doctorate,Self Employed,Nashik,Maharashtra,Self Employed,1868274.1,155689.51,15,Business Owners,High
CUST103148,Manya,Tailor,26,Female,Single,Graduate,Salaried - Government,Hyderabad,Telangana,Employed,671795.88,55982.99,8,Young Professionals,Medium
CUST101946,Anusha,Nagi,27,Female,Divorced,,Salaried - Private,Bengaluru,Karnataka,Employed,1505677.05,125473.09,3,Young Professionals,High
CUST102775,Vasatika,Sandal,26,Female,Widowed,Graduate,Unemployed,Hyderabad,Telangana,Not Employed,25100.8,2091.73,8,Young Professionals,Medium
CUST100192,Lakshmi,Basu,65,Female,Married,Diploma,Retired,Kanpur,Uttar Pradesh,Retired,,33076.9,16,,Low
CUST104849,Abhiram,Mittal,33,Male,Married,Graduate,Salaried - Government,Bhubaneswar,Odisha,Employed,1180799.9,98399.99,5,Young Professionals,Medium
CUST104939,Benjamin,Date,65,Male,Widowed,Graduate,Retired,Ranchi,Jharkhand,Retired,429834.57,35819.55,5,Retired Customers,Low
CUST100944,Hredhaan,Jaggi,31,Male,Married,Diploma,Salaried - Government,Patna,Bihar,Employed,1352962.82,,8,Young Professionals,Medium
CUST101268,Jagdish,Mody,30,Male,Widowed,Graduate,Salaried - Private,Ranchi,Jharkhand,Employed,927929.78,,12,Young Professionals,Medium
CUST104231,Harish,Bhargava,51,Male,Married,Graduate,Salaried - Private,Ludhiana,Punjab,Employed,2643217.88,220268.16,4,Business Owners,Medium
CUST102307,Charan,Manda,43,Male,Widowed,High School,Self Employed,Dehradun,Uttarakhand,Self Employed,587023.13,48918.59,5,Business Owners,Medium
CUST104424,Nathan,Ramachandran,36,Male,Single,,Salaried - Private,Guwahati,Assam,Employed,789187,65765.58,18,Business Owners,Medium
CUST104711,Mekhala,Choudhry,35,Female,Divorced,Graduate,Salaried - Government,Guwahati,Assam,Employed,1238267.43,103188.95,17,Young Professionals,Medium
CUST102313,Pavani,Salvi,38,Female,Widowed,Post Graduate,Business Owner,Vadodara,Gujarat,Self Employed,2238496.61,186541.38,20,Business Owners,High
CUST103214,Hredhaan,Thaman,72,Male,Single,Graduate,Retired,Surat,Gujarat,Retired,287686.85,23973.9,19,Retired Customers,Low
CUST102732,Bachittar,Oak,67,Male,Widowed,Graduate,Retired,Kochi,Kerala,Retired,559634.46,,16,Retired Customers,Low
CUST101926,Lakshmi,Ahluwalia,37,Female,Widowed,Post Graduate,Salaried - Government,Hyderabad,Telangana,Employed,664134.07,55344.51,3,Business Owners,Medium
CUST104227,Ira,Sur,21,Female,Divorced,Post Graduate,Student,Chennai,Tamil Nadu,,66090.29,5507.52,3,Students,Medium
CUST104676,Unnati,Srivastava,44,Female,Divorced,Graduate,Salaried - Government,Delhi,Delhi,Employed,1713118.34,142759.86,19,Business Owners,Medium
CUST100800,Qadim,Rao,30,Male,Widowed,Post Graduate,Business Owner,Ludhiana,Punjab,Self Employed,3429249.29,,12,High Net Worth Individuals,High
CUST103671,Alka,Bala,43,Female,Single,Graduate,Self Employed,Kanpur,Uttar Pradesh,Self Employed,1768754.67,147396.22,9,Business Owners,High
CUST104193,Tara,Barad,43,Female,Widowed,Post Graduate,Salaried - Private,Bhubaneswar,Odisha,Employed,1110715.3,92559.61,15,Business Owners,Medium
CUST102968,Atharv,Yogi,31,Male,Divorced,Post Graduate,Salaried - Private,Ranchi,Jharkhand,Employed,1338353.99,111529.5,3,Young Professionals,Medium
CUST104793,Maanav,Prashad,38,Male,Married,Post Graduate,Salaried - Private,Nagpur,Maharashtra,Employed,1653934.42,137827.87,15,Business Owners,Medium
CUST104368,Yash,Bhatt,73,Male,Divorced,Post Graduate,Retired,Ranchi,Jharkhand,Retired,336773.89,28064.49,13,Retired Customers,Low
CUST102776,Hemangini,Sha,32,Female,Single,Doctorate,Salaried - Government,Guwahati,Assam,Employed,891063.67,74255.31,14,Young Professionals,Medium
CUST102970,Amrita,Sundaram,25,Female,Single,Post Graduate,Business Owner,Chennai,Tamil Nadu,Self Employed,7430979.6,619248.3,1,High Net Worth Individuals,High
CUST103867,Anay,Purohit,34,Male,Divorced,Graduate,Salaried - Private,Indore,,Employed,2328269.23,194022.44,3,Young Professionals,High
CUST101743,Aahana,Seth,30,Female,Single,Graduate,Self Employed,Raipur,Chhattisgarh,Self Employed,1755202,146266.83,12,,High
CUST103948,Avi,Mammen,26,Male,Single,High School,Salaried - Private,Mysuru,Karnataka,Employed,754672.62,62889.39,8,Young Professionals,Medium
CUST103802,Madhavi,Korpal,30,Female,Single,Graduate,Salaried - Private,Vadodara,Gujarat,Employed,769018.77,64084.9,5,Young Professionals,Medium
CUST102024,Kalpit,Zacharia,33,Male,Widowed,Doctorate,Business Owner,Guwahati,Assam,Self Employed,7597525.04,633127.09,3,High Net Worth Individuals,High
CUST102274,Nilima,Palan,50,Female,Widowed,Post Graduate,Homemaker,Mysuru,Karnataka,Not Employed,168925.32,14077.11,13,Business Owners,Low
CUST100099,Inaya,Gupta,29,Female,Widowed,Graduate,Freelancer,Ahmedabad,Gujarat,Self Employed,1546774.54,128897.88,11,Young Professionals,
CUST104921,Widisha,Bose,48,Female,Divorced,Post Graduate,Self Employed,Nagpur,Maharashtra,Self Employed,1919601.61,159966.8,12,Business Owners,Medium
CUST103407,Yauvani,De,27,Female,Widowed,Graduate,Salaried - Private,Kochi,Kerala,Employed,596394.79,49699.57,9,Young Professionals,Medium
CUST104245,Hitesh,Vig,18,Male,Single,Graduate,Student,Mysuru,Karnataka,Not Employed,28185.39,2348.78,1,Students,Medium
CUST104619,Hema,Ramesh,69,Female,Married,High School,Self Employed,Indore,,Self Employed,3191033.7,265919.48,6,High Net Worth Individuals,Medium
CUST104916,Brinda,Talwar,19,Female,Single,Post Graduate,Student,Delhi,,Not Employed,62101.87,5175.16,1,Students,Medium
CUST100191,Sanya,Gupta,48,Female,Widowed,Post Graduate,Business Owner,Chandigarh,Punjab,Self Employed,12035863.58,1002988.63,18,High Net Worth Individuals,High
CUST104696,Dhriti,Dhar,39,Female,Widowed,Graduate,Freelancer,Surat,Gujarat,Self Employed,968140.09,80678.34,1,Business Owners,High
CUST101784,Yoshita,Madan,35,Female,Married,Post Graduate,Self Employed,Patna,Bihar,Self Employed,635729.75,52977.48,17,Business Owners,Medium
CUST101532,Jagat,Nadkarni,32,Male,Widowed,High School,Business Owner,Raipur,Chhattisgarh,Self Employed,9111800.85,759316.74,14,High Net Worth Individuals,High
CUST102834,Sai,Mutti,38,Female,Widowed,Graduate,Salaried - Government,Ludhiana,Punjab,Employed,1693126.61,,5,Business Owners,Medium
CUST104444,Ayush,Chad,23,Male,Married,Graduate,Salaried - Government,Raipur,Chhattisgarh,Employed,888230.46,74019.21,2,Young Professionals,Medium
CUST104915,Hemangini,Chander,22,Female,Single,Post Graduate,Student,Mysuru,Karnataka,Not Employed,59465.04,4955.42,4,Students,Medium
CUST101598,Ganga,Bhagat,49,Female,Married,Graduate,Homemaker,Kanpur,Uttar Pradesh,Not Employed,88196.54,7349.71,3,Business Owners,Low
CUST101779,Ranveer,Dasgupta,,,Married,Post Graduate,Freelancer,Pune,Maharashtra,Self Employed,1202905.44,100242.12,20,Business Owners,Medium
CUST104900,Aashi,Dua,21,Female,Single,Doctorate,Salaried - Private,Bengaluru,Karnataka,Employed,797316.34,66443.03,3,Young Professionals,Medium
CUST102574,Neel,Gade,33,Male,,Graduate,Salaried - Government,Jaipur,Rajasthan,Employed,1127696.64,93974.72,12,Young Professionals,Medium
CUST103398,Qushi,Salvi,28,Female,Single,Diploma,Freelancer,Bhubaneswar,Odisha,Self Employed,377263.89,31438.66,10,Young Professionals,High
CUST103975,Upma,Rege,34,Female,Divorced,Post Graduate,Salaried - Private,Bhopal,Madhya Pradesh,Employed,2307401.28,192283.44,15,Young Professionals,High
CUST103770,Kashish,Tailor,65,Female,Single,High School,Retired,Bhubaneswar,Odisha,Retired,358441.68,29870.14,9,Retired Customers,Low
CUST100166,Dalaja,Pandya,43,Female,Divorced,Graduate,Salaried - Government,Bhopal,Madhya Pradesh,Employed,572596.31,47716.36,14,Business Owners,Medium
CUST101751,Anjali,Walla,51,Female,Single,High School,,Patna,Bihar,Employed,1916964.11,159747.01,17,Business Owners,Medium
CUST101479,Anmol,Kale,43,Male,,Post Graduate,Business Owner,Chandigarh,Punjab,Self Employed,9359414.41,779951.2,20,High Net Worth Individuals,High
CUST101024,Ridhi,Raja,29,Female,Married,Graduate,Salaried - Private,Coimbatore,Tamil Nadu,Employed,1085695.28,90474.61,11,Young Professionals,High
CUST101788,Deepa,Cherian,42,Female,Divorced,High School,Freelancer,Dehradun,Uttarakhand,Self Employed,699334.2,58277.85,8,Business Owners,Medium
CUST102264,Vaishnavi,Date,33,,Widowed,Post Graduate,Salaried - Government,Jaipur,Rajasthan,Employed,1634853.86,136237.82,15,Young Professionals,Medium
CUST102473,Pavani,Choudhry,41,Female,Single,High School,Business Owner,,Kerala,Self Employed,7879600.09,656633.34,2,High Net Worth Individuals,High
CUST101822,Turvi,Subramanian,20,Female,Single,Graduate,,Mysuru,Karnataka,Not Employed,47644.44,3970.37,2,Students,Medium
CUST101220,Jeet,Pant,70,Male,Married,Post Graduate,Retired,Kochi,Kerala,Retired,386839.08,32236.59,8,Retired Customers,Low
CUST101666,Fariq,Bhatti,43,Male,,Post Graduate,Salaried - Government,Bengaluru,Karnataka,Employed,785623.78,65468.65,4,Business Owners,Medium
CUST102960,Falguni,Som,37,Female,Single,Post Graduate,Salaried - Private,Mysuru,Karnataka,Employed,1280930.82,106744.24,19,Business Owners,
CUST100152,Ati,Chanda,51,Female,Single,Post Graduate,Salaried - Private,Raipur,Chhattisgarh,Employed,1370429.42,114202.45,9,Business Owners,Medium
CUST102534,Ekalinga,Thakkar,25,Male,Single,Graduate,Business Owner,Thiruvananthapuram,Kerala,Self Employed,6742007.11,561833.93,7,High Net Worth Individuals,High
CUST104688,Vritti,Deol,40,Female,Married,Graduate,Freelancer,Indore,Madhya Pradesh,Self Employed,747717.94,62309.83,7,Business Owners,
CUST101978,Sai,Rana,35,Female,Widowed,Graduate,Salaried - Private,Ludhiana,Punjab,Employed,1558444.05,129870.34,16,Young Professionals,Medium
CUST101469,Ekansh,Chopra,37,Male,Divorced,Graduate,Salaried - Private,Chandigarh,Punjab,Employed,969282.8,80773.57,14,Business Owners,Medium
CUST102807,Zayyan,Bose,18,Male,Single,Post Graduate,Student,Chennai,Tamil Nadu,Not Employed,56298.03,4691.5,1,Students,Medium
CUST102512,Faraj,Sandhu,34,Male,Single,High School,Salaried - Private,Guwahati,Assam,Employed,1930676.58,160889.71,14,Young Professionals,Medium
CUST102943,Meghana,Saha,21,Female,Widowed,Post Graduate,Student,Kanpur,Uttar Pradesh,Not Employed,44727.18,3727.26,,Students,Medium
CUST102980,Januja,Borah,70,Female,Married,Graduate,Retired,Patna,Bihar,Retired,934599.88,77883.32,7,Retired Customers,Low
CUST104822,Varsha,Saini,61,Female,Divorced,Graduate,Retired,Surat,Gujarat,Retired,316406.13,26367.18,3,Retired Customers,Low
CUST103017,Chandani,Babu,36,Female,Married,High School,Salaried - Private,Indore,Madhya Pradesh,Employed,1075897.97,89658.16,16,Business Owners,Medium
CUST101566,Geetika,Chakrabarti,43,Female,Divorced,Post Graduate,Self Employed,Udaipur,Rajasthan,Self Employed,2075863.37,172988.61,17,Business Owners,High
CUST100031,Jason,Gade,54,Male,Divorced,Graduate,Salaried - Private,Udaipur,Rajasthan,Employed,694421.48,57868.46,3,Business Owners,Medium
CUST100937,Mitali,Dara,,Female,Single,Graduate,Salaried - Private,Ahmedabad,Gujarat,Employed,1638637.18,136553.1,10,Young Professionals,High
CUST101215,Vanya,Srinivas,30,Female,Married,High School,Unemployed,Pune,Maharashtra,Not Employed,22877.3,1906.44,12,Young Professionals,Low
CUST101937,Tamanna,Chanda,,Female,Single,Graduate,Salaried - Private,Bhopal,Madhya Pradesh,Employed,1229133.16,102427.76,8,Young Professionals,High
CUST101129,Mason,Buch,42,Male,Widowed,Diploma,Self Employed,Coimbatore,Tamil Nadu,Self Employed,853003.59,71083.63,1,Business Owners,High
CUST100309,Kai,Oak,26,Male,Single,Graduate,Salaried - Government,Nagpur,Maharashtra,Employed,1238915.37,103242.95,6,Young Professionals,Medium
CUST104901,Akshay,Brar,30,Male,Divorced,High School,Self Employed,Nashik,Maharashtra,Self Employed,2373620.99,197801.75,7,Young Professionals,High
CUST102168,Imaran,Karpe,45,Male,Single,Graduate,Salaried - Private,Nashik,Maharashtra,Employed,2011868.33,167655.69,2,Business Owners,Medium
CUST103113,Ronith,Hayer,19,Male,Single,Post Graduate,Student,Kochi,Kerala,Not Employed,66627.74,5552.31,1,,Medium
CUST100495,Ekta,Kara,18,Female,Single,Graduate,Student,Patna,Bihar,Not Employed,84872.34,7072.69,1,Students,Medium
CUST100205,Max,Mangat,42,Male,Single,High School,Homemaker,Udaipur,Rajasthan,Not Employed,119939.71,9994.98,19,Business Owners,Low
CUST102673,Omisha,Dhar,,Female,Single,Graduate,Salaried - Private,Patna,Bihar,Employed,1048105.15,87342.1,4,Young Professionals,Medium
CUST103357,Tanvi,Patla,58,Female,Widowed,Post Graduate,Retired,Chennai,Tamil Nadu,Retired,297086.62,24757.22,,Retired Customers,Low
CUST103830,Yatin,Garde,21,Male,Married,Graduate,Student,Delhi,Delhi,Not Employed,38243.43,3186.95,3,Students,Medium
CUST100305,Om,Balakrishnan,28,Male,Married,Post Graduate,Salaried - Government,Nagpur,Maharashtra,Employed,1460703.41,121725.28,9,Young Professionals,
CUST103793,Lohit,Bath,20,Male,Single,Graduate,Student,Mysuru,Karnataka,Not Employed,83535.3,6961.28,2,Students,Medium
CUST102201,Jagrati,Raghavan,30,Female,Widowed,Graduate,Salaried - Private,Nashik,Maharashtra,Employed,402158.48,33513.21,12,Young Professionals,
CUST101061,George,Yogi,47,Male,Married,Post Graduate,Business Owner,Chandigarh,Punjab,Self Employed,5428729.28,452394.11,19,High Net Worth Individuals,High
CUST100843,Chakradhar,Thakkar,22,Male,Married,Graduate,Student,Indore,,Not Employed,44096.25,3674.69,4,Students,Medium
CUST103872,Bhavini,Chaudry,50,Female,Divorced,Post Graduate,Salaried - Government,Indore,Madhya Pradesh,Employed,1274299.47,,18,Business Owners,Medium
CUST102251,Alka,Dass,66,Female,Widowed,Graduate,Retired,Mysuru,Karnataka,Retired,310385.67,25865.47,20,Retired Customers,Low
CUST100211,Chaman,Mander,29,Female,Single,Graduate,Salaried - Private,Kolkata,West Bengal,Employed,886035.27,73836.27,11,Young Professionals,High
CUST103997,Falan,Rao,30,Male,Divorced,Graduate,Salaried - Private,Jaipur,Rajasthan,Employed,1268750.12,105729.18,12,Young Professionals,Medium
CUST100679,Ekta,Palla,21,Female,Single,Post Graduate,Salaried - Government,Raipur,Chhattisgarh,Employed,625193.41,52099.45,3,Young Professionals,Medium
CUST100565,Vasana,Rastogi,30,Female,Widowed,Graduate,Business Owner,Kochi,Kerala,Self Employed,9199090.17,766590.85,10,High Net Worth Individuals,High
CUST103290,Upadhriti,Pai,47,Female,Married,Doctorate,Salaried - Government,Delhi,Delhi,Employed,891768.76,74314.06,5,Business Owners,Medium
CUST104354,Mahika,Saxena,43,Female,Widowed,Diploma,Salaried - Government,Udaipur,Rajasthan,Employed,1956884.06,163073.67,4,Business Owners,
CUST100680,Mohammed,Ramanathan,34,Male,Widowed,Post Graduate,Salaried - Government,Mysuru,Karnataka,Employed,852287.72,71023.98,3,Young Professionals,Medium
CUST100180,Ryan,Narasimhan,32,Male,Single,Post Graduate,Unemployed,Mumbai,Maharashtra,Not Employed,45263.14,3771.93,8,Young Professionals,Low
CUST104279,Kavya,Kohli,19,Female,Single,Post Graduate,Student,Delhi,Delhi,Not Employed,74203.27,6183.61,1,Students,Medium
CUST102495,Vasudha,Bains,39,Female,Divorced,High School,Freelancer,Chennai,Tamil Nadu,Self Employed,,118831.75,5,,High
CUST102316,Anamika,Narayanan,22,Female,Married,Graduate,Salaried - Government,Jaipur,Rajasthan,Employed,1510609.5,125884.12,4,Young Professionals,Medium
CUST104273,Zayyan,Balay,51,Male,Widowed,Diploma,Business Owner,Vadodara,Gujarat,Self Employed,13562000.4,1130166.7,17,High Net Worth Individuals,High
CUST100278,Vritti,Contractor,37,Female,Divorced,Post Graduate,Salaried - Government,Bengaluru,Karnataka,Employed,1129499.34,94124.95,2,Business Owners,Medium
CUST103683,Netra,Mane,32,Female,Single,Graduate,Business Owner,Ludhiana,Punjab,Self Employed,5415022.98,451251.92,12,High Net Worth Individuals,High
CUST104762,Udarsh,Deep,33,Male,Widowed,Post Graduate,Salaried - Private,Raipur,Chhattisgarh,Employed,1062327.71,88527.31,12,Young Professionals,Medium
CUST100432,Nathan,Solanki,43,Male,Widowed,Graduate,Business Owner,Kanpur,Uttar Pradesh,Self Employed,10542484.94,878540.41,8,High Net Worth Individuals,High
CUST100289,Oscar,Walia,34,Male,Divorced,Graduate,Salaried - Private,Bengaluru,Karnataka,Employed,1281283.71,106773.64,3,Young Professionals,Medium
CUST101027,Ekalinga,Pall,21,Male,Widowed,Graduate,Student,Mumbai,,Not Employed,72961.18,6080.1,,Students,Medium
CUST100535,Jeremiah,Ghosh,42,Male,Married,Post Graduate,Business Owner,Jaipur,Rajasthan,Self Employed,4967855.53,413987.96,8,High Net Worth Individuals,High
CUST103631,Oliver,Devi,41,Male,Widowed,Post Graduate,,Coimbatore,Tamil Nadu,Employed,1477597.41,,16,Business Owners,Medium
CUST100188,Urishilla,Pai,41,Female,,Post Graduate,Salaried - Government,Nashik,Maharashtra,Employed,,123759.79,15,Business Owners,Medium
CUST102174,Pavani,Borra,31,,Widowed,Post Graduate,Salaried - Government,Jaipur,Rajasthan,Employed,637458.01,53121.5,3,Young Professionals,Medium
CUST103915,Raghav,Jha,34,Male,Married,Diploma,Salaried - Government,,Uttar Pradesh,Employed,1771329.88,147610.82,16,Young Professionals,Medium
CUST101862,Aarav,Om,33,Male,Married,Diploma,,Ludhiana,Punjab,Employed,1059551.3,88295.94,6,,Medium
CUST100270,Banjeet,Singhal,43,Male,Divorced,Graduate,Salaried - Private,Ahmedabad,Gujarat,Employed,1333613.78,111134.48,8,Business Owners,Medium
CUST101728,Manan,Sheth,45,Male,Married,High School,Salaried - Government,Chandigarh,Punjab,Employed,956832.77,79736.06,19,Business Owners,Medium
CUST104075,Abdul,Krishna,47,Male,Divorced,Graduate,Salaried - Private,Ahmedabad,Gujarat,Employed,1178444.33,98203.69,9,Business Owners,Medium
CUST102157,Balhaar,Thakur,43,Male,Single,Graduate,Self Employed,Ranchi,Jharkhand,Self Employed,1251147.93,104262.33,20,Business Owners,
CUST103931,Chandresh,Bail,32,Male,Divorced,Graduate,Salaried - Government,Lucknow,Uttar Pradesh,Employed,991096.01,82591.33,14,Young Professionals,Medium
CUST100111,Gayathri,Raghavan,26,Female,Divorced,Graduate,Salaried - Government,Chennai,Tamil Nadu,Employed,1129768.17,94147.35,8,Young Professionals,Medium
CUST102384,Bimala,Arya,44,Female,Widowed,Graduate,Self Employed,Ahmedabad,Gujarat,Self Employed,2311661.42,192638.45,3,Business Owners,High
CUST100220,Sanaya,Talwar,19,Female,Single,Post Graduate,Student,Surat,Gujarat,Not Employed,44076.12,3673.01,1,Students,Medium
CUST100627,Turvi,Mann,23,Female,Single,High School,Unemployed,Indore,Madhya Pradesh,,36733.29,3061.11,5,Young Professionals,Medium
CUST101181,Hamsini,Dewan,51,Female,Widowed,Diploma,Self Employed,Surat,Gujarat,Self Employed,2456918.38,204743.2,9,Business Owners,High
CUST103381,Jonathan,Rajagopalan,,Male,Single,Post Graduate,Business Owner,,Uttar Pradesh,Self Employed,5492544.81,457712.07,7,High Net Worth Individuals,High
CUST102422,Ekantika,Lanka,71,Female,Married,Graduate,Retired,Mumbai,Maharashtra,Retired,392494.64,32707.89,16,Retired Customers,Low
CUST100790,Fariq,Balasubramanian,18,Male,Single,Post Graduate,Student,Guwahati,Assam,Not Employed,74458.35,6204.86,1,Students,Medium
CUST104275,Caleb,Mitra,40,Male,Divorced,Post Graduate,,Vadodara,Gujarat,Self Employed,1932030.27,161002.52,13,Business Owners,High
CUST100461,Kavya,Tank,31,Female,Widowed,Doctorate,Salaried - Government,Kolkata,West Bengal,Employed,815468.2,67955.68,3,Young Professionals,Medium
CUST104402,Ria,Vaidya,49,Female,Widowed,Post Graduate,Homemaker,Kanpur,Uttar Pradesh,Not Employed,40950.86,,13,Business Owners,Low
CUST100551,Wriddhish,Ratti,43,Male,Widowed,Post Graduate,Business Owner,Udaipur,Rajasthan,Self Employed,10970746.97,914228.91,19,High Net Worth Individuals,High
CUST103129,Vyanjana,Vohra,37,Female,Divorced,Post Graduate,Salaried - Private,Ranchi,Jharkhand,Employed,535714.28,44642.86,13,Business Owners,Medium
CUST101444,Indira,Korpal,32,Female,Married,High School,Business Owner,Vadodara,Gujarat,Self Employed,843413.41,70284.45,14,Business Owners,High
CUST100198,Zehaan,More,48,Male,Divorced,Post Graduate,Salaried - Private,Hyderabad,Telangana,Employed,1177855.48,98154.62,11,Business Owners,Medium
CUST102589,Aadhya,Kulkarni,,Female,Married,Graduate,Salaried - Government,Pune,Maharashtra,Employed,1346446.24,112203.85,19,Business Owners,Medium
CUST100402,Timothy,Behl,30,Male,Single,Graduate,Unemployed,Vadodara,Gujarat,Not Employed,84298.08,7024.84,10,,
CUST103959,Vritti,Loyal,33,Female,Widowed,Graduate,Salaried - Government,Ranchi,Jharkhand,Employed,1147820.28,95651.69,2,Young Professionals,Medium
CUST104189,Tanmayi,Sagar,20,Female,Single,Graduate,Student,Thiruvananthapuram,Kerala,Not Employed,92124.74,7677.06,2,Students,
CUST104763,Pallavi,Mannan,36,Female,Widowed,Graduate,Self Employed,Guwahati,Assam,Self Employed,,121653.52,7,Business Owners,High
CUST102095,Aachal,Sankar,47,Female,Married,Doctorate,Salaried - Private,Chennai,Tamil Nadu,Employed,2301173.92,191764.49,19,Business Owners,Medium
CUST102900,Rachita,Sur,38,Female,Married,High School,Salaried - Private,Delhi,Delhi,Employed,973365.8,81113.82,4,Business Owners,Medium
CUST104462,Omkaar,Krish,42,Male,Single,Post Graduate,Salaried - Private,Chennai,Tamil Nadu,Employed,1893073.21,157756.1,12,Business Owners,Medium
CUST100650,Bhavna,Singh,68,,Divorced,High School,Retired,Jaipur,Rajasthan,Retired,286152.16,23846.01,3,Retired Customers,Low
CUST100708,Gaurika,Iyengar,50,Female,Married,,Business Owner,Patna,Bihar,Self Employed,15626393.87,1302199.49,6,High Net Worth Individuals,High
CUST101480,Nihal,Divan,37,Male,Single,Post Graduate,Salaried - Private,Pune,Maharashtra,Employed,1343314.72,111942.89,1,Business Owners,Medium
CUST104414,Laksh,Anne,18,Male,Single,Graduate,Student,Thiruvananthapuram,Kerala,Not Employed,58011.74,4834.31,,Students,Medium
CUST103065,Mugdha,Gulati,47,Female,Divorced,Graduate,Business Owner,Mumbai,Maharashtra,Self Employed,5069384.27,422448.69,8,High Net Worth Individuals,High
CUST102395,Reyansh,Gupta,26,Male,Married,Post Graduate,Salaried - Private,Delhi,Delhi,Employed,770714.65,64226.22,8,Young Professionals,Medium
CUST101769,Jhalak,Kapur,37,Female,Married,Post Graduate,Unemployed,Dehradun,Uttarakhand,,69469.32,5789.11,16,Business Owners,Low
CUST100314,Yash,Khosla,22,Male,Widowed,Graduate,Homemaker,Bhopal,Madhya Pradesh,Not Employed,65498.87,5458.24,4,Young Professionals,Medium
CUST103761,Bhanumati,Nanda,38,Female,Single,High School,Salaried - Private,Delhi,Delhi,Employed,2409436.63,200786.39,1,Business Owners,High
CUST104909,Laksh,Butala,37,Male,Married,Graduate,Salaried - Private,,Telangana,Employed,,170639.28,10,Business Owners,High
CUST100113,Kevin,Sha,27,Male,Divorced,Graduate,Salaried - Government,Bengaluru,Karnataka,Employed,17341.25,1445.1,9,Young Professionals,Medium
CUST100960,Anjali,Gill,35,Female,Widowed,,Salaried - Government,Dehradun,Uttarakhand,Employed,819631.36,68302.61,17,Young Professionals,Medium
CUST102910,Ayaan,Nazareth,68,Male,Single,Post Graduate,Retired,Ahmedabad,Gujarat,Retired,776148.13,64679.01,13,Retired Customers,Low
CUST103405,Chakrika,Choudhry,28,Female,Single,Post Graduate,Business Owner,Pune,Maharashtra,Self Employed,5252468.52,,9,High Net Worth Individuals,High
CUST101623,Vyanjana,Mistry,74,,Divorced,Graduate,Retired,Nashik,Maharashtra,Retired,584160.49,48680.04,17,Retired Customers,Low
CUST103322,Yashawini,Mital,24,Female,Widowed,High School,Student,Ranchi,Jharkhand,Not Employed,51226.83,4268.9,6,Students,Medium
CUST104999,Yatin,Batta,33,Male,Divorced,Post Graduate,Self Employed,Dehradun,Uttarakhand,Self Employed,1034495.63,86207.97,6,Business Owners,High
CUST101818,William,Sama,31,Male,Single,High School,Salaried - Private,Chandigarh,Punjab,Employed,1039832.57,86652.71,13,Young Professionals,Medium
CUST103194,Tanveer,Basak,36,Male,Widowed,Post Graduate,Self Employed,Dehradun,Uttarakhand,Self Employed,2969622.58,247468.55,4,Business Owners,High
CUST103007,Anusha,Singhal,49,Female,Married,Graduate,Homemaker,Mysuru,Karnataka,Not Employed,25470.3,2122.53,6,Business Owners,Low
CUST103414,Raksha,Gopal,38,Female,Widowed,Graduate,Salaried - Private,Delhi,Delhi,Employed,1618464.36,134872.03,6,Business Owners,Medium
CUST104528,Adya,Iyengar,28,Female,Single,High School,Freelancer,Udaipur,,Self Employed,686483.67,57206.97,5,Young Professionals,High
CUST101897,Turvi,Walla,25,Female,Widowed,Graduate,Salaried - Private,Ahmedabad,Gujarat,Employed,1328284.99,110690.42,7,Young Professionals,High
CUST101918,Indira,Hari,58,Female,Divorced,Graduate,Retired,Delhi,Delhi,Retired,1081246.4,90103.87,9,Retired Customers,Medium
CUST101270,Rachit,Dhaliwal,44,Male,Married,Post Graduate,Business Owner,Delhi,Delhi,Self Employed,5826152.24,485512.69,8,High Net Worth Individuals,High
CUST104176,Unni,Chacko,46,Female,Widowed,Graduate,Self Employed,Ahmedabad,Gujarat,Self Employed,2882584.02,240215.33,16,Business Owners,High
CUST104962,Amruta,Contractor,44,Female,Married,Diploma,,Udaipur,Rajasthan,Employed,1460579.11,121714.93,13,Business Owners,Medium
CUST104883,Ridhi,Venkataraman,18,Female,Single,Graduate,Student,Hyderabad,Telangana,Not Employed,,6436.87,1,Students,Medium
CUST104094,Charan,Ramakrishnan,30,Male,Single,Post Graduate,Salaried - Private,Chandigarh,Punjab,,1205260.26,100438.35,12,,Medium
CUST103159,Pranit,Saini,35,Male,,Diploma,Self Employed,Mumbai,Maharashtra,Self Employed,1706681.14,142223.43,17,Business Owners,High
CUST101813,Chakradhar,Pradhan,37,Male,Married,Graduate,Business Owner,Chennai,Tamil Nadu,Self Employed,7407685.55,617307.13,7,High Net Worth Individuals,High
CUST102426,Ryan,Kalla,33,Male,Divorced,Doctorate,Salaried - Government,Pune,Maharashtra,Employed,1220481.6,101706.8,2,Young Professionals,Medium
CUST103950,Yash,Kadakia,37,Male,Single,High School,Salaried - Government,Hyderabad,Telangana,Employed,1613957.4,134496.45,4,Business Owners,Medium
CUST104428,Kai,Andra,30,Male,Divorced,Graduate,Homemaker,Coimbatore,Tamil Nadu,Not Employed,181069.44,15089.12,12,Young Professionals,Low
CUST102142,Anita,Parsa,45,Female,Single,Graduate,Business Owner,Nagpur,Maharashtra,Self Employed,2037910.88,169825.91,15,Business Owners,High
CUST101626,Yauvani,Din,27,Female,Single,High School,Salaried - Private,Surat,Gujarat,Employed,2059761.29,171646.77,4,Young Professionals,High
CUST100789,Tanmayi,Patla,25,Female,Widowed,Diploma,Business Owner,Nashik,Maharashtra,Self Employed,8208105.89,684008.82,7,High Net Worth Individuals,High
CUST103786,Ansh,Agarwal,51,Male,Divorced,Post Graduate,Self Employed,Jaipur,Rajasthan,Self Employed,1198454.9,99871.24,12,Business Owners,Medium
CUST101864,Yutika,Prakash,58,Female,Widowed,Graduate,Homemaker,Ludhiana,Punjab,Not Employed,29867.47,2488.96,3,Business Owners,Low
CUST102865,Rishi,Natarajan,41,Male,Married,Graduate,Salaried - Private,Kanpur,Uttar Pradesh,,1686470.01,140539.17,12,Business Owners,
CUST100871,Ikshita,Dutta,21,Female,Single,Graduate,Freelancer,Chennai,Tamil Nadu,Self Employed,881526.26,73460.52,3,Young Professionals,High
CUST103271,Timothy,Sharaf,27,Male,Divorced,Graduate,Salaried - Government,Kolkata,West Bengal,Employed,617878.53,51489.88,9,Young Professionals,Medium
CUST103833,Bachittar,Datta,70,Male,Married,Post Graduate,Retired,Nashik,Maharashtra,Retired,529498.52,44124.88,9,Retired Customers,Low
CUST100073,Libni,Wable,29,Female,Single,Post Graduate,Salaried - Government,Coimbatore,,Employed,1267084.48,105590.37,3,Young Professionals,
CUST101752,Irya,Prakash,45,Female,Widowed,Diploma,Business Owner,Mumbai,Maharashtra,Self Employed,13900656.31,1158388.03,7,High Net Worth Individuals,High
CUST101421,Devika,Kari,,Female,Divorced,Graduate,Freelancer,Nagpur,Maharashtra,Self Employed,967408.7,80617.39,9,Business Owners,Medium
CUST104221,Aadi,Chatterjee,67,Male,Divorced,Diploma,Business Owner,Nagpur,Maharashtra,Self Employed,15545210.88,1295434.24,14,High Net Worth Individuals,Medium
CUST104693,Shivansh,Kibe,70,Male,Widowed,Post Graduate,Retired,Bhubaneswar,Odisha,Retired,771903.4,64325.28,9,Retired Customers,Low
CUST104369,David,Johal,31,Male,Widowed,High School,Salaried - Private,Nagpur,Maharashtra,Employed,1061432.55,88452.71,13,Young Professionals,Medium
CUST104575,Yug,Walia,34,Male,Single,Graduate,Salaried - Private,Hyderabad,Telangana,Employed,1745829.4,145485.78,8,Young Professionals,Medium
CUST103809,Samuel,Suresh,61,Male,Married,Graduate,Retired,Bengaluru,Karnataka,Retired,446683.16,37223.6,14,Retired Customers,Low
CUST102244,Pavani,Kari,22,Female,Divorced,,Student,Thiruvananthapuram,Kerala,Not Employed,35578.82,2964.9,4,Students,Medium
CUST103047,Yamini,Vyas,34,Female,Widowed,,Salaried - Government,Pune,Maharashtra,Employed,1260295.29,105024.61,2,Young Professionals,Medium
CUST102445,Maanav,Ramesh,21,Male,Married,,Student,Patna,Bihar,Not Employed,123488.35,10290.7,3,Students,Medium
CUST100494,Vivaan,Borra,65,Male,Married,High School,,,Maharashtra,Retired,430704.31,35892.03,,Retired Customers,Low
CUST103130,Oliver,Bhatti,45,Male,Single,Post Graduate,Freelancer,Patna,Bihar,Self Employed,600972.97,50081.08,16,Business Owners,Medium
CUST104321,Atharv,Gola,37,Male,Divorced,Graduate,Salaried - Government,Chandigarh,Punjab,Employed,1598489.8,133207.48,2,Business Owners,
CUST104397,Ryan,Shan,31,Male,Widowed,Doctorate,Salaried - Private,Mysuru,Karnataka,Employed,1275409.23,106284.1,7,Young Professionals,Medium
CUST101164,Faraj,Ramachandran,80,Male,Widowed,Doctorate,Unemployed,Bhubaneswar,Odisha,Not Employed,28545.05,2378.75,14,Business Owners,Low
CUST103734,Omkaar,Zachariah,65,Male,Widowed,High School,Retired,Vadodara,Gujarat,Retired,1050376.96,87531.41,2,Retired Customers,Low
CUST101730,Avi,Bobal,,Male,Divorced,Post Graduate,Student,Kochi,Kerala,Not Employed,59366.6,4947.22,5,Students,Medium
CUST104812,Sachi,Bhatia,,Female,Married,Graduate,Salaried - Government,Dehradun,Uttarakhand,Employed,1300821.89,108401.82,9,Young Professionals,Medium
CUST102402,Sai,Thaman,26,Male,,High School,Salaried - Government,Bengaluru,,Employed,1212510.37,101042.53,2,Young Professionals,Medium
CUST103403,Suhani,Iyengar,49,Female,Divorced,Post Graduate,Salaried - Government,Udaipur,Rajasthan,Employed,950801.61,79233.47,13,Business Owners,Medium
CUST100618,Tanveer,Gill,44,Male,Widowed,Graduate,Salaried - Private,Ludhiana,Punjab,Employed,1283781.96,106981.83,3,Business Owners,Medium
CUST101697,Jonathan,Kamdar,42,Male,Single,Graduate,Self Employed,Coimbatore,Tamil Nadu,Self Employed,1792954.51,149412.88,7,Business Owners,High
CUST103593,Wahab,Padmanabhan,21,Male,Married,Post Graduate,Salaried - Government,Ranchi,Jharkhand,Employed,1268196.09,105683.01,3,Young Professionals,Medium
CUST101957,Jagrati,Kala,21,Female,Widowed,Post Graduate,Salaried - Government,Thiruvananthapuram,Kerala,Employed,1029732.87,85811.07,3,Young Professionals,Medium
CUST101221,Fiyaz,Basu,33,Male,Divorced,Graduate,Unemployed,Ahmedabad,Gujarat,Not Employed,29063.78,2421.98,11,Young Professionals,Low
CUST102073,Ayaan,Ganesan,44,Male,Divorced,Graduate,Salaried - Private,Kochi,Kerala,Employed,852787.5,71065.62,4,Business Owners,Medium
CUST103410,Ekani,Lad,37,Female,Widowed,Post Graduate,Homemaker,Bengaluru,Karnataka,Not Employed,62547.77,5212.31,9,Business Owners,Low
CUST100869,Kritika,Dutta,63,Female,Widowed,High School,Retired,Pune,Maharashtra,Retired,964193.06,80349.42,20,Retired Customers,Low
CUST102718,Widisha,Balan,41,Female,Single,High School,Salaried - Government,Ahmedabad,Gujarat,Employed,729464.41,60788.7,,Business Owners,Medium
CUST101042,Anika,Sekhon,32,Female,Widowed,Graduate,Homemaker,Ranchi,Jharkhand,,26083.96,2173.66,6,Young Professionals,Low
CUST101361,Zilmil,Anand,38,Female,Married,Post Graduate,Salaried - Private,Dehradun,Uttarakhand,Employed,2350558.73,195879.89,20,Business Owners,High
CUST100356,Chandran,Johal,49,Male,Married,Post Graduate,,Udaipur,Rajasthan,Self Employed,2001557.26,166796.44,14,Business Owners,High
CUST101162,Chakrika,Loyal,22,Female,Single,Graduate,Student,Nashik,Maharashtra,Not Employed,44364.39,3697.03,4,Students,
CUST102765,Wazir,Dewan,66,,Widowed,High School,Retired,,Maharashtra,Retired,526370.77,,14,,Low
CUST103252,Divya,Krishna,27,Female,Widowed,High School,Salaried - Private,Patna,Bihar,Employed,1001852.57,83487.71,9,Young Professionals,High
CUST101438,Omisha,Chadha,28,Female,Single,Post Graduate,Freelancer,,Punjab,Self Employed,1088670.26,90722.52,8,Young Professionals,High
CUST103603,Gabriel,Iyengar,69,Male,Widowed,Post Graduate,Retired,Raipur,Chhattisgarh,Retired,489116.18,40759.68,7,Retired Customers,Low
CUST104940,Lipika,Mahal,41,Female,Divorced,,Freelancer,Hyderabad,Telangana,Self Employed,1151367.24,95947.27,15,Business Owners,High
CUST104593,Kritika,Kade,42,Female,Single,Graduate,Self Employed,Chandigarh,Punjab,Self Employed,1638023.88,136501.99,18,Business Owners,High
CUST103639,Triya,Patel,29,Female,Widowed,High School,Salaried - Government,Patna,Bihar,Employed,1038040.75,86503.4,9,Young Professionals,Medium
CUST101253,Robert,Agrawal,42,Male,Married,Graduate,Business Owner,Jaipur,Rajasthan,Self Employed,13853395.46,1154449.62,6,High Net Worth Individuals,High
CUST103365,Naksh,Narayan,68,Male,Married,Post Graduate,Retired,Mysuru,Karnataka,,704060.94,58671.74,3,Retired Customers,Low
CUST100332,Gunbir,Minhas,34,Male,Divorced,Graduate,Salaried - Private,Chennai,Tamil Nadu,Employed,750761.83,62563.49,16,Young Professionals,Medium
CUST103694,Udant,Brahmbhatt,21,Male,Divorced,High School,Salaried - Private,Mysuru,Karnataka,Employed,608986.99,,3,Young Professionals,
CUST103568,Nidhi,Sheth,42,Female,Single,Post Graduate,Salaried - Private,Kolkata,West Bengal,Employed,1557570.92,129797.58,10,Business Owners,Medium
CUST102728,Vedhika,Rattan,43,Female,Widowed,Post Graduate,Business Owner,Kolkata,West Bengal,Self Employed,14083180.25,1173598.35,5,High Net Worth Individuals,High
CUST103667,Meghana,Kala,30,Female,Divorced,Graduate,Salaried - Government,Jaipur,Rajasthan,Employed,752140.8,62678.4,5,Young Professionals,Medium
CUST101630,Edhitha,Basak,18,,Single,,Unemployed,Indore,Madhya Pradesh,Not Employed,32537.26,2711.44,1,Young Professionals,Medium
CUST101116,Adweta,Wagle,74,Female,Single,High School,Retired,Vadodara,Gujarat,Retired,349137.8,29094.82,,Retired Customers,Low
CUST101849,Vansha,Mutti,66,Female,Single,Graduate,Retired,Raipur,Chhattisgarh,Retired,464685.39,38723.78,13,Retired Customers,Low
CUST103554,Siya,Dada,43,Female,Married,,,Guwahati,Assam,Self Employed,7087430.42,590619.2,1,High Net Worth Individuals,High
CUST103153,Abhiram,Lad,30,Male,Married,Post Graduate,Freelancer,Bhubaneswar,Odisha,Self Employed,974005.35,81167.11,10,Young Professionals,High
CUST103265,Yashawini,Lal,53,Female,Widowed,Doctorate,Self Employed,Ahmedabad,Gujarat,Self Employed,1944846.46,162070.54,11,Business Owners,Medium
CUST101665,Baghyawati,Varma,68,Female,Divorced,Graduate,Retired,Kolkata,West Bengal,Retired,402051.86,33504.32,12,Retired Customers,Low
CUST100445,Ranveer,Nadig,26,Male,Divorced,Post Graduate,Salaried - Private,Mumbai,Maharashtra,Employed,2142073.43,178506.12,5,Young Professionals,High
CUST102245,Naksh,Nadig,34,Male,Married,Graduate,Salaried - Private,Coimbatore,Tamil Nadu,Employed,862147.17,71845.6,3,Young Professionals,Medium
CUST100452,Mason,Balakrishnan,74,Male,Widowed,Post Graduate,Retired,Guwahati,Assam,Retired,816810.1,68067.51,17,Retired Customers,Low
CUST101551,Matthew,Naidu,30,Male,Married,Graduate,Homemaker,Delhi,Delhi,Not Employed,121592.01,10132.67,1,Young Professionals,Low
CUST104434,Hemani,Sarna,54,Female,Widowed,,Homemaker,Udaipur,Rajasthan,Not Employed,82944.61,6912.05,5,Business Owners,Low
CUST102954,Daniel,Wagle,50,Male,Married,Graduate,,Mysuru,Karnataka,Self Employed,9679774.43,806647.87,13,High Net Worth Individuals,
CUST100014,Om,Chaudry,37,Male,Single,High School,Salaried - Private,Hyderabad,Telangana,Employed,1092170.55,91014.21,15,Business Owners,Medium
CUST103628,Vaishnavi,Toor,21,Female,Divorced,,Salaried - Private,,Punjab,Employed,1099425.25,,3,Young Professionals,High
CUST100945,Lopa,Magar,52,Female,Single,Post Graduate,Business Owner,Ahmedabad,Gujarat,Self Employed,12387622.1,1032301.84,2,High Net Worth Individuals,High
CUST100247,Ishanvi,Salvi,62,Female,Divorced,Post Graduate,Retired,Mysuru,Karnataka,Retired,460951.88,38412.66,20,Retired Customers,Low
CUST104697,Saanvi,Bal,48,Female,Married,Post Graduate,Business Owner,Hyderabad,Telangana,,9368957.81,780746.48,18,High Net Worth Individuals,High
CUST100360,Baljiwan,Dugar,65,Male,Married,High School,Retired,,Maharashtra,Retired,755443.18,62953.6,17,Retired Customers,Low
CUST104656,Pranit,Chad,56,Male,Married,Doctorate,,Udaipur,Rajasthan,Self Employed,5242906.25,436908.85,10,,High
CUST101614,Thomas,Shroff,43,Male,Divorced,Graduate,Salaried - Private,Kochi,Kerala,Employed,771903.33,64325.28,11,Business Owners,Medium
CUST102303,Yatan,Guha,33,Male,Widowed,,Salaried - Government,Udaipur,Rajasthan,Employed,1120921.48,93410.12,14,Young Professionals,Medium
CUST104141,Riya,Jayaraman,38,Female,Single,Doctorate,Salaried - Government,Vadodara,Gujarat,Employed,560373.17,46697.76,15,Business Owners,Medium
CUST103168,Patrick,Dhawan,40,Male,Widowed,Graduate,Salaried - Private,Hyderabad,Telangana,Employed,2161808.6,180150.72,,Business Owners,High
CUST102478,Kai,Subramanian,42,Male,Single,Graduate,Self Employed,Delhi,Delhi,Self Employed,2854819.07,237901.59,18,Business Owners,High
CUST104214,Rayaan,Morar,19,Male,Single,Graduate,Student,Kochi,Kerala,Not Employed,115813.38,9651.11,1,,Medium
CUST104180,Vincent,Mohan,63,Male,Single,Doctorate,Retired,Bengaluru,Karnataka,Retired,657932.99,54827.75,11,Retired Customers,Low
CUST104884,Nitara,Nayak,58,Female,Married,Graduate,Retired,Mysuru,Karnataka,Retired,357804.45,29817.04,13,Retired Customers,Low
CUST103163,Gunbir,Goswami,45,Male,Married,Post Graduate,Self Employed,Jaipur,Rajasthan,Self Employed,1614744,134562,19,Business Owners,Medium
CUST100490,Zashil,Mahajan,,Male,Single,Post Graduate,Self Employed,,Punjab,Self Employed,1320706.76,110058.9,20,Business Owners,High
CUST100862,Chatresh,Nagar,25,Male,Widowed,Doctorate,Self Employed,Mysuru,Karnataka,Self Employed,1406463.19,117205.27,7,Young Professionals,High
CUST101740,Banjeet,Sura,35,Male,Married,Graduate,Salaried - Private,Kolkata,West Bengal,Employed,1729623.53,144135.29,17,Young Professionals,Medium
CUST104099,Ridhi,Khare,28,Female,Divorced,High School,Salaried - Private,Bhubaneswar,Odisha,Employed,1128356.38,94029.7,2,Young Professionals,
CUST104385,Xalak,Munshi,36,Female,Single,Post Graduate,Self Employed,Surat,Gujarat,Self Employed,,175855.33,15,Business Owners,High
CUST102447,Pahal,Butala,37,Female,Widowed,High School,Salaried - Government,Bengaluru,Karnataka,Employed,689877.28,57489.77,6,Business Owners,Medium
CUST104230,Jagvi,Grewal,46,Female,Single,,Self Employed,Lucknow,,Self Employed,1990812.08,165901.01,2,Business Owners,Medium
CUST100506,Nidhi,Rege,69,Female,Divorced,Doctorate,Retired,Lucknow,Uttar Pradesh,,539426.78,44952.23,7,Retired Customers,Low
CUST102677,Sara,Vig,39,Female,Married,Post Graduate,Unemployed,Nashik,Maharashtra,Not Employed,52516.76,4376.4,17,Business Owners,Low
CUST102995,Januja,Merchant,64,Female,Widowed,Graduate,Retired,Thiruvananthapuram,Kerala,Retired,673726.93,56143.91,1,Retired Customers,Low
CUST101942,Zilmil,Soman,35,Female,Married,Graduate,Business Owner,Mumbai,Maharashtra,Self Employed,7195106.14,599592.18,9,High Net Worth Individuals,High
CUST101222,Sudiksha,Narula,38,Female,Widowed,Graduate,Homemaker,Nashik,Maharashtra,Not Employed,134403.96,,11,Business Owners,Low
CUST101113,Widisha,Babu,46,Female,Divorced,Post Graduate,Salaried - Government,Hyderabad,Telangana,Employed,1262608.81,105217.4,10,Business Owners,Medium
CUST101905,Jeremiah,Dhingra,37,Male,,Post Graduate,Self Employed,Dehradun,Uttarakhand,Self Employed,1481389.57,123449.13,8,Business Owners,High
CUST103423,Chaitanya,Pillai,67,Male,Widowed,High School,Retired,,,Retired,532972.65,44414.39,7,Retired Customers,Low
CUST101877,Yahvi,Agrawal,44,Female,Widowed,Graduate,Freelancer,Bhubaneswar,Odisha,Self Employed,380508.51,31709.04,17,,Medium
CUST104672,Chandani,Naidu,21,Female,Divorced,Post Graduate,,Dehradun,Uttarakhand,Not Employed,36855.69,3071.31,3,Students,Medium
CUST100433,Sai,Raju,21,Female,Divorced,Graduate,Student,,Chhattisgarh,Not Employed,37829.85,3152.49,3,Students,Medium
CUST102364,Lekha,Peri,61,Female,Single,Graduate,Retired,Kochi,Kerala,Retired,399764.76,33313.73,4,Retired Customers,Low
CUST103154,Finn,Bhardwaj,38,Male,Widowed,Post Graduate,Salaried - Government,Patna,Bihar,Employed,1257725.57,104810.46,15,Business Owners,Medium
CUST102835,Zilmil,Barman,37,Female,Widowed,Graduate,Salaried - Private,Mumbai,Maharashtra,Employed,2340011.14,195000.93,7,Business Owners,High
CUST102092,Zinal,Thakur,46,Female,Married,High School,Business Owner,Coimbatore,Tamil Nadu,Self Employed,8023627.47,668635.62,14,High Net Worth Individuals,High
CUST103010,Shravya,Srinivas,25,Female,Married,Graduate,Salaried - Private,Ahmedabad,Gujarat,Employed,1719524.88,143293.74,,Young Professionals,High
CUST103162,Balvan,Varkey,55,Male,Divorced,,Homemaker,Chandigarh,Punjab,Not Employed,68446,5703.83,13,Business Owners,Low
CUST102945,Harshil,Dhar,,,Married,Post Graduate,Student,Bengaluru,Karnataka,Not Employed,18072.25,1506.02,4,Students,Medium
CUST103916,Sudiksha,Gour,49,Female,Widowed,High School,Salaried - Private,Nashik,Maharashtra,Employed,564985.41,47082.12,8,,Medium
CUST102916,Ekavir,Suresh,47,Male,Single,Graduate,Self Employed,Surat,Gujarat,Self Employed,505869.76,42155.81,20,Business Owners,Medium
CUST101102,Patrick,Gara,41,Male,Married,High School,Business Owner,Kolkata,West Bengal,Self Employed,8793854.38,732821.2,19,High Net Worth Individuals,High
CUST101448,Aditya,Nayak,26,Other,Divorced,Doctorate,Salaried - Private,Chennai,Tamil Nadu,Employed,1328868.49,110739.04,8,Young Professionals,High
CUST101720,Nandini,Chatterjee,31,Female,Single,Graduate,Salaried - Private,Ludhiana,Punjab,Employed,2425800.73,202150.06,13,Young Professionals,High
CUST104518,Dakshesh,Lall,31,Male,Widowed,Post Graduate,Self Employed,Nagpur,Maharashtra,Self Employed,2238915.34,186576.28,10,Young Professionals,High
CUST103842,Viraj,Tandon,31,Male,Divorced,Graduate,Salaried - Private,Coimbatore,Tamil Nadu,Employed,1711840.69,142653.39,6,Young Professionals,Medium
CUST100156,Karan,Edwin,42,Male,Divorced,Graduate,Salaried - Private,Patna,Bihar,Employed,1161142.75,96761.9,2,Business Owners,Medium
CUST102978,Kashish,Sachar,63,Female,Widowed,High School,Retired,Guwahati,Assam,Retired,,53221.59,16,Retired Customers,Low
CUST101773,Rajeshri,Barad,18,Female,Single,Graduate,Student,Nagpur,Maharashtra,Not Employed,92638.63,7719.89,1,Students,Medium
CUST100615,Joshua,Mann,18,Male,Single,Post Graduate,Student,Bhubaneswar,Odisha,Not Employed,81106.83,6758.9,1,Students,Medium
CUST100643,Eta,Kunda,44,Female,Widowed,Post Graduate,Salaried - Private,Udaipur,Rajasthan,,2496531.88,208044.32,9,Business Owners,High
CUST101935,Bhavna,Tiwari,34,Female,Divorced,Graduate,Self Employed,,Rajasthan,Self Employed,1438807.15,119900.6,11,Business Owners,High
CUST104277,Udant,Dâ€™Alia,22,,Married,Post Graduate,,Ahmedabad,Gujarat,Not Employed,30052.86,2504.41,2,,Medium
CUST101068,Jairaj,Kumer,31,Male,Married,Post Graduate,Salaried - Government,Kolkata,West Bengal,Employed,870887.62,72573.97,7,Young Professionals,Medium
CUST104454,Vanya,Ganguly,30,Female,Divorced,Diploma,Salaried - Government,Kanpur,Uttar Pradesh,Employed,568882.45,47406.87,12,Young Professionals,Medium
CUST104154,Aarini,Bhattacharyya,25,Female,Divorced,,Freelancer,,Jharkhand,Self Employed,675205.3,56267.11,7,,High
CUST104239,Onveer,Balan,36,Male,Married,Graduate,Salaried - Government,Chennai,Tamil Nadu,Employed,1893698.97,157808.25,7,Business Owners,Medium
CUST104868,Mohini,Salvi,67,,Divorced,Graduate,Retired,Bhubaneswar,Odisha,Retired,889608.75,74134.06,10,Retired Customers,Low
CUST100330,Manya,Vohra,36,Female,Single,Graduate,,Dehradun,Uttarakhand,Self Employed,1730045.51,144170.46,18,Business Owners,High
CUST102057,Ekaraj,Sarraf,74,,Divorced,Graduate,Retired,Kochi,Kerala,Retired,706628.31,58885.69,5,Retired Customers,Low
CUST102646,Faras,Sharma,24,Male,Married,Post Graduate,Freelancer,Bhopal,Madhya Pradesh,Self Employed,862806.79,71900.57,6,Young Professionals,High
CUST102191,Yashodhara,Mammen,23,Female,Single,Post Graduate,Salaried - Private,,Uttar Pradesh,Employed,1559144.93,129928.74,5,Young Professionals,High
CUST100622,Bimala,Ranganathan,42,Female,Widowed,Graduate,Salaried - Private,Ahmedabad,Gujarat,Employed,964630.23,80385.85,1,Business Owners,Medium
CUST101595,Manthan,Khanna,35,Male,Divorced,Graduate,Salaried - Government,,Maharashtra,Employed,1828053.56,152337.8,17,Young Professionals,Medium
CUST102915,Balendra,Bansal,19,Male,Single,Post Graduate,Student,Kochi,Kerala,Not Employed,81240.54,6770.04,1,Students,Medium
CUST104821,Banjeet,Misra,25,Male,Divorced,Doctorate,Salaried - Private,Jaipur,Rajasthan,Employed,1477238.92,,7,Young Professionals,High
CUST103898,Elijah,Bhandari,31,Male,Single,Graduate,Business Owner,Bengaluru,Karnataka,Self Employed,4170851.29,347570.94,11,High Net Worth Individuals,High
CUST101919,Manan,Sen,43,Male,Widowed,Diploma,Salaried - Government,Bengaluru,Karnataka,Employed,637875.95,53156.33,1,Business Owners,Medium
CUST104173,Zayyan,Sant,58,Male,Divorced,Post Graduate,Retired,Surat,Gujarat,Retired,938106.96,78175.58,13,Retired Customers,Medium
CUST104477,Aarna,Chaudhuri,33,Female,Divorced,Graduate,Salaried - Private,Nashik,Maharashtra,Employed,1592674.51,132722.88,9,Young Professionals,Medium
CUST100755,Ojas,Deol,24,Male,Married,High School,Salaried - Private,Chandigarh,Punjab,Employed,667725.7,55643.81,6,Young Professionals,Medium
CUST100518,Reva,Kalla,20,Female,Single,,Student,Indore,Madhya Pradesh,Not Employed,89121.82,7426.82,2,Students,Medium
CUST103803,Naveen,Om,29,Male,Single,Diploma,Unemployed,Ludhiana,Punjab,Not Employed,55995.42,4666.28,2,Young Professionals,Medium
CUST100032,Vedhika,Raghavan,18,Female,Single,Graduate,Student,Chennai,Tamil Nadu,Not Employed,72619.71,6051.64,1,Students,Medium
CUST102937,Anmol,Deol,38,Male,Married,High School,Salaried - Government,Chandigarh,Punjab,Employed,1569013.79,130751.15,14,Business Owners,
CUST101157,Ishaan,Parekh,60,Male,Widowed,Graduate,Retired,Udaipur,Rajasthan,Retired,548375.44,45697.95,12,Retired Customers,Low
CUST100744,Kavya,Saha,29,Female,Married,Graduate,Self Employed,Indore,Madhya Pradesh,Self Employed,1960134.72,163344.56,11,Young Professionals,High
CUST101497,Devansh,Chanda,43,Male,Single,Graduate,Salaried - Private,Mumbai,Maharashtra,Employed,861579.91,71798.33,4,Business Owners,Medium
CUST103459,Nitara,Wali,22,Female,,Graduate,Salaried - Private,Udaipur,Rajasthan,Employed,519523.1,43293.59,2,Young Professionals,Medium
CUST103755,Dakshesh,Chaudhary,40,Male,Married,Graduate,Salaried - Private,Mysuru,Karnataka,Employed,1868828.02,155735.67,16,Business Owners,Medium
CUST102591,Yuvraj,Tara,47,Male,Single,Graduate,Salaried - Private,Chennai,Tamil Nadu,Employed,430195.74,,3,Business Owners,Medium
CUST100783,Udant,Sandhu,46,Male,Divorced,High School,Salaried - Government,Indore,Madhya Pradesh,Employed,543505.74,45292.14,10,Business Owners,Low
CUST103493,Damyanti,Naik,32,Female,Married,Post Graduate,Salaried - Private,Surat,Gujarat,Employed,1049048.61,,14,Young Professionals,Medium
CUST102949,Anirudh,Gole,39,Male,Single,Post Graduate,Salaried - Private,Bhopal,Madhya Pradesh,Employed,1303772.21,108647.68,17,Business Owners,Medium
CUST100229,Nathan,Savant,34,Male,Single,Graduate,Freelancer,Kolkata,West Bengal,Self Employed,694239.42,57853.29,16,Young Professionals,Medium
CUST100857,Vedika,Jani,33,Female,Married,Post Graduate,Self Employed,Mysuru,Karnataka,Self Employed,1067254.59,88937.88,14,Business Owners,High
CUST102266,Harinakshi,Balakrishnan,40,Female,Divorced,Graduate,Freelancer,Bhubaneswar,Odisha,Self Employed,1199720.57,99976.71,20,Business Owners,High
CUST104274,Eesha,Tank,26,Female,Divorced,Doctorate,Salaried - Private,Mysuru,Karnataka,Employed,889656.65,74138.05,8,Young Professionals,High
CUST100408,Nachiket,Atwal,42,Male,,Graduate,Salaried - Private,,Gujarat,Employed,785238.6,65436.55,17,Business Owners,Medium
CUST100170,Amaira,Gola,40,Female,Divorced,High School,Salaried - Private,Chandigarh,Punjab,Employed,506260,42188.33,13,Business Owners,Medium
CUST100540,Gagan,Lanka,41,Male,Widowed,High School,Salaried - Private,Kanpur,Uttar Pradesh,Employed,2812230.5,234352.54,19,Business Owners,High
CUST102210,Quincy,Patla,33,Male,Married,Diploma,Salaried - Private,Nagpur,Maharashtra,Employed,895866.63,,9,Young Professionals,Medium
CUST102304,Naveen,Bahl,34,Male,Married,Graduate,Homemaker,Indore,Madhya Pradesh,Not Employed,92304.66,,6,Young Professionals,Low
CUST102567,Daksh,Gole,60,Male,Married,Post Graduate,Retired,Mysuru,Karnataka,Retired,,49636.73,18,Retired Customers,Low
CUST100613,Ishani,Mitra,38,Female,Married,Post Graduate,Business Owner,Dehradun,Uttarakhand,Self Employed,6547676.93,,18,High Net Worth Individuals,
CUST102101,Simon,Desai,38,Male,Married,,Salaried - Private,Surat,Gujarat,Employed,1207430.68,100619.22,1,Business Owners,Medium
CUST101808,Devika,Chandran,18,Female,Single,Graduate,Student,,Gujarat,Not Employed,72826.88,6068.91,1,Students,Medium
CUST103438,Jacob,Seshadri,48,Male,Divorced,Post Graduate,Salaried - Government,Ludhiana,Punjab,Employed,859013.33,71584.44,1,Business Owners,Medium
CUST101161,Jatin,Borah,34,Male,Married,Graduate,Salaried - Government,Hyderabad,Telangana,Employed,1338148.73,111512.39,2,Young Professionals,Medium
CUST104225,Gaurang,Prasad,31,Male,Divorced,Doctorate,Self Employed,Hyderabad,Telangana,Self Employed,2431698.44,202641.54,4,Young Professionals,High
CUST103119,Abha,Mane,65,Female,Married,Graduate,Retired,Raipur,Chhattisgarh,Retired,513709.9,,1,Retired Customers,Low
CUST103652,Shravya,Bansal,39,Female,Married,Graduate,Salaried - Government,Patna,Bihar,Employed,940231.76,78352.65,6,Business Owners,Medium
CUST101610,Hiral,Prabhakar,42,Female,Married,Graduate,Salaried - Private,Coimbatore,Tamil Nadu,Employed,2872152.78,239346.06,17,Business Owners,High
CUST101932,Bina,Nadkarni,66,Female,Single,Graduate,Retired,Guwahati,Assam,Retired,857281.48,71440.12,7,Retired Customers,Low
CUST103027,Neelima,Sandhu,72,Female,Divorced,Doctorate,Retired,Nashik,Maharashtra,Retired,898407.01,74867.25,,Retired Customers,Low
CUST100564,Samuel,Nori,62,Male,Single,Diploma,,Surat,Gujarat,Retired,458806.97,38233.91,18,Retired Customers,Low
CUST103571,Dalbir,Ganesan,46,Male,Married,Post Graduate,Business Owner,Kolkata,West Bengal,Self Employed,13456259.9,1121354.99,8,High Net Worth Individuals,High
CUST104247,Zinal,Lata,37,Other,Widowed,Post Graduate,Salaried - Private,Mumbai,,Employed,1476811.83,123067.65,14,Business Owners,Medium
CUST102388,Sarthak,Pillay,27,Male,Single,Doctorate,Salaried - Government,Mysuru,Karnataka,Employed,1315587.27,109632.27,9,Young Professionals,Medium
CUST101471,Fitan,Sengupta,41,Male,Widowed,High School,Business Owner,Vadodara,Gujarat,Self Employed,13308061.36,1109005.11,12,High Net Worth Individuals,High
CUST102630,Jacob,Johal,21,Other,Single,Post Graduate,Student,Mysuru,Karnataka,Not Employed,20162.59,1680.22,3,Students,Medium
CUST101835,Oscar,Rajan,44,Male,Divorced,Post Graduate,Business Owner,Chandigarh,Punjab,Self Employed,3514553.07,292879.42,12,High Net Worth Individuals,High
CUST104928,Hemal,Palan,39,Other,Widowed,Graduate,,Dehradun,Uttarakhand,Not Employed,96519.57,8043.3,4,Business Owners,Low
CUST103475,Finn,Sibal,44,Male,Single,Graduate,Self Employed,Bhopal,Madhya Pradesh,Self Employed,974140.8,81178.4,14,Business Owners,High
CUST101533,Rachita,Bala,33,Female,Married,Graduate,Salaried - Private,Raipur,Chhattisgarh,Employed,775587.33,64632.28,3,Young Professionals,
CUST104327,Shivani,Raman,19,Female,Single,Graduate,Unemployed,Chandigarh,Punjab,Not Employed,38732.25,3227.69,1,Young Professionals,Medium
CUST102484,Lopa,Bera,34,Female,Divorced,Post Graduate,Business Owner,Chennai,Tamil Nadu,Self Employed,6756910.89,563075.91,8,High Net Worth Individuals,High
CUST104207,Abeer,Dada,67,Male,Divorced,Graduate,Retired,Bhubaneswar,Odisha,Retired,1046466.6,87205.55,10,Retired Customers,Low
CUST101172,Vanya,Vala,21,Female,Married,Diploma,Salaried - Private,Pune,Maharashtra,Employed,1333416.24,,3,Young Professionals,High
CUST101427,Andrew,Saini,22,Male,Widowed,Post Graduate,Homemaker,Ludhiana,Punjab,Not Employed,90356.6,7529.72,4,Young Professionals,Medium
CUST100325,Kala,Dara,45,Female,Widowed,Diploma,Salaried - Government,Surat,Gujarat,,650813.37,54234.45,16,Business Owners,Low
CUST101051,Ekbal,Verma,35,,Divorced,Graduate,Salaried - Private,Bhopal,Madhya Pradesh,Employed,1320530.44,110044.2,17,Young Professionals,Medium
CUST103319,Wazir,Sane,32,Male,Divorced,,Salaried - Government,Chandigarh,Punjab,Employed,1813555.05,151129.59,14,Young Professionals,Medium
CUST104721,Ranbir,Dass,34,Male,Widowed,Post Graduate,Salaried - Government,Bengaluru,Karnataka,Employed,1523075.6,126922.97,3,Young Professionals,Medium
CUST103864,Urvashi,Chandran,48,Female,Married,Graduate,Self Employed,Bengaluru,Karnataka,Self Employed,2345204.68,195433.72,3,Business Owners,High
CUST102603,Noah,Chahal,38,Male,Widowed,High School,Salaried - Private,Guwahati,Assam,Employed,1892183.56,157681.96,15,Business Owners,Medium
CUST101738,Veer,Dhar,25,Male,Single,Graduate,Business Owner,Kolkata,West Bengal,Self Employed,9427417.42,785618.12,7,High Net Worth Individuals,High
CUST101196,Oliver,Sani,50,Male,Single,Graduate,Salaried - Government,Dehradun,,Employed,924434.38,77036.2,19,,Medium
CUST100620,Zinal,Karpe,37,Female,Single,High School,Salaried - Government,Indore,Madhya Pradesh,Employed,1092031.64,91002.64,17,Business Owners,Medium
CUST101374,Harshil,Vasa,58,Male,Divorced,Graduate,Retired,Mysuru,Karnataka,Retired,421587.63,35132.3,13,Retired Customers,Low
CUST102879,Yadavi,Dixit,46,Female,Divorced,Post Graduate,Business Owner,Mysuru,Karnataka,,5133242.89,427770.24,6,High Net Worth Individuals,High
CUST101189,Ladli,Koshy,46,Female,Single,Post Graduate,Salaried - Private,Raipur,Chhattisgarh,Employed,1247790.13,103982.51,8,Business Owners,Medium
CUST100328,George,Handa,25,Male,Divorced,Doctorate,Self Employed,Surat,Gujarat,Self Employed,777000.63,64750.05,7,Young Professionals,High
CUST100648,Neel,Mutti,42,Male,Widowed,Doctorate,Self Employed,Vadodara,Gujarat,Self Employed,1258985.23,104915.44,11,Business Owners,High
CUST100897,Anmol,Bath,35,Male,Married,Post Graduate,Salaried - Government,Nagpur,Maharashtra,Employed,981369.7,81780.81,2,Young Professionals,Medium
CUST103882,Omya,Hans,35,Female,Single,High School,Salaried - Government,Jaipur,Rajasthan,Employed,1054984.74,87915.4,17,Young Professionals,Medium
CUST101123,Inaya,Vyas,21,Female,Divorced,Graduate,Salaried - Government,Nagpur,,Employed,1133984.91,94498.74,3,Young Professionals,Medium
CUST101891,Janani,Iyer,19,Female,Single,Diploma,Student,Kolkata,West Bengal,Not Employed,53225.47,4435.46,1,Students,
CUST104643,Charan,Vaidya,70,Male,Widowed,Graduate,Retired,Hyderabad,Telangana,Retired,723265.95,60272.16,8,Retired Customers,Low
CUST104791,Jason,Anand,29,Male,Single,Post Graduate,Salaried - Private,Dehradun,Uttarakhand,Employed,1795428.86,,3,Young Professionals,High
CUST104529,Chakradev,Behl,40,Male,Single,Post Graduate,Self Employed,Udaipur,Rajasthan,Self Employed,1215202.98,101266.91,3,Business Owners,High
CUST104234,Urvi,Chopra,38,Female,Married,Post Graduate,Salaried - Government,Hyderabad,Telangana,Employed,1490213.16,124184.43,3,Business Owners,Medium
CUST101593,Tara,Zachariah,24,Female,Single,Graduate,Salaried - Private,Pune,Maharashtra,Employed,777191.3,64765.94,6,Young Professionals,Medium
CUST103312,Yuvraj,Borra,28,Male,Widowed,Graduate,Salaried - Government,Vadodara,,Employed,687311.42,57275.95,10,Young Professionals,Medium
CUST102547,Krishna,Sane,50,Female,Widowed,Graduate,Business Owner,Vadodara,,Self Employed,15171811.85,1264317.65,3,High Net Worth Individuals,
CUST101545,Ayushman,Bains,29,Male,Divorced,Post Graduate,Salaried - Government,Ranchi,Jharkhand,Employed,801238.98,66769.91,,Young Professionals,
CUST104336,Madhav,Dhillon,56,Male,Married,Diploma,Business Owner,Thiruvananthapuram,,Self Employed,4473259.7,372771.64,4,High Net Worth Individuals,High
CUST101023,Ekanta,Salvi,53,Female,Single,Diploma,Business Owner,Mumbai,Maharashtra,Self Employed,8258330.38,688194.2,9,High Net Worth Individuals,High
CUST101971,Saumya,Dani,,Female,Divorced,Post Graduate,Salaried - Government,Bengaluru,Karnataka,Employed,1191332.51,99277.71,11,Business Owners,Medium
CUST104988,Meghana,Badami,36,Female,Widowed,Post Graduate,Business Owner,Mumbai,Maharashtra,Self Employed,12563146.93,1046928.91,18,High Net Worth Individuals,
CUST101714,Sara,Banik,33,Female,Divorced,High School,Self Employed,Lucknow,Uttar Pradesh,Self Employed,726063.23,60505.27,4,Business Owners,
CUST101717,Vyanjana,Parmer,31,Female,Widowed,High School,Salaried - Private,Mysuru,Karnataka,Employed,1366627.15,113885.6,,Young Professionals,Medium
CUST101477,Darpan,Chana,23,Male,,Post Graduate,,Jaipur,Rajasthan,Employed,724678.09,60389.84,5,Young Professionals,Medium
CUST100809,Harish,Das,40,Male,Divorced,Graduate,Salaried - Private,Mumbai,Maharashtra,Employed,1736776.51,144731.38,19,Business Owners,Medium
CUST102850,Meghana,Krishnamurthy,50,Female,Married,High School,Salaried - Private,Thiruvananthapuram,Kerala,Employed,1599641.16,133303.43,2,Business Owners,
CUST100978,Nihal,Chadha,39,Male,Married,Post Graduate,Homemaker,Delhi,Delhi,Not Employed,148853.39,12404.45,3,Business Owners,Low
CUST104687,Anay,Patil,,Other,Single,High School,Salaried - Government,,Karnataka,Employed,593157.06,49429.76,4,Young Professionals,Medium
CUST104895,Dhriti,Ramanathan,59,Female,Widowed,Doctorate,Retired,Chandigarh,Punjab,Retired,332185.76,27682.15,17,,Low
CUST101684,Lucky,Bala,52,Male,Widowed,Post Graduate,Salaried - Private,Patna,Bihar,Employed,,126692.19,19,Business Owners,Medium
CUST104660,Simon,Doctor,33,Male,Single,Doctorate,Homemaker,Pune,Maharashtra,Not Employed,,10409.09,15,Young Professionals,Low
CUST101514,Irya,Vora,40,Female,Widowed,High School,Business Owner,Thiruvananthapuram,Kerala,Self Employed,14515648.35,1209637.36,14,High Net Worth Individuals,High
CUST102404,Vaishnavi,Pandey,25,Female,Divorced,Post Graduate,Business Owner,Bengaluru,Karnataka,Self Employed,10310015.41,859167.95,7,High Net Worth Individuals,High
CUST102021,Adya,Tripathi,27,Female,Widowed,Post Graduate,Unemployed,Mysuru,Karnataka,Not Employed,83182.94,6931.91,9,,Medium
CUST104553,Zarna,Prabhu,38,Female,Married,Graduate,Salaried - Private,Mumbai,Maharashtra,Employed,1248529.81,104044.15,4,Business Owners,Medium
CUST101767,Ijaya,Gala,40,Female,Single,Post Graduate,Business Owner,Ranchi,Jharkhand,Self Employed,8529263.2,710771.93,6,High Net Worth Individuals,High
CUST100174,Sai,Barad,36,Female,Widowed,High School,Salaried - Government,Kanpur,,Employed,1367874.27,113989.52,7,Business Owners,Medium
CUST101554,Nathan,Ghosh,,Male,Married,Post Graduate,Business Owner,Pune,Maharashtra,Self Employed,10286958.04,857246.5,10,High Net Worth Individuals,High
CUST104215,Samesh,Chakraborty,43,Male,Single,Graduate,Business Owner,Raipur,Chhattisgarh,Self Employed,12923565.59,1076963.8,5,High Net Worth Individuals,High
CUST101482,Pranav,Randhawa,66,Male,Widowed,High School,Retired,Kanpur,Uttar Pradesh,Retired,,44083.89,4,Retired Customers,Low
CUST104461,Ridhi,Chowdhury,36,Female,Divorced,,,Coimbatore,Tamil Nadu,Not Employed,53691.92,4474.33,18,Business Owners,Low
CUST100217,Krisha,Soman,36,Female,Widowed,Post Graduate,Self Employed,Raipur,Chhattisgarh,Self Employed,1105205.55,92100.46,6,Business Owners,High
CUST103914,Warda,Narula,78,Female,Married,Graduate,Retired,Raipur,Chhattisgarh,Retired,303641.83,25303.49,10,Retired Customers,Low
CUST103720,Janaki,Goswami,45,Female,Single,Graduate,Unemployed,,Assam,Not Employed,56876.14,4739.68,20,Business Owners,Low
CUST100690,Ekantika,Dubey,25,Female,Married,Post Graduate,Salaried - Private,Ranchi,Jharkhand,Employed,1032947.45,86078.95,7,Young Professionals,High
CUST102577,Pratyush,Chada,41,Male,Widowed,Post Graduate,Salaried - Government,Udaipur,Rajasthan,Employed,1893247.07,157770.59,5,Business Owners,Medium
CUST102233,Darsh,Panchal,48,Male,Divorced,Post Graduate,Business Owner,Bhopal,Madhya Pradesh,,9263572.57,771964.38,1,High Net Worth Individuals,High
CUST102238,Chaaya,Raj,28,Female,Married,Graduate,Salaried - Government,Hyderabad,Telangana,Employed,1040103.99,86675.33,6,Young Professionals,Medium
CUST101106,Arunima,Ahuja,62,Female,Divorced,Post Graduate,Retired,Bhopal,Madhya Pradesh,Retired,423985.5,35332.12,12,Retired Customers,Low
CUST101789,Yuvraj,Issac,26,Male,Married,High School,Salaried - Government,Chandigarh,Punjab,Employed,946849.88,78904.16,8,Young Professionals,Medium
CUST103188,Ekavir,Karan,40,Male,Divorced,Doctorate,Unemployed,Kochi,Kerala,Not Employed,12475.03,1039.59,7,Business Owners,Low
CUST102436,Sai,Bhagat,18,Female,,Graduate,Student,Vadodara,Gujarat,Not Employed,45467.82,3788.99,1,Students,Medium
CUST100611,Januja,Rana,33,Female,Single,Graduate,Unemployed,Kanpur,Uttar Pradesh,Not Employed,16013.12,1334.43,3,Young Professionals,Low
CUST103660,Vansha,Jha,25,Female,Divorced,Graduate,Freelancer,Kolkata,West Bengal,Self Employed,1219043.44,101586.95,7,Young Professionals,High
CUST103711,Maanav,Baria,28,Male,Single,Graduate,Salaried - Private,Mysuru,Karnataka,Employed,2605151.01,217095.92,3,Young Professionals,High
CUST100576,Samesh,Pandya,62,Male,Divorced,Graduate,Retired,Chennai,Tamil Nadu,Retired,690001.38,57500.11,16,Retired Customers,Low
CUST102063,Dhriti,Karpe,54,Female,Divorced,Post Graduate,Salaried - Private,Mumbai,Maharashtra,Employed,,77006.55,,Business Owners,Medium
CUST104435,Peter,Sidhu,38,Male,Widowed,Post Graduate,Self Employed,Lucknow,Uttar Pradesh,Self Employed,2631401.24,219283.44,18,Business Owners,High
CUST101180,Frado,Rai,61,Male,Single,High School,Retired,Guwahati,Assam,Retired,343344.48,28612.04,1,Retired Customers,Low
CUST100888,Radhika,Mani,30,Female,Widowed,Graduate,Business Owner,Mysuru,Karnataka,Self Employed,11472994.94,956082.91,8,High Net Worth Individuals,High
CUST103128,Hemang,Mitter,43,Male,Widowed,Graduate,Homemaker,Dehradun,Uttarakhand,Not Employed,147085.58,12257.13,3,Business Owners,Low
CUST101732,Yamini,Dar,73,Female,Widowed,Graduate,Retired,,Maharashtra,Retired,343196.33,,20,Retired Customers,Low
CUST102663,Nidhi,Kalita,18,Female,Single,High School,Student,Patna,Bihar,Not Employed,19029.15,1585.76,1,Students,Medium
CUST100817,Yashoda,Kapur,43,Female,Divorced,Graduate,Self Employed,Mumbai,Maharashtra,,1412140.82,117678.4,10,Business Owners,High
CUST103277,Widisha,Choudhary,30,Female,Divorced,Post Graduate,Salaried - Private,Ludhiana,Punjab,Employed,1360516.57,113376.38,2,Young Professionals,Medium
CUST101859,Warjas,Patla,32,Male,Divorced,Diploma,Salaried - Private,Jaipur,Rajasthan,Employed,934539.24,77878.27,14,Young Professionals,Medium
CUST100208,Vaishnavi,Sathe,29,Female,Widowed,Graduate,Salaried - Government,Raipur,Chhattisgarh,Employed,745665.16,62138.76,11,Young Professionals,Medium
CUST100293,Ucchal,Suri,22,Female,Widowed,,Salaried - Private,Udaipur,Rajasthan,Employed,2154486.29,179540.52,4,Young Professionals,High
CUST101119,Yashasvi,Sani,59,Female,Single,Graduate,Self Employed,Kanpur,Uttar Pradesh,Self Employed,1216122.18,101343.51,14,Business Owners,Medium
CUST102213,Dominic,Karnik,20,Male,Single,Graduate,,Chandigarh,Punjab,Not Employed,86434.43,7202.87,2,Students,Medium
CUST101609,Chandani,Ram,38,Female,Divorced,Graduate,Salaried - Private,Ranchi,Jharkhand,Employed,1592784.14,132732.01,17,Business Owners,Medium
CUST101264,Qushi,Shankar,22,Female,Divorced,Graduate,Salaried - Government,Nashik,Maharashtra,Employed,1430944.9,119245.41,4,Young Professionals,Medium
CUST100990,Nikita,Dutta,33,Female,Single,Post Graduate,Salaried - Private,Bengaluru,Karnataka,Employed,,88014.39,6,Young Professionals,
CUST104197,Priya,Upadhyay,22,Female,Widowed,Post Graduate,Salaried - Government,Surat,Gujarat,Employed,849371.31,70780.94,4,Young Professionals,Medium
CUST101616,Krish,Bhatia,40,Male,Widowed,Graduate,Homemaker,Bhubaneswar,Odisha,Not Employed,41248.36,3437.36,18,Business Owners,Low
CUST100353,Shravya,Savant,54,Other,Widowed,Graduate,Homemaker,Surat,Gujarat,Not Employed,20778.29,1731.52,15,Business Owners,Low
CUST104557,Eiravati,Dara,45,Female,Married,Graduate,Business Owner,Mumbai,Maharashtra,Self Employed,4582164.62,381847.05,3,High Net Worth Individuals,High
CUST102022,Amruta,Ravel,36,Female,Single,Post Graduate,Salaried - Government,Dehradun,Uttarakhand,Employed,1106756.32,92229.69,,Business Owners,Medium
CUST103690,Samesh,Bumb,48,Male,Widowed,High School,,Dehradun,Uttarakhand,Employed,1096195.39,91349.62,4,Business Owners,Medium
CUST102555,Zilmil,Yogi,32,Other,Widowed,Graduate,Salaried - Private,Jaipur,Rajasthan,Employed,2444268.04,,14,Young Professionals,High
CUST103048,Darsh,Singhal,18,Male,Single,Graduate,Unemployed,Kochi,Kerala,Not Employed,68229.24,5685.77,1,Young Professionals,Medium
CUST101228,Vincent,Tella,43,Male,Divorced,Graduate,Salaried - Government,Delhi,Delhi,Employed,1925458.75,160454.9,7,Business Owners,Medium
CUST100259,Devansh,Walla,38,Male,Married,Graduate,Salaried - Private,Mumbai,Maharashtra,Employed,2547984.3,212332.02,3,Business Owners,High
CUST101519,Oeshi,Rama,42,Female,Widowed,Graduate,,Kolkata,West Bengal,Self Employed,4531512.8,377626.07,6,High Net Worth Individuals,High
CUST101777,Arjun,Dâ€™Alia,41,Male,Single,Diploma,Salaried - Private,Kanpur,Uttar Pradesh,Employed,1614333.88,134527.82,7,Business Owners,Medium
CUST104739,Anamika,Khosla,31,Female,Divorced,Post Graduate,Salaried - Private,Patna,Bihar,Employed,1354862.27,112905.19,13,Young Professionals,Medium
CUST101770,Ekaja,Kakar,19,Female,Single,Graduate,Student,Nashik,Maharashtra,Not Employed,99110.61,8259.22,1,,Medium
CUST104353,Vedika,Raja,18,Female,Single,Graduate,Student,Kochi,Kerala,Not Employed,49977.19,4164.77,,Students,Medium
CUST100052,Jeremiah,Apte,19,Male,Single,Graduate,Student,Dehradun,Uttarakhand,Not Employed,55036.67,4586.39,1,Students,Medium
CUST103473,Gavin,Banik,53,Male,Married,Graduate,Salaried - Private,Chennai,Tamil Nadu,Employed,2083087.09,173590.59,3,Business Owners,Medium
CUST104683,Benjamin,Sama,32,Male,Single,Post Graduate,Salaried - Government,Coimbatore,Tamil Nadu,Employed,1434117.46,119509.79,13,Young Professionals,Medium
CUST104411,Chanchal,Patil,34,Female,Married,Graduate,Salaried - Private,Nagpur,Maharashtra,Employed,1302174.71,108514.56,16,Young Professionals,Medium
CUST102409,Riya,Kumar,35,Female,Widowed,Post Graduate,Salaried - Government,Udaipur,Rajasthan,Employed,1137077.71,94756.48,4,,Medium
CUST102787,Balveer,Dhar,19,Male,Single,Post Graduate,,Kolkata,West Bengal,Not Employed,32308.78,,1,Students,Medium
CUST102344,Jeet,Dugar,55,Male,Single,Post Graduate,Business Owner,Guwahati,Assam,Self Employed,4506115.21,375509.6,20,High Net Worth Individuals,High
CUST101033,Unnati,Wali,18,Female,Single,Graduate,Student,Delhi,Delhi,Not Employed,16651.77,1387.65,1,Students,Medium
CUST101097,Victor,Raghavan,33,Other,Single,Post Graduate,Business Owner,,,Self Employed,4567816.75,380651.4,5,High Net Worth Individuals,High
CUST100543,Deepa,Bhatt,44,Female,Widowed,Graduate,Salaried - Private,Kolkata,,Employed,1701783.8,141815.32,10,Business Owners,Medium
CUST101046,Janani,Bhalla,29,Female,Married,Post Graduate,Salaried - Private,Mumbai,Maharashtra,Employed,1168898.47,97408.21,7,Young Professionals,High
CUST101894,Gaurav,Thakur,31,Male,Married,Graduate,Business Owner,Hyderabad,Telangana,Self Employed,5200973.57,433414.46,10,High Net Worth Individuals,High
CUST104376,Lavanya,Banerjee,34,Female,Single,Graduate,Business Owner,Coimbatore,Tamil Nadu,Self Employed,3699919.21,308326.6,4,High Net Worth Individuals,High
CUST100030,Balendra,Garg,47,Male,Single,Post Graduate,Self Employed,,Uttarakhand,Self Employed,835586.04,69632.17,11,Business Owners,Medium
CUST100725,Chandran,Nayak,24,Male,Widowed,Post Graduate,Student,Hyderabad,Telangana,Not Employed,67314.15,5609.51,6,Students,Medium
CUST104961,Qushi,Rao,34,Female,Widowed,Post Graduate,Salaried - Private,Indore,Madhya Pradesh,Employed,629421.51,52451.79,8,,Medium
CUST104718,Michael,Karan,21,Male,Married,Graduate,Salaried - Private,Nashik,Maharashtra,Employed,1120111.07,,3,Young Professionals,High
CUST103903,Bakhshi,Om,41,Male,Married,Post Graduate,Salaried - Private,Ranchi,Jharkhand,Employed,1264327.6,105360.63,13,Business Owners,Medium
CUST101426,Falan,Gola,33,Male,Married,Post Graduate,Salaried - Private,Kochi,Kerala,Employed,1152129.23,96010.77,1,Young Professionals,Medium
CUST102497,Zilmil,Mody,39,Female,Divorced,Post Graduate,Self Employed,Pune,Maharashtra,Self Employed,2041974.69,170164.56,5,Business Owners,High
CUST100436,Zayan,Narula,,Male,Divorced,Graduate,Salaried - Government,Udaipur,Rajasthan,Employed,1378685.94,114890.49,,Young Professionals,Medium
CUST102470,Dayita,Bhagat,31,Female,Single,Post Graduate,Salaried - Private,Hyderabad,Telangana,Employed,1368593.68,114049.47,7,Young Professionals,Medium
CUST100912,Warjas,Lanka,27,Male,Widowed,Graduate,,Delhi,Delhi,Employed,622472.54,51872.71,9,Young Professionals,Medium
CUST104222,Bakhshi,Sahni,50,Male,Married,Post Graduate,Business Owner,Chennai,Tamil Nadu,Self Employed,2830891.32,235907.61,13,Business Owners,High
CUST104352,Raghav,Chakraborty,48,Male,Widowed,Doctorate,Business Owner,Patna,Bihar,Self Employed,,518968.14,12,High Net Worth Individuals,High
CUST104512,Wakeeta,Mann,38,Female,Single,Graduate,Self Employed,Thiruvananthapuram,Kerala,Self Employed,2636256.9,219688.07,20,Business Owners,High
CUST104443,Charita,Gandhi,65,,Single,Graduate,Retired,Patna,Bihar,Retired,777640.89,64803.41,1,Retired Customers,Low
CUST102287,Mugdha,Kashyap,35,Female,Married,Post Graduate,,Nagpur,Maharashtra,Employed,802432.26,66869.35,5,Young Professionals,Medium
CUST104597,Libni,Deol,39,Female,Widowed,High School,Business Owner,Patna,Bihar,Self Employed,6506437.83,542203.15,15,High Net Worth Individuals,
CUST101238,Vyanjana,Chatterjee,32,Female,Married,Post Graduate,Salaried - Private,Guwahati,Assam,Employed,908011.27,75667.61,4,Young Professionals,
CUST100903,Nathaniel,Gaba,19,Male,Single,Post Graduate,Student,Nashik,Maharashtra,Not Employed,112127.2,9343.93,1,Students,Medium
CUST103620,Charles,Bedi,36,,Widowed,High School,Salaried - Private,Thiruvananthapuram,Kerala,Employed,1623329.32,135277.44,10,Business Owners,Medium
CUST103231,Isaiah,Reddy,22,Male,Widowed,Graduate,Student,Pune,Maharashtra,Not Employed,41055.47,3421.29,2,,Medium
CUST102859,Vivaan,Borra,49,Male,Widowed,Post Graduate,Salaried - Government,Bengaluru,Karnataka,Employed,1725198.06,143766.51,7,Business Owners,Medium
CUST100507,Dalbir,Dey,30,Male,Single,Graduate,Business Owner,Bhubaneswar,,Self Employed,7777540.67,648128.39,12,High Net Worth Individuals,High
CUST103221,Dayita,Murthy,28,Female,Divorced,High School,Salaried - Private,Patna,Bihar,Employed,797377.81,66448.15,9,Young Professionals,Medium
CUST100183,Ryan,Yadav,28,Male,Widowed,Graduate,Salaried - Private,Kolkata,West Bengal,Employed,955645.59,79637.13,8,Young Professionals,High
CUST101564,Balvan,Khanna,36,Male,Married,High School,Unemployed,,West Bengal,,30693.24,2557.77,18,Business Owners,Low
CUST102704,Unni,Ramanathan,36,Female,Widowed,,Salaried - Private,Chandigarh,Punjab,Employed,2030065.71,169172.14,4,,High
CUST100321,Orinder,Sandal,40,Male,Widowed,High School,Salaried - Private,Mysuru,Karnataka,Employed,1171904.54,97658.71,16,Business Owners,Medium
CUST103563,Adweta,Guha,41,Female,Single,Doctorate,Freelancer,Guwahati,Assam,Self Employed,309380.99,25781.75,12,Business Owners,Medium
CUST101538,Chandani,Bhalla,47,Female,Married,Graduate,Salaried - Private,Dehradun,,Employed,1244168.57,103680.71,3,Business Owners,Medium
CUST101837,Abdul,Dugar,34,Male,Widowed,Post Graduate,Salaried - Private,Chennai,Tamil Nadu,Employed,1124842.53,93736.88,12,Young Professionals,Medium
CUST102380,Anamika,Rama,38,Female,Single,Graduate,Business Owner,,Punjab,Self Employed,2964392.76,247032.73,4,Business Owners,High
CUST101912,Arunima,Raj,26,Female,Divorced,High School,Salaried - Private,Bengaluru,Karnataka,Employed,2066126.65,172177.22,4,Young Professionals,High
CUST101840,Bishakha,Swamy,44,Female,Married,Graduate,Salaried - Private,Bengaluru,Karnataka,Employed,1520947.94,126745.66,4,Business Owners,Medium
CUST102115,Manya,Ranganathan,,Female,Single,Graduate,Salaried - Government,Lucknow,Uttar Pradesh,Employed,1282849.41,106904.12,9,Young Professionals,Medium
CUST104437,Lakshit,Sangha,35,Male,Divorced,Graduate,Self Employed,Delhi,Delhi,Self Employed,1385570.83,115464.24,12,Business Owners,High
CUST101146,Finn,Khosla,30,Male,Divorced,Graduate,Homemaker,Lucknow,Uttar Pradesh,Not Employed,94193.51,7849.46,5,Young Professionals,Low
CUST102486,Bhavna,Rama,30,Female,Married,High School,Salaried - Government,Surat,Gujarat,Employed,707174.51,58931.21,4,Young Professionals,Medium
CUST100044,Ryan,Pathak,31,Male,Widowed,Diploma,Business Owner,Udaipur,Rajasthan,Self Employed,13129449.04,1094120.75,13,High Net Worth Individuals,High
CUST102154,Aahana,Lal,39,Female,Divorced,Graduate,Salaried - Government,Mumbai,Maharashtra,Employed,1190260.42,99188.37,,,Medium
CUST101526,Gauri,Chaudhry,44,Female,Married,Post Graduate,Salaried - Private,Thiruvananthapuram,Kerala,Employed,1374111.4,114509.28,11,Business Owners,Medium
CUST104855,Yutika,Nayak,20,Female,Single,Doctorate,Student,Vadodara,Gujarat,Not Employed,35060.07,2921.67,2,Students,Medium
CUST101378,Reyansh,Chowdhury,35,Male,Divorced,,Salaried - Government,Vadodara,Gujarat,Employed,887738.13,73978.18,1,Young Professionals,Medium
CUST101765,Ekani,Oommen,21,Female,Married,Graduate,Salaried - Private,Kanpur,Uttar Pradesh,Employed,894923.6,74576.97,3,Young Professionals,High
CUST103012,Yachana,Khosla,26,Female,Divorced,Graduate,Homemaker,Jaipur,Rajasthan,Not Employed,21325.56,1777.13,8,Young Professionals,Medium
CUST100413,Madhav,Upadhyay,39,Male,Married,Graduate,Self Employed,Bengaluru,Karnataka,Self Employed,1985827.69,165485.64,13,Business Owners,High
CUST104284,Sanaya,Mand,27,Female,Married,Graduate,Salaried - Private,Kochi,Kerala,Employed,1626326.64,135527.22,9,Young Professionals,High
CUST101407,Aashi,Gade,32,Female,Married,Diploma,Salaried - Private,Kochi,Kerala,Employed,708819.98,,9,Young Professionals,Medium
CUST101658,Ekani,Mital,52,Female,Married,Graduate,,Mysuru,Karnataka,Employed,1796159.74,149679.98,20,Business Owners,Medium
CUST100801,Naksh,Mallick,53,Male,Married,Post Graduate,Self Employed,Ludhiana,Punjab,Self Employed,2219365.21,184947.1,10,Business Owners,High
CUST101288,Madhav,Bali,30,Male,Married,Doctorate,Salaried - Private,Thiruvananthapuram,Kerala,,1779780.41,148315.03,4,Young Professionals,Medium
CUST102182,Jyoti,Jain,20,Female,,Post Graduate,Student,Nagpur,Maharashtra,Not Employed,34562.77,2880.23,2,Students,Medium
CUST102588,Ekaja,Jain,64,Female,Single,Post Graduate,Retired,Jaipur,Rajasthan,Retired,634208.32,52850.69,11,Retired Customers,
CUST102615,Mahika,Narayan,43,,Divorced,Graduate,Homemaker,Dehradun,Uttarakhand,Not Employed,,5537.89,19,Business Owners,Low
CUST102318,Ayaan,Lata,52,Male,Married,Post Graduate,Business Owner,Kolkata,West Bengal,Self Employed,4085339.85,340444.99,17,High Net Worth Individuals,High
CUST100256,Akshay,Ramachandran,52,Male,Married,Graduate,Business Owner,Kolkata,West Bengal,Self Employed,14466292.62,1205524.39,12,High Net Worth Individuals,High
CUST104541,Hemani,Baria,52,Female,Divorced,Diploma,Business Owner,Nagpur,Maharashtra,Self Employed,8966346.7,747195.56,18,High Net Worth Individuals,High
CUST101729,Daniel,Singhal,28,Male,Married,Post Graduate,Freelancer,Dehradun,Uttarakhand,Self Employed,,41980.3,10,Young Professionals,High
CUST101151,Avni,Chaudhari,37,Female,Single,Graduate,Salaried - Private,Ahmedabad,Gujarat,Employed,1572472.69,131039.39,8,Business Owners,Medium
CUST104144,Ekalinga,Mall,33,Male,Divorced,Graduate,Salaried - Private,Chandigarh,Punjab,Employed,1463812.29,121984.36,13,Young Professionals,Medium
CUST100647,Vincent,Sen,30,Male,Widowed,Post Graduate,Salaried - Private,Lucknow,Uttar Pradesh,Employed,547030.07,45585.84,12,Young Professionals,Medium
CUST102908,Varenya,Babu,21,Female,Widowed,High School,Student,Bhubaneswar,Odisha,Not Employed,99749.35,8312.45,3,Students,Medium
CUST101702,Manthan,Chokshi,49,Male,Married,Graduate,Self Employed,Patna,Bihar,Self Employed,448422.01,37368.5,13,Business Owners,Medium
CUST101881,Gabriel,Dave,32,Male,Married,Graduate,Salaried - Government,Ahmedabad,Gujarat,Employed,801677.71,66806.48,8,Young Professionals,Medium
CUST103768,Dipta,Ben,26,Female,Married,Graduate,Freelancer,Coimbatore,Tamil Nadu,Self Employed,716463.54,59705.3,8,Young Professionals,High
CUST101315,Jatin,Ramaswamy,25,Male,Widowed,High School,Self Employed,Dehradun,Uttarakhand,Self Employed,992964.95,82747.08,7,Young Professionals,High
CUST102269,Vivaan,Zachariah,33,Male,Single,Graduate,Salaried - Private,Dehradun,Uttarakhand,Employed,1130718.56,94226.55,11,Young Professionals,Medium
CUST101966,Bimala,Kari,18,Female,Single,Graduate,Student,Vadodara,Gujarat,,50563.56,4213.63,1,Students,
CUST102465,Parth,Sathe,21,Male,Married,Post Graduate,Student,Coimbatore,Tamil Nadu,Not Employed,30778.15,2564.85,3,Students,Medium
CUST103855,Azad,Chatterjee,64,Male,Married,Graduate,,Ahmedabad,Gujarat,Retired,903606.24,75300.52,6,Retired Customers,Low
CUST101350,Tristan,Andra,45,Male,Married,High School,Salaried - Government,Lucknow,Uttar Pradesh,Employed,938420.95,78201.75,18,Business Owners,Medium
CUST103296,Niharika,Contractor,31,Female,Married,Post Graduate,Salaried - Government,Ahmedabad,Gujarat,Employed,1007326.38,83943.87,11,Young Professionals,Medium
CUST100112,Aarav,Ramakrishnan,18,Male,Single,High School,Student,Hyderabad,Telangana,Not Employed,31554.46,2629.54,1,Students,Medium
CUST103133,Laban,Sachdeva,41,Male,Single,,Self Employed,Lucknow,Uttar Pradesh,Self Employed,1183386.34,98615.53,17,Business Owners,High
CUST100263,Vedhika,Gopal,45,Female,Single,High School,Salaried - Government,Ranchi,Jharkhand,Employed,870779.37,72564.95,3,Business Owners,Medium
CUST101393,Chakrika,Yadav,42,Female,Married,Graduate,Salaried - Government,Chennai,Tamil Nadu,Employed,909726.78,75810.57,2,Business Owners,Medium
CUST101878,Zilmil,Bava,36,Female,Single,Graduate,Salaried - Government,Bhubaneswar,Odisha,Employed,889786.21,74148.85,4,,Medium
CUST101186,Manya,Sama,63,Female,Divorced,Graduate,Retired,Mysuru,Karnataka,Retired,480167.65,40013.97,4,Retired Customers,Low
CUST103071,Vamakshi,Shankar,51,Female,Single,Graduate,Self Employed,Ahmedabad,Gujarat,Self Employed,1859730.03,154977.5,15,Business Owners,Medium
CUST100056,Urishilla,Dugar,25,Female,Single,Graduate,Self Employed,,Maharashtra,Self Employed,1999075.72,166589.64,7,Young Professionals,High
CUST101309,Lila,Varkey,19,Female,Single,Graduate,,Guwahati,Assam,Not Employed,69922.05,5826.84,1,Students,Medium
CUST100695,Faraj,Gaba,39,Male,Married,High School,Salaried - Government,Nagpur,Maharashtra,Employed,1706834.26,142236.19,11,Business Owners,Medium
CUST102952,Shaurya,Agrawal,46,Male,Single,Post Graduate,Business Owner,Hyderabad,Telangana,Self Employed,5471138.76,455928.23,17,,High
CUST101726,Ucchal,Narula,47,Female,Widowed,Post Graduate,Business Owner,Chandigarh,Punjab,Self Employed,6341440.2,528453.35,16,High Net Worth Individuals,High
CUST102091,Vyanjana,Barad,42,Female,Married,Graduate,Salaried - Government,Kochi,Kerala,Employed,1631023.89,135918.66,14,Business Owners,Medium
CUST103869,Devansh,Bhatia,58,Male,,Graduate,Retired,Bhubaneswar,Odisha,Retired,509333.9,42444.49,6,Retired Customers,Low
CUST100319,Keya,Mohan,60,Female,Single,Post Graduate,Retired,Patna,Bihar,Retired,341120.68,28426.72,6,Retired Customers,Low
CUST104320,Jagrati,Kar,28,Female,Divorced,Post Graduate,Salaried - Private,Bhopal,Madhya Pradesh,Employed,1493428.64,124452.39,5,Young Professionals,High
CUST100682,Nilima,Puri,46,Female,Single,Graduate,Business Owner,Thiruvananthapuram,Kerala,Self Employed,5748001.5,479000.12,18,High Net Worth Individuals,High
CUST103841,Mahika,Dara,41,Female,Single,High School,Salaried - Private,Pune,Maharashtra,Employed,980124.03,81677,12,,Medium
CUST103213,Aarnav,Chaudhary,46,Male,Widowed,Graduate,Salaried - Private,Mumbai,Maharashtra,Employed,1640292.28,136691.02,7,Business Owners,Medium
CUST102002,Meghana,Boase,40,Female,Widowed,Post Graduate,Business Owner,Bhubaneswar,Odisha,Self Employed,,533230.53,11,High Net Worth Individuals,High
CUST104782,Anmol,Patla,23,Male,Married,Diploma,Student,Raipur,Chhattisgarh,Not Employed,98699.83,8224.99,3,Students,Medium
CUST104150,Avni,Kothari,76,Female,Divorced,Graduate,Retired,Bengaluru,Karnataka,Retired,277310.64,23109.22,4,Retired Customers,Low
CUST100286,Bishakha,Kibe,,Female,,Post Graduate,Salaried - Government,Dehradun,Uttarakhand,Employed,1583763.02,131980.25,13,Business Owners,Medium
CUST101888,Ekani,Devi,40,Female,Married,Post Graduate,Salaried - Private,Kanpur,Uttar Pradesh,Employed,764585.11,63715.43,18,Business Owners,Medium
CUST102337,Urishilla,Nair,22,Female,Married,Post Graduate,Homemaker,Patna,Bihar,Not Employed,41520.61,3460.05,4,Young Professionals,Medium
CUST102520,Nitara,Bir,63,Female,Widowed,Post Graduate,Retired,Mysuru,Karnataka,Retired,368018.44,30668.2,19,Retired Customers,Low
CUST102277,Timothy,Morar,33,Male,Divorced,Post Graduate,Self Employed,Patna,Bihar,Self Employed,892394.79,74366.23,15,Business Owners,High
CUST102127,Saumya,Ahluwalia,37,Female,Widowed,High School,Freelancer,Indore,Madhya Pradesh,Self Employed,928692.38,77391.03,17,Business Owners,High
CUST103499,Upkaar,Nair,21,Male,Divorced,High School,Salaried - Private,Kolkata,West Bengal,Employed,1707488.84,142290.74,3,,High
CUST104211,Siddharth,Gandhi,33,Male,Married,Diploma,Salaried - Government,Kanpur,Uttar Pradesh,Employed,756860.21,63071.68,13,Young Professionals,Medium
CUST102083,Onveer,Setty,24,Male,Divorced,Post Graduate,Freelancer,Jaipur,Rajasthan,Self Employed,442439.86,36869.99,6,Young Professionals,High
CUST100736,Arunima,Khare,38,Female,Divorced,High School,Self Employed,Chennai,Tamil Nadu,Self Employed,1383649.32,115304.11,2,,High
CUST104801,Chatura,Ranganathan,24,,Single,Graduate,Salaried - Government,Delhi,Delhi,Employed,719069.79,59922.48,6,Young Professionals,Medium
CUST100336,Edhitha,Mahal,29,Female,Widowed,Post Graduate,Salaried - Private,Kanpur,Uttar Pradesh,Employed,923557.36,76963.11,4,Young Professionals,High
CUST102596,Chaaya,Ahuja,50,Female,Single,Graduate,Self Employed,Bhopal,Madhya Pradesh,Self Employed,1598082.42,133173.54,12,Business Owners,Medium
CUST102771,Adweta,Dhawan,43,Female,Widowed,Post Graduate,Self Employed,Chandigarh,Punjab,Self Employed,1574377.04,131198.09,18,Business Owners,High
CUST103704,Yashvi,Wadhwa,36,Female,Widowed,Post Graduate,Salaried - Private,Ranchi,Jharkhand,Employed,2492121.86,207676.82,17,Business Owners,High
CUST104404,Ganga,Mutti,24,Female,Married,Graduate,Salaried - Private,Nagpur,Maharashtra,Employed,1572516.61,131043.05,6,Young Professionals,High
CUST101071,Qasim,Chanda,30,Male,Widowed,Post Graduate,Salaried - Government,Kochi,Kerala,Employed,600741.59,50061.8,12,Young Professionals,Medium
CUST102290,Urmi,Rana,26,Female,Divorced,Post Graduate,Salaried - Private,Indore,Madhya Pradesh,Employed,1442095.42,120174.62,8,Young Professionals,High
CUST101672,Kritika,Bali,20,Female,Single,Graduate,,Surat,Gujarat,Not Employed,52553.23,4379.44,2,,
CUST104083,Harinakshi,Badami,59,Female,Widowed,Graduate,Homemaker,Chandigarh,Punjab,Not Employed,84051.34,7004.28,2,Business Owners,Low
CUST104250,Om,Prabhakar,67,Male,Single,Graduate,Retired,Kochi,Kerala,Retired,280093.07,23341.09,20,Retired Customers,Low
CUST104113,Damyanti,Parikh,33,Female,Married,Graduate,Salaried - Private,Ranchi,Jharkhand,Employed,2431349.63,202612.47,6,Young Professionals,High
CUST104408,David,Wali,34,Male,Divorced,Graduate,Business Owner,Coimbatore,Tamil Nadu,Self Employed,8409488.69,700790.72,,High Net Worth Individuals,High
CUST103366,Robert,Keer,32,Male,Widowed,Post Graduate,Salaried - Private,Nashik,Maharashtra,,639506,53292.17,10,Young Professionals,Medium
CUST101488,Vedhika,Chaudry,65,Female,Single,Graduate,Retired,Dehradun,Uttarakhand,,401736.47,33478.04,17,Retired Customers,Low
CUST100498,Abhimanyu,Lalla,30,Male,Widowed,Doctorate,Salaried - Private,Lucknow,Uttar Pradesh,Employed,1770907.41,147575.62,11,Young Professionals,Medium
CUST104382,Aradhana,Venkataraman,45,Female,Single,High School,Salaried - Government,Pune,Maharashtra,Employed,669607.79,55800.65,,Business Owners,Low
CUST103479,Watika,Shankar,45,Female,Divorced,Graduate,Salaried - Private,Coimbatore,Tamil Nadu,Employed,2439329.97,203277.5,10,Business Owners,Medium
CUST102581,Frederick,Nayak,26,Male,Married,Graduate,Homemaker,Kochi,Kerala,Not Employed,43208.68,3600.72,8,Young Professionals,
CUST103123,Vamakshi,Sagar,,Female,Single,Post Graduate,Salaried - Private,Indore,Madhya Pradesh,Employed,988158.49,82346.54,19,Business Owners,Medium
CUST102921,Mitesh,Chatterjee,30,Male,Single,Post Graduate,Business Owner,Ranchi,Jharkhand,Self Employed,10909981.63,909165.14,,High Net Worth Individuals,High
CUST104377,Brijesh,Dash,33,Male,Widowed,Graduate,Business Owner,Kolkata,West Bengal,Self Employed,10320068.86,860005.74,,High Net Worth Individuals,High
CUST102644,Warjas,Banik,23,Male,Divorced,High School,Salaried - Private,Lucknow,Uttar Pradesh,Employed,527388.85,43949.07,5,Young Professionals,Medium
CUST104286,Wazir,Dasgupta,36,,Divorced,Post Graduate,Salaried - Government,Kolkata,West Bengal,Employed,1581608.54,131800.71,3,Business Owners,Medium
CUST104040,Tarak,Soman,31,Male,Widowed,Graduate,Salaried - Government,Bengaluru,Karnataka,Employed,874846.28,72903.86,5,Young Professionals,Medium
CUST102034,Ekiya,Sehgal,20,Female,Single,Graduate,Student,Bengaluru,Karnataka,Not Employed,126711.29,,2,Students,Medium
CUST101022,Samarth,Gole,34,Male,Widowed,Graduate,Freelancer,Ranchi,Jharkhand,Self Employed,862845.79,71903.82,4,Young Professionals,
CUST102282,Ekanta,Padmanabhan,52,Female,Single,Diploma,Homemaker,Indore,Madhya Pradesh,Not Employed,71425.75,5952.15,15,Business Owners,Low
CUST104886,Jai,Raman,34,Male,Single,Graduate,Salaried - Private,,Jharkhand,Employed,2420979.63,201748.3,12,Young Professionals,
CUST104219,Mitesh,Ahuja,71,Male,Widowed,High School,Retired,Kolkata,West Bengal,Retired,668112.69,55676.06,12,Retired Customers,Low
CUST103063,Oscar,Salvi,33,Male,Divorced,Diploma,Salaried - Private,Bhopal,,Employed,1063668.43,88639.04,15,Young Professionals,Medium
CUST104365,Omaja,Bhatt,72,Female,Married,Graduate,Retired,Nagpur,Maharashtra,Retired,279038.97,,5,Retired Customers,Low
CUST100665,Dalaja,Oza,42,Female,Divorced,Graduate,Salaried - Government,Bhubaneswar,Odisha,Employed,1091302.48,90941.87,12,Business Owners,Medium
CUST103932,Ekapad,Raghavan,21,Male,Single,Graduate,Salaried - Government,Ranchi,Jharkhand,Employed,1282551.59,106879.3,3,Young Professionals,Medium
CUST102638,Neel,Ahuja,61,Male,Married,High School,Homemaker,Chandigarh,Punjab,Not Employed,90009.85,7500.82,18,Business Owners,Low
CUST103176,Ijaya,Vora,40,Female,Widowed,Graduate,Salaried - Private,Chandigarh,Punjab,Employed,1698892.78,141574.4,1,Business Owners,Medium
CUST104265,Radha,Bath,25,Female,Single,Diploma,Self Employed,Hyderabad,Telangana,Self Employed,1010993.52,84249.46,5,Young Professionals,High
CUST103121,Mitesh,Sehgal,35,Male,Single,Post Graduate,Business Owner,Ludhiana,Punjab,Self Employed,9366393.36,780532.78,17,High Net Worth Individuals,High
CUST101017,Balhaar,Bath,29,Male,,Graduate,Salaried - Government,Pune,Maharashtra,Employed,776404.75,64700.4,11,Young Professionals,Medium
CUST100557,Mahika,Nair,28,Female,Single,Doctorate,Salaried - Private,Thiruvananthapuram,Kerala,Employed,,88175.12,10,Young Professionals,High
CUST102399,Praneel,Shanker,49,Male,Single,Post Graduate,Business Owner,Pune,Maharashtra,Self Employed,6791456.11,565954.68,3,High Net Worth Individuals,
CUST101207,Agastya,Shenoy,47,Male,Married,Graduate,Business Owner,Guwahati,Assam,Self Employed,8146603.27,678883.61,5,High Net Worth Individuals,High
CUST102005,Omya,Mohan,52,Female,Divorced,Post Graduate,Salaried - Government,Bhubaneswar,Odisha,Employed,765600.54,63800.05,12,Business Owners,Low
CUST102656,Fitan,Ramachandran,36,Male,Married,Graduate,Self Employed,Bengaluru,Karnataka,Self Employed,2432644.28,202720.36,8,Business Owners,High
CUST102135,Luke,Bhandari,43,Male,Single,Graduate,Business Owner,Guwahati,Assam,Self Employed,6727766.22,560647.18,6,High Net Worth Individuals,High
CUST101510,Tripti,Srinivas,29,Female,Divorced,Post Graduate,Salaried - Private,Chandigarh,Punjab,Employed,1831381.37,152615.11,3,Young Professionals,High
CUST101736,Ekantika,Iyer,41,Female,Widowed,Diploma,Salaried - Government,Bhopal,Madhya Pradesh,Employed,985935.82,82161.32,,Business Owners,Medium
CUST100245,Oni,Shukla,32,Female,Divorced,High School,Salaried - Private,Lucknow,Uttar Pradesh,Employed,832689.8,69390.82,14,Young Professionals,Medium
CUST101163,Faraj,Rai,37,Male,Divorced,,Business Owner,Bhopal,Madhya Pradesh,Self Employed,,208576.24,17,Business Owners,High
CUST103362,Zaitra,Krishnamurthy,35,Female,Single,Graduate,Self Employed,Mysuru,Karnataka,Self Employed,1640157.99,136679.83,17,Business Owners,High
CUST100266,Hitesh,Sha,38,Male,Divorced,Post Graduate,Business Owner,Kochi,Kerala,Self Employed,11750248.24,979187.35,16,High Net Worth Individuals,High
CUST102366,Yashawini,Raghavan,59,Other,Divorced,High School,Retired,Chandigarh,Punjab,Retired,394937.05,32911.42,11,Retired Customers,Low
CUST101114,Aarush,Wali,31,Male,Married,Post Graduate,Salaried - Private,Surat,Gujarat,Employed,886477.34,73873.11,13,Young Professionals,Medium
CUST100063,Gaurika,Zacharia,41,Female,Married,Graduate,Salaried - Government,Bhubaneswar,Odisha,Employed,782072.5,65172.71,5,Business Owners,Medium
CUST102592,Aahana,Tak,23,Female,Widowed,High School,Freelancer,Indore,Madhya Pradesh,Self Employed,462288.72,,3,Young Professionals,
CUST102788,Logan,Shroff,25,Male,Widowed,High School,Unemployed,Lucknow,Uttar Pradesh,Not Employed,53906.1,4492.18,2,Young Professionals,Medium
CUST102757,Avni,Acharya,40,Female,Divorced,Graduate,Salaried - Private,Chandigarh,Punjab,Employed,1365456.71,113788.06,12,Business Owners,Medium
CUST103011,Chavvi,Sethi,33,Female,Single,,Salaried - Government,Indore,Madhya Pradesh,Employed,1675615.08,139634.59,1,Young Professionals,Medium
CUST103076,Bhavya,Batta,22,Other,Married,Graduate,Salaried - Private,Bhopal,Madhya Pradesh,Employed,1254107.51,104508.96,4,Young Professionals,High
CUST102998,Tripti,Vig,28,Female,Widowed,Doctorate,Salaried - Private,Jaipur,Rajasthan,Employed,881109.31,73425.78,8,Young Professionals,High
CUST102815,Jacob,Sundaram,53,Male,,High School,Salaried - Government,Mumbai,Maharashtra,Employed,1024542.34,85378.53,2,Business Owners,Medium
CUST102259,Chakrika,Chawla,47,Female,Divorced,High School,Salaried - Private,Raipur,Chhattisgarh,Employed,948997.42,79083.12,12,Business Owners,Medium
CUST104958,Anika,Vaidya,32,Female,Married,Graduate,Unemployed,Bengaluru,Karnataka,Not Employed,15839.25,1319.94,14,Young Professionals,Low
CUST103204,Akshay,Chana,69,Male,Divorced,Post Graduate,Retired,,Punjab,Retired,649449.47,54120.79,18,Retired Customers,Low
CUST101237,Warhi,Pall,39,Female,Widowed,Graduate,Salaried - Private,Udaipur,Rajasthan,Employed,1224318.49,102026.54,18,Business Owners,Medium
CUST100103,Kritika,Borra,61,Female,Single,Graduate,Retired,Pune,Maharashtra,Retired,591298.9,49274.91,19,Retired Customers,Low
CUST102643,Pallavi,Srinivas,33,Female,Divorced,High School,Salaried - Government,Ahmedabad,Gujarat,Employed,729859.76,60821.65,15,Young Professionals,Medium
CUST100272,Atharv,Palla,48,,Married,,Business Owner,Delhi,Delhi,Self Employed,16283703.79,1356975.32,7,High Net Worth Individuals,High
CUST100508,Arin,Barad,33,Male,Single,Graduate,Business Owner,Lucknow,Uttar Pradesh,Self Employed,8418278.97,701523.25,10,High Net Worth Individuals,High
CUST102226,Ayushman,Kale,42,Male,Single,High School,Salaried - Private,Bhubaneswar,Odisha,Employed,2301054.15,191754.51,17,Business Owners,High
CUST104933,Advay,Vasa,22,Male,Widowed,Post Graduate,Salaried - Government,Bhubaneswar,Odisha,Employed,1650785.88,137565.49,4,,Medium
CUST102441,Ganga,Bedi,27,Female,Married,Graduate,Salaried - Government,Ranchi,Jharkhand,Employed,821896.02,68491.34,9,Young Professionals,Medium
CUST100865,Varenya,Kota,46,,Widowed,Graduate,Salaried - Private,Kanpur,Uttar Pradesh,Employed,1088510.73,90709.23,18,Business Owners,Medium
CUST103326,Ladli,Varma,48,Female,Single,Diploma,Salaried - Private,Vadodara,Gujarat,Employed,2239447.77,186620.65,10,Business Owners,Medium
CUST100908,Wazir,Badal,67,Male,Divorced,Diploma,Retired,Surat,Gujarat,Retired,546316.23,45526.35,13,Retired Customers,Low
CUST102114,Udyati,Pau,34,Female,Married,Post Graduate,Salaried - Private,Chennai,Tamil Nadu,Employed,1412422.3,117701.86,2,Young Professionals,Medium
CUST103896,Pavani,Manne,35,Female,Widowed,Graduate,Homemaker,Kanpur,Uttar Pradesh,Not Employed,90852.81,7571.07,3,Young Professionals,Low
CUST101627,Dipta,Sen,32,Female,Single,,Salaried - Government,Mysuru,Karnataka,Employed,923382.45,76948.54,3,Young Professionals,Medium
CUST102873,Upasna,Kamdar,20,Female,Single,Post Graduate,Student,Surat,Gujarat,Not Employed,59394.73,4949.56,2,Students,Medium
CUST101522,Imaran,Balan,31,Male,Widowed,Graduate,Salaried - Private,Kolkata,West Bengal,Employed,883856.57,73654.71,4,Young Professionals,Medium
CUST100835,Ganga,Modi,23,Female,Divorced,Post Graduate,Salaried - Government,Kanpur,Uttar Pradesh,,829723.44,69143.62,5,Young Professionals,Medium
CUST100358,Chaitaly,Dugar,33,Female,,Graduate,Freelancer,Thiruvananthapuram,Kerala,Self Employed,1094508.82,91209.07,13,Young Professionals,High
CUST100138,Kevin,Deo,67,Male,Single,Post Graduate,Retired,Jaipur,Rajasthan,Retired,471874.29,39322.86,12,Retired Customers,Low
CUST100299,Wyatt,Shroff,20,Male,Single,Post Graduate,Student,Coimbatore,Tamil Nadu,Not Employed,11531.13,960.93,2,Students,Medium
CUST101556,Gagan,Radhakrishnan,34,Male,,Diploma,Business Owner,Hyderabad,Telangana,Self Employed,4586810.46,382234.21,7,High Net Worth Individuals,High
CUST101003,Dayita,Bhatia,34,Female,Divorced,Graduate,,Surat,Gujarat,Employed,610315.26,50859.61,16,Young Professionals,Medium
CUST100382,Advaith,Luthra,18,Male,Single,Doctorate,Student,Kochi,Kerala,Not Employed,45054.39,3754.53,1,Students,Medium
CUST100941,Maanas,Brar,37,Male,Divorced,,Salaried - Private,Chandigarh,Punjab,Employed,1781562.57,,,Business Owners,Medium
CUST104446,Aashi,Samra,72,Female,Married,Graduate,Retired,Kanpur,Uttar Pradesh,Retired,351245.58,29270.47,10,Retired Customers,Low
CUST104854,Patrick,Sandhu,58,Male,Married,Graduate,Retired,Mumbai,Maharashtra,Retired,388707.81,32392.32,7,,Low
CUST100761,Andrew,Memon,34,Male,Divorced,Graduate,,Lucknow,Uttar Pradesh,Not Employed,31519.45,2626.62,1,Young Professionals,Low
CUST101705,Omaja,Malhotra,25,Female,Widowed,Post Graduate,Business Owner,Hyderabad,Telangana,,7257281.19,604773.43,7,High Net Worth Individuals,High
CUST101873,Darika,Sachdeva,41,Female,Single,Doctorate,Business Owner,Guwahati,Assam,Self Employed,6418978.94,534914.91,7,,High
CUST102550,Ronith,Yadav,39,,Divorced,Post Graduate,Salaried - Government,Mysuru,Karnataka,Employed,915698.24,76308.19,4,Business Owners,Medium
CUST102086,Ekaja,Chopra,37,Female,Divorced,Graduate,Salaried - Private,Ludhiana,Punjab,Employed,1606563.1,133880.26,13,,Medium
CUST102197,Harita,Shankar,41,Female,Divorced,Graduate,Salaried - Government,Ahmedabad,Gujarat,Employed,1043098.31,86924.86,1,Business Owners,Medium
CUST100898,Anjali,Devan,33,Female,Widowed,Graduate,Salaried - Government,Hyderabad,Telangana,Employed,1199723.39,99976.95,15,Young Professionals,Medium
CUST103999,Jagrati,Som,58,Female,Divorced,Post Graduate,Business Owner,,Uttar Pradesh,Self Employed,7074592.38,589549.36,2,High Net Worth Individuals,High
CUST103615,Dipta,Kapur,37,Female,Widowed,Post Graduate,Homemaker,,Kerala,Not Employed,59909.98,4992.5,4,Business Owners,Low
CUST101402,Gabriel,Saraf,43,Other,Divorced,Graduate,Homemaker,Mysuru,Karnataka,Not Employed,,8820.41,3,Business Owners,Low
CUST103873,Ayaan,Ben,58,Male,Single,Graduate,Retired,Delhi,Delhi,Retired,600901.9,50075.16,2,Retired Customers,Low
CUST103785,Siddharth,Seth,29,Male,Single,Post Graduate,Salaried - Private,Ahmedabad,Gujarat,Employed,1365883.71,113823.64,9,Young Professionals,High
CUST104386,Yutika,Pandey,65,Female,Married,High School,Retired,Udaipur,Rajasthan,Retired,608669.93,50722.49,19,,Low
CUST102955,Champak,Pathak,73,Male,Single,Graduate,Retired,Pune,Maharashtra,Retired,551336.12,45944.68,14,Retired Customers,Low
CUST101512,Meera,Rajagopal,38,Female,Widowed,Post Graduate,Self Employed,Delhi,Delhi,Self Employed,1286979.54,107248.29,13,Business Owners,High
CUST101188,Balvan,Patel,36,Male,Single,Doctorate,Self Employed,Guwahati,Assam,Self Employed,1672019.41,139334.95,2,Business Owners,High
CUST102989,Oviya,Datta,18,,Single,High School,Student,Thiruvananthapuram,Kerala,Not Employed,113747.86,9478.99,1,Students,Medium
CUST102080,Samesh,Dhar,58,,Divorced,Graduate,Retired,Coimbatore,Tamil Nadu,Retired,918880.28,76573.36,11,Retired Customers,Medium
CUST104983,Mahika,Sama,34,Female,Single,Graduate,Salaried - Private,Chandigarh,Punjab,Employed,947419.76,78951.65,16,Young Professionals,Medium
CUST103437,Maanav,Lala,38,Male,Single,Graduate,Business Owner,Mysuru,Karnataka,Self Employed,12656985.11,1054748.76,13,High Net Worth Individuals,High
CUST100108,Samar,Sunder,22,Male,Single,Diploma,Homemaker,Coimbatore,Tamil Nadu,,72618.97,6051.58,4,Young Professionals,Medium
CUST104698,Simon,Prabhu,21,Male,Widowed,High School,Salaried - Private,Ranchi,Jharkhand,Employed,1005172.97,83764.41,3,,High
CUST102827,Wazir,Mitra,35,Male,Widowed,High School,Unemployed,Kolkata,West Bengal,Not Employed,35040.09,2920.01,11,Young Professionals,Low
CUST104747,Gunbir,Murty,26,Male,Widowed,High School,Salaried - Private,Kochi,Kerala,Employed,896985.87,74748.82,8,Young Professionals,High
CUST100058,Lekha,Tella,29,Female,Single,Graduate,Business Owner,Mumbai,Maharashtra,Self Employed,3636931.22,303077.6,11,High Net Worth Individuals,High
CUST100076,Ryan,Prakash,41,Male,Divorced,Graduate,Homemaker,,Chhattisgarh,Not Employed,94905.36,7908.78,3,Business Owners,Low
CUST100796,Ganga,Sengupta,18,Female,Single,Graduate,Student,Pune,Maharashtra,Not Employed,68577.69,5714.81,1,Students,Medium
CUST100368,Simon,Contractor,41,Male,Divorced,Graduate,Salaried - Private,Raipur,Chhattisgarh,Employed,1948833.1,162402.76,18,Business Owners,Medium
CUST104905,Jagdish,Kapadia,47,Male,Divorced,Graduate,Business Owner,Kanpur,Uttar Pradesh,Self Employed,6059455.77,504954.65,,High Net Worth Individuals,High
CUST100785,Parth,Sekhon,61,Male,Widowed,High School,Business Owner,Kochi,Kerala,Self Employed,17725278.57,1477106.55,13,High Net Worth Individuals,Medium
CUST102088,Yutika,Thaman,35,Female,Married,Graduate,Salaried - Government,Hyderabad,Telangana,Employed,998017.64,83168.14,5,,Medium
CUST102314,Nachiket,Tara,40,Male,Widowed,Graduate,Salaried - Private,Mysuru,Karnataka,Employed,1454059.86,121171.66,17,Business Owners,Medium
CUST103384,Jagat,Savant,38,Male,Widowed,Graduate,Self Employed,Vadodara,,Self Employed,1073987.59,89498.97,15,Business Owners,High
CUST103605,Chandresh,Sagar,39,Male,Divorced,Graduate,Salaried - Private,Pune,Maharashtra,Employed,1419194.07,,5,Business Owners,Medium
CUST104111,Upadhriti,Dara,34,Female,Widowed,Post Graduate,Unemployed,,Kerala,Not Employed,65885.7,5490.47,13,Young Professionals,Low
CUST101902,Avi,Bhalla,31,Male,Divorced,Graduate,Unemployed,Indore,Madhya Pradesh,Not Employed,28838.16,2403.18,7,Young Professionals,Low
CUST101703,Wridesh,Bhatt,30,Male,Widowed,Post Graduate,Salaried - Private,Ludhiana,Punjab,Employed,1487482.7,123956.89,12,Young Professionals,
CUST100121,Zilmil,Dugar,31,Female,Single,Graduate,Business Owner,Ranchi,Jharkhand,Self Employed,10157561.75,846463.48,13,High Net Worth Individuals,High
CUST101844,Jasmit,Radhakrishnan,18,Female,Single,High School,Student,Bengaluru,Karnataka,Not Employed,58910.81,4909.23,1,Students,Medium
CUST102369,Naveen,Bhatnagar,22,Male,Married,Post Graduate,Student,Bhubaneswar,Odisha,Not Employed,,,4,Students,Medium
CUST103728,Ekapad,Thaman,52,Male,Single,High School,,Raipur,Chhattisgarh,Self Employed,7074522.39,589543.53,10,High Net Worth Individuals,High
CUST100910,Dayamai,Saha,18,Female,Single,Graduate,Student,Hyderabad,Telangana,Not Employed,6266.99,522.25,1,Students,Medium
CUST100124,Bakhshi,Bir,22,Male,Married,Graduate,Freelancer,Guwahati,Assam,Self Employed,369001.19,30750.1,4,Young Professionals,High
CUST102572,Isha,Sha,47,Female,Divorced,Graduate,Self Employed,Hyderabad,Telangana,Self Employed,2476435.13,206369.59,6,Business Owners,High
CUST101586,Bishakha,Chander,48,Female,Single,Graduate,Salaried - Government,Chennai,Tamil Nadu,Employed,1612361.45,134363.45,12,Business Owners,Medium
CUST101257,Girik,Pau,31,Male,Widowed,Graduate,Salaried - Private,Kolkata,West Bengal,Employed,2160032.68,180002.72,13,Young Professionals,High
CUST103441,Abdul,Singh,47,Male,Divorced,Doctorate,Salaried - Government,Ludhiana,Punjab,Employed,1375376.95,114614.75,2,Business Owners,Medium
CUST103480,Yatin,Chowdhury,39,Male,Widowed,Diploma,Salaried - Government,Patna,Bihar,Employed,621237.3,51769.78,7,Business Owners,Medium
CUST104108,Darika,Narain,23,Female,Widowed,High School,Unemployed,Delhi,Delhi,Not Employed,30459.54,2538.3,1,Young Professionals,Medium
CUST101178,Triveni,Rama,23,Female,Divorced,Graduate,Salaried - Government,Bhopal,Madhya Pradesh,Employed,685799.28,57149.94,5,Young Professionals,Medium
CUST103463,Devansh,Tata,42,Male,Widowed,Post Graduate,Salaried - Private,Ranchi,Jharkhand,Employed,1516575.37,126381.28,10,Business Owners,Medium
CUST103469,Yatan,Dora,29,Male,Married,Graduate,Business Owner,Surat,Gujarat,Self Employed,4850803.25,404233.6,11,High Net Worth Individuals,High
CUST103467,Naksh,Sarin,24,Male,Married,Post Graduate,Salaried - Government,Pune,Maharashtra,Employed,1186830.03,98902.5,6,Young Professionals,Medium
CUST102103,Kamala,Chacko,46,Female,Divorced,Post Graduate,Homemaker,Lucknow,Uttar Pradesh,Not Employed,40870.75,3405.9,15,Business Owners,Low
CUST100442,Vrinda,Lanka,19,Female,Single,High School,Student,Chennai,Tamil Nadu,Not Employed,38072,3172.67,1,Students,Medium
CUST102227,Joshua,Soni,34,Male,Married,Graduate,Salaried - Government,Kochi,Kerala,Employed,663006.48,55250.54,7,Young Professionals,Medium
CUST104416,Indrajit,Radhakrishnan,60,Male,Single,Diploma,Retired,Ludhiana,Punjab,Retired,559574.4,46631.2,2,Retired Customers,Low
CUST100925,Waida,Vora,33,Female,Married,High School,Salaried - Private,Kolkata,West Bengal,Employed,1762298.7,146858.23,15,Young Professionals,
CUST104020,Vyanjana,Chopra,53,Female,Widowed,Graduate,Homemaker,Bhubaneswar,Odisha,Not Employed,47304.61,3942.05,2,Business Owners,Low
CUST102145,Manya,Ratta,37,Female,Married,High School,Salaried - Private,Chandigarh,Punjab,Employed,,70168.21,13,Business Owners,Medium
CUST104770,Nilima,Chahal,41,Female,Divorced,Doctorate,Salaried - Government,Delhi,Delhi,Employed,1163256.31,96938.03,9,Business Owners,Medium
CUST101411,Krish,Dalal,31,Male,Single,Diploma,Salaried - Private,Chandigarh,Punjab,Employed,1545356.29,128779.69,8,Young Professionals,Medium
CUST103466,Karan,Lalla,56,Male,Married,Post Graduate,Business Owner,Coimbatore,Tamil Nadu,Self Employed,13295799.49,1107983.29,18,High Net Worth Individuals,High
CUST102072,Anusha,Din,19,Female,Single,Graduate,Student,Udaipur,Rajasthan,Not Employed,69105.18,5758.76,1,Students,Medium
CUST101509,Neelima,Tara,45,Female,Divorced,High School,Business Owner,Surat,Gujarat,Self Employed,4417683.68,368140.31,15,High Net Worth Individuals,
CUST101227,Ridhi,Raman,43,Female,Divorced,,Self Employed,Kanpur,Uttar Pradesh,Self Employed,1716785.61,143065.47,14,Business Owners,High
CUST104072,Rayaan,Oza,36,Male,Widowed,Graduate,Salaried - Private,Jaipur,Rajasthan,Employed,1872268.02,156022.33,14,Business Owners,Medium
CUST102585,Mitesh,More,26,Male,Single,,Salaried - Private,Bengaluru,Karnataka,Employed,1837667.66,153138.97,8,Young Professionals,High
CUST104450,Abhimanyu,Gupta,33,,Single,Graduate,Salaried - Government,Kochi,Kerala,Employed,1571730.99,,3,Young Professionals,
CUST102951,Nidhi,Pall,38,Female,,Graduate,Business Owner,Kanpur,Uttar Pradesh,Self Employed,7450153.49,620846.12,12,High Net Worth Individuals,High
CUST103885,Gunbir,Date,23,Male,Married,Graduate,Student,Chandigarh,Punjab,Not Employed,32829.39,2735.78,5,Students,Medium
CUST100324,Niharika,Krishnamurthy,48,Female,Single,High School,Salaried - Private,Kochi,Kerala,,925695.39,77141.28,6,Business Owners,Medium
CUST103977,Nitara,Mahajan,41,Female,Divorced,Post Graduate,Self Employed,Ahmedabad,Gujarat,Self Employed,1870632.62,155886.05,20,Business Owners,High
CUST103576,Manan,Ramanathan,68,Male,Divorced,High School,Retired,Guwahati,Assam,Retired,413676.47,34473.04,16,Retired Customers,Low
CUST102211,Sai,Mammen,68,Male,Single,High School,Retired,Dehradun,Uttarakhand,Retired,450905.74,37575.48,11,Retired Customers,Low
CUST103298,Aishani,Yohannan,51,Female,Married,Graduate,Self Employed,Raipur,Chhattisgarh,Self Employed,2489179.9,207431.66,17,Business Owners,High
CUST103035,Rajeshri,Gill,75,Female,,Graduate,Retired,Ahmedabad,Gujarat,Retired,606374.42,50531.2,3,Retired Customers,Low
CUST101498,Noah,Das,30,,Widowed,High School,Salaried - Private,Dehradun,Uttarakhand,Employed,1060817.14,88401.43,5,Young Professionals,Medium
CUST101502,Yuvraj,Balan,63,Male,Divorced,Graduate,Retired,,Gujarat,Retired,448279.07,,15,Retired Customers,Low
CUST101006,Omisha,Venkatesh,32,Female,Single,Post Graduate,Salaried - Private,Jaipur,Rajasthan,Employed,1002899.55,83574.96,,Young Professionals,Medium
CUST104179,Lavanya,Rai,21,Female,Single,High School,Salaried - Private,Coimbatore,Tamil Nadu,Employed,1575677.9,131306.49,1,Young Professionals,High
CUST103013,Chakrika,Arora,58,Female,Married,Graduate,Retired,Kochi,Kerala,Retired,353207.07,29433.92,6,Retired Customers,Low
CUST103516,Irya,Suri,29,Female,Married,Graduate,,Nashik,Maharashtra,Employed,1299215.97,108268,11,Young Professionals,Medium
CUST101467,Laban,Kaur,39,Male,Single,Post Graduate,Salaried - Private,Nagpur,Maharashtra,Employed,2820523.83,235043.65,10,Business Owners,High
CUST101225,Kai,Kapadia,37,Male,Single,Post Graduate,Salaried - Private,Bengaluru,Karnataka,,2393917.39,199493.12,5,,High
CUST103167,Radhika,Char,43,Female,Married,Graduate,Freelancer,Dehradun,Uttarakhand,Self Employed,1501992.09,125166.01,18,Business Owners,High
CUST102267,Anay,Parikh,30,Male,Married,Post Graduate,Freelancer,Patna,Bihar,Self Employed,565773.65,47147.8,12,Young Professionals,Medium
CUST103808,Aarna,Ghose,21,Female,Married,Graduate,Student,Indore,Madhya Pradesh,Not Employed,79969.67,6664.14,2,Students,Medium
CUST101216,Suhani,Warrior,70,Female,Divorced,Graduate,Retired,Lucknow,Uttar Pradesh,Retired,237599.6,,15,Retired Customers,Low
CUST103976,Qarin,Tank,30,Male,Married,Graduate,Salaried - Private,Ranchi,Jharkhand,Employed,591045.2,49253.77,11,Young Professionals,Medium
CUST104584,Kai,Mitter,55,Male,Divorced,Post Graduate,Self Employed,Delhi,Delhi,Self Employed,1070677.3,89223.11,9,Business Owners,Medium
CUST100420,Lakshit,Sachdeva,28,Male,Divorced,Graduate,Homemaker,Mumbai,Maharashtra,Not Employed,128458.68,10704.89,10,Young Professionals,Medium
CUST103422,Kalpit,Dixit,28,Male,Single,Graduate,Business Owner,Pune,Maharashtra,Self Employed,6932276.67,577689.72,2,High Net Worth Individuals,High
CUST100006,Janani,Kaul,29,Female,Single,Graduate,Salaried - Private,Bhopal,Madhya Pradesh,Employed,1543726.9,128643.91,11,,High
CUST100932,Manthan,Kar,30,Male,Widowed,Doctorate,Salaried - Government,Pune,Maharashtra,Employed,643433.14,53619.43,12,Young Professionals,Medium
CUST101691,Urvi,Deo,32,Other,Married,,,Raipur,Chhattisgarh,Employed,467760.13,38980.01,,Young Professionals,Medium
CUST100439,Vasatika,Aurora,34,Female,Single,High School,,Mumbai,Maharashtra,Self Employed,15747362.12,1312280.18,11,,High
CUST101313,Dominic,Krish,18,Male,Single,Graduate,Unemployed,Vadodara,Gujarat,Not Employed,77088,6424,1,Young Professionals,Medium
CUST100678,Ojas,Bumb,40,Male,Single,High School,Salaried - Government,Chennai,Tamil Nadu,Employed,1480104.11,123342.01,5,Business Owners,Medium
CUST101943,Aayush,Contractor,28,Male,Single,Graduate,Salaried - Private,Patna,,Employed,791255.22,65937.93,10,Young Professionals,Medium
CUST104610,Kala,Saraf,35,Female,Single,High School,Self Employed,Dehradun,Uttarakhand,,2814274.95,234522.91,1,Business Owners,High
CUST103303,Alka,Nadig,44,Female,Widowed,Diploma,Homemaker,Jaipur,,Not Employed,109516.75,9126.4,17,Business Owners,Low
CUST102268,Nicholas,Soni,18,Male,Single,Graduate,Student,Delhi,Delhi,Not Employed,77654.11,6471.18,1,Students,Medium
CUST104633,Chatresh,Nigam,38,Male,,Post Graduate,Business Owner,Kochi,Kerala,Self Employed,,1137844.51,12,High Net Worth Individuals,High
CUST104080,Jairaj,Sarma,54,Male,Divorced,Post Graduate,Self Employed,Dehradun,Uttarakhand,Self Employed,2314657.58,192888.13,11,Business Owners,High
CUST102518,Ekansh,Sani,27,Male,Married,Post Graduate,Salaried - Private,Ahmedabad,Gujarat,Employed,1486749.79,,3,,
CUST102439,Falan,Narain,27,Male,Single,Graduate,Salaried - Private,Nagpur,Maharashtra,Employed,,,4,Young Professionals,High
CUST104037,Bhavya,Ramachandran,21,Female,Married,Graduate,Student,Indore,Madhya Pradesh,Not Employed,41712.27,3476.02,3,Students,Medium
CUST101893,Pooja,Deo,38,Female,Divorced,High School,Business Owner,Ahmedabad,Gujarat,Self Employed,13909008.9,1159084.07,14,High Net Worth Individuals,High
CUST104244,Anvi,Chatterjee,18,Female,Single,Post Graduate,Unemployed,Surat,Gujarat,Not Employed,36355.02,3029.58,1,Young Professionals,Medium
CUST104829,Wridesh,Soman,54,Male,Single,Diploma,Salaried - Private,Udaipur,Rajasthan,Employed,1423351.4,118612.62,11,,Medium
CUST102640,Panini,Randhawa,58,Female,Divorced,High School,Retired,Hyderabad,Telangana,Retired,945787.49,78815.62,4,Retired Customers,Medium
CUST100194,Guneet,Patla,31,Male,Married,Diploma,Self Employed,Bhubaneswar,Odisha,Self Employed,2579676.08,214973.01,9,Young Professionals,High
CUST101474,Rachita,Johal,29,Female,Married,Graduate,Salaried - Private,Coimbatore,Tamil Nadu,Employed,1404734.24,117061.19,5,Young Professionals,High
CUST104616,Yatan,Gole,41,Male,Married,Graduate,Salaried - Government,Bengaluru,Karnataka,Employed,941339.13,78444.93,3,,Medium
CUST101211,Ekaraj,Mitter,49,Male,Divorced,Diploma,,Raipur,Chhattisgarh,Self Employed,2981943.68,248495.31,4,Business Owners,High
CUST102438,Anvi,Nagar,29,Female,Married,Graduate,Salaried - Government,Chandigarh,Punjab,Employed,1425799.78,118816.65,11,Young Professionals,Medium
CUST101657,Chandran,Kari,25,Male,Married,Graduate,Business Owner,Lucknow,Uttar Pradesh,Self Employed,9847372.26,820614.35,6,High Net Worth Individuals,High
CUST102700,Dhruv,Balakrishnan,34,Male,Widowed,Diploma,Salaried - Private,Bengaluru,Karnataka,Employed,1648734.25,137394.52,13,Young Professionals,Medium
CUST103082,Neel,Khanna,19,Other,Single,Graduate,Student,Vadodara,Gujarat,Not Employed,77589.15,6465.76,1,Students,Medium
CUST102705,Hemal,Sehgal,20,,Single,Post Graduate,Student,Coimbatore,,Not Employed,15045.82,1253.82,2,Students,Medium
CUST104226,Idika,Desai,29,Female,Widowed,Post Graduate,Salaried - Private,Pune,Maharashtra,Employed,2126790.41,177232.53,11,Young Professionals,High
CUST102842,Kavya,Hayer,49,Female,Married,High School,Salaried - Private,Hyderabad,Telangana,Employed,2346604.04,195550.34,19,Business Owners,Medium
CUST102302,Upkaar,Magar,74,Male,Divorced,Post Graduate,Retired,Udaipur,Rajasthan,Retired,782254.59,65187.88,13,Retired Customers,Low
CUST101130,Amol,Chander,50,,Divorced,Post Graduate,Self Employed,Mumbai,Maharashtra,Self Employed,2418625.99,201552.17,,Business Owners,High
CUST101461,Bishakha,Bhatia,27,Female,Divorced,Graduate,Salaried - Private,Mumbai,Maharashtra,Employed,1680968.36,140080.7,9,,High
CUST100276,Aishani,Dua,48,Female,Divorced,,Business Owner,Coimbatore,Tamil Nadu,Self Employed,6633841.47,552820.12,6,High Net Worth Individuals,
CUST102222,Nakul,Sur,39,Male,Single,Graduate,Unemployed,Kanpur,Uttar Pradesh,Not Employed,40887.93,3407.33,16,Business Owners,Low
CUST102331,Anvi,Verma,45,Female,Widowed,Graduate,Self Employed,Kanpur,Uttar Pradesh,Self Employed,2027774.63,168981.22,19,Business Owners,High
CUST104322,Yagnesh,Ramanathan,36,Male,Widowed,Post Graduate,,Bhubaneswar,,Employed,2025794.93,168816.24,5,Business Owners,High
CUST101302,Pushti,Sangha,43,Female,Widowed,Diploma,Unemployed,Delhi,Delhi,Not Employed,19962.14,1663.51,5,Business Owners,Low
CUST102517,Mohammed,Viswanathan,50,Male,Married,Graduate,Salaried - Private,Chennai,Tamil Nadu,Employed,,68664.56,12,Business Owners,Medium
CUST100222,Ethan,Ahluwalia,36,Male,Widowed,Graduate,Salaried - Private,Bhubaneswar,Odisha,Employed,1545510.02,128792.5,9,Business Owners,Medium
CUST102036,Elijah,Sule,36,Male,Single,,Freelancer,Bhubaneswar,Odisha,Self Employed,903271.11,75272.59,8,,High
CUST101924,Maya,Lalla,32,Female,Single,Graduate,Self Employed,Kanpur,Uttar Pradesh,Self Employed,1057783.56,88148.63,11,,High
CUST100573,Chasmum,Pradhan,69,Female,Widowed,High School,Retired,Nagpur,Maharashtra,Retired,921334.86,76777.9,17,Retired Customers,Low
CUST101236,Harshil,Verma,33,Male,Married,Post Graduate,Salaried - Government,Hyderabad,Telangana,Employed,948943.04,79078.59,1,Young Professionals,Medium
CUST103544,Ronith,Bath,38,Male,Single,Post Graduate,Self Employed,Chennai,Tamil Nadu,Self Employed,2351628.64,195969.05,13,Business Owners,High
CUST102133,Anjali,Rajagopalan,40,Female,Married,Graduate,,Vadodara,Gujarat,Employed,563180.3,46931.69,15,Business Owners,Medium
CUST101334,Abhiram,Dash,39,Male,Divorced,Graduate,Salaried - Private,Pune,Maharashtra,Employed,1138337.95,94861.5,1,Business Owners,Medium
CUST102457,Bimala,Lata,40,Female,Widowed,High School,,Thiruvananthapuram,Kerala,Self Employed,7915805.29,659650.44,5,High Net Worth Individuals,High
CUST100418,Girish,Trivedi,20,Male,Single,Post Graduate,Student,Udaipur,Rajasthan,Not Employed,39775.82,3314.65,2,Students,Medium
CUST104914,Megha,Lala,25,Female,Widowed,,Salaried - Government,Indore,Madhya Pradesh,Employed,1356709.39,113059.12,7,,Medium
CUST101104,Hiral,Bhargava,42,Female,Widowed,Graduate,Salaried - Private,Udaipur,Rajasthan,Employed,2966238.22,247186.52,3,Business Owners,High
CUST100257,Om,Ravel,41,Male,Divorced,Graduate,Self Employed,Ranchi,Jharkhand,Self Employed,2753966.68,229497.22,,Business Owners,High
CUST100295,Radhika,Sharaf,25,Female,,Graduate,Unemployed,Patna,Bihar,Not Employed,23878.85,1989.9,7,Young Professionals,Medium
CUST102361,Faris,Biswas,43,Male,Widowed,Graduate,Salaried - Private,Raipur,Chhattisgarh,Employed,937726.07,,1,Business Owners,Medium
CUST100386,Gautam,Sarin,,Male,Widowed,Graduate,Freelancer,Vadodara,Gujarat,Self Employed,378001.96,31500.16,3,Young Professionals,High
CUST103308,Yadavi,Thakkar,40,Female,,Post Graduate,Salaried - Private,Udaipur,Rajasthan,Employed,2185102.06,182091.84,7,Business Owners,High
CUST104013,Mason,Nanda,67,Male,Divorced,Post Graduate,Retired,Nagpur,Maharashtra,Retired,429368.04,35780.67,11,Retired Customers,Low
CUST102231,Lavanya,Padmanabhan,31,Female,Single,Graduate,Self Employed,Raipur,Chhattisgarh,Self Employed,1580997.37,131749.78,11,Young Professionals,High
CUST102554,Anvi,Korpal,45,Female,Married,High School,Salaried - Private,Lucknow,Uttar Pradesh,Employed,561157.36,46763.11,16,Business Owners,Medium
CUST104335,Timothy,Subramanian,26,,Widowed,Doctorate,Salaried - Private,Ranchi,Jharkhand,Employed,1221500.88,101791.74,8,Young Professionals,High
CUST103515,Qarin,Vala,39,Male,Single,Post Graduate,Freelancer,Udaipur,Rajasthan,Self Employed,1295880.34,107990.03,,Business Owners,High
CUST101839,Yug,Gandhi,38,Male,Married,Graduate,Salaried - Private,Kanpur,Uttar Pradesh,,1379713.49,114976.12,19,Business Owners,Medium
CUST104384,Vamakshi,Dey,47,Female,Single,Post Graduate,Salaried - Private,Chandigarh,Punjab,Employed,1451590.83,120965.9,6,Business Owners,Medium
CUST101563,Ekavir,Narula,25,Male,Widowed,Graduate,Business Owner,Nashik,Maharashtra,Self Employed,10914455.47,909537.96,7,High Net Worth Individuals,High
CUST102015,Michael,Sur,37,Male,Married,Post Graduate,Salaried - Private,Bengaluru,Karnataka,Employed,2072256.87,172688.07,9,Business Owners,High
CUST101400,Tejas,Khare,37,Male,Married,High School,Salaried - Government,Kanpur,Uttar Pradesh,Employed,895072.95,74589.41,16,Business Owners,Medium
CUST100712,David,Mane,69,Male,Widowed,High School,Retired,Bhubaneswar,Odisha,Retired,280521.86,23376.82,20,Retired Customers,Low
CUST102420,Anjali,Sharma,36,Female,Widowed,Graduate,Salaried - Private,Nagpur,Maharashtra,Employed,875117.32,72926.44,7,,Medium
CUST102619,Darika,Wadhwa,48,Female,Divorced,Post Graduate,Self Employed,Bengaluru,Karnataka,Self Employed,2895869.7,241322.48,10,Business Owners,High
CUST100209,Jalsa,Vaidya,30,Female,Married,Diploma,Salaried - Private,Guwahati,Assam,Employed,615365.55,51280.46,12,,Medium
CUST104944,Yug,Sarin,35,Male,Divorced,Post Graduate,Salaried - Private,Nagpur,Maharashtra,Employed,1774785.49,147898.79,17,Young Professionals,Medium
CUST101289,Mahika,Kar,27,Female,Divorced,Graduate,Salaried - Private,Raipur,Chhattisgarh,Employed,1954192.63,162849.39,3,Young Professionals,High
CUST100449,Chakradev,Saraf,35,Male,Married,High School,Salaried - Government,Ranchi,Jharkhand,Employed,1121168.58,93430.72,17,Young Professionals,Medium
CUST104091,Anay,Walia,25,Male,Single,Post Graduate,Salaried - Private,Chennai,Tamil Nadu,Employed,713617.77,59468.15,3,Young Professionals,Medium
CUST102569,Samuel,Naik,35,Male,Married,,Salaried - Private,Dehradun,Uttarakhand,Employed,1254899.79,104574.98,6,Young Professionals,Medium
CUST101820,Dominic,Bhargava,49,Male,Divorced,Post Graduate,Homemaker,Jaipur,Rajasthan,Not Employed,96841.54,8070.13,16,Business Owners,Low
CUST100958,Ayushman,Chakraborty,63,Male,Single,Graduate,Business Owner,Nashik,Maharashtra,Self Employed,5273449.25,439454.1,,High Net Worth Individuals,Medium
CUST101793,Gaurika,Baral,37,Female,Divorced,Graduate,Salaried - Private,Nagpur,Maharashtra,Employed,1381009.69,115084.14,11,Business Owners,Medium
CUST104786,Yashvi,Murthy,18,Female,Single,Graduate,Student,Ludhiana,Punjab,Not Employed,16453.27,1371.11,1,Students,Medium
CUST100654,Balhaar,Mukherjee,21,Male,Divorced,High School,Student,Nagpur,Maharashtra,Not Employed,86666.41,7222.2,3,Students,Medium
CUST102407,Upasna,Naik,28,Female,Widowed,Post Graduate,Salaried - Private,Lucknow,Uttar Pradesh,Employed,,134449.33,3,Young Professionals,High
CUST103852,Bishakha,Krish,21,Female,Married,Post Graduate,Salaried - Private,Kanpur,Uttar Pradesh,Employed,1030017.99,85834.83,3,Young Professionals,High
CUST101995,Avi,Shenoy,50,Male,Divorced,Post Graduate,Salaried - Private,Bhubaneswar,Odisha,Employed,1098648.09,91554.01,15,Business Owners,Medium
CUST101760,Michael,Ganesh,36,Male,Married,,Salaried - Private,Kolkata,West Bengal,Employed,975645,81303.75,12,Business Owners,Medium
CUST102354,Rachita,Desai,25,Female,Divorced,Graduate,Unemployed,Chennai,Tamil Nadu,Not Employed,45236.23,3769.69,2,Young Professionals,Medium
CUST102741,Bhavya,Chopra,40,Female,Single,Graduate,Salaried - Private,Udaipur,Rajasthan,Employed,1108895.6,92407.97,14,Business Owners,Medium
CUST102617,Zaitra,Kadakia,18,Female,Single,Post Graduate,Student,Guwahati,Assam,Not Employed,83967.05,6997.25,1,Students,Medium
CUST100411,Vedhika,Dalal,31,Female,Divorced,Graduate,Salaried - Private,Guwahati,Assam,Employed,1557387.2,129782.27,4,Young Professionals,Medium
CUST101774,Riya,Kumer,,Female,Widowed,Graduate,Business Owner,Pune,Maharashtra,,8953737.35,746144.78,13,High Net Worth Individuals,High
CUST103978,Rayaan,Bakshi,25,Male,Widowed,Post Graduate,Salaried - Private,Raipur,Chhattisgarh,Employed,625965.05,52163.75,2,Young Professionals,Medium
CUST102186,Yatin,Ahuja,,Male,Widowed,Graduate,Salaried - Government,Chandigarh,Punjab,Employed,1233691.8,102807.65,7,Young Professionals,Medium
CUST102379,Gopal,Chaudhary,39,Male,Married,Graduate,Salaried - Private,Chandigarh,Punjab,Employed,855760.37,71313.36,20,Business Owners,Medium
CUST103963,Jacob,Randhawa,48,Male,Married,Diploma,Self Employed,Bhopal,Madhya Pradesh,Self Employed,670370.18,55864.18,11,Business Owners,Medium
CUST104311,Vasatika,Din,18,Female,Single,Doctorate,Unemployed,Delhi,Delhi,Not Employed,56511.41,4709.28,1,Young Professionals,Medium
CUST104774,Faris,Bir,37,Male,Single,Post Graduate,Self Employed,Udaipur,Rajasthan,Self Employed,1247551.46,103962.62,9,Business Owners,High
CUST103702,Eesha,Sundaram,21,Female,Widowed,Doctorate,Salaried - Private,Kochi,Kerala,Employed,1870278.97,155856.58,3,Young Professionals,High
CUST103972,Viraj,Vala,32,Male,Single,Post Graduate,Salaried - Government,Vadodara,Gujarat,Employed,1060545.59,88378.8,8,Young Professionals,Medium
CUST104765,Anmol,Ram,38,Male,Married,Graduate,Salaried - Government,Vadodara,Gujarat,Employed,1359295.27,113274.61,13,Business Owners,Medium
CUST103558,Nidra,Patel,44,Female,Married,High School,Business Owner,,Uttar Pradesh,Self Employed,7923191.13,660265.93,1,High Net Worth Individuals,High
CUST104110,Ishita,Rana,30,Female,Single,Post Graduate,Self Employed,Ludhiana,Punjab,Self Employed,2195474.03,182956.17,7,Young Professionals,High
CUST103497,Lipika,Ahluwalia,21,Female,Widowed,Post Graduate,Student,Udaipur,Rajasthan,Not Employed,83284.26,6940.35,3,,Medium
CUST103765,Nathaniel,Dhar,68,Male,Single,Graduate,Retired,Chandigarh,Punjab,Retired,555985.82,46332.15,14,Retired Customers,Low
CUST100430,Sanaya,Kaur,49,Female,Widowed,Post Graduate,Salaried - Government,Chandigarh,Punjab,Employed,1276930.57,106410.88,9,Business Owners,Medium
CUST104484,Vrinda,Rana,40,Female,Divorced,Graduate,Salaried - Private,Bhubaneswar,Odisha,Employed,,71294.95,6,Business Owners,Medium
CUST102321,Inaya,Krishna,56,Female,Widowed,Post Graduate,Salaried - Government,Pune,Maharashtra,Employed,16233.25,1352.77,12,Business Owners,Medium
CUST101366,Chameli,Chaudhry,27,Female,Single,,Salaried - Government,Kanpur,Uttar Pradesh,Employed,950929.69,79244.14,,Young Professionals,Medium
CUST101992,Hiral,Kant,25,Female,Married,Graduate,Unemployed,Bhopal,Madhya Pradesh,Not Employed,34270.79,,7,,Medium
CUST102851,Gopal,Bandi,34,Male,Widowed,Graduate,Salaried - Private,Udaipur,Rajasthan,Employed,970301.03,80858.42,16,Young Professionals,Medium
CUST101176,Nicholas,Rajan,,Male,Married,High School,Salaried - Government,Mumbai,Maharashtra,Employed,599671.48,49972.62,1,Business Owners,Medium
CUST103528,Vinaya,Sarkar,58,Female,Divorced,Diploma,Retired,Mysuru,Karnataka,Retired,473566.57,39463.88,6,Retired Customers,Low
CUST101476,Vincent,Lanka,52,Male,Married,Post Graduate,Business Owner,Bhopal,Madhya Pradesh,Self Employed,4433561.61,369463.47,4,High Net Worth Individuals,
CUST103740,Avni,Vig,34,,Widowed,Graduate,Salaried - Private,Lucknow,Uttar Pradesh,Employed,1682534.12,140211.18,7,Young Professionals,Medium
CUST102045,Aradhana,Baral,41,Female,Married,Post Graduate,Business Owner,Udaipur,Rajasthan,Self Employed,4014965.91,334580.49,18,High Net Worth Individuals,High
CUST100102,Maya,Shere,37,Female,Single,Post Graduate,Salaried - Private,Pune,Maharashtra,,1369290.86,114107.57,11,Business Owners,Medium
CUST104331,Chasmum,Deep,38,Female,Married,High School,Unemployed,Bhopal,Madhya Pradesh,Not Employed,35883.85,2990.32,18,Business Owners,Low
CUST102992,Christopher,Shroff,33,Male,Divorced,Post Graduate,Business Owner,Nagpur,Maharashtra,Self Employed,5939279.09,494939.92,14,High Net Worth Individuals,High
CUST101263,Deepa,Pall,46,Female,Widowed,High School,Business Owner,Indore,Madhya Pradesh,Self Employed,6713762.22,559480.18,12,High Net Worth Individuals,High
CUST102881,Robert,Lata,21,Male,Widowed,Graduate,Salaried - Private,Vadodara,Gujarat,Employed,539360.55,44946.71,3,Young Professionals,Medium
CUST103138,Ansh,Mittal,27,Male,Single,Doctorate,,Bhubaneswar,Odisha,Employed,791253.25,65937.77,5,Young Professionals,Medium
CUST103622,Dayamai,Cherian,26,Female,Married,Graduate,Salaried - Government,Chennai,Tamil Nadu,,678341.08,56528.42,1,Young Professionals,Medium
CUST103203,Hiral,Panchal,35,Female,Single,Post Graduate,Salaried - Private,Raipur,Chhattisgarh,Employed,1463450.18,121954.18,17,Young Professionals,Medium
CUST104278,Wridesh,Zachariah,60,Male,Divorced,Graduate,Retired,Patna,Bihar,Retired,424808.99,35400.75,,Retired Customers,Low
CUST103299,Nicholas,Barad,52,Male,Widowed,Post Graduate,Business Owner,Patna,Bihar,Self Employed,7337288.88,611440.74,7,High Net Worth Individuals,High
CUST104993,Abhiram,Boase,32,Male,Divorced,Graduate,Salaried - Private,Bengaluru,Karnataka,Employed,2451842.26,204320.19,3,Young Professionals,High
CUST103633,Reva,Sagar,,Other,Widowed,Post Graduate,Salaried - Private,Mysuru,Karnataka,Employed,1040646.31,86720.53,3,Business Owners,Medium
CUST101643,Mekhala,Wason,30,Female,Single,Post Graduate,Salaried - Government,Nashik,Maharashtra,Employed,1103400.26,91950.02,10,Young Professionals,Medium
CUST104505,Dayamai,Chokshi,39,Female,Single,Graduate,Homemaker,Raipur,Chhattisgarh,Not Employed,119380.78,9948.4,8,,Low
CUST100000,Daksh,Bakshi,47,Male,Single,Graduate,Homemaker,Ludhiana,Punjab,Not Employed,39499.19,3291.6,1,Business Owners,Low
CUST101580,Balhaar,Bandi,30,Male,Single,Graduate,Salaried - Private,Bhopal,Madhya Pradesh,Employed,1141297.77,,1,Young Professionals,Medium
CUST104422,Lopa,Chaudhary,22,Female,Single,High School,Student,Ranchi,Jharkhand,Not Employed,27264.97,2272.08,4,Students,Medium
CUST104116,Nakul,Arora,19,Male,,Post Graduate,Student,Surat,Gujarat,Not Employed,30052.68,2504.39,1,Students,Medium
CUST101356,Dalaja,Chauhan,21,Female,Married,High School,Student,Patna,Bihar,Not Employed,110483.44,9206.95,,Students,Medium
CUST104201,Keya,Sridhar,28,Female,Single,Diploma,Salaried - Private,Thiruvananthapuram,Kerala,Employed,1058984.08,88248.67,3,Young Professionals,High
CUST104574,Ikshita,Rao,18,Female,Single,High School,Student,Bhopal,Madhya Pradesh,,71005.05,5917.09,1,Students,Medium
CUST103733,Kamala,Rana,37,Female,Single,,Salaried - Private,Dehradun,Uttarakhand,Employed,1392718.52,116059.88,15,Business Owners,Medium
CUST102025,Warinder,Dixit,50,Male,Single,High School,Homemaker,Bhubaneswar,Odisha,Not Employed,46309.63,3859.14,11,Business Owners,Low
CUST102218,Warjas,Andra,44,Male,Divorced,Diploma,Self Employed,Kanpur,Uttar Pradesh,Self Employed,3036844.92,253070.41,7,High Net Worth Individuals,High
CUST100396,Lajita,Naik,,Female,Single,Graduate,Salaried - Government,Raipur,Chhattisgarh,Employed,1473614.81,122801.23,19,Business Owners,Medium
CUST104941,Wridesh,Iyengar,35,Male,Divorced,,Salaried - Private,Chandigarh,Punjab,Employed,891363.37,74280.28,4,Young Professionals,Medium
CUST101064,Eshana,Sheth,20,Female,Single,High School,Student,Mysuru,Karnataka,Not Employed,72856.62,6071.38,2,Students,Medium
CUST103080,Bhavika,Gopal,32,Other,Widowed,Post Graduate,Salaried - Government,,Uttarakhand,Employed,1152134.83,,3,Young Professionals,Medium
CUST102153,Utkarsh,Raval,42,Male,Married,Post Graduate,Homemaker,Delhi,Delhi,Not Employed,159319.09,13276.59,,Business Owners,Low
CUST100818,Darsh,Iyer,39,Male,Married,High School,Salaried - Private,Patna,Bihar,Employed,947160.35,78930.03,6,Business Owners,Medium
CUST101812,Urvashi,Loyal,36,Female,Married,Graduate,Salaried - Government,Guwahati,Assam,Employed,1184228.05,98685.67,9,Business Owners,Medium
CUST102552,Yoshita,Chopra,45,Female,Married,Graduate,Business Owner,Bengaluru,Karnataka,Self Employed,,534539.2,17,High Net Worth Individuals,High
CUST101552,Ekanta,Dugar,47,Female,Divorced,High School,Salaried - Private,Surat,Gujarat,Employed,2686890.18,223907.52,10,Business Owners,Medium
CUST104047,Jatin,Vora,32,Male,Married,Graduate,Salaried - Private,Thiruvananthapuram,Kerala,Employed,2335278.33,194606.53,14,Young Professionals,High
CUST100816,Harita,Pathak,20,Female,Single,Graduate,Student,Thiruvananthapuram,Kerala,Not Employed,29185.73,2432.14,2,Students,Medium
CUST101572,Aachal,Bava,18,Female,Single,Post Graduate,Student,Raipur,Chhattisgarh,Not Employed,69030.72,5752.56,1,Students,Medium
CUST104552,Radha,Pathak,24,Female,Married,Graduate,Salaried - Government,Vadodara,Gujarat,Employed,1094977.07,91248.09,6,Young Professionals,Medium
CUST101800,Baljiwan,Chaudhuri,38,Male,Divorced,Graduate,Self Employed,Delhi,Delhi,Self Employed,2465307.61,205442.3,3,Business Owners,High
CUST104287,Ekanta,Warrior,55,Female,Divorced,High School,Business Owner,Ranchi,Jharkhand,Self Employed,2572480.07,,1,Business Owners,High
CUST100381,Chakradev,Karnik,68,Male,Widowed,Graduate,Retired,Chandigarh,Punjab,Retired,284225.73,23685.48,20,Retired Customers,Low
CUST102874,Chatresh,Sathe,30,,Divorced,Graduate,Salaried - Private,Kolkata,West Bengal,Employed,1942466.22,161872.18,12,Young Professionals,Medium
CUST104347,Falan,Raval,52,Male,,Diploma,Business Owner,Ludhiana,Punjab,Self Employed,11020058.96,918338.25,6,High Net Worth Individuals,High
CUST104626,Daksha,Purohit,38,Female,Widowed,Post Graduate,Business Owner,Ranchi,Jharkhand,Self Employed,8652513.18,721042.77,20,High Net Worth Individuals,High
CUST103503,Bimala,Raj,19,Female,Single,Post Graduate,Student,Bhubaneswar,Odisha,Not Employed,67574.92,5631.24,1,Students,Medium
CUST102311,Faqid,Aurora,,Male,Single,,Self Employed,Bengaluru,Karnataka,Self Employed,2238320.86,186526.74,5,Young Professionals,High
CUST101780,Lajita,Som,64,Female,Single,Graduate,Retired,Mysuru,Karnataka,Retired,880337,73361.42,12,Retired Customers,Low
CUST102726,Nicholas,Bobal,43,Male,Single,Graduate,Salaried - Government,Kanpur,Uttar Pradesh,Employed,670269.15,55855.76,2,Business Owners,Medium
CUST102437,Michael,Viswanathan,32,Male,Single,Post Graduate,Salaried - Government,Dehradun,Uttarakhand,Employed,832298.96,69358.25,14,Young Professionals,Medium
CUST102333,Warda,Misra,22,Female,Divorced,High School,Salaried - Private,Jaipur,Rajasthan,Employed,619957.06,51663.09,4,Young Professionals,Medium
CUST100864,Divya,Loke,39,Female,Single,Doctorate,Self Employed,Bhubaneswar,Odisha,Self Employed,2134480.21,177873.35,10,Business Owners,High
CUST103638,Kiaan,Pradhan,26,Male,Married,Graduate,Salaried - Private,Kolkata,West Bengal,Employed,729954.81,60829.57,1,Young Professionals,Medium
CUST103164,Charvi,Ganesh,37,Female,Divorced,High School,Salaried - Private,Dehradun,Uttarakhand,Employed,1320406.77,,2,Business Owners,Medium
CUST100554,Bina,Buch,18,Female,Single,High School,Student,Chandigarh,Punjab,Not Employed,36001.3,3000.11,1,Students,Medium
CUST101159,Girik,Rai,20,Male,Single,Graduate,Student,Bhubaneswar,Odisha,Not Employed,,3593.88,2,Students,Medium
CUST101213,Faraj,Sampath,38,Male,Single,Graduate,Salaried - Government,Kolkata,West Bengal,Employed,1021830.55,85152.55,5,Business Owners,Medium
CUST103760,Tanvi,Gara,22,Female,Widowed,Graduate,Student,Guwahati,Assam,Not Employed,84919.36,7076.61,4,Students,Medium
CUST104213,Matthew,Tella,18,Male,Single,Post Graduate,Student,,Uttar Pradesh,Not Employed,,7413.56,1,Students,Medium
CUST100048,Ganga,Dutta,20,Female,,Post Graduate,Student,Mysuru,Karnataka,,104510.12,8709.18,2,Students,Medium
CUST102367,Hiral,Bahl,33,Female,Divorced,Post Graduate,Self Employed,Hyderabad,Telangana,Self Employed,1912488.46,159374.04,4,Business Owners,High
CUST100700,Meghana,Sen,35,Female,Married,High School,Unemployed,Bhopal,Madhya Pradesh,Not Employed,11207.48,933.96,10,Young Professionals,Low
CUST100652,Mahika,Bhalla,25,Female,Married,Graduate,Freelancer,Lucknow,Uttar Pradesh,Self Employed,261126.44,21760.54,7,Young Professionals,Medium
CUST103933,Christopher,Nigam,41,Male,Married,Diploma,Homemaker,Delhi,Delhi,Not Employed,131833.82,10986.15,2,Business Owners,Low
CUST104409,Dayamai,Ray,,Female,Divorced,Post Graduate,Salaried - Private,Udaipur,Rajasthan,Employed,1728446.02,144037.17,3,Business Owners,Medium
CUST103311,Urmi,Jaggi,50,Female,Divorced,Graduate,Business Owner,Chennai,Tamil Nadu,Self Employed,5718843.84,476570.32,14,High Net Worth Individuals,
CUST100748,Yashica,Bahri,21,Female,Widowed,Graduate,Salaried - Private,Delhi,Delhi,Employed,517981.63,,3,Young Professionals,Medium
CUST101455,Charita,Bassi,19,Female,Single,Post Graduate,Student,Bhubaneswar,Odisha,Not Employed,43401.43,3616.79,1,Students,Medium
CUST104195,Gautami,Hari,42,Female,Married,Post Graduate,Salaried - Private,Bhopal,,Employed,2268363.85,189030.32,19,Business Owners,High
CUST102389,Barkha,Lata,64,Female,Single,Graduate,Retired,Bhubaneswar,Odisha,Retired,394274.87,32856.24,,Retired Customers,Low
CUST103494,Ganga,Balakrishnan,47,Female,Married,Diploma,Business Owner,Chennai,Tamil Nadu,,4786182.38,398848.53,7,High Net Worth Individuals,High
CUST100866,Ekavir,Chatterjee,54,Male,Married,Post Graduate,Salaried - Private,Udaipur,Rajasthan,Employed,1406014.2,117167.85,8,,Medium
CUST100752,Adweta,Parikh,34,,Single,Graduate,Business Owner,Pune,Maharashtra,Self Employed,13431889.72,1119324.14,2,High Net Worth Individuals,High
CUST101644,Pooja,Roy,26,Female,,Graduate,Salaried - Government,Ranchi,Jharkhand,Employed,992040.15,82670.01,8,Young Professionals,Medium
CUST100092,Champak,Chatterjee,21,Male,Single,High School,,Ranchi,Jharkhand,Employed,1270639.06,105886.59,2,Young Professionals,High
CUST104824,George,Bhagat,71,Male,Widowed,Graduate,Retired,Chennai,Tamil Nadu,Retired,1089337.11,90778.09,9,Retired Customers,Low
CUST103101,Daksh,Srinivas,24,Male,Widowed,Graduate,Salaried - Private,Ahmedabad,Gujarat,Employed,1015624.02,84635.34,1,Young Professionals,High
CUST102432,Ayaan,Natt,57,Male,Single,Graduate,Salaried - Private,Ludhiana,Punjab,Employed,1212594.75,101049.56,16,Business Owners,Medium
CUST102629,Amaira,Shroff,33,Female,Single,Graduate,Salaried - Private,Jaipur,Rajasthan,Employed,796596.12,66383.01,9,Young Professionals,Medium
CUST101490,Abeer,Bhatia,49,Male,Single,Post Graduate,Salaried - Private,Delhi,Delhi,Employed,1394088.08,116174.01,16,Business Owners,Medium
CUST102895,Tripti,Mann,21,Other,Divorced,Diploma,Salaried - Government,Kolkata,West Bengal,Employed,888946.49,74078.87,,Young Professionals,Medium
CUST102177,Janani,Luthra,74,Female,Single,Graduate,Retired,Bengaluru,Karnataka,Retired,,36430.89,9,Retired Customers,Low
CUST100729,Vrinda,Sen,27,Female,Divorced,Post Graduate,Salaried - Government,Dehradun,Uttarakhand,Employed,736762.1,61396.84,9,Young Professionals,Medium
CUST104759,Ekta,Dyal,40,Female,Single,Diploma,Business Owner,Kochi,Kerala,Self Employed,8768196.1,730683.01,18,High Net Worth Individuals,High
CUST102471,Keya,Divan,31,Female,,Post Graduate,Salaried - Private,Delhi,Delhi,Employed,2325673.27,193806.11,13,Young Professionals,High
CUST102242,Samaksh,Bora,51,Male,Divorced,Post Graduate,Self Employed,Indore,Madhya Pradesh,Self Employed,2112156.27,176013.02,18,Business Owners,High
CUST101936,Gauri,Sagar,21,Female,Single,Graduate,Salaried - Private,Mysuru,,Employed,1150291.56,95857.63,3,,
CUST101745,Hamsini,Dutt,,Female,Widowed,Graduate,,Ranchi,Jharkhand,Employed,1091528.69,90960.72,12,Business Owners,Medium
CUST104746,Rushil,Tella,45,Male,Widowed,Graduate,Unemployed,Bengaluru,Karnataka,Not Employed,23882.72,1990.23,14,Business Owners,Low
CUST104373,Darsh,Baral,65,Male,Divorced,Graduate,Retired,Patna,Bihar,Retired,359547.18,29962.26,19,Retired Customers,Low
CUST103491,Lucky,Dara,38,Male,Divorced,Graduate,Self Employed,Kanpur,Uttar Pradesh,Self Employed,904308.15,75359.01,13,Business Owners,High
CUST101110,Janani,Tiwari,44,Female,Single,Graduate,Salaried - Government,Raipur,Chhattisgarh,Employed,802439.62,66869.97,18,Business Owners,Medium
CUST103337,Urishilla,Roy,39,Female,Divorced,Post Graduate,Freelancer,Dehradun,Uttarakhand,Self Employed,752205.17,62683.76,,Business Owners,Medium
CUST104032,Abdul,Garg,51,Male,Divorced,High School,Self Employed,Bhubaneswar,Odisha,Self Employed,1967855.77,163987.98,6,Business Owners,Medium
CUST104471,Pranav,Ahuja,18,Male,Single,Graduate,Unemployed,Raipur,Chhattisgarh,Not Employed,16508.69,1375.72,1,Young Professionals,Medium
CUST104157,Ekta,Jayaraman,48,Female,,Post Graduate,Self Employed,Chennai,Tamil Nadu,Self Employed,2967861.28,247321.77,18,Business Owners,High
CUST100346,Suhani,Swamy,29,Female,Widowed,Post Graduate,Salaried - Government,Bengaluru,Karnataka,Employed,1752062.74,146005.23,7,Young Professionals,Medium
CUST101185,Geetika,Saran,24,Female,Married,Graduate,Salaried - Private,Kolkata,West Bengal,Employed,1056150.63,88012.55,6,Young Professionals,High
CUST104006,Umang,Balan,39,Male,Widowed,High School,Salaried - Government,Raipur,Chhattisgarh,Employed,910799.49,75899.96,3,Business Owners,
CUST101515,Kritika,Bahl,20,Female,Single,Graduate,Student,Ludhiana,Punjab,Not Employed,107661.36,8971.78,2,Students,Medium
CUST104669,William,Bhavsar,25,Male,Widowed,Graduate,Freelancer,Guwahati,,Self Employed,1402488.49,116874.04,1,Young Professionals,High
CUST100578,Mitali,Muni,38,Female,Single,High School,Self Employed,Bengaluru,Karnataka,Self Employed,2119402.79,176616.9,10,Business Owners,High
CUST101964,Bina,Bhagat,20,Female,Single,Graduate,Student,Jaipur,Rajasthan,Not Employed,56134.01,4677.83,2,Students,Medium
CUST100075,Harish,Muni,20,Male,Single,High School,,Nagpur,Maharashtra,Not Employed,,9170.13,2,Students,Medium
CUST101429,Jeet,Saha,58,,Single,Post Graduate,Retired,Udaipur,Rajasthan,Retired,392212.31,32684.36,19,Retired Customers,Low
CUST103712,Yutika,Dua,37,Female,Divorced,High School,Salaried - Government,Guwahati,,Employed,1163226.59,96935.55,18,Business Owners,Medium
CUST104430,Ekbal,Radhakrishnan,44,Male,,Graduate,Salaried - Private,Mumbai,Maharashtra,Employed,1512581.1,126048.43,1,Business Owners,Medium
CUST102751,Mason,Modi,18,Male,Single,Graduate,Student,Mumbai,Maharashtra,Not Employed,80732.37,6727.7,1,Students,Medium
CUST104952,Siddharth,Magar,28,Male,,Post Graduate,Salaried - Private,Hyderabad,Telangana,Employed,910488.79,75874.07,2,Young Professionals,High
CUST101846,Balveer,Sharaf,44,Male,Widowed,Graduate,Salaried - Private,Lucknow,Uttar Pradesh,Employed,2650665.94,220888.83,5,Business Owners,High
CUST100131,Jagdish,Lanka,42,Male,Widowed,Graduate,Self Employed,Mysuru,Karnataka,Self Employed,956171.08,79680.92,18,Business Owners,High
CUST100178,Ishaan,Kapoor,36,Male,Married,Graduate,Salaried - Private,Dehradun,Uttarakhand,Employed,1008177.85,84014.82,10,Business Owners,Medium
CUST102899,Saumya,Chhabra,69,Female,Widowed,Graduate,Retired,Kolkata,West Bengal,Retired,606371.98,50531,16,Retired Customers,Low
CUST104466,Jalsa,Agate,25,Female,Single,Graduate,Business Owner,Dehradun,Uttarakhand,Self Employed,2108579.79,175714.98,7,Business Owners,High
CUST104194,David,Rajan,19,Male,Single,Graduate,Student,Kochi,Kerala,Not Employed,50600.03,4216.67,1,Students,Medium
CUST102522,George,Nadkarni,58,Male,Married,Diploma,Retired,Kanpur,,Retired,595122.26,49593.52,13,Retired Customers,Low
CUST101842,Noah,Mall,43,Male,Married,Post Graduate,Salaried - Private,Ranchi,Jharkhand,Employed,1334524.61,111210.38,18,Business Owners,Medium
CUST102098,Tanish,Karnik,49,Male,Married,Diploma,Salaried - Government,Nashik,Maharashtra,Employed,1582970.57,131914.21,19,Business Owners,Medium
CUST103949,Edhitha,Trivedi,38,Female,Widowed,Diploma,Salaried - Private,Ludhiana,Punjab,Employed,2040691.07,170057.59,7,Business Owners,High
CUST102373,Tara,Nagy,24,Female,Single,Post Graduate,Student,Dehradun,Uttarakhand,Not Employed,32415.96,2701.33,1,Students,Medium
CUST100604,Timothy,Sachdeva,20,Male,Single,Graduate,Student,Bhopal,Madhya Pradesh,Not Employed,17776.12,1481.34,2,Students,Medium
CUST102627,Maanav,Hari,28,Male,Widowed,Graduate,Business Owner,Kolkata,West Bengal,Self Employed,3311871.22,,9,High Net Worth Individuals,High
CUST100025,Daksha,Rai,33,Female,Married,Diploma,Business Owner,Chandigarh,Punjab,Self Employed,5580548.1,465045.67,15,High Net Worth Individuals,High
CUST100658,Brinda,Chana,44,Female,Single,Diploma,Homemaker,,Uttar Pradesh,Not Employed,46003.9,3833.66,12,Business Owners,Low
CUST104977,Maya,Borde,52,Female,Single,Graduate,Salaried - Private,Ahmedabad,Gujarat,Employed,1401245.46,116770.46,18,Business Owners,Medium
CUST103317,Champak,Nayar,29,Male,Married,Post Graduate,Homemaker,Jaipur,Rajasthan,Not Employed,81856.83,6821.4,11,Young Professionals,Medium
CUST103868,Naksh,Bhattacharyya,41,Male,Married,,Salaried - Private,Chennai,Tamil Nadu,Employed,2394942.65,199578.55,16,Business Owners,High
CUST100173,Gauri,Chokshi,44,Female,Divorced,Graduate,Salaried - Private,Lucknow,Uttar Pradesh,,1638299.2,136524.93,15,Business Owners,Medium
CUST101611,Rayaan,Pingle,29,Male,Married,High School,Salaried - Government,Nagpur,Maharashtra,Employed,805224.39,67102.03,11,Young Professionals,Medium
CUST100437,Daksha,Sarraf,28,Female,Widowed,Graduate,Salaried - Private,Delhi,Delhi,Employed,2142430.14,178535.85,3,Young Professionals,High
CUST100331,Megha,Chaudhry,21,Female,Widowed,Graduate,Salaried - Private,Kanpur,Uttar Pradesh,Employed,1201222.03,100101.84,2,Young Professionals,High
CUST103100,Timothy,Nigam,26,Male,Divorced,Graduate,Self Employed,Ahmedabad,Gujarat,Self Employed,1638151.92,136512.66,8,Young Professionals,High
CUST101454,Ekta,Mammen,66,Female,Married,Diploma,Business Owner,Bhubaneswar,Odisha,Self Employed,6796891.25,566407.6,19,High Net Worth Individuals,Medium
CUST100342,Thomas,Oak,59,Male,Divorced,High School,Retired,Kolkata,West Bengal,Retired,369063.66,30755.3,17,Retired Customers,Low
CUST103209,Bhavna,Chaudhary,21,Female,Widowed,Post Graduate,Salaried - Private,Delhi,Delhi,Employed,808529.84,67377.49,3,Young Professionals,High
CUST104576,Yashvi,Borde,34,Female,,High School,Salaried - Private,Ahmedabad,Gujarat,Employed,2516307.58,209692.3,11,Young Professionals,High
CUST101088,Unnati,Chaudhari,26,Other,Divorced,Graduate,Salaried - Private,Chennai,Tamil Nadu,Employed,1304951.84,108745.99,8,Young Professionals,High
CUST100479,Ishwar,Pandey,21,Male,Divorced,Post Graduate,Salaried - Government,Indore,Madhya Pradesh,Employed,1098271.2,91522.6,3,Young Professionals,Medium
CUST100727,Anirudh,Mangat,40,Male,Widowed,Diploma,Homemaker,Ahmedabad,Gujarat,Not Employed,126258.61,10521.55,20,Business Owners,Low
CUST103783,Ekta,Prakash,60,Female,Widowed,High School,Retired,Lucknow,,Retired,577019.81,48084.98,2,Retired Customers,Low
CUST100976,Gopal,Gill,23,Male,Single,Post Graduate,Student,Nagpur,Maharashtra,Not Employed,40172.17,3347.68,5,Students,Medium
CUST103784,Hamsini,Korpal,24,Female,Widowed,Doctorate,Salaried - Private,Bhopal,Madhya Pradesh,Employed,1871404.44,155950.37,2,Young Professionals,High
CUST102977,Ishaan,Chaudhari,34,Male,Married,Graduate,Salaried - Private,Delhi,Delhi,Employed,1287334.35,107277.86,5,Young Professionals,Medium
CUST101928,Faras,Baral,73,,Divorced,Post Graduate,Retired,Chennai,Tamil Nadu,Retired,625423.37,52118.61,13,Retired Customers,Low
CUST101468,Bishakha,Jain,48,Female,Widowed,Post Graduate,Salaried - Private,Ahmedabad,Gujarat,Employed,,127435.68,17,Business Owners,Medium
CUST101224,Aashi,Chaudhari,34,Female,Single,Graduate,Salaried - Government,Coimbatore,Tamil Nadu,Employed,593205.63,49433.8,7,,Medium
CUST102856,Riya,Goyal,54,Female,Married,Graduate,Homemaker,Delhi,Delhi,Not Employed,64045.04,5337.09,7,Business Owners,Low
CUST101952,Anthony,Minhas,59,Male,Divorced,Graduate,Retired,Indore,Madhya Pradesh,Retired,255638.33,21303.19,15,Retired Customers,Low
CUST104830,Faris,Sarkar,26,Male,Single,Doctorate,Salaried - Private,Thiruvananthapuram,Kerala,Employed,2183178.51,181931.54,8,Young Professionals,High
CUST104500,Dhriti,Sama,28,Female,Divorced,Graduate,Salaried - Private,Hyderabad,Telangana,Employed,584462.52,48705.21,3,,Medium
CUST101892,Jagrati,Mannan,23,Female,Single,Post Graduate,Unemployed,Coimbatore,Tamil Nadu,Not Employed,37118.76,3093.23,5,Young Professionals,Medium
CUST101299,Priya,Chahal,41,Female,Widowed,,Business Owner,Thiruvananthapuram,Kerala,Self Employed,7156978.42,596414.87,19,High Net Worth Individuals,High
CUST102990,Amol,Bhasin,28,Male,Single,Post Graduate,Business Owner,Bhopal,Madhya Pradesh,Self Employed,9455088.7,787924.06,10,High Net Worth Individuals,High
CUST104599,Omaja,Bhandari,53,Female,Single,Post Graduate,Salaried - Private,Ahmedabad,Gujarat,Employed,2959310.64,246609.22,4,Business Owners,Medium
CUST100660,Vedhika,Barman,23,Female,Single,Graduate,Student,Ludhiana,Punjab,Not Employed,76232.43,6352.7,3,Students,Medium
CUST104577,Fitan,Sarma,37,Male,Widowed,,Business Owner,Pune,Maharashtra,Self Employed,5319085.74,443257.15,10,High Net Worth Individuals,High
CUST104073,Ryan,Hayer,31,Male,Widowed,Post Graduate,Self Employed,Nashik,,Self Employed,880386.99,73365.58,1,Young Professionals,High
CUST102784,Anay,Barad,38,Male,Single,Graduate,Freelancer,Coimbatore,Tamil Nadu,Self Employed,635515.98,52959.67,5,Business Owners,Medium
CUST104937,Amruta,Narang,18,Female,Single,Graduate,Unemployed,Hyderabad,Telangana,Not Employed,33826.96,2818.91,1,Young Professionals,Medium
CUST103827,Aarush,Hayre,43,Male,Divorced,Graduate,Salaried - Private,Thiruvananthapuram,,Employed,1945721.01,162143.42,10,Business Owners,Medium
CUST102714,Eshana,Kuruvilla,21,Female,Single,High School,Student,Mumbai,Maharashtra,Not Employed,93920.66,7826.72,2,Students,Medium
CUST104657,Anya,Dora,72,Female,Married,High School,Retired,,Jharkhand,Retired,1010303.68,84191.97,12,Retired Customers,Low
CUST100267,Omisha,Nazareth,78,,Divorced,High School,Retired,Indore,Madhya Pradesh,,388191.07,32349.26,14,Retired Customers,Low
CUST104442,Brinda,Khatri,18,Female,Single,Graduate,Unemployed,Lucknow,Uttar Pradesh,Not Employed,58436.6,4869.72,1,Young Professionals,Medium
CUST104959,Lajita,Rout,35,Female,Widowed,High School,Salaried - Private,Jaipur,Rajasthan,Employed,1741552.75,145129.4,14,Young Professionals,Medium
CUST103372,Baghyawati,Swaminathan,38,Female,Single,,Salaried - Private,Mysuru,Karnataka,Employed,1792257.2,149354.77,5,Business Owners,Medium
CUST103595,Yashica,Kanda,22,Female,Single,Post Graduate,Salaried - Government,Udaipur,Rajasthan,Employed,799005.95,66583.83,4,Young Professionals,Medium
CUST104316,William,Kale,33,Male,Single,Graduate,Salaried - Private,Mumbai,Maharashtra,Employed,1429861,119155.08,14,Young Professionals,Medium
CUST103722,Jason,Palla,43,Other,Married,High School,Salaried - Government,Kochi,Kerala,Employed,826968.07,68914.01,6,Business Owners,Medium
CUST103406,Gaurangi,Krish,46,Female,Married,Post Graduate,Self Employed,Delhi,Delhi,Self Employed,869185.02,72432.09,11,Business Owners,Medium
CUST101278,Nakul,Seshadri,66,Male,Widowed,Doctorate,Retired,Chennai,Tamil Nadu,Retired,670920.49,55910.04,18,Retired Customers,Low
CUST104640,Lila,Dasgupta,36,Female,Divorced,Graduate,Salaried - Private,Kochi,Kerala,Employed,1880370.33,156697.53,14,Business Owners,Medium
CUST103917,Aarini,Patil,33,Female,Married,Graduate,Self Employed,Chennai,Tamil Nadu,Self Employed,1233117.88,102759.82,2,Business Owners,High
CUST102678,Dalbir,Agrawal,28,Male,Widowed,Graduate,Salaried - Private,Raipur,Chhattisgarh,Employed,1326993.36,110582.78,10,Young Professionals,High
CUST101621,Shaurya,Wason,33,Male,Single,High School,Salaried - Government,Nashik,Maharashtra,Employed,1059441.53,88286.79,13,Young Professionals,Medium
CUST104103,Pahal,Handa,31,,Single,Graduate,Self Employed,Kanpur,Uttar Pradesh,Self Employed,923752.31,76979.36,4,Young Professionals,High
CUST102857,Dayamai,Gour,38,Female,Divorced,High School,Salaried - Government,Chennai,Tamil Nadu,Employed,,91980.35,10,Business Owners,Medium
CUST101896,Patrick,Srinivasan,30,Male,Married,Post Graduate,Salaried - Private,Dehradun,Uttarakhand,Employed,1669756.99,139146.42,12,Young Professionals,
CUST103924,Hardik,Hora,39,Male,Married,Graduate,Salaried - Private,Raipur,Chhattisgarh,Employed,680833.18,56736.1,1,Business Owners,Medium
CUST103014,Samar,Kamdar,34,Male,Single,Graduate,Business Owner,Dehradun,Uttarakhand,Self Employed,11470931.99,955911,3,,High
CUST104438,Ishwar,Mody,32,,Divorced,High School,Unemployed,Chennai,Tamil Nadu,Not Employed,24334.17,2027.85,14,Young Professionals,Low
CUST100067,Mitesh,Khatri,38,Male,Married,Graduate,Self Employed,Nashik,Maharashtra,Self Employed,,121590.49,10,Business Owners,High
CUST102042,Harshil,Vasa,,Male,Widowed,Graduate,Salaried - Private,Udaipur,Rajasthan,Employed,928279.07,77356.59,5,Young Professionals,Medium
CUST102580,Ranveer,Bassi,21,Male,Divorced,Graduate,Salaried - Government,Kolkata,West Bengal,Employed,962327.6,80193.97,3,Young Professionals,Medium
CUST103782,Zashil,Jani,19,Male,Single,Post Graduate,Student,Coimbatore,Tamil Nadu,Not Employed,42946.73,3578.89,1,Students,Medium
CUST103790,Laban,Krishna,40,Male,Divorced,Post Graduate,Salaried - Government,Kochi,Kerala,Employed,1201517.77,100126.48,7,Business Owners,Medium
CUST100820,Yatin,Bal,61,Male,Divorced,Doctorate,,Bhopal,Madhya Pradesh,Retired,600844.5,50070.38,3,Retired Customers,Low
CUST101226,Indrajit,Sehgal,44,Male,Married,Graduate,Self Employed,Delhi,Delhi,Self Employed,2682188.18,223515.68,15,Business Owners,High
CUST102991,Meera,Deshpande,30,Female,Divorced,Graduate,Salaried - Private,Patna,Bihar,Employed,1265740.26,105478.35,12,Young Professionals,Medium
CUST103132,Aarush,Rout,18,Male,Single,Graduate,Student,Lucknow,Uttar Pradesh,Not Employed,82430.53,6869.21,1,Students,Medium
CUST102743,Yachana,Bhat,22,,Single,Graduate,Homemaker,Jaipur,Rajasthan,Not Employed,141705.85,11808.82,4,Young Professionals,Medium
CUST104457,Ekalinga,Varkey,28,Male,Single,High School,Salaried - Private,Thiruvananthapuram,Kerala,Employed,848220.34,70685.03,,Young Professionals,High
CUST104269,Priya,Sangha,38,Female,Widowed,Graduate,Salaried - Private,Guwahati,Assam,Employed,966324.73,80527.06,12,,Medium
CUST103349,Harrison,Dutta,40,Male,Single,Graduate,Salaried - Government,Guwahati,Assam,Employed,534574.81,44547.9,16,Business Owners,Medium
CUST101143,Abhiram,Johal,,Male,Single,Graduate,Salaried - Government,Nagpur,Maharashtra,Employed,1008380.17,84031.68,5,Business Owners,Medium
CUST100397,Devika,Raval,30,Female,Widowed,Graduate,Homemaker,Guwahati,Assam,Not Employed,45140.5,3761.71,10,Young Professionals,Low
CUST102906,Azad,Zachariah,64,Male,Married,Graduate,Retired,Mumbai,Maharashtra,Retired,643522.41,53626.87,14,Retired Customers,Low
CUST104301,Azaan,Wason,21,Male,Single,Graduate,Salaried - Private,Udaipur,Rajasthan,Employed,1093315.18,91109.6,3,Young Professionals,High
CUST102759,Lohit,Balasubramanian,46,Male,Single,Graduate,Salaried - Government,Ludhiana,Punjab,Employed,1503888.78,125324.07,18,Business Owners,Medium
CUST101398,Nihal,Raman,39,Male,Single,Graduate,Salaried - Private,Kochi,Kerala,Employed,2418174.43,201514.54,8,Business Owners,High
CUST101659,Timothy,Nagi,44,Male,Divorced,Graduate,Business Owner,Dehradun,Uttarakhand,Self Employed,4798308.03,399859,7,High Net Worth Individuals,High
CUST100979,Suhani,Chandran,28,Female,Widowed,Post Graduate,Salaried - Private,Mysuru,Karnataka,Employed,1022929.02,85244.09,10,Young Professionals,High
CUST101298,Varenya,Lall,18,Female,Single,Diploma,Student,Mysuru,Karnataka,Not Employed,36401.35,3033.45,1,Students,Medium
CUST103555,Abha,Garg,52,Female,Single,Post Graduate,Salaried - Private,Chandigarh,Punjab,Employed,1127038.55,93919.88,17,Business Owners,Medium
CUST100082,Imaran,Amble,21,Male,Single,Diploma,Freelancer,Chennai,Tamil Nadu,Self Employed,994154.58,82846.21,3,Young Professionals,High
CUST104507,Faras,Padmanabhan,46,Male,Widowed,High School,Self Employed,Mysuru,Karnataka,Self Employed,1439382.42,119948.53,19,Business Owners,Medium
CUST102458,Tanveer,Naik,43,Male,Married,Post Graduate,Salaried - Private,Chennai,Tamil Nadu,,547783.61,45648.63,9,Business Owners,Medium
CUST103739,Brijesh,Hans,41,Male,Single,Graduate,Salaried - Government,Jaipur,,Employed,1048825.41,87402.12,4,Business Owners,Medium
CUST103781,Vansha,Chacko,30,Female,Divorced,High School,Salaried - Private,Bhopal,Madhya Pradesh,Employed,885718.77,73809.9,8,Young Professionals,Medium
CUST102288,Aarini,Prakash,21,Female,,Graduate,Salaried - Private,Vadodara,Gujarat,Employed,1748463.16,145705.26,3,Young Professionals,High
CUST100423,Lohit,Misra,32,Male,Married,High School,Salaried - Private,Delhi,Delhi,Employed,1703284.4,141940.37,2,Young Professionals,Medium
CUST104339,Pratyush,Chaudry,24,Male,Married,,Salaried - Private,Delhi,Delhi,Employed,1437720.4,119810.03,6,Young Professionals,High
CUST101904,Faris,Mangat,58,Male,Married,Graduate,Retired,,Tamil Nadu,Retired,,40027.74,13,Retired Customers,Low
CUST104538,Meera,Panchal,51,Female,Divorced,Doctorate,Business Owner,Kanpur,Uttar Pradesh,Self Employed,4447091.96,370591,4,High Net Worth Individuals,High
CUST103352,Liam,Goda,42,Male,Widowed,Diploma,Self Employed,Kochi,Kerala,Self Employed,2979840.36,248320.03,18,Business Owners,High
CUST103102,Anusha,Dewan,30,Female,Married,Post Graduate,Unemployed,Ranchi,Jharkhand,Not Employed,34599.36,2883.28,5,Young Professionals,Low
CUST101565,Prisha,Nagarajan,21,Female,Married,Graduate,Salaried - Government,Mysuru,Karnataka,Employed,676647.35,56387.28,3,Young Professionals,Medium
CUST103355,Benjamin,Murthy,50,Male,Divorced,Graduate,Salaried - Government,Bengaluru,Karnataka,Employed,570926.34,47577.19,19,Business Owners,Low
CUST100839,Lucky,Brar,20,Male,Single,High School,Student,Kanpur,Uttar Pradesh,Not Employed,30913.02,2576.09,2,Students,Medium
CUST100500,Qarin,Lala,25,Male,Divorced,Post Graduate,Business Owner,Guwahati,Assam,Self Employed,7685282.57,640440.21,7,High Net Worth Individuals,High
CUST100141,Lucky,Dugar,50,,Married,Post Graduate,Salaried - Government,Guwahati,,Employed,1826596.68,152216.39,8,Business Owners,Medium
CUST101377,Kashvi,Talwar,28,Female,,Graduate,Salaried - Private,Pune,Maharashtra,Employed,2207572.4,183964.37,9,Young Professionals,High
CUST103697,Rudra,Lalla,41,,Married,Diploma,Salaried - Government,Patna,Bihar,Employed,692484.18,57707.02,9,Business Owners,Medium
CUST102144,Gaurangi,Chadha,39,Female,Widowed,Graduate,Salaried - Government,Bhopal,Madhya Pradesh,Employed,1278221.58,106518.47,17,Business Owners,Medium
CUST101138,Ishwar,Kakar,71,Male,Single,High School,Retired,Bhopal,Madhya Pradesh,Retired,923829.9,76985.82,20,Retired Customers,Low
CUST102927,Pahal,Ratti,38,Female,Married,Graduate,Salaried - Private,Ludhiana,Punjab,Employed,1775054.82,147921.24,4,Business Owners,Medium
CUST101787,Dhriti,Mandal,45,Female,Divorced,Graduate,Salaried - Private,Nashik,Maharashtra,Employed,1367355.64,113946.3,12,Business Owners,Medium
CUST103484,Gautam,Ganguly,27,Male,Widowed,Post Graduate,Salaried - Private,Lucknow,Uttar Pradesh,Employed,,73820.04,5,Young Professionals,High
CUST100550,Alexander,Bhat,18,Male,Single,,Student,Chandigarh,Punjab,Not Employed,93507.31,7792.28,,Students,Medium
CUST104906,Neha,Hari,40,Female,Divorced,Graduate,Salaried - Private,Vadodara,Gujarat,Employed,1974760.48,164563.37,9,Business Owners,Medium
CUST102019,Guneet,Lall,38,Male,Married,Graduate,,Nashik,Maharashtra,,1183335.42,98611.28,3,Business Owners,Medium
CUST100948,Arya,Wali,44,,Single,Graduate,Salaried - Private,Ludhiana,Punjab,Employed,1389335.59,115777.97,6,Business Owners,Medium
CUST102600,Baghyawati,Palla,19,Female,Single,High School,,Jaipur,Rajasthan,Not Employed,35691.23,2974.27,1,Students,Medium
CUST100532,Falak,Agate,53,Female,Divorced,,Salaried - Private,Coimbatore,Tamil Nadu,Employed,788527.9,65710.66,6,Business Owners,Medium
CUST101829,Azad,Lal,65,Male,Divorced,High School,Retired,Kanpur,Uttar Pradesh,Retired,367063.78,30588.65,1,Retired Customers,Low
CUST102917,Adya,Sinha,18,Female,Single,Post Graduate,Unemployed,Kanpur,Uttar Pradesh,Not Employed,31882.59,2656.88,1,Young Professionals,Medium
CUST104418,Harita,Vyas,33,,Divorced,Post Graduate,Salaried - Private,Chennai,Tamil Nadu,Employed,670560.4,55880.03,2,Young Professionals,Medium
CUST103871,Matthew,Sankaran,30,Male,Married,Graduate,Salaried - Private,Bengaluru,Karnataka,Employed,727489.32,60624.11,2,Young Professionals,Medium
CUST101602,Irya,Chatterjee,21,Female,,High School,Salaried - Private,Indore,Madhya Pradesh,Employed,825314,68776.17,3,Young Professionals,
CUST100639,Yashodhara,Comar,44,Female,Widowed,Post Graduate,Salaried - Private,Thiruvananthapuram,Kerala,Employed,1375254.83,114604.57,2,Business Owners,Medium
CUST104832,Aashi,Issac,51,Female,Widowed,Graduate,Salaried - Private,Lucknow,Uttar Pradesh,Employed,651063.31,54255.28,11,Business Owners,Medium
CUST100967,Meghana,Sha,28,Female,Divorced,Doctorate,Salaried - Private,Mumbai,Maharashtra,Employed,2146794.54,178899.55,10,Young Professionals,High
CUST104237,Ranbir,Dash,71,Male,Single,Post Graduate,Retired,Udaipur,Rajasthan,Retired,549851.08,45820.92,8,Retired Customers,Low
CUST102697,Frederick,Bobal,24,Male,Widowed,Post Graduate,Unemployed,Kochi,,Not Employed,58169.79,4847.48,4,Young Professionals,Medium
CUST101683,Leela,Chana,39,Female,Single,Post Graduate,,Raipur,Chhattisgarh,Employed,558678.22,46556.52,19,Business Owners,Medium
CUST104470,Widisha,Bhandari,45,Female,Widowed,Diploma,Salaried - Government,Udaipur,Rajasthan,Employed,475015.61,39584.63,1,,Low
CUST102342,Vyanjana,Dubey,28,Female,Divorced,Graduate,Freelancer,Bengaluru,Karnataka,Self Employed,473948.91,39495.74,9,Young Professionals,High
CUST100155,Ojas,De,44,Male,Divorced,High School,Salaried - Private,Vadodara,Gujarat,Employed,2034473.81,169539.48,6,Business Owners,
CUST102487,Lopa,Parsa,24,Female,Widowed,High School,Freelancer,Coimbatore,Tamil Nadu,Self Employed,436153.01,36346.08,6,Young Professionals,High
CUST104641,Aishani,Basu,55,Female,Widowed,Graduate,Self Employed,Udaipur,Rajasthan,Self Employed,3258809.31,271567.44,14,High Net Worth Individuals,High
CUST101089,Vrinda,Nagarajan,,Female,Widowed,High School,Salaried - Private,Ludhiana,Punjab,Employed,1903879.65,158656.64,4,Young Professionals,
CUST102655,Omkaar,Prashad,26,Male,Single,High School,Salaried - Private,Guwahati,Assam,Employed,713934.36,59494.53,8,Young Professionals,Medium
CUST104240,Kamya,Sridhar,24,Female,Divorced,Diploma,Salaried - Government,Jaipur,Rajasthan,Employed,912797.22,76066.43,6,,Medium
CUST100288,Dipta,Barman,31,Female,,,Unemployed,Ludhiana,Punjab,Not Employed,12274.71,1022.89,5,Young Professionals,Low
CUST100930,Wyatt,Handa,29,Male,Married,Post Graduate,Salaried - Private,Thiruvananthapuram,Kerala,Employed,978298.52,81524.88,1,Young Professionals,High
CUST102535,Wahab,Prakash,51,Male,Married,Graduate,Salaried - Government,Thiruvananthapuram,Kerala,Employed,1826849.96,152237.5,5,Business Owners,Medium
CUST104028,Lucky,Jha,58,Male,Widowed,Graduate,Salaried - Private,Ahmedabad,Gujarat,Employed,2283380.04,190281.67,14,Business Owners,Medium
CUST103371,Samarth,Kumar,44,Male,Widowed,Post Graduate,Salaried - Private,Surat,Gujarat,Employed,1035837.78,86319.82,13,Business Owners,Medium
CUST104621,Eshana,Bora,26,Female,Widowed,Graduate,Salaried - Government,Chandigarh,Punjab,Employed,900743.28,75061.94,8,Young Professionals,Medium
CUST103291,Rachana,Sabharwal,39,Female,Married,Post Graduate,Self Employed,Ranchi,Jharkhand,Self Employed,2546660.09,212221.67,,Business Owners,High
CUST100942,Oscar,Sathe,34,Male,Widowed,Graduate,Salaried - Private,Hyderabad,,Employed,1286060.18,107171.68,3,Young Professionals,Medium
CUST103859,Krishna,Chokshi,50,Female,Widowed,Graduate,Business Owner,Coimbatore,Tamil Nadu,,6479691.23,539974.27,13,High Net Worth Individuals,High
CUST104662,Owen,Chawla,53,Male,,Post Graduate,Homemaker,Pune,Maharashtra,Not Employed,73316.63,6109.72,10,Business Owners,Low
CUST101698,Viraj,Mittal,22,Male,Divorced,Post Graduate,Freelancer,Bhopal,Madhya Pradesh,Self Employed,433685.66,36140.47,4,Young Professionals,High
CUST104708,Mason,Singhal,29,Male,Widowed,Post Graduate,Salaried - Private,Guwahati,Assam,Employed,1599669.81,133305.82,11,Young Professionals,High
CUST103200,Nidhi,Anne,66,Female,,High School,Retired,Bengaluru,Karnataka,Retired,387128.4,32260.7,19,Retired Customers,Low
CUST104601,Januja,Mammen,20,Female,,Graduate,Unemployed,Hyderabad,Telangana,Not Employed,54589.99,4549.17,,Young Professionals,Medium
CUST104608,Harsh,Rana,49,Male,Single,Post Graduate,Salaried - Government,Vadodara,Gujarat,Employed,1016918.39,84743.2,14,Business Owners,Medium
CUST100985,Kiaan,Narayan,44,Male,Single,High School,Salaried - Private,Udaipur,Rajasthan,Employed,1623984.57,135332.05,18,Business Owners,Medium
CUST103318,Madhavi,Bhavsar,31,Female,Widowed,Graduate,Salaried - Private,Pune,Maharashtra,Employed,782155.48,65179.62,13,Young Professionals,Medium
CUST102867,Libni,Gokhale,32,Female,Widowed,Post Graduate,Salaried - Private,,,Employed,913429.01,76119.08,5,Young Professionals,Medium
CUST104056,Veer,Rajagopalan,63,Male,Divorced,High School,Business Owner,Bhubaneswar,Odisha,Self Employed,11309223.06,942435.26,4,High Net Worth Individuals,Medium
CUST104777,Bimala,Gola,24,Female,Widowed,Graduate,Unemployed,Chandigarh,Punjab,Not Employed,75637.36,6303.11,6,Young Professionals,Medium
CUST100981,Waida,Naik,44,Female,,High School,Homemaker,Mumbai,Maharashtra,Not Employed,87172.51,7264.38,,Business Owners,Low
CUST102492,Nisha,Sundaram,31,Female,Divorced,Graduate,Salaried - Private,Udaipur,Rajasthan,Employed,641833.7,53486.14,5,Young Professionals,Medium
CUST103792,Hitesh,Uppal,22,Male,Single,Doctorate,Salaried - Government,Nashik,Maharashtra,Employed,1111262.08,92605.17,4,Young Professionals,Medium
CUST103548,Libni,Om,46,Female,Divorced,Diploma,Self Employed,Kochi,Kerala,,1864319.84,,11,Business Owners,Medium
CUST102942,Hemal,Chakraborty,48,Female,Single,Post Graduate,Salaried - Private,Ludhiana,Punjab,Employed,1899907.8,158325.65,10,Business Owners,Medium
CUST103527,Benjamin,Mannan,34,Male,Widowed,High School,Salaried - Government,Guwahati,Assam,Employed,1494539.33,124544.94,6,Young Professionals,Medium
CUST103845,Arunima,Mall,51,Female,Divorced,Graduate,Freelancer,Ludhiana,Punjab,Self Employed,1172100.04,97675,20,Business Owners,Medium
CUST101457,Samuel,Pradhan,36,Male,Widowed,Graduate,Business Owner,Bengaluru,Karnataka,Self Employed,7188579.93,599048.33,14,High Net Worth Individuals,High
CUST101395,Benjamin,Mukherjee,32,Male,Divorced,Post Graduate,Salaried - Government,Pune,Maharashtra,Employed,995147.37,82928.95,7,,Medium
CUST100264,Aryan,Lad,43,Male,Married,Graduate,Salaried - Government,Ahmedabad,Gujarat,Employed,1040266.99,86688.92,13,Business Owners,Medium
CUST104095,Nikita,Sawhney,35,Female,Single,High School,Salaried - Government,Udaipur,Rajasthan,Employed,1516462.21,126371.85,5,Young Professionals,Medium
CUST100929,Peter,Lalla,30,Male,Married,Post Graduate,Salaried - Private,Bengaluru,Karnataka,Employed,1405773.71,117147.81,3,Young Professionals,Medium
CUST104871,Deepa,Hayre,48,Female,Single,Post Graduate,Self Employed,Kolkata,West Bengal,Self Employed,2389481.8,199123.48,8,Business Owners,High
CUST102692,Advika,Varkey,70,Female,Widowed,Graduate,Retired,Coimbatore,Tamil Nadu,Retired,295958.96,24663.25,10,Retired Customers,Low
CUST100246,Triya,Bhatia,42,Female,Married,Post Graduate,Business Owner,Thiruvananthapuram,Kerala,Self Employed,9954313.57,829526.13,14,High Net Worth Individuals,High
CUST103589,Yachana,Palan,32,Female,Divorced,Post Graduate,Salaried - Private,Bengaluru,Karnataka,Employed,1920432.66,160036.05,13,Young Professionals,Medium
CUST101758,Eiravati,Chauhan,,Female,Married,Post Graduate,Business Owner,Bhubaneswar,Odisha,Self Employed,10781542.91,898461.91,14,High Net Worth Individuals,High
CUST104865,Charles,Taneja,18,Male,Single,Diploma,Student,Bhubaneswar,Odisha,Not Employed,68112.4,5676.03,1,Students,Medium
CUST102810,Laksh,Kurian,48,Male,Divorced,Post Graduate,Salaried - Private,Indore,Madhya Pradesh,Employed,1022233.53,85186.13,4,Business Owners,Medium
CUST100923,Bhavani,Devi,21,Female,Married,High School,Salaried - Private,,Uttar Pradesh,Employed,1217726.47,101477.21,3,Young Professionals,
CUST102880,Aadi,Barad,46,Male,Widowed,Graduate,Salaried - Private,Bhopal,Madhya Pradesh,Employed,1357762.62,113146.89,11,Business Owners,Medium
CUST100268,Ranveer,Mall,21,Male,Divorced,High School,Student,Guwahati,Assam,,14876.4,1239.7,3,Students,Medium
CUST100669,Theodore,Viswanathan,48,Male,Single,Post Graduate,Business Owner,Bhubaneswar,Odisha,Self Employed,5579199.82,464933.32,19,High Net Worth Individuals,High
CUST104475,Parth,Grewal,50,Male,Divorced,Graduate,Business Owner,Pune,Maharashtra,Self Employed,8019743.87,668311.99,2,High Net Worth Individuals,High
CUST101910,Saumya,Khanna,43,Female,Divorced,Diploma,Unemployed,Ranchi,Jharkhand,Not Employed,3653.47,304.46,14,Business Owners,Low
CUST102985,Rishi,Prakash,24,Male,Widowed,Graduate,,Raipur,Chhattisgarh,Not Employed,34455.61,2871.3,6,Students,Medium
CUST101152,Urmi,Kata,20,Female,Single,Graduate,,Kolkata,West Bengal,Not Employed,34475.68,2872.97,2,Young Professionals,Medium
CUST104817,Krishna,Krishnan,18,,Single,Graduate,Student,Bhubaneswar,Odisha,Not Employed,18502.24,1541.85,1,Students,Medium
CUST103455,Leena,Gara,19,Female,Single,Post Graduate,Student,Bhubaneswar,Odisha,Not Employed,42547.12,3545.59,1,Students,Medium
CUST104241,Xavier,Chaudhuri,47,Male,Single,Graduate,Self Employed,Ahmedabad,Gujarat,Self Employed,1825108.27,152092.36,4,Business Owners,Medium
CUST104549,Max,Choudhury,34,Male,Single,Diploma,Salaried - Private,Surat,Gujarat,Employed,1856872.09,154739.34,3,,Medium
CUST102172,Jeet,Mani,21,Male,Divorced,Graduate,Salaried - Government,Guwahati,Assam,Employed,1457352.53,121446.04,2,Young Professionals,Medium
CUST104515,Jatin,Dua,33,Male,Single,Graduate,Business Owner,Kanpur,Uttar Pradesh,Self Employed,11525576.73,960464.73,15,High Net Worth Individuals,High
CUST101915,Abha,Krishnamurthy,47,Female,Widowed,Post Graduate,Salaried - Government,Thiruvananthapuram,Kerala,Employed,1092056.03,91004.67,7,Business Owners,Medium
CUST100612,Baghyawati,Amble,38,Female,Divorced,Post Graduate,Salaried - Government,Mumbai,Maharashtra,Employed,1270924.84,105910.4,7,Business Owners,Medium
CUST102406,Ria,Sachar,22,Female,Widowed,Post Graduate,Student,Thiruvananthapuram,Kerala,Not Employed,40876.79,3406.4,4,Students,
CUST104205,Ethan,Kumar,,Male,Widowed,Graduate,Salaried - Private,Chennai,Tamil Nadu,Employed,1098684.13,91557.01,4,Young Professionals,Medium
CUST101898,Luke,Sami,60,Male,Widowed,High School,Salaried - Government,Mumbai,Maharashtra,Employed,1570999.26,130916.6,16,Business Owners,Low
CUST101649,Eshana,Ratti,30,Female,Widowed,,Salaried - Private,Guwahati,Assam,Employed,929167.52,77430.63,12,Young Professionals,Medium
CUST102607,Hema,Shah,,Female,Divorced,Graduate,Retired,Chennai,Tamil Nadu,Retired,722286.46,60190.54,16,Retired Customers,Low
CUST100258,Gayathri,Sibal,35,Female,Divorced,Doctorate,Self Employed,Hyderabad,Telangana,Self Employed,1972691.42,164390.95,17,Business Owners,High
CUST100847,Banjeet,Bath,65,Male,Single,Graduate,Retired,Kanpur,Uttar Pradesh,Retired,1121326.79,93443.9,15,,Low
CUST104251,Pavani,Murty,33,Female,Widowed,Graduate,Unemployed,Jaipur,Rajasthan,Not Employed,36246.7,3020.56,15,Young Professionals,Low
CUST101233,Devika,Dhar,66,Female,Divorced,Diploma,,Dehradun,Uttarakhand,Retired,660132.36,55011.03,5,Retired Customers,Low
CUST101127,Samaksh,Sharaf,27,Male,Married,Doctorate,Salaried - Private,Mumbai,Maharashtra,Employed,1093923.61,91160.3,9,Young Professionals,
CUST101967,Leela,Reddy,22,Female,Divorced,Graduate,Unemployed,Chandigarh,Punjab,Not Employed,53529.32,4460.78,4,Young Professionals,Medium
CUST100558,Sai,Wali,29,Female,Married,Post Graduate,Freelancer,Ludhiana,Punjab,Self Employed,812129.02,67677.42,2,Young Professionals,High
CUST103905,Vinaya,Narula,67,Female,Widowed,High School,Retired,Indore,Madhya Pradesh,Retired,781212.18,65101.02,18,Retired Customers,Low
CUST100484,Anika,Patla,41,Female,Widowed,Graduate,,Kochi,,Self Employed,759782.9,63315.24,8,Business Owners,Medium
CUST101320,Saksham,Varma,51,Male,Divorced,High School,Self Employed,Nagpur,Maharashtra,Self Employed,1347996.87,112333.07,6,Business Owners,Medium
CUST103404,Michael,Murthy,43,Male,Married,Graduate,Business Owner,Raipur,Chhattisgarh,Self Employed,5648026.38,470668.86,13,High Net Worth Individuals,High
CUST100007,Zayyan,Bala,32,,Widowed,Doctorate,Salaried - Government,Chennai,Tamil Nadu,Employed,537733.98,44811.17,8,Young Professionals,Medium
CUST103279,Vrinda,Soni,55,Female,Married,Graduate,Business Owner,Ahmedabad,Gujarat,Self Employed,5183150.14,431929.18,8,High Net Worth Individuals,High
CUST103189,Mitesh,Dass,60,Male,Divorced,Graduate,Salaried - Government,Nagpur,Maharashtra,,1728393.71,144032.81,8,Business Owners,Low
CUST101450,Mitesh,Chawla,26,Male,Married,Graduate,Salaried - Private,Surat,Gujarat,Employed,1998470.6,166539.22,3,Young Professionals,High
CUST103980,Kamala,Lanka,28,Female,Single,Diploma,Salaried - Private,Chennai,Tamil Nadu,Employed,2354815.52,196234.63,5,Young Professionals,High
CUST101814,Onveer,Goswami,43,Male,Married,Graduate,Self Employed,Dehradun,Uttarakhand,Self Employed,763623.42,63635.29,20,Business Owners,Medium
CUST100773,Reyansh,Nori,60,Male,Divorced,Graduate,Self Employed,Chennai,Tamil Nadu,Self Employed,1629813.88,135817.82,16,Business Owners,Medium
CUST101011,Vasana,Deo,29,Female,Divorced,Post Graduate,Salaried - Private,Bengaluru,Karnataka,Employed,1198771.19,99897.6,8,Young Professionals,High
CUST102818,Chaman,Dhillon,29,Female,Divorced,Post Graduate,Salaried - Government,Ludhiana,Punjab,Employed,909138.37,75761.53,4,Young Professionals,Medium
CUST103275,Upasna,Desai,38,Female,Single,Post Graduate,Salaried - Private,Mumbai,Maharashtra,Employed,819473.23,68289.44,5,Business Owners,Medium
CUST101991,Ekavir,Dyal,47,Male,Married,Graduate,Salaried - Government,Udaipur,Rajasthan,Employed,1154868.63,96239.05,7,Business Owners,Medium
CUST101277,Ekiya,Grover,55,Female,Married,Graduate,Business Owner,Patna,Bihar,Self Employed,6839354.99,569946.25,19,High Net Worth Individuals,High
CUST101783,Shivansh,Chaudhuri,,Male,Widowed,Post Graduate,Salaried - Government,Jaipur,Rajasthan,Employed,1071976.04,89331.34,13,Young Professionals,Medium
CUST103105,Januja,Sehgal,43,Female,Married,Post Graduate,Homemaker,Chennai,Tamil Nadu,Not Employed,43236.02,3603,16,Business Owners,Low
CUST100446,Widisha,Banik,34,Female,Divorced,Doctorate,Salaried - Private,Bengaluru,Karnataka,Employed,1526251.25,127187.6,6,Young Professionals,Medium
CUST100880,Megha,Talwar,26,Female,Married,Graduate,Unemployed,Ahmedabad,Gujarat,Not Employed,81894.45,6824.54,8,Young Professionals,
CUST104459,Udyati,Tandon,39,Female,Divorced,Post Graduate,Salaried - Government,Kolkata,West Bengal,Employed,951176.55,79264.71,3,Business Owners,Medium
CUST100781,Balveer,Narang,21,Male,,Post Graduate,Student,Thiruvananthapuram,Kerala,Not Employed,27142.72,2261.89,3,Students,Medium
CUST101749,Upadhriti,Sood,71,Female,Widowed,High School,Retired,Ahmedabad,Gujarat,Retired,918228.58,76519.05,9,Retired Customers,Low
CUST103388,Kamya,Mishra,29,Female,Married,Graduate,Homemaker,Chandigarh,Punjab,Not Employed,164288.88,,11,Young Professionals,Medium
CUST104881,Amol,Aurora,38,Male,Divorced,High School,Salaried - Private,Bengaluru,Karnataka,Employed,1091693.34,90974.45,10,Business Owners,Medium
CUST100883,Upasna,Desai,44,Female,,Post Graduate,Business Owner,Indore,Madhya Pradesh,Self Employed,4030473.68,335872.81,14,High Net Worth Individuals,
CUST102944,Vyanjana,Date,21,Female,Widowed,Post Graduate,Salaried - Private,Nashik,Maharashtra,Employed,1011994.27,84332.86,3,Young Professionals,High
CUST101091,Naksh,Sachdev,34,Male,Married,High School,Salaried - Private,Dehradun,Uttarakhand,Employed,718099.53,59841.63,,Young Professionals,Medium
CUST104783,Mekhala,Rattan,68,Female,Single,Graduate,Homemaker,Lucknow,Uttar Pradesh,Not Employed,109196.78,9099.73,2,Business Owners,Low
CUST100531,Kamala,Narasimhan,40,Female,Divorced,Diploma,Freelancer,Raipur,Chhattisgarh,Self Employed,1038007.05,86500.59,11,Business Owners,High
CUST104022,Max,Chander,18,Male,Single,Graduate,Student,Kolkata,West Bengal,Not Employed,70180.68,5848.39,1,Students,Medium
CUST104421,Owen,Manda,33,Male,Widowed,Post Graduate,Salaried - Private,Coimbatore,Tamil Nadu,Employed,1372558.71,114379.89,3,Young Professionals,Medium
CUST104098,Harrison,Krish,31,,Married,Graduate,Salaried - Private,Chennai,Tamil Nadu,Employed,1943701.95,161975.16,13,Young Professionals,Medium
CUST101727,Ria,Lad,25,Female,Married,Graduate,Business Owner,Mysuru,Karnataka,Self Employed,8721780.62,726815.05,7,High Net Worth Individuals,High
CUST100610,Mitesh,Bath,28,Male,Married,Graduate,Unemployed,Thiruvananthapuram,Kerala,Not Employed,30416.86,2534.74,10,Young Professionals,Medium
CUST100570,Vritti,Bhavsar,68,Female,Single,,Retired,Chandigarh,Punjab,Retired,591842.67,49320.22,10,Retired Customers,Low
CUST102671,Panini,Sule,49,Female,Divorced,Graduate,Salaried - Private,Patna,Bihar,Employed,2105841.51,175486.79,12,Business Owners,Medium
CUST103718,Ucchal,Bava,18,Female,Single,Graduate,,Thiruvananthapuram,Kerala,Not Employed,81127.68,6760.64,1,Students,Medium
CUST100343,Hiral,Behl,47,Female,Divorced,High School,Business Owner,Thiruvananthapuram,Kerala,Self Employed,5335645.5,444637.12,14,High Net Worth Individuals,High
CUST103000,Warjas,Shere,37,Male,Divorced,Graduate,Freelancer,Nashik,Maharashtra,Self Employed,567722.85,47310.24,19,Business Owners,Medium
CUST103139,Max,Tak,38,Male,Widowed,,Business Owner,Ahmedabad,Gujarat,Self Employed,8398885.1,699907.09,6,High Net Worth Individuals,High
CUST100434,Faqid,Tandon,19,Male,Single,Graduate,Student,Kochi,Kerala,Not Employed,128082.29,10673.52,1,Students,Medium
CUST101903,Harish,Loke,72,Male,Widowed,Graduate,Retired,Lucknow,Uttar Pradesh,Retired,525860.27,43821.69,13,Retired Customers,Low
CUST103804,Jagrati,Sharaf,24,Female,Married,Post Graduate,Salaried - Private,Patna,Bihar,Employed,964498.38,80374.87,6,Young Professionals,High
CUST104776,Qushi,Chakraborty,43,Female,Single,Post Graduate,Salaried - Private,Dehradun,Uttarakhand,Employed,2456626.12,204718.84,16,Business Owners,High
CUST102069,Keya,Bassi,29,Female,Single,Graduate,Salaried - Private,Mysuru,Karnataka,Employed,1173605.48,97800.46,10,Young Professionals,High
CUST101537,Yatan,Barad,32,Male,Widowed,Post Graduate,Salaried - Government,Ludhiana,Punjab,Employed,,106448.92,13,Young Professionals,Medium
CUST102252,Jacob,Krishnamurthy,45,Male,Divorced,High School,Self Employed,Jaipur,Rajasthan,Self Employed,3324235.24,277019.6,11,High Net Worth Individuals,High
CUST102346,Omkaar,Bhasin,21,,Married,Post Graduate,Salaried - Private,Jaipur,Rajasthan,Employed,1672049.05,139337.42,3,Young Professionals,
CUST101517,Wakeeta,Sundaram,21,Female,Married,High School,Student,Raipur,Chhattisgarh,Not Employed,39382.93,3281.91,3,Students,Medium
CUST100965,Aayush,Misra,49,Male,Single,,Salaried - Government,Dehradun,Uttarakhand,Employed,860470.59,71705.88,11,Business Owners,Medium
CUST104406,Agastya,Kota,41,Male,Married,Graduate,Self Employed,Kolkata,West Bengal,Self Employed,2136386.02,178032.17,2,Business Owners,High
CUST100528,Jairaj,Dass,33,Male,Widowed,Graduate,Salaried - Private,Nagpur,Maharashtra,Employed,1363111.6,113592.63,4,Young Professionals,Medium
CUST100176,Harish,Sharma,20,Male,Single,Graduate,Student,Kochi,Kerala,Not Employed,71354.88,5946.24,2,,Medium
CUST103482,Owen,Chander,48,Male,Widowed,Post Graduate,Unemployed,Jaipur,Rajasthan,Not Employed,39012.56,3251.05,13,Business Owners,Low
CUST102543,Harrison,Jayaraman,34,Male,Single,Graduate,Unemployed,Bhopal,Madhya Pradesh,Not Employed,11721.08,976.76,16,Young Professionals,Low
CUST104935,Janaki,Patla,44,Female,Single,Graduate,Self Employed,Bhopal,Madhya Pradesh,Self Employed,1015336.44,84611.37,20,Business Owners,High
CUST100572,Chakradhar,Sankaran,40,Male,Married,Post Graduate,Unemployed,Dehradun,Uttarakhand,Not Employed,25023.4,2085.28,17,Business Owners,Low
CUST102299,Bhavya,Gopal,46,Female,Divorced,Graduate,Business Owner,Thiruvananthapuram,Kerala,Self Employed,6661128.82,,4,High Net Worth Individuals,High
CUST103508,Ishita,Gaba,29,Female,Widowed,Graduate,Salaried - Private,Coimbatore,Tamil Nadu,Employed,844869.93,70405.83,2,Young Professionals,High
CUST102459,Chaitanya,Chowdhury,24,,Widowed,Graduate,Salaried - Private,Bhopal,Madhya Pradesh,Employed,1226648.83,102220.74,6,Young Professionals,High
CUST103609,Rachita,Lal,26,Female,Married,High School,Salaried - Private,,Gujarat,Employed,1114561.69,92880.14,1,Young Professionals,
CUST104554,Kashish,Majumdar,25,Female,Divorced,Graduate,Salaried - Government,Lucknow,Uttar Pradesh,Employed,1738703.07,144891.92,7,Young Professionals,Medium
CUST102208,Zaid,Samra,53,Male,Single,Post Graduate,Business Owner,Indore,Madhya Pradesh,Self Employed,16091887.76,1340990.65,7,High Net Worth Individuals,High
CUST104720,Madhavi,Chanda,29,Female,Widowed,Graduate,Salaried - Private,Surat,Gujarat,Employed,2522252.85,210187.74,6,Young Professionals,High
CUST102755,Devansh,Menon,40,Male,Married,Graduate,Salaried - Private,Delhi,Delhi,Employed,1210281.26,100856.77,11,Business Owners,Medium
CUST100383,Anmol,Gill,50,Male,Married,Graduate,Business Owner,Kolkata,West Bengal,Self Employed,16250712.2,1354226.02,8,High Net Worth Individuals,High
CUST100852,Jason,Ravi,26,Male,Married,Graduate,Salaried - Government,Guwahati,Assam,Employed,645131.75,53760.98,8,Young Professionals,Medium
CUST101880,Yashoda,Goel,,Female,Single,Graduate,Student,Ludhiana,Punjab,Not Employed,111201.99,9266.83,1,Students,Medium
CUST100370,Kiaan,Dhar,48,,Single,Diploma,Salaried - Private,,,Employed,3076638.24,256386.52,20,,Medium
CUST102378,Chatresh,Sunder,30,Male,Single,Post Graduate,Self Employed,Chandigarh,Punjab,Self Employed,929027.01,77418.92,2,Young Professionals,High
CUST104323,Chandani,Dutta,42,Other,Single,Diploma,Business Owner,Udaipur,Rajasthan,Self Employed,10568820.8,880735.07,,High Net Worth Individuals,High
CUST101105,Anay,Borde,36,Male,Single,Doctorate,Business Owner,Ludhiana,Punjab,Self Employed,14565712.18,1213809.35,13,High Net Worth Individuals,High
CUST103413,Brijesh,Sachdeva,62,Male,Married,Graduate,,Delhi,Delhi,Retired,749839.06,62486.59,10,Retired Customers,Low
CUST103946,Nandini,Dixit,42,Female,Divorced,Graduate,Salaried - Private,Kolkata,West Bengal,Employed,2110444.97,175870.41,13,Business Owners,High
CUST101336,Vedant,Acharya,60,Male,Widowed,Post Graduate,Retired,Dehradun,Uttarakhand,Retired,559756.18,46646.35,7,Retired Customers,Low
CUST102189,Yatin,Maharaj,24,Male,Divorced,Graduate,Unemployed,,Tamil Nadu,Not Employed,50722.75,4226.9,6,Young Professionals,Medium
CUST104594,Dalbir,Agarwal,40,Male,Married,Post Graduate,Salaried - Government,Indore,Madhya Pradesh,Employed,1192055.05,99337.92,1,Business Owners,Medium
CUST102319,Rohan,Bora,18,Male,Single,Graduate,Student,Hyderabad,Telangana,Not Employed,108557.53,,1,Students,Medium
CUST104705,Abeer,Saha,36,Male,Widowed,Diploma,Business Owner,Chennai,Tamil Nadu,Self Employed,8608161.07,717346.76,4,,High
CUST103710,Darpan,Pingle,32,Male,Married,Graduate,Business Owner,Guwahati,Assam,Self Employed,,1071806.19,3,,High
CUST104848,Qasim,Patla,31,Male,Married,Graduate,Business Owner,Thiruvananthapuram,Kerala,Self Employed,11718434.08,976536.17,13,High Net Worth Individuals,High
CUST101171,Girik,Sankar,33,Male,Widowed,Post Graduate,,Thiruvananthapuram,Kerala,Employed,741626.29,61802.19,8,Young Professionals,Medium
CUST104325,Pahal,Sami,,Female,Single,High School,Salaried - Government,Nagpur,Maharashtra,Employed,471857.25,39321.44,9,Business Owners,Medium
CUST102694,Pushti,Nagar,39,Female,Single,,Salaried - Government,Raipur,,Employed,880862.06,73405.17,16,Business Owners,Medium
CUST101422,Aarav,Basu,21,Male,Divorced,Graduate,Salaried - Private,Ludhiana,Punjab,Employed,1940667.11,161722.26,,Young Professionals,High
CUST102341,Aarna,Basak,25,Female,Divorced,Graduate,Salaried - Private,Nagpur,Maharashtra,Employed,2012417.45,167701.45,7,Young Professionals,High
CUST102651,Aditya,Joshi,34,Male,Divorced,High School,Self Employed,,Kerala,Self Employed,2696020.78,224668.4,5,Business Owners,High
CUST104155,Xalak,Boase,42,Female,Single,High School,Business Owner,Indore,Madhya Pradesh,Self Employed,7071981.67,589331.81,13,High Net Worth Individuals,High
CUST101464,Leena,Murty,36,Female,Divorced,Graduate,Salaried - Government,Thiruvananthapuram,Kerala,Employed,1343954.5,111996.21,10,Business Owners,Medium
CUST100874,Mitesh,Tank,34,Male,Single,Graduate,Business Owner,Guwahati,Assam,Self Employed,6056894.81,504741.23,,High Net Worth Individuals,High
CUST103339,Harsh,Sachar,53,Male,Married,Graduate,Business Owner,Ludhiana,Punjab,Self Employed,15149523.86,1262460.32,13,High Net Worth Individuals,High
CUST104340,Falak,Puri,72,Female,Widowed,Graduate,,Delhi,Delhi,Retired,895111.09,74592.59,1,Retired Customers,Low
CUST101251,Akshay,Hora,24,Male,Single,Graduate,Salaried - Private,Kolkata,West Bengal,Employed,1494804.1,124567.01,,Young Professionals,High
CUST102348,Ganga,Yadav,18,Female,Single,Graduate,Student,Mysuru,Karnataka,Not Employed,96531.26,8044.27,1,Students,Medium
CUST100840,Jeremiah,Hegde,28,Male,Divorced,Post Graduate,Salaried - Government,Thiruvananthapuram,Kerala,,1788353,149029.42,,Young Professionals,Medium
CUST104568,Tejas,Bir,35,,Married,Graduate,Salaried - Private,Thiruvananthapuram,Kerala,Employed,,,6,Young Professionals,Medium
CUST100581,Faras,Subramaniam,26,Male,Married,Graduate,Salaried - Private,,Gujarat,Employed,1072324.75,89360.4,8,Young Professionals,High
CUST100204,Samaksh,Acharya,34,Male,Married,Post Graduate,Salaried - Private,Pune,Maharashtra,Employed,,94641.62,14,Young Professionals,Medium
CUST101641,Ethan,Chaudhry,66,Male,Single,Post Graduate,Retired,,Maharashtra,Retired,430267.54,35855.63,19,,Low
CUST102014,Udant,Parmer,26,Male,Widowed,Post Graduate,Unemployed,Pune,Maharashtra,Not Employed,59082.55,4923.55,8,Young Professionals,Medium
CUST100905,Pahal,Tripathi,36,Female,Married,Post Graduate,Salaried - Private,Nashik,,Employed,1142584.82,95215.4,18,Business Owners,Medium
CUST100631,Radhika,Chakrabarti,30,Female,Single,Graduate,Salaried - Private,Ranchi,Jharkhand,Employed,,74126.93,12,,Medium
CUST103364,Kashish,Das,61,Female,Widowed,Diploma,Retired,,,Retired,618588.72,51549.06,1,Retired Customers,Low
CUST101974,Rachita,Thakkar,63,Female,Married,Post Graduate,Retired,Dehradun,Uttarakhand,Retired,626005.59,52167.13,6,Retired Customers,Low
CUST100162,Devansh,Barman,24,Male,Married,,Unemployed,Bhopal,Madhya Pradesh,Not Employed,9558.98,796.58,6,,Medium
CUST103172,Tripti,Oak,23,Female,Married,Graduate,Salaried - Private,Hyderabad,Telangana,Employed,1349122.86,112426.91,5,Young Professionals,High
CUST103612,Amol,Bhatt,32,Male,Widowed,Post Graduate,Salaried - Private,Jaipur,Rajasthan,Employed,1668355.87,139029.66,13,Young Professionals,Medium
CUST104675,Odika,Talwar,43,Female,Widowed,High School,Business Owner,Hyderabad,Telangana,Self Employed,7407881.33,617323.44,7,High Net Worth Individuals,High
CUST100617,Aarini,Tank,29,Female,Married,High School,Self Employed,Pune,Maharashtra,Self Employed,1005565.81,83797.15,11,Young Professionals,High
CUST104068,Lajita,Johal,64,Female,Widowed,High School,Retired,Raipur,Chhattisgarh,Retired,647182.12,53931.84,7,Retired Customers,Low
CUST101431,Brinda,Pradhan,40,Female,Married,Diploma,Homemaker,Guwahati,Assam,Not Employed,130055.99,10838,18,Business Owners,Low
CUST100547,Zayan,Kant,21,Male,Single,Diploma,Salaried - Private,Kanpur,Uttar Pradesh,Employed,1879969.61,156664.13,2,Young Professionals,High
CUST103334,Qabil,Shere,,Male,Married,Graduate,Self Employed,Thiruvananthapuram,Kerala,Self Employed,2735726.6,227977.22,18,Business Owners,High
CUST104546,Tanveer,Goyal,18,Male,Single,Graduate,Unemployed,Coimbatore,Tamil Nadu,Not Employed,25184.03,2098.67,1,Young Professionals,Medium
CUST104223,Sathvik,Mani,33,Male,Widowed,Graduate,Business Owner,,Madhya Pradesh,Self Employed,11600110.62,966675.88,,High Net Worth Individuals,High
CUST102387,Azaan,Patel,37,Male,Divorced,Graduate,Salaried - Private,Thiruvananthapuram,Kerala,Employed,1492589.68,124382.47,9,Business Owners,Medium
CUST104243,Amaira,Amble,44,,Married,Graduate,Homemaker,Raipur,Chhattisgarh,Not Employed,145052.53,12087.71,,Business Owners,Low
CUST103995,Tamanna,Ravi,60,Female,Divorced,Graduate,Retired,Jaipur,Rajasthan,Retired,493336.65,41111.39,13,Retired Customers,Low
CUST104065,Damini,Thaman,49,Female,Widowed,Post Graduate,,,Maharashtra,Not Employed,41104.04,3425.34,,Business Owners,Low
CUST101861,Gunbir,Kapadia,37,Other,Divorced,Graduate,Salaried - Private,Udaipur,Rajasthan,Employed,1830956.95,152579.75,15,Business Owners,Medium
CUST100640,Gunbir,Palla,25,Male,Married,Graduate,Salaried - Private,Ahmedabad,Gujarat,Employed,842343.2,70195.27,2,Young Professionals,High
CUST103902,Irya,Jaggi,34,Female,Divorced,Graduate,Salaried - Private,Chandigarh,Punjab,Employed,955600.85,79633.4,5,Young Professionals,Medium
CUST100637,Indrajit,Nath,27,Male,Widowed,Post Graduate,Salaried - Private,Thiruvananthapuram,Kerala,Employed,1981431.98,165119.33,6,Young Professionals,High
CUST104262,Yasti,Sachdev,41,Female,Divorced,,Freelancer,,Uttarakhand,,916083.55,76340.3,10,Business Owners,High
CUST103910,Yachana,Kanda,35,Female,Single,Post Graduate,Salaried - Private,Chennai,Tamil Nadu,Employed,2328637.67,194053.14,12,Young Professionals,High
CUST102986,Ekansh,Shankar,22,Male,,Diploma,Student,Chandigarh,Punjab,Not Employed,20960.36,1746.7,2,Students,Medium
CUST102096,Yutika,Salvi,46,Female,Married,High School,Homemaker,Indore,Madhya Pradesh,Not Employed,105572.71,8797.73,5,Business Owners,Low
CUST104611,Raksha,Divan,37,Female,Married,Post Graduate,Salaried - Private,Coimbatore,Tamil Nadu,Employed,1231196.84,102599.74,19,Business Owners,Medium
CUST103075,Wyatt,Prabhu,41,Male,Married,Diploma,Business Owner,Kochi,Kerala,Self Employed,12191677.64,1015973.14,13,,High
CUST103674,Zayyan,Choudhry,19,Male,Single,Post Graduate,Student,Ludhiana,Punjab,Not Employed,95130.19,7927.52,1,Students,Medium
CUST102841,Shivani,Shenoy,44,Female,Widowed,Post Graduate,Business Owner,Kanpur,Uttar Pradesh,Self Employed,13305030.26,1108752.52,5,High Net Worth Individuals,High
CUST100921,Harsh,Roy,36,Male,Divorced,Graduate,Salaried - Private,Indore,Madhya Pradesh,Employed,1396337.81,116361.48,9,Business Owners,Medium
CUST100546,Darika,Seth,61,Female,Divorced,Post Graduate,Self Employed,Nagpur,Maharashtra,Self Employed,1882069.1,156839.09,15,Business Owners,Medium
CUST103666,Edhitha,Venkatesh,33,Female,Married,Graduate,Self Employed,Chandigarh,Punjab,Self Employed,2499322.55,208276.88,15,Business Owners,High
CUST101900,Damyanti,Bakshi,18,Female,Single,,Student,Ranchi,Jharkhand,Not Employed,56807.7,4733.97,1,Students,Medium
CUST102028,Ekalinga,Shetty,19,Male,Single,High School,Student,Guwahati,Assam,Not Employed,66713.89,5559.49,1,Students,Medium
CUST102301,Christopher,Shah,30,Male,Widowed,Post Graduate,Salaried - Private,,Tamil Nadu,Employed,726561.14,60546.76,12,Young Professionals,Medium
CUST101885,Kritika,Mahal,20,Female,Single,Post Graduate,Student,Pune,Maharashtra,Not Employed,93654.34,7804.53,2,Students,Medium
CUST101642,Damyanti,Chaudhuri,34,Female,Single,Post Graduate,Salaried - Private,Pune,Maharashtra,Employed,,84155.9,12,Young Professionals,Medium
CUST103509,Rishi,Rau,,Male,Divorced,High School,Self Employed,Nashik,Maharashtra,Self Employed,1683678.9,,1,Young Professionals,High
CUST104809,Garima,Singhal,64,Female,Divorced,,Retired,Thiruvananthapuram,Kerala,Retired,428519.44,35709.95,6,Retired Customers,Low
CUST102097,Reva,Bassi,33,Female,Married,Graduate,Salaried - Government,Ahmedabad,Gujarat,Employed,982805.68,81900.47,14,Young Professionals,Medium
CUST104357,Chakrika,Dara,21,Female,Single,High School,Salaried - Government,Kanpur,Uttar Pradesh,Employed,1074050.61,,3,Young Professionals,Medium
CUST103788,Fiyaz,Acharya,36,Male,Single,Post Graduate,Salaried - Private,Surat,Gujarat,Employed,2550741.14,212561.76,6,Business Owners,High
CUST104494,Ikshita,Mane,55,Female,Married,Post Graduate,Salaried - Private,Raipur,Chhattisgarh,Employed,1570254.58,130854.55,15,Business Owners,Medium
CUST104967,Quincy,Prabhu,29,Male,Widowed,Graduate,Salaried - Government,Indore,Madhya Pradesh,Employed,737908.77,61492.4,11,Young Professionals,Medium
CUST100836,Fitan,Edwin,50,Male,Widowed,Graduate,Salaried - Government,Thiruvananthapuram,Kerala,Employed,1756270.79,146355.9,18,Business Owners,Medium
CUST100601,Arya,Bumb,65,Female,Married,Graduate,Business Owner,Nagpur,Maharashtra,Self Employed,13262112.97,1105176.08,15,High Net Worth Individuals,Medium
CUST102184,Garima,Chhabra,48,Female,,Post Graduate,Salaried - Private,Chandigarh,Punjab,Employed,1171597.72,97633.14,9,,Medium
CUST103865,Vansha,Dash,,Female,Married,High School,Salaried - Private,Hyderabad,Telangana,Employed,1609896.38,134158.03,6,Young Professionals,High
CUST102481,Anthony,Kumer,42,Male,Single,Post Graduate,Freelancer,Delhi,Delhi,Self Employed,684733.67,57061.14,8,Business Owners,Medium
CUST104307,Aayush,Yohannan,31,Male,Married,Graduate,Self Employed,Indore,Madhya Pradesh,Self Employed,1278097.13,106508.09,10,Young Professionals,High
CUST101582,Nathaniel,Lal,38,Male,Single,Graduate,Salaried - Private,Kochi,Kerala,Employed,2084298.98,173691.58,7,Business Owners,High
CUST104266,Omaja,Sawhney,46,Female,Married,Graduate,Freelancer,Lucknow,Uttar Pradesh,Self Employed,1243209.9,103600.82,5,Business Owners,Medium
CUST102533,Balveer,Sood,30,Male,Married,High School,Salaried - Private,,Rajasthan,Employed,1875965.27,156330.44,12,Young Professionals,Medium
CUST102725,Samaksh,Chhabra,24,Male,Widowed,Graduate,Salaried - Government,Raipur,Chhattisgarh,Employed,750194.33,62516.19,6,,Medium
CUST101070,Balveer,Sengupta,43,Male,Widowed,,Business Owner,Bhopal,Madhya Pradesh,Self Employed,12769842.12,1064153.51,14,High Net Worth Individuals,High
CUST101775,Arjun,Bava,37,,Divorced,Graduate,Homemaker,Chandigarh,Punjab,Not Employed,114279.79,9523.32,19,Business Owners,
CUST104808,Vasana,Barad,21,Female,Single,Graduate,Salaried - Private,Ahmedabad,Gujarat,Employed,385211.18,32100.93,3,Young Professionals,Medium
CUST101283,Yug,Rege,,Male,Widowed,Graduate,Salaried - Private,Bhopal,Madhya Pradesh,Employed,2229451.13,185787.59,1,Young Professionals,High
CUST103050,Mugdha,Seth,47,Female,Widowed,Graduate,Salaried - Private,Ahmedabad,Gujarat,Employed,2480401.57,206700.13,13,Business Owners,Medium
CUST104753,Advik,Raja,20,Male,Single,Diploma,Student,Surat,Gujarat,Not Employed,68273.26,5689.44,2,Students,Medium
CUST101836,Falan,Bhagat,31,Male,Widowed,Graduate,Salaried - Private,Mysuru,Karnataka,Employed,1243940.82,103661.74,13,Young Professionals,Medium
CUST104242,Aarna,Bhat,31,Female,Widowed,Post Graduate,Salaried - Government,Mysuru,Karnataka,Employed,921942.45,76828.54,10,Young Professionals,Medium
CUST101019,Bhavika,Bhasin,22,,Married,Graduate,Homemaker,Bhubaneswar,Odisha,Not Employed,30220.15,2518.35,4,Young Professionals,
CUST104133,Abeer,Kaul,25,Male,Divorced,Graduate,Self Employed,Ranchi,Jharkhand,Self Employed,1884223.53,157018.63,,Young Professionals,High
CUST101326,Sneha,Kamdar,22,Female,Widowed,Post Graduate,Homemaker,Vadodara,Gujarat,Not Employed,162732.17,13561.01,4,Young Professionals,Medium
CUST100475,Neelima,Bains,46,Female,Single,Graduate,,Nagpur,Maharashtra,Employed,1460072.23,121672.69,3,Business Owners,Medium
CUST104271,Sanya,Memon,58,Female,Widowed,Post Graduate,Self Employed,Nashik,Maharashtra,Self Employed,3317047.37,276420.61,4,High Net Worth Individuals,High
CUST101651,Noah,Khanna,41,Male,Divorced,High School,Business Owner,Kochi,Kerala,Self Employed,7710346.44,642528.87,1,High Net Worth Individuals,
CUST103998,Jhalak,Karan,40,Female,Widowed,Diploma,Salaried - Private,Nagpur,Maharashtra,Employed,2709139.46,225761.62,17,Business Owners,High
CUST104467,Shravya,Kalla,43,Female,Widowed,Graduate,Salaried - Private,Hyderabad,Telangana,Employed,924402.3,77033.53,10,Business Owners,
CUST102610,Ojasvi,Pillay,33,Female,Widowed,Graduate,Salaried - Private,Mumbai,Maharashtra,Employed,,79220.11,9,Young Professionals,Medium
CUST102476,Oni,Kadakia,44,Female,Divorced,Post Graduate,Salaried - Government,Hyderabad,Telangana,Employed,1045528,87127.33,20,Business Owners,Medium
CUST102583,Eta,Gola,19,Female,Single,High School,Unemployed,Thiruvananthapuram,Kerala,Not Employed,28905.2,2408.77,1,Young Professionals,Medium
CUST101373,Amara,Mitra,31,Female,Widowed,Graduate,Salaried - Private,Patna,Bihar,,938349.78,78195.82,2,Young Professionals,Medium
CUST100739,Zaid,Wason,31,Male,Single,Graduate,Salaried - Private,Indore,Madhya Pradesh,Employed,723713.84,60309.49,4,Young Professionals,Medium
CUST103618,Aradhana,Loke,18,Female,Single,Graduate,Student,Kanpur,Uttar Pradesh,Not Employed,31840.45,2653.37,1,Students,Medium
CUST102440,Yashasvi,Kant,30,Female,Married,Graduate,Unemployed,Kolkata,West Bengal,Not Employed,23720.16,1976.68,3,,Low
CUST100867,Aryan,Mannan,22,Male,Divorced,Graduate,Student,Kanpur,Uttar Pradesh,Not Employed,31089.24,2590.77,4,Students,
CUST101140,Aradhana,Borde,66,Female,Married,High School,Retired,Jaipur,Rajasthan,Retired,267229.27,22269.11,5,Retired Customers,Low
CUST100997,Rachit,Sagar,18,Male,Single,Doctorate,Student,Mumbai,Maharashtra,Not Employed,66144.83,5512.07,1,Students,Medium
CUST101337,Tanish,Jain,18,,Single,Post Graduate,Student,Delhi,Delhi,Not Employed,45785.46,3815.45,1,Students,Medium
CUST100541,Ati,Date,33,Female,Divorced,Post Graduate,Salaried - Private,Ludhiana,Punjab,Employed,1136742.76,94728.56,11,Young Professionals,Medium
CUST101099,Om,Kurian,41,Male,Married,Diploma,Salaried - Private,Hyderabad,Telangana,Employed,1884923.3,157076.94,5,Business Owners,Medium
CUST101132,Ranbir,Soni,48,Male,Married,Graduate,Freelancer,Thiruvananthapuram,Kerala,Self Employed,1071294.29,89274.52,16,Business Owners,Medium
CUST104064,Qarin,Bose,,Male,Single,Post Graduate,Student,Ludhiana,Punjab,Not Employed,34484.75,2873.73,6,,Medium
CUST102715,Rajata,Ramanathan,49,Female,Single,Post Graduate,Business Owner,,Uttarakhand,Self Employed,4298264.15,358188.68,16,High Net Worth Individuals,High
CUST102258,Rushil,Viswanathan,38,Male,Married,Post Graduate,Self Employed,Coimbatore,Tamil Nadu,Self Employed,1826370.07,152197.51,5,Business Owners,High
CUST104750,Noah,Reddy,61,Male,Widowed,Doctorate,Retired,Indore,Madhya Pradesh,Retired,845033.74,70419.48,13,Retired Customers,Low
CUST100059,Hemal,Tripathi,38,Female,Divorced,Graduate,,Vadodara,Gujarat,Self Employed,8985581.93,748798.49,8,High Net Worth Individuals,High
CUST102883,Rohan,Aggarwal,44,,Married,High School,Salaried - Private,Lucknow,Uttar Pradesh,Employed,1457666.99,121472.25,9,Business Owners,Medium
CUST101938,Owen,Kant,19,Male,Single,Post Graduate,Student,Kolkata,West Bengal,Not Employed,70625.02,5885.42,1,,Medium
CUST102576,Deepa,Sengupta,66,Female,Single,Post Graduate,Retired,Ahmedabad,Gujarat,,581816.9,48484.74,1,Retired Customers,Low
CUST104936,Dakshesh,Kalla,36,Male,Married,Post Graduate,Salaried - Private,Udaipur,Rajasthan,Employed,,170024.87,10,Business Owners,High
CUST101078,Advika,Kakar,45,Female,Widowed,Post Graduate,Salaried - Private,Guwahati,Assam,Employed,1899255.67,158271.31,18,Business Owners,Medium
CUST103249,Tanmayi,Sundaram,34,Female,Widowed,Post Graduate,Unemployed,,West Bengal,Not Employed,36225.83,3018.82,6,Young Professionals,Low
CUST103127,Caleb,Dhawan,44,Male,Married,Post Graduate,Salaried - Private,Hyderabad,Telangana,Employed,904818.24,75401.52,8,Business Owners,Medium
CUST102488,Chatura,Bahl,29,Male,Married,Post Graduate,Salaried - Government,Udaipur,Rajasthan,Employed,728929.68,60744.14,3,Young Professionals,Medium
CUST100940,Mohini,Basak,51,Female,Married,Graduate,Business Owner,Bengaluru,Karnataka,Self Employed,2749172.18,229097.68,7,Business Owners,High
CUST101080,Wakeeta,Kibe,66,Female,Divorced,High School,Retired,Delhi,Delhi,Retired,375261.91,31271.83,18,Retired Customers,
CUST100187,Anirudh,Chopra,19,Male,Single,Graduate,Student,Indore,Madhya Pradesh,Not Employed,82273.97,6856.16,1,Students,Medium
CUST102634,Aashi,Jaggi,23,Female,Divorced,Graduate,Unemployed,Ludhiana,Punjab,Not Employed,39753.68,3312.81,2,Young Professionals,Medium
CUST102085,Ranbir,Rajan,28,Male,Divorced,Graduate,Salaried - Government,Bhopal,Madhya Pradesh,Employed,962106.7,80175.56,2,Young Professionals,
CUST102249,Umang,Sachdev,36,Male,Widowed,High School,Homemaker,Delhi,Delhi,Not Employed,40588.3,3382.36,2,Business Owners,Low
CUST104890,Gabriel,Rau,19,Male,Single,Doctorate,Student,Bhopal,Madhya Pradesh,Not Employed,47156.27,3929.69,1,Students,Medium
CUST102023,Hitesh,Bansal,21,Male,Divorced,Diploma,Salaried - Private,Ludhiana,Punjab,Employed,980598.71,81716.56,2,Young Professionals,High
CUST103539,Lajita,Pant,21,Female,Divorced,Graduate,Salaried - Government,Nagpur,Maharashtra,Employed,1451383.76,120948.65,1,Young Professionals,Medium
CUST104048,Nitesh,Swaminathan,29,Male,Married,Graduate,Salaried - Private,,Rajasthan,,1016043.94,84670.33,11,Young Professionals,High
CUST103606,Xiti,Mitter,45,Female,Married,Doctorate,Salaried - Private,Dehradun,Uttarakhand,Employed,1206987.88,100582.32,8,Business Owners,Medium
CUST100226,Jeet,Dara,43,Male,Single,Post Graduate,Business Owner,Bhubaneswar,Odisha,Self Employed,5909576.12,492464.68,8,High Net Worth Individuals,High
CUST104847,Girish,Atwal,38,Male,,Graduate,Homemaker,Nashik,Maharashtra,Not Employed,79556.39,6629.7,20,Business Owners,
CUST101929,Mitesh,Naidu,34,Other,Single,Graduate,Salaried - Private,Dehradun,Uttarakhand,Employed,1504747.17,125395.6,4,Young Professionals,Medium
CUST103055,Maanas,Bose,19,Male,Single,Graduate,Student,Kanpur,Uttar Pradesh,Not Employed,38839.35,3236.61,1,Students,Medium
CUST104489,Urvashi,Sarna,37,Female,Widowed,Post Graduate,Homemaker,Patna,Bihar,Not Employed,71973.58,5997.8,2,Business Owners,Low
CUST101404,Baghyawati,More,53,Female,,Post Graduate,Self Employed,Pune,Maharashtra,Self Employed,902505.86,75208.82,19,Business Owners,Medium
CUST102179,Zaid,Iyengar,65,Male,Married,Post Graduate,Retired,Chennai,Tamil Nadu,Retired,369170.16,30764.18,20,Retired Customers,Low
CUST100697,Urvashi,Bassi,33,Female,Divorced,Graduate,Salaried - Private,Kanpur,Uttar Pradesh,Employed,1272020.01,106001.67,5,Young Professionals,Medium
CUST101124,Lajita,Pandya,21,Female,Widowed,Graduate,Salaried - Private,Pune,Maharashtra,Employed,1944011.69,162000.97,3,Young Professionals,High
CUST103361,Dipta,Vig,30,Female,Divorced,Graduate,Salaried - Private,Ludhiana,Punjab,Employed,1265619.61,105468.3,3,Young Professionals,Medium
CUST104135,Nilima,Khalsa,39,Female,Widowed,,Salaried - Private,Guwahati,Assam,Employed,1402506.37,116875.53,14,Business Owners,Medium
CUST101778,Sathvik,Sawhney,39,Male,Divorced,Post Graduate,Salaried - Government,Raipur,Chhattisgarh,Employed,1537675.59,128139.63,,Business Owners,Medium
CUST102858,Jonathan,Menon,48,Male,Widowed,,Self Employed,Guwahati,Assam,Self Employed,978565.85,81547.15,,Business Owners,Medium
CUST101037,Manya,Gulati,21,Female,Divorced,Post Graduate,Student,Raipur,Chhattisgarh,Not Employed,67446.42,5620.53,3,Students,Medium
CUST104456,Bishakha,Peri,70,Female,Divorced,Graduate,Retired,Bhopal,Madhya Pradesh,Retired,797803.7,66483.64,11,Retired Customers,Low
CUST102256,Bhavika,Solanki,19,Female,Single,High School,Student,Delhi,Delhi,Not Employed,21382.12,1781.84,1,Students,Medium
CUST100313,Jai,Ray,33,Male,Widowed,Graduate,Salaried - Private,Thiruvananthapuram,Kerala,Employed,968225.92,80685.49,9,Young Professionals,Medium
CUST102281,Aachal,Virk,21,,Widowed,Post Graduate,Student,Patna,Bihar,Not Employed,36920.25,3076.69,3,Students,Medium
CUST101416,Vasatika,Vaidya,38,Female,Widowed,Graduate,Business Owner,Dehradun,Uttarakhand,Self Employed,4315827.11,359652.26,19,High Net Worth Individuals,High
CUST101036,Hiral,Dubey,45,Other,Single,High School,Salaried - Private,Ranchi,Jharkhand,Employed,1619556.13,134963.01,1,Business Owners,Medium
CUST102159,Dalbir,Varghese,35,Male,Widowed,High School,Homemaker,Chennai,Tamil Nadu,Not Employed,159866.06,13322.17,15,Young Professionals,Low
CUST104163,Gayathri,Hora,39,Female,Single,Doctorate,,Lucknow,Uttar Pradesh,Employed,1355892.08,112991.01,4,Business Owners,Medium
CUST101754,Zilmil,Halder,31,Female,Single,Graduate,Unemployed,Jaipur,Rajasthan,Not Employed,,3396.85,5,Young Professionals,Low
CUST103112,Vansha,Chahal,34,Female,Widowed,Graduate,Salaried - Private,Bhopal,Madhya Pradesh,Employed,1559559.34,129963.28,15,Young Professionals,Medium
CUST102813,Vansha,Pingle,28,Female,Married,Graduate,Freelancer,Vadodara,Gujarat,Self Employed,,43757.65,10,Young Professionals,High
CUST102698,Nimrat,Nigam,53,Female,Widowed,High School,Self Employed,Udaipur,Rajasthan,Self Employed,3104871.56,258739.3,17,High Net Worth Individuals,High
CUST103207,Gaurika,Tella,20,Female,Single,Graduate,Student,,Chhattisgarh,Not Employed,95970.3,7997.53,2,Students,Medium
CUST104350,Sneha,Suresh,23,Female,Widowed,Graduate,,Chennai,Tamil Nadu,Employed,1598489.58,133207.46,5,Young Professionals,High
CUST103431,Rayaan,De,19,,Single,Graduate,,Lucknow,Uttar Pradesh,Not Employed,55963.28,4663.61,1,Students,Medium
CUST101506,Laksh,Mammen,37,Male,Single,Graduate,Freelancer,Guwahati,Assam,,684931.38,57077.61,4,Business Owners,Medium
CUST101923,Anusha,Sangha,,Female,Widowed,Graduate,Business Owner,Ranchi,Jharkhand,Self Employed,4750993.8,395916.15,12,High Net Worth Individuals,High
CUST100448,Mitali,Karan,18,Female,Single,Graduate,Student,Mumbai,Maharashtra,Not Employed,8114.78,676.23,1,Students,Medium
CUST104128,Nathan,Subramaniam,43,Male,Widowed,,Business Owner,Guwahati,Assam,Self Employed,9168164.62,764013.72,14,High Net Worth Individuals,High
CUST102528,Chatresh,Deep,32,,Married,Graduate,Self Employed,Indore,Madhya Pradesh,Self Employed,956034.05,79669.5,3,Young Professionals,High
CUST104969,Darsh,Andra,22,Male,Divorced,Post Graduate,Student,Vadodara,Gujarat,Not Employed,69775.79,5814.65,4,Students,Medium
CUST102789,Yauvani,Brar,35,Female,Married,,Salaried - Private,Chennai,Tamil Nadu,Employed,1092761.23,91063.44,9,Young Professionals,Medium
CUST100361,Aadhya,Rege,35,Female,Divorced,Graduate,Salaried - Private,Patna,Bihar,Employed,2405263.71,200438.64,4,Young Professionals,High
CUST102183,Jeet,Parekh,27,Male,Divorced,Graduate,Salaried - Private,Guwahati,Assam,Employed,2573369.27,214447.44,9,,High
CUST101134,Frederick,Butala,29,Male,Single,High School,Unemployed,Nagpur,Maharashtra,Not Employed,29564.22,2463.68,4,Young Professionals,Medium
CUST103880,Pallavi,Bal,23,Female,Married,Diploma,Salaried - Government,Kolkata,,Employed,1254570.56,,4,Young Professionals,Medium
CUST102155,Gagan,Ray,19,Male,Single,Graduate,Student,Kanpur,Uttar Pradesh,Not Employed,119587.13,9965.59,1,Students,Medium
CUST101830,Nirja,Arora,65,Female,Married,Post Graduate,Retired,Mumbai,Maharashtra,,387917.22,32326.43,13,Retired Customers,Low
CUST101053,Netra,Maharaj,49,Female,Divorced,Post Graduate,Business Owner,Delhi,Delhi,Self Employed,3772819.79,314401.65,12,High Net Worth Individuals,High
CUST100022,Bhavya,Bath,28,Female,Widowed,Graduate,Salaried - Government,Hyderabad,Telangana,Employed,744862.88,62071.91,10,Young Professionals,Medium
CUST102066,Wakeeta,Srinivas,40,Female,Divorced,Graduate,Self Employed,Bhopal,Madhya Pradesh,Self Employed,835589.82,69632.49,18,Business Owners,High
CUST101653,Krish,Pradhan,18,Male,Single,Graduate,Student,Pune,Maharashtra,Not Employed,35413.19,2951.1,1,Students,Medium
CUST102587,Gautam,Dalal,34,Male,Married,Post Graduate,Salaried - Private,Dehradun,Uttarakhand,Employed,809992.8,67499.4,15,Young Professionals,
CUST103210,Advika,Wadhwa,53,Female,Single,Graduate,Unemployed,Jaipur,Rajasthan,Not Employed,15113.85,1259.49,8,Business Owners,Low
CUST104302,Girish,Rama,18,Male,Single,Graduate,Student,Nashik,Maharashtra,Not Employed,18321.18,1526.77,1,Students,Medium
CUST104036,Shaurya,Sridhar,21,Male,Widowed,Graduate,Student,Jaipur,Rajasthan,Not Employed,81929.37,6827.45,1,Students,Medium
CUST102325,Krishna,Bandi,27,Female,Single,Diploma,Unemployed,Bhopal,Madhya Pradesh,Not Employed,29309.56,2442.46,9,Young Professionals,Medium
CUST100460,Balveer,Raja,19,Male,Single,High School,Student,Lucknow,Uttar Pradesh,Not Employed,30002.34,2500.2,,Students,Medium
CUST101067,Ekalinga,Rama,42,Male,Divorced,Post Graduate,Salaried - Government,Pune,Maharashtra,Employed,1771866.98,147655.58,1,Business Owners,Medium
CUST100087,Jagat,Mallick,75,Male,Single,,Retired,Ranchi,Jharkhand,Retired,398251.09,33187.59,8,Retired Customers,Low
CUST101430,Odika,Madan,,Female,Married,Graduate,Retired,Thiruvananthapuram,Kerala,Retired,504497.5,42041.46,11,Retired Customers,Low
CUST102647,Oliver,Shere,68,Male,Single,Graduate,Retired,Ranchi,Jharkhand,,353827.43,29485.62,14,Retired Customers,Low
CUST100282,Finn,Mukhopadhyay,32,Male,Widowed,Graduate,Business Owner,Ahmedabad,Gujarat,Self Employed,4477230.73,373102.56,14,High Net Worth Individuals,High
CUST100462,Ekbal,Kata,48,Male,Single,Post Graduate,,Vadodara,Gujarat,Not Employed,90859.2,,11,Business Owners,Low
CUST100212,Yasti,Nayak,35,Female,Widowed,Diploma,Self Employed,Surat,Gujarat,Self Employed,2514430.19,209535.85,6,Business Owners,High
CUST102499,Shravya,Dugar,40,Female,Widowed,High School,Self Employed,Kanpur,Uttar Pradesh,Self Employed,1655145.88,137928.82,6,Business Owners,High
CUST101368,Leena,Panchal,66,Other,Married,Graduate,Retired,Lucknow,Uttar Pradesh,Retired,403757.41,33646.45,5,Retired Customers,Low
CUST100234,Lakshit,Verma,18,Male,Single,Graduate,Student,Mumbai,Maharashtra,Not Employed,102156.98,8513.08,1,Students,Medium
CUST102770,Advay,Bora,27,Other,Widowed,Diploma,Salaried - Private,Lucknow,Uttar Pradesh,Employed,1608136.07,134011.34,9,Young Professionals,High
CUST100597,Gaurangi,Pingle,18,Female,Single,Post Graduate,Student,Indore,Madhya Pradesh,Not Employed,121388.91,10115.74,1,Students,Medium
CUST104420,Charvi,Wadhwa,23,Female,Divorced,High School,Salaried - Private,,Uttarakhand,Employed,1568721.1,130726.76,2,Young Professionals,High
CUST102250,Fiyaz,Gour,66,Male,,High School,Retired,Nagpur,Maharashtra,Retired,578723.33,,13,Retired Customers,Low
CUST104031,Barkha,Pillay,52,Female,Widowed,High School,Business Owner,Vadodara,Gujarat,Self Employed,4599970.44,383330.87,11,High Net Worth Individuals,High
CUST102283,Mekhala,Singh,33,Female,Divorced,Post Graduate,Salaried - Private,Mysuru,Karnataka,Employed,2079275.8,173272.98,13,Young Professionals,High
CUST100662,Oeshi,Soni,34,Female,Married,Graduate,Self Employed,Bhopal,,Self Employed,1766216.75,147184.73,,Business Owners,High
CUST104963,Gautam,Naidu,34,Male,Single,Diploma,Business Owner,Chandigarh,Punjab,Self Employed,7014926.16,584577.18,4,High Net Worth Individuals,High
CUST102285,William,Mistry,18,Male,Single,Graduate,Student,Bhubaneswar,Odisha,Not Employed,84933.31,7077.78,1,Students,Medium
CUST104716,Udyati,Sha,55,Female,Divorced,Graduate,Homemaker,Chandigarh,Punjab,Not Employed,82893.4,6907.78,16,Business Owners,Low
CUST103193,Aditya,Sule,28,Male,Single,Graduate,Salaried - Government,Chennai,Tamil Nadu,Employed,970517.43,80876.45,7,Young Professionals,Medium
CUST102503,Zashil,Majumdar,22,Male,Married,Graduate,Student,Indore,Madhya Pradesh,Not Employed,,2087.94,3,Students,Medium
CUST104043,Vasudha,Majumdar,27,Female,Single,Graduate,Salaried - Government,Bhopal,Madhya Pradesh,Employed,965363.61,80446.97,9,Young Professionals,Medium
CUST100779,Hemangini,Memon,30,Female,Divorced,Graduate,Self Employed,Hyderabad,Telangana,Self Employed,43491281.96,,8,High Net Worth Individuals,High
CUST104019,Reyansh,Guha,59,Male,Single,Graduate,Retired,Surat,Gujarat,Retired,1054390.13,87865.84,20,Retired Customers,Medium
CUST103426,Teerth,Setty,41,Male,Single,Post Graduate,Salaried - Government,Nagpur,Maharashtra,Employed,1422599.48,118549.96,14,Business Owners,Medium
CUST104306,Damyanti,Rana,25,Female,Married,,Unemployed,Hyderabad,Telangana,Not Employed,85025.46,7085.46,7,Young Professionals,Medium
CUST103196,Amol,Varghese,48,Male,Widowed,Post Graduate,Unemployed,Bhopal,Madhya Pradesh,Not Employed,64094.76,5341.23,6,Business Owners,Low
CUST104835,Advika,Dora,20,,Single,High School,Student,Mysuru,Karnataka,Not Employed,116630.87,9719.24,2,Students,Medium
CUST100685,Pratyush,Badami,76,Male,Divorced,Graduate,Retired,Ranchi,Jharkhand,Retired,499644.18,41637.01,17,Retired Customers,Low
CUST103169,Abha,Devan,19,Female,Single,High School,Student,Chandigarh,Punjab,Not Employed,34816.58,2901.38,1,Students,Medium
CUST103926,Imaran,Lala,42,Male,Married,Graduate,,Nagpur,Maharashtra,Employed,858520.95,71543.41,3,Business Owners,Medium
CUST103434,Ijaya,Sahota,51,Female,Widowed,Post Graduate,Salaried - Private,Chennai,Tamil Nadu,Employed,1979855.45,164987.95,14,Business Owners,Medium
CUST102171,Aayush,Lall,51,,Married,Graduate,Self Employed,,Kerala,Self Employed,1723906.86,143658.9,15,Business Owners,Medium
CUST103689,Ethan,Sandal,37,Male,Divorced,High School,Business Owner,Bhopal,Madhya Pradesh,Self Employed,13782617.97,1148551.5,19,High Net Worth Individuals,High
CUST101850,Daniel,Tank,41,Male,Married,Post Graduate,Salaried - Government,Delhi,Delhi,Employed,797264.23,66438.69,2,Business Owners,Medium
CUST100487,Triya,Gill,44,Female,Divorced,High School,Business Owner,Bhubaneswar,Odisha,Self Employed,2613515.24,217792.94,19,Business Owners,High
CUST101688,Harshil,Luthra,23,Male,Divorced,Graduate,Salaried - Private,Vadodara,Gujarat,Employed,1298260.77,108188.4,5,Young Professionals,High
CUST102230,Pranit,Parsa,33,Male,Single,Post Graduate,Business Owner,Ahmedabad,Gujarat,Self Employed,3385495.13,282124.59,,,High
CUST103264,Yadavi,Swaminathan,38,Female,Divorced,Graduate,Salaried - Private,Patna,Bihar,Employed,1697939.48,141494.96,20,Business Owners,Medium
CUST102320,Wahab,Golla,36,Male,Divorced,Diploma,Salaried - Private,Nashik,Maharashtra,Employed,2674160.89,222846.74,2,Business Owners,High
CUST100782,Neelima,Mohan,18,Female,Single,Doctorate,Student,Kolkata,West Bengal,Not Employed,56192.57,4682.71,1,Students,Medium
CUST100521,Chavvi,Pillai,75,Female,Widowed,Graduate,Retired,Mumbai,Maharashtra,Retired,1115319.77,92943.31,3,Retired Customers,Low
CUST100522,Rachita,Bhat,18,Female,Single,High School,Student,Raipur,Chhattisgarh,Not Employed,33189.77,2765.81,1,Students,Medium
CUST102837,Peter,Sankaran,27,Male,Single,Post Graduate,Homemaker,Patna,Bihar,Not Employed,117541.49,9795.12,4,Young Professionals,Medium
CUST104539,Shaurya,Koshy,32,Male,Married,Graduate,Salaried - Private,Thiruvananthapuram,Kerala,Employed,1437507.33,119792.28,14,Young Professionals,Medium
CUST102398,Sarthak,Cherian,26,Male,Divorced,Post Graduate,Salaried - Government,Thiruvananthapuram,Kerala,Employed,1194686.04,,4,,Medium
CUST102207,Rajeshri,Gour,65,Female,Divorced,High School,Retired,Guwahati,Assam,Retired,566714.07,47226.17,18,Retired Customers,Low
CUST103477,Yug,Baria,54,Male,Married,Graduate,Business Owner,Mysuru,Karnataka,Self Employed,16313331.97,1359444.33,8,High Net Worth Individuals,High
CUST103552,Teerth,Warrior,34,Male,Divorced,High School,Business Owner,Raipur,Chhattisgarh,Self Employed,3320884.51,276740.38,4,High Net Worth Individuals,High
CUST104087,Brinda,Apte,48,Female,Widowed,Doctorate,Business Owner,Mysuru,Karnataka,Self Employed,5347301.85,445608.49,8,High Net Worth Individuals,High
CUST102822,Geetika,Kade,45,Female,Married,Post Graduate,Salaried - Private,Nagpur,Maharashtra,Employed,1436207.37,119683.95,10,,Medium
CUST101511,Bhavani,Chahal,39,Female,Divorced,High School,Salaried - Private,Jaipur,Rajasthan,Employed,,84942.04,6,Business Owners,Medium
CUST101882,Damini,Ram,19,Female,Single,Graduate,Student,Guwahati,Assam,Not Employed,81342.97,6778.58,1,Students,Medium
CUST100651,Riya,Mitter,21,Other,Widowed,Post Graduate,Salaried - Private,Guwahati,Assam,Employed,1543918.2,128659.85,3,,
CUST104930,Gauri,Vig,18,Female,Single,Diploma,,Hyderabad,Telangana,Not Employed,62619.82,5218.32,1,Students,Medium
CUST103089,Ethan,Pradhan,35,Male,Married,High School,Business Owner,,Madhya Pradesh,Self Employed,9136038.37,761336.53,16,High Net Worth Individuals,High
CUST100369,Isaiah,Dixit,43,Male,Divorced,Graduate,Salaried - Private,Udaipur,Rajasthan,Employed,1144822.32,95401.86,16,Business Owners,Medium
CUST104997,Prisha,Ratta,35,Female,Married,Graduate,Homemaker,Ranchi,Jharkhand,Not Employed,114016.03,9501.34,15,Young Professionals,Low
CUST100118,Bhavani,Murthy,60,Female,Single,Graduate,Unemployed,Vadodara,Gujarat,Not Employed,16368.57,1364.05,8,Business Owners,Low
CUST103320,Jagrati,Palan,20,Female,Single,Graduate,Student,Kanpur,Uttar Pradesh,Not Employed,119990.18,9999.18,2,Students,Medium
CUST103034,Anmol,Pau,65,Male,Widowed,High School,Retired,Dehradun,Uttarakhand,Retired,581772.06,48481.01,11,,Low
CUST102216,Lakshmi,Hayre,75,Other,Widowed,High School,Retired,Hyderabad,Telangana,Retired,422837.74,35236.48,3,Retired Customers,Low
CUST103542,Dakshesh,Shere,33,Male,Divorced,Post Graduate,Salaried - Government,Pune,Maharashtra,Employed,1796204.19,149683.68,1,Young Professionals,Medium
CUST101613,Anthony,Lall,39,Male,Married,Diploma,Business Owner,Jaipur,Rajasthan,Self Employed,8979644.77,748303.73,7,High Net Worth Individuals,High
CUST103151,Leela,Soni,45,Female,Married,Doctorate,Salaried - Government,Ludhiana,Punjab,Employed,1746837.19,145569.77,1,Business Owners,Medium
CUST100962,Anita,Ranganathan,38,Female,Single,Diploma,Self Employed,Ranchi,Jharkhand,Self Employed,1785995.38,148832.95,17,Business Owners,High
CUST102510,Yoshita,Karan,37,Female,Single,Doctorate,Salaried - Private,Vadodara,Gujarat,Employed,1872641.32,156053.44,14,Business Owners,Medium
CUST103831,Gunbir,Gill,29,Male,Married,Graduate,Self Employed,Pune,Maharashtra,Self Employed,1010355.1,84196.26,10,Young Professionals,High
CUST102823,Pooja,Bhagat,65,Female,Married,Graduate,Retired,Chennai,Tamil Nadu,Retired,430858.43,35904.87,15,Retired Customers,Low
CUST104343,Rachana,Som,21,Female,Widowed,Post Graduate,Salaried - Private,Udaipur,Rajasthan,Employed,720207.17,60017.26,3,Young Professionals,Medium
CUST103032,Christopher,Rajagopal,41,Male,Married,Post Graduate,Salaried - Government,Raipur,Chhattisgarh,Employed,17667.14,1472.26,15,Business Owners,Medium
CUST102415,Aarini,Mital,19,Female,Single,Doctorate,Student,Ludhiana,Punjab,Not Employed,109697.52,9141.46,1,Students,Medium
CUST104654,Pranav,Bose,39,Male,Married,,Salaried - Private,Indore,Madhya Pradesh,Employed,1013676.72,84473.06,6,Business Owners,Medium
CUST104236,Nandini,Chada,42,Female,Widowed,Post Graduate,Salaried - Private,Coimbatore,Tamil Nadu,Employed,963897.02,80324.75,,Business Owners,Medium
CUST102185,Dipta,Brar,41,Female,Divorced,Graduate,Salaried - Private,Bhopal,Madhya Pradesh,Employed,1479377.86,123281.49,5,Business Owners,Medium
CUST103669,Nachiket,Verma,39,Male,Divorced,Graduate,Homemaker,Indore,Madhya Pradesh,Not Employed,,977.69,9,Business Owners,Low
CUST102037,Rachita,Baria,27,Female,Divorced,Graduate,Salaried - Private,Lucknow,Uttar Pradesh,Employed,1302805.99,108567.17,9,Young Professionals,High
CUST104362,Sanaya,Sule,32,,Single,Graduate,Salaried - Private,Hyderabad,Telangana,Employed,898997.67,74916.47,6,Young Professionals,Medium
CUST100772,Ryan,Sarraf,43,Male,Married,Graduate,Freelancer,Thiruvananthapuram,Kerala,Self Employed,1308070.3,109005.86,17,Business Owners,High
CUST101284,Yatan,Sagar,52,Male,Married,Diploma,Self Employed,Surat,Gujarat,Self Employed,1673996,139499.67,,Business Owners,Medium
CUST104603,Adweta,Yogi,44,Female,Single,Post Graduate,Homemaker,Guwahati,Assam,Not Employed,55324.49,4610.37,12,Business Owners,
CUST104794,Fariq,Rastogi,21,Male,Divorced,High School,Student,Pune,Maharashtra,Not Employed,20176.72,1681.39,3,Students,Medium
CUST101414,Azad,Lall,48,Male,,Graduate,Business Owner,Kanpur,Uttar Pradesh,Self Employed,6598168.82,549847.4,7,High Net Worth Individuals,High
CUST101234,Priya,Muni,27,Female,Married,High School,Homemaker,Nagpur,Maharashtra,Not Employed,81026.61,6752.22,9,Young Professionals,Medium
CUST102699,Tristan,Bedi,38,Male,Single,Post Graduate,Homemaker,Kochi,Kerala,Not Employed,52741.11,4395.09,4,Business Owners,Low
CUST100435,Andrew,Date,28,Male,Divorced,Graduate,Salaried - Private,Indore,Madhya Pradesh,Employed,1403153.72,116929.48,2,Young Professionals,High
CUST101674,Radha,Issac,37,Female,Divorced,Post Graduate,Salaried - Private,Hyderabad,Telangana,Employed,1662840.03,138570,5,Business Owners,Medium
CUST100365,Megha,Setty,46,Female,Married,High School,Salaried - Government,Raipur,Chhattisgarh,Employed,1311244.23,109270.35,3,Business Owners,Medium
CUST102649,Yoshita,Mistry,28,Female,Married,Post Graduate,Unemployed,Dehradun,Uttarakhand,Not Employed,95843.28,7986.94,1,Young Professionals,Medium
CUST100231,Vansha,Dutt,41,Female,Divorced,Graduate,Salaried - Private,Bhubaneswar,Odisha,Employed,2493200.25,207766.69,6,Business Owners,High
CUST104267,Kamala,Sundaram,20,Female,Single,Diploma,Student,Jaipur,Rajasthan,Not Employed,87525.98,7293.83,2,Students,Medium
CUST104041,Gauri,Mukherjee,33,Female,Divorced,Graduate,,Kolkata,West Bengal,Self Employed,434541.88,36211.82,4,Young Professionals,Medium
CUST104399,Unnati,Dhar,22,Female,Widowed,Graduate,Salaried - Government,Dehradun,Uttarakhand,Employed,950360.01,79196.67,,Young Professionals,
CUST100407,Jagdish,Dutt,45,Male,Married,Post Graduate,Salaried - Private,Chennai,Tamil Nadu,Employed,1419807.41,118317.28,18,Business Owners,Medium
CUST102090,Chanakya,Goel,38,Male,Widowed,Post Graduate,Salaried - Private,Nagpur,Maharashtra,Employed,1626211.81,135517.65,17,Business Owners,Medium
CUST100086,Balendra,Varkey,47,Male,Widowed,Graduate,Self Employed,Pune,Maharashtra,Self Employed,3196370.26,266364.19,11,High Net Worth Individuals,High
CUST100844,Frado,Dube,58,Male,Widowed,Graduate,Homemaker,Surat,,Not Employed,56685.35,4723.78,4,Business Owners,Low
CUST101031,Aadhya,Bajaj,32,Female,Married,Doctorate,Salaried - Private,Ranchi,Jharkhand,Employed,1067413.22,88951.1,14,Young Professionals,Medium
CUST102855,Caleb,De,40,Male,Widowed,Graduate,Business Owner,Lucknow,Uttar Pradesh,Self Employed,7152271.67,596022.64,16,High Net Worth Individuals,High
CUST104109,Neel,Gupta,44,Male,Single,Graduate,Salaried - Government,Lucknow,,Employed,706135.36,58844.61,16,Business Owners,Medium
CUST104396,Sai,Gade,38,,Single,Doctorate,Salaried - Government,Indore,Madhya Pradesh,Employed,963401.81,80283.48,11,Business Owners,Medium
CUST103893,Rachita,Mukhopadhyay,22,Female,Single,Graduate,Student,,Jharkhand,Not Employed,101036.54,,4,Students,Medium
CUST102658,Mitesh,Murty,19,Male,Single,Doctorate,Student,Bengaluru,Karnataka,Not Employed,90529.48,7544.12,1,Students,Medium
CUST100855,Gaurangi,Sarraf,62,Female,Single,Graduate,Self Employed,Pune,Maharashtra,,1131524.96,94293.75,16,Business Owners,Medium
CUST100078,Varsha,Dara,65,Female,Widowed,Graduate,Retired,Kochi,,Retired,275954.89,22996.24,7,Retired Customers,Low
CUST102247,Siya,Madan,31,Female,Single,Graduate,Salaried - Private,Kanpur,Uttar Pradesh,Employed,1716082.34,143006.86,5,Young Professionals,Medium
CUST104570,Zayan,Bains,28,Male,Single,Diploma,Salaried - Private,Vadodara,Gujarat,Employed,782504.13,65208.68,10,Young Professionals,Medium
CUST103656,Nidra,Murthy,31,Female,Widowed,Graduate,Salaried - Government,Mysuru,Karnataka,Employed,690635.58,57552.96,1,Young Professionals,Medium
CUST104151,Indrajit,Raj,18,,Single,Graduate,Student,Mumbai,Maharashtra,Not Employed,69179.87,5764.99,1,Students,Medium
CUST103378,Raksha,Morar,,Female,Divorced,Graduate,Salaried - Private,Chandigarh,Punjab,Employed,677484.34,56457.03,3,Young Professionals,Medium
CUST102279,Leena,Dugal,32,Female,Single,Graduate,Salaried - Private,Mysuru,Karnataka,Employed,1125602.67,93800.22,14,Young Professionals,Medium
CUST102598,Ishita,Bawa,37,Female,Widowed,Post Graduate,Salaried - Private,,Rajasthan,Employed,1038996.67,86583.06,12,Business Owners,Medium
CUST104159,Harini,Jayaraman,22,Female,Widowed,,Student,,Gujarat,Not Employed,133446.63,11120.55,4,Students,Medium
CUST103870,Riya,Bhakta,38,Other,Divorced,Graduate,Salaried - Private,Ahmedabad,,Employed,2360240.52,196686.71,16,Business Owners,High
CUST103428,Isaac,Jani,38,Male,Married,Diploma,Business Owner,Dehradun,Uttarakhand,Self Employed,5632858.46,469404.87,3,High Net Worth Individuals,High
CUST102176,Nirja,Pandya,35,Female,Divorced,Diploma,Salaried - Government,Nagpur,Maharashtra,Employed,1035546.15,86295.51,16,Young Professionals,Medium
CUST100424,Wishi,Dixit,71,Female,Divorced,Graduate,Retired,Pune,Maharashtra,Retired,901583.56,75131.96,16,Retired Customers,Low
CUST100392,Tripti,Tandon,29,Female,Widowed,Graduate,Salaried - Government,Coimbatore,Tamil Nadu,Employed,695772.96,57981.08,11,Young Professionals,Medium
CUST104726,William,Munshi,49,Male,Single,Graduate,Salaried - Government,Mysuru,Karnataka,Employed,897707.74,74808.98,12,Business Owners,Medium
CUST103693,Wazir,Kala,21,Male,Single,Post Graduate,Salaried - Private,Hyderabad,Telangana,Employed,1004665.44,83722.12,2,Young Professionals,High
CUST100104,Vaishnavi,Chaudhari,40,Female,,Graduate,Salaried - Government,Kolkata,West Bengal,Employed,1329107.86,110758.99,2,Business Owners,Medium
CUST103994,Lohit,Pal,55,Male,Widowed,Graduate,Homemaker,Patna,Bihar,Not Employed,80527.12,6710.59,2,Business Owners,Low
CUST104412,Osha,Mahajan,21,Female,Divorced,Graduate,Salaried - Government,Nashik,Maharashtra,Employed,572454.23,47704.52,3,Young Professionals,Medium
CUST101948,Sanya,Kunda,62,Female,Divorced,Graduate,Retired,Nagpur,Maharashtra,Retired,565156.41,47096.37,2,Retired Customers,Low
CUST101459,Champak,Tiwari,50,Male,Single,Post Graduate,Self Employed,Udaipur,Rajasthan,Self Employed,669908.56,55825.71,2,Business Owners,Medium
CUST103257,Zaid,Bala,30,Male,Married,Post Graduate,Salaried - Government,Mumbai,Maharashtra,Employed,707156.21,58929.68,2,Young Professionals,Medium
CUST102803,Hamsini,Behl,60,Female,Single,High School,Self Employed,Chandigarh,Punjab,Self Employed,2430068.66,202505.72,11,Business Owners,Medium
CUST102706,Pranav,Muni,46,Male,Widowed,Doctorate,Freelancer,Guwahati,Assam,Self Employed,1250044.82,104170.4,9,Business Owners,Medium
CUST104789,Umang,Lall,45,Male,Divorced,Post Graduate,Salaried - Government,Vadodara,Gujarat,Employed,1345476.69,112123.06,17,Business Owners,Medium
CUST101587,Omkaar,Subramanian,33,Male,Widowed,Post Graduate,Salaried - Government,Dehradun,Uttarakhand,Employed,1764696.18,147058.01,4,Young Professionals,Medium
CUST103659,Ethan,Raval,,Male,Married,Post Graduate,Business Owner,Kanpur,Uttar Pradesh,Self Employed,9002451.23,750204.27,19,High Net Worth Individuals,High
CUST101731,Warinder,Hayer,,Male,Single,Graduate,Student,,Assam,Not Employed,117282.19,9773.52,,Students,Medium
CUST104764,Radha,Sankar,19,Female,Single,High School,Student,Chandigarh,Punjab,Not Employed,59314.62,4942.89,1,Students,Medium
CUST104224,Upasna,Garde,21,Female,Single,Doctorate,Salaried - Private,Surat,Gujarat,Employed,770722.2,64226.85,3,Young Professionals,Medium
CUST103681,Omkaar,Keer,43,Male,Single,Graduate,Salaried - Government,Indore,Madhya Pradesh,Employed,1025001.89,85416.82,18,Business Owners,Medium
CUST101791,Harrison,Parmar,39,Male,Divorced,Graduate,Salaried - Government,Mumbai,Maharashtra,Employed,794469.1,66205.76,6,Business Owners,Medium
CUST102355,Ladli,Baral,44,Female,Divorced,Graduate,Salaried - Private,Ludhiana,Punjab,Employed,1888680.87,157390.07,4,Business Owners,Medium
CUST101940,Oni,Patel,33,Female,Married,Graduate,Salaried - Government,Raipur,Chhattisgarh,Employed,1160968.54,96747.38,4,Young Professionals,Medium
CUST100702,Jagdish,More,29,Male,Married,Graduate,Salaried - Government,Nashik,Maharashtra,Employed,1095233.24,91269.44,11,Young Professionals,Medium
CUST102442,Shravya,Sehgal,27,Female,Widowed,Diploma,Self Employed,Surat,Gujarat,,1120195.7,93349.64,9,,High
CUST104375,Faris,Chahal,24,Male,Single,Post Graduate,Salaried - Private,Pune,Maharashtra,Employed,1029612.87,85801.07,6,Young Professionals,High
CUST100496,Rushil,Pau,32,Male,Married,High School,Salaried - Government,Nagpur,Maharashtra,Employed,1439301.47,119941.79,1,Young Professionals,Medium
CUST100464,Victor,Kumer,24,Male,Divorced,Graduate,Salaried - Private,,Karnataka,Employed,1264012.98,105334.41,6,Young Professionals,High
CUST104071,Bina,Shenoy,41,Female,Widowed,Post Graduate,Salaried - Private,Raipur,Chhattisgarh,,1818168.8,151514.07,4,Business Owners,Medium
CUST104333,Nidra,Shankar,36,Female,Married,Post Graduate,Salaried - Private,Coimbatore,Tamil Nadu,Employed,1048654.31,87387.86,10,Business Owners,Medium
CUST100172,Jeet,Loke,24,Male,Divorced,Graduate,Unemployed,,Gujarat,Not Employed,25472.66,2122.72,6,Young Professionals,Medium
CUST104943,Nandini,Sibal,27,Female,Divorced,Post Graduate,Salaried - Private,Thiruvananthapuram,Kerala,Employed,1110442.44,92536.87,,,High
CUST104796,Sara,Shere,51,Female,Single,Diploma,Homemaker,Ludhiana,Punjab,Not Employed,89629.36,7469.11,10,Business Owners,Low
CUST102540,Anamika,Rege,55,Female,Widowed,Graduate,Homemaker,Bhopal,Madhya Pradesh,Not Employed,28949.69,2412.47,9,Business Owners,Low
CUST103262,Xiti,Shukla,33,Female,Widowed,High School,Business Owner,Thiruvananthapuram,Kerala,Self Employed,5648075.76,470672.98,15,High Net Worth Individuals,High
CUST104680,Yuvraj,Yohannan,69,Male,Married,High School,Retired,Ahmedabad,Gujarat,Retired,356299.02,29691.59,13,Retired Customers,Low
CUST102260,Lekha,Dugal,27,Female,Married,Graduate,Salaried - Private,Udaipur,Rajasthan,Employed,1310946.38,109245.53,9,Young Professionals,High
CUST102112,Tanay,Kulkarni,23,Male,Widowed,High School,Unemployed,Mysuru,Karnataka,Not Employed,55345.03,4612.09,5,Young Professionals,Medium
CUST100900,Yochana,Shan,30,Female,Married,Post Graduate,Self Employed,Chennai,Tamil Nadu,Self Employed,1031859.67,85988.31,12,Young Professionals,High
CUST101446,Tara,Bajwa,20,Female,Single,Doctorate,Student,Ahmedabad,Gujarat,Not Employed,81867.06,6822.26,2,Students,Medium
CUST103573,Watika,Sinha,42,Female,Widowed,Graduate,Homemaker,Delhi,Delhi,Not Employed,33894.41,2824.53,1,Business Owners,Low
CUST100741,Jai,Dhawan,67,Male,Divorced,Graduate,Retired,Guwahati,Assam,Retired,257484.33,21457.03,13,Retired Customers,Low
CUST102293,Imaran,Lall,43,Male,Divorced,Graduate,Freelancer,Patna,Bihar,Self Employed,1302914.58,108576.22,14,Business Owners,High
CUST102452,Eiravati,Deshmukh,34,Female,Widowed,High School,Unemployed,Ranchi,Jharkhand,Not Employed,94624.24,7885.35,6,Young Professionals,Low
CUST102622,Nitara,Lad,18,Female,Single,Graduate,Student,,Karnataka,Not Employed,66723.55,5560.3,1,Students,Medium
CUST104078,Watika,Shenoy,19,Female,Single,Post Graduate,Student,Mumbai,Maharashtra,Not Employed,105117.06,8759.75,1,,Medium
CUST101206,Harish,Gole,33,Male,Widowed,High School,Salaried - Private,Patna,Bihar,Employed,1241653.66,103471.14,7,Young Professionals,Medium
CUST100509,Nidra,Tailor,45,Female,Widowed,Graduate,Salaried - Private,Kochi,Kerala,Employed,2317207.79,193100.65,17,Business Owners,Medium
CUST102620,Chameli,Sule,19,Female,Single,High School,Student,Ludhiana,Punjab,Not Employed,91641.95,,1,Students,Medium
CUST102802,Azaan,Solanki,57,Male,Single,Post Graduate,Salaried - Private,Vadodara,Gujarat,Employed,1460652.05,121721,8,Business Owners,Medium
CUST103313,Hredhaan,Mani,18,Male,Single,Graduate,Unemployed,Mysuru,Karnataka,Not Employed,40654.23,3387.85,1,Young Professionals,
CUST101549,Ridhi,Randhawa,37,Female,,High School,Salaried - Private,Surat,Gujarat,Employed,2410481.52,200873.46,12,Business Owners,High
CUST104563,Faraj,Bassi,39,Male,Single,Graduate,Self Employed,Chandigarh,Punjab,Self Employed,2569636.92,,2,Business Owners,High
CUST102202,Chandresh,Nanda,37,Male,Single,Graduate,Business Owner,Ranchi,Jharkhand,Self Employed,3061072.09,255089.34,5,High Net Worth Individuals,High
CUST102566,Chakradev,Tella,29,Male,Divorced,Graduate,Homemaker,Jaipur,Rajasthan,Not Employed,67110.53,5592.54,11,Young Professionals,Medium
CUST103892,Tejas,Varghese,76,Male,,Graduate,Retired,Nashik,Maharashtra,Retired,385129.69,32094.14,3,Retired Customers,Low
CUST102044,Wahab,Sha,38,Male,Married,Post Graduate,Self Employed,Indore,Madhya Pradesh,Self Employed,,116644.51,16,Business Owners,High
CUST100767,Anita,Halder,18,Female,Single,Graduate,Student,Patna,,Not Employed,13965.46,1163.79,1,Students,Medium
CUST104872,Wahab,Dash,31,Male,Married,Graduate,Salaried - Private,Vadodara,Gujarat,Employed,993287.23,82773.94,8,Young Professionals,Medium
CUST103738,Nilima,Dasgupta,30,Female,Married,Doctorate,Salaried - Government,Jaipur,Rajasthan,Employed,1114321.7,92860.14,12,,Medium
CUST100421,Panini,Tripathi,44,Female,Single,Graduate,Salaried - Private,Coimbatore,Tamil Nadu,Employed,1799341.21,149945.1,15,Business Owners,Medium
CUST100123,Banjeet,Grewal,39,Male,Single,Graduate,Salaried - Private,Hyderabad,Telangana,Employed,1612210.72,134350.89,4,Business Owners,
CUST104162,Vivaan,Mukhopadhyay,58,Male,Single,High School,Retired,Kolkata,West Bengal,Retired,811904.36,67658.7,9,Retired Customers,Medium
CUST102628,Aadi,Dani,,Male,,Graduate,Salaried - Private,Ludhiana,Punjab,Employed,1512872.1,126072.68,4,Young Professionals,High
CUST100819,Ekiya,Khalsa,34,Female,Widowed,Graduate,Self Employed,Chandigarh,Punjab,Self Employed,2426849.42,202237.45,14,Business Owners,High
CUST101403,Devika,Setty,64,Female,Single,Graduate,Retired,Ahmedabad,Gujarat,Retired,544360.3,45363.36,13,Retired Customers,Low
CUST101382,Nitara,Deo,34,Female,Widowed,Graduate,Unemployed,Ahmedabad,Gujarat,Not Employed,28620.53,2385.04,11,Young Professionals,Low
CUST102148,Yochana,Aurora,19,Female,,,Student,Patna,Bihar,Not Employed,120174.22,10014.52,1,Students,Medium
CUST101575,Samuel,Tailor,38,Male,Married,Graduate,Freelancer,Nashik,Maharashtra,Self Employed,1268592.68,105716.06,6,Business Owners,High
CUST101638,Vasudha,Arora,42,Female,Widowed,Doctorate,Salaried - Private,Ludhiana,Punjab,Employed,1266464.79,105538.73,14,Business Owners,Medium
CUST101795,Wridesh,Narayanan,75,Male,Divorced,Post Graduate,Retired,Dehradun,Uttarakhand,Retired,514918.06,42909.84,15,Retired Customers,Low
CUST104815,Avi,Kakar,37,,Single,Graduate,Salaried - Private,Hyderabad,Telangana,Employed,758533.58,63211.13,16,Business Owners,Medium
CUST100399,Triveni,Bhagat,44,Female,Divorced,Post Graduate,Salaried - Government,Ranchi,Jharkhand,Employed,784912.93,65409.41,8,Business Owners,Medium
CUST102310,Jackson,Chana,48,Male,Widowed,Graduate,Salaried - Private,Bengaluru,Karnataka,Employed,1546857.95,128904.83,14,Business Owners,Medium
CUST100882,Aayush,Chokshi,37,Male,Divorced,Post Graduate,Salaried - Private,Ahmedabad,Gujarat,Employed,1054160.68,87846.72,2,,Medium
CUST104973,Jackson,Bhatti,38,,Widowed,Graduate,,Raipur,Chhattisgarh,Employed,1090073.09,90839.42,16,Business Owners,Medium
CUST102897,Anmol,Rajagopalan,42,Male,Widowed,Post Graduate,Salaried - Government,Delhi,Delhi,Employed,812554.62,67712.88,2,Business Owners,Medium
CUST101352,Darpan,Sami,46,Male,Widowed,Graduate,Self Employed,Lucknow,Uttar Pradesh,Self Employed,477047.76,39753.98,19,Business Owners,Medium
CUST102742,Ranveer,Narang,59,Male,Divorced,Graduate,Retired,Jaipur,Rajasthan,Retired,904020.96,75335.08,14,Retired Customers,Medium
CUST104550,Chanakya,Arya,22,Male,Widowed,Doctorate,Student,Lucknow,Uttar Pradesh,Not Employed,78552.55,6546.05,4,,Medium
CUST102130,Chanchal,Bhatt,39,Female,Divorced,Graduate,Salaried - Private,Vadodara,,Employed,818803.54,68233.63,10,Business Owners,Medium
CUST100982,Kritika,Ahuja,51,Female,Single,Doctorate,Business Owner,Indore,Madhya Pradesh,Self Employed,9824094.95,818674.58,,High Net Worth Individuals,High
CUST100456,Tanveer,Dhingra,22,Male,Married,High School,Student,Bhopal,Madhya Pradesh,Not Employed,44513.96,3709.5,4,Students,Medium
CUST104119,Bachittar,Mallick,24,Male,Single,Graduate,Unemployed,Chennai,,Not Employed,14264.65,1188.72,6,Young Professionals,Medium
CUST101079,Girish,Dalal,51,Male,Single,High School,Salaried - Private,Bhopal,Madhya Pradesh,Employed,897821.45,74818.45,19,Business Owners,Medium
CUST101950,Yauvani,Prasad,30,Female,Single,Graduate,Salaried - Private,Thiruvananthapuram,,Employed,1325862.26,110488.52,5,Young Professionals,Medium
CUST104314,Nilima,Thakkar,29,Female,Widowed,Graduate,Salaried - Private,Jaipur,,Employed,883761.77,73646.81,11,Young Professionals,High
CUST100689,Gopal,Kara,24,Male,Divorced,,Salaried - Private,Jaipur,Rajasthan,Employed,838863.53,,6,Young Professionals,High
CUST102429,Widisha,Chandran,31,Female,,Diploma,Homemaker,Kanpur,Uttar Pradesh,Not Employed,67370.22,5614.19,13,Young Professionals,Low
CUST100641,Pushti,Divan,27,Female,Married,High School,Salaried - Government,Ranchi,Jharkhand,,704143.09,58678.59,2,Young Professionals,Medium
CUST102392,Janaki,Venkataraman,53,Female,Single,Graduate,Salaried - Government,,Uttar Pradesh,Employed,966942.19,80578.52,16,Business Owners,Medium
CUST101953,Inaya,Nagi,21,Female,Married,Graduate,Student,Guwahati,Assam,Not Employed,66606.78,5550.56,1,Students,Medium
CUST102748,Madhav,Ramakrishnan,27,Male,Divorced,Graduate,Salaried - Government,Indore,Madhya Pradesh,,589065.26,49088.77,2,Young Professionals,Medium
CUST104313,Anika,Nagarajan,33,Female,Divorced,Graduate,Freelancer,Bhopal,Madhya Pradesh,Self Employed,1050458.42,87538.2,15,Young Professionals,High
CUST103435,Hemangini,Rege,26,Female,Married,High School,Unemployed,Delhi,Delhi,Not Employed,35711.2,2975.93,7,Young Professionals,
CUST103336,Forum,Mital,28,Female,Divorced,Post Graduate,Unemployed,Bhubaneswar,Odisha,Not Employed,39915.45,3326.29,10,Young Professionals,Medium
CUST104766,Kashvi,Joshi,42,Female,Married,Graduate,,Jaipur,Rajasthan,Employed,2149690.52,179140.88,1,Business Owners,High
CUST103370,Laksh,Sarraf,43,Male,,Graduate,Business Owner,Bhopal,Madhya Pradesh,Self Employed,5382511.74,,6,High Net Worth Individuals,
CUST101884,Rehaan,Sahota,43,Male,Married,Graduate,Business Owner,Bhopal,Madhya Pradesh,Self Employed,4404505.36,367042.11,1,High Net Worth Individuals,High
CUST100389,Tara,Nath,21,Female,Widowed,Graduate,,Ahmedabad,Gujarat,Not Employed,54390.5,4532.54,3,Students,Medium
CUST102494,Ira,Tella,25,Female,Divorced,Graduate,Salaried - Private,Ludhiana,Punjab,Employed,1368072.02,114006,7,Young Professionals,High
CUST103878,Sanaya,Shetty,25,Female,Divorced,Graduate,Business Owner,Bengaluru,Karnataka,,11875915.71,989659.64,7,High Net Worth Individuals,High
CUST103856,Akshay,Srinivasan,69,Male,Widowed,Doctorate,Retired,Dehradun,Uttarakhand,Retired,568949.69,47412.47,,Retired Customers,Low
CUST100845,Frederick,Nazareth,21,Male,Married,Post Graduate,Student,Kochi,Kerala,Not Employed,31734.1,2644.51,3,Students,Medium
CUST100542,Ucchal,Vora,,Female,Widowed,Graduate,,Bengaluru,Karnataka,Not Employed,120165.63,10013.8,3,Young Professionals,Medium
CUST100091,Tanvi,Gupta,31,Female,Single,Post Graduate,Unemployed,Coimbatore,Tamil Nadu,Not Employed,36104.97,3008.75,13,Young Professionals,Low
CUST103889,Jairaj,Devan,48,Male,Divorced,High School,Salaried - Government,Dehradun,Uttarakhand,Employed,1185251.84,98770.99,12,Business Owners,Medium
CUST101979,Alexander,Som,51,Male,Divorced,Post Graduate,Business Owner,Bhopal,Madhya Pradesh,Self Employed,8018493.39,668207.78,2,High Net Worth Individuals,High
CUST102812,Harita,Dora,66,Female,Married,Post Graduate,,Kochi,Kerala,Retired,433948.26,36162.36,9,Retired Customers,Low
CUST104082,Liam,Edwin,30,Male,Widowed,High School,Salaried - Private,Indore,Madhya Pradesh,Employed,515949.65,42995.8,7,Young Professionals,Medium
CUST102902,Girish,Dey,50,Male,Divorced,Diploma,Salaried - Government,Raipur,Chhattisgarh,Employed,1022176.6,85181.38,6,Business Owners,
CUST102529,Hiral,Bal,42,Female,Divorced,Graduate,Self Employed,Chandigarh,,Self Employed,2003779.05,166981.59,2,Business Owners,
CUST101676,Vincent,Tiwari,31,Male,Widowed,Post Graduate,Salaried - Government,Kanpur,Uttar Pradesh,Employed,1168218.48,97351.54,12,Young Professionals,Medium
CUST101048,Mohini,Kaur,34,Female,Married,Graduate,Unemployed,Delhi,Delhi,Not Employed,43096.7,3591.39,12,Young Professionals,Low
CUST101960,Urishilla,Bora,32,Female,Divorced,,Salaried - Private,Jaipur,Rajasthan,Employed,1026704.1,85558.68,14,Young Professionals,Medium
CUST102530,Lila,Kashyap,31,Female,Divorced,Graduate,Salaried - Government,Bhopal,Madhya Pradesh,Employed,996743.83,83061.99,2,Young Professionals,Medium
CUST103992,Ekantika,Lal,18,Female,Single,High School,Student,Bhubaneswar,Odisha,Not Employed,95743.17,7978.6,1,Students,Medium
CUST100237,Brinda,Mangal,55,Female,Married,Graduate,,Patna,Bihar,Self Employed,2580503.76,215041.98,4,Business Owners,High
CUST103097,Yashica,Narula,55,Other,Divorced,High School,Self Employed,Delhi,Delhi,Self Employed,683494.11,56957.84,19,Business Owners,Medium
CUST103488,Brinda,Koshy,42,Female,Married,Graduate,Salaried - Private,Chandigarh,Punjab,Employed,1590825.16,132568.76,18,Business Owners,Medium
CUST101133,Ayaan,Andra,28,Male,Married,Graduate,Salaried - Private,Nagpur,Maharashtra,Employed,1110599.99,92550,10,Young Professionals,
CUST101805,Harita,Baral,32,Female,Divorced,High School,Unemployed,Coimbatore,Tamil Nadu,Not Employed,26512.11,2209.34,3,Young Professionals,Low
CUST104317,Yachana,Manne,27,Female,Married,Post Graduate,Salaried - Private,Nagpur,Maharashtra,Employed,,129650.15,9,Young Professionals,High
CUST100163,Nikita,Patla,18,Female,Single,Graduate,Student,Lucknow,Uttar Pradesh,Not Employed,88453.5,7371.12,1,Students,Medium
CUST103492,Ronith,Prakash,27,Male,Widowed,Graduate,Salaried - Private,Indore,Madhya Pradesh,Employed,988097.51,82341.46,3,Young Professionals,High
CUST104709,Samesh,Nazareth,25,Male,Divorced,Diploma,Business Owner,Mumbai,Maharashtra,Self Employed,5091734.95,424311.25,4,High Net Worth Individuals,High
CUST104630,Kritika,Chacko,43,Female,Divorced,Post Graduate,Salaried - Private,Kanpur,Uttar Pradesh,Employed,2133324.41,177777.03,8,Business Owners,High
CUST103453,Reva,Deo,44,Female,,Post Graduate,Salaried - Private,Mumbai,Maharashtra,Employed,1648676.9,137389.74,10,Business Owners,Medium
CUST103199,Anya,Bhatti,22,Female,Married,High School,Student,Patna,Bihar,Not Employed,43833.95,3652.83,3,Students,Medium
CUST103634,Aarush,Korpal,51,Male,Widowed,High School,Self Employed,,Odisha,Self Employed,1265173.33,105431.11,13,Business Owners,Medium
CUST103939,Dhriti,Dhawan,26,Female,Divorced,Graduate,Salaried - Private,Bhopal,Madhya Pradesh,Employed,2213244.33,184437.03,8,Young Professionals,High
CUST101811,Nitesh,Parmar,42,Male,Married,Graduate,Self Employed,Guwahati,Assam,Self Employed,1198781.25,99898.44,8,Business Owners,High
CUST103649,Pallavi,Murty,34,Female,Married,High School,Salaried - Private,Raipur,Chhattisgarh,Employed,1313824.57,109485.38,1,Young Professionals,Medium
CUST104049,Victor,Shere,42,Male,Married,Post Graduate,Salaried - Government,Chennai,Tamil Nadu,Employed,1107622.37,92301.86,19,Business Owners,Medium
CUST101428,Isaac,Nagy,42,Male,Widowed,High School,Salaried - Private,Hyderabad,Telangana,Employed,2165850.65,180487.55,13,Business Owners,
CUST103613,Om,Sani,48,Male,,Post Graduate,Salaried - Private,Nagpur,Maharashtra,Employed,1978158.25,164846.52,10,Business Owners,Medium
CUST103131,Raghav,Chakrabarti,70,Male,Single,Post Graduate,Retired,Raipur,Chhattisgarh,Retired,366223.59,30518.63,11,Retired Customers,Low
CUST103396,Gaurika,Lal,19,Female,Single,Graduate,,Lucknow,Uttar Pradesh,Not Employed,137270.62,11439.22,1,Students,Medium
CUST104460,Ranveer,Garde,22,Male,Married,Graduate,Student,Chennai,Tamil Nadu,Not Employed,13158.35,1096.53,4,Students,Medium
CUST104649,Luke,Kara,42,Male,Single,Post Graduate,Business Owner,Chandigarh,Punjab,Self Employed,10001310.3,833442.53,1,High Net Worth Individuals,High
CUST102820,Samuel,Rajagopal,48,Male,Single,Diploma,Self Employed,Udaipur,Rajasthan,Self Employed,1398848.53,116570.71,13,Business Owners,Medium
CUST101452,Kashish,Saini,36,Female,Single,Post Graduate,Salaried - Government,,Gujarat,Employed,733106.49,61092.21,1,,Medium
CUST100593,Amruta,Chand,21,Female,Widowed,Post Graduate,Student,Bhopal,Madhya Pradesh,Not Employed,66765.61,5563.8,,Students,Medium
CUST100041,Eshana,Lanka,33,Female,Single,Graduate,Self Employed,Raipur,Chhattisgarh,Self Employed,751337.54,62611.46,5,Business Owners,Medium
CUST100560,Yashawini,Sani,48,Female,Married,Post Graduate,Self Employed,Bhopal,Madhya Pradesh,Self Employed,1273232.86,106102.74,12,,Medium
CUST103273,Gaurang,Mitter,39,Male,Single,Graduate,Salaried - Government,Dehradun,Uttarakhand,Employed,1091537.49,90961.46,12,Business Owners,Medium
CUST103244,Tamanna,Das,18,Female,Single,Diploma,Student,Delhi,Delhi,Not Employed,55374.58,4614.55,1,Students,Medium
CUST100243,Jalsa,Bhatt,18,Female,Single,Graduate,Student,Raipur,Chhattisgarh,Not Employed,43388.72,3615.73,1,Students,Medium
CUST101339,Fariq,Mahal,57,Male,Widowed,Graduate,Salaried - Private,Nagpur,Maharashtra,Employed,1904094.67,158674.56,4,Business Owners,Medium
CUST102780,Unnati,Amble,57,Female,Divorced,Post Graduate,Self Employed,Lucknow,Uttar Pradesh,Self Employed,2486449.7,207204.14,3,Business Owners,High
CUST103187,Indrajit,Dave,39,Male,Single,Post Graduate,Salaried - Government,Guwahati,Assam,Employed,1288283.55,107356.96,9,Business Owners,Medium
CUST103799,Jagrati,Thaman,,Female,Divorced,Graduate,Unemployed,Bhopal,Madhya Pradesh,Not Employed,10818.27,901.52,8,Young Professionals,Low
CUST101442,Keya,Shetty,36,Female,Single,Post Graduate,Unemployed,Raipur,Chhattisgarh,Not Employed,19241.93,1603.49,16,Business Owners,Low
CUST100261,Agastya,Chacko,38,Male,Married,Graduate,Self Employed,Indore,Madhya Pradesh,Self Employed,,78587.31,16,Business Owners,High
CUST102764,Jagvi,Ghose,32,Female,Divorced,High School,Salaried - Government,Delhi,Delhi,,1262382.45,105198.54,9,Young Professionals,Medium
CUST101689,Samarth,Varghese,30,Male,Single,Post Graduate,Salaried - Private,Kanpur,Uttar Pradesh,Employed,1820806.71,151733.89,12,Young Professionals,Medium
CUST101725,Isaac,Mohanty,47,Male,Married,High School,Salaried - Government,Nagpur,Maharashtra,Employed,600526.89,50043.91,15,Business Owners,Low
CUST104792,Garima,Cheema,22,Female,Married,High School,Salaried - Government,Chennai,Tamil Nadu,Employed,944849.33,78737.44,4,Young Professionals,Medium
CUST100834,David,Vasa,30,Male,Widowed,Graduate,Salaried - Private,Bengaluru,Karnataka,Employed,598170.77,49847.56,5,Young Professionals,Medium
CUST101866,Fitan,Tailor,59,Male,Married,Post Graduate,Salaried - Private,Surat,Gujarat,Employed,2733566.84,227797.24,11,Business Owners,Medium
CUST102496,Anusha,Kota,18,Female,Single,Post Graduate,Student,Pune,Maharashtra,Not Employed,25130.35,2094.2,1,Students,Medium
CUST102010,Indrajit,Sarin,35,Male,Married,Graduate,Salaried - Private,Ahmedabad,Gujarat,Employed,2009629.31,167469.11,7,,High
CUST100340,Abeer,Mane,19,Male,Single,High School,Student,Dehradun,Uttarakhand,Not Employed,20020.47,1668.37,1,Students,
CUST102988,Krishna,Jain,55,Male,Widowed,High School,Business Owner,Bhopal,Madhya Pradesh,Self Employed,7084929.46,590410.79,8,High Net Worth Individuals,High
CUST101601,Manan,Srinivasan,19,Male,Single,Graduate,Student,Lucknow,Uttar Pradesh,Not Employed,88437.31,7369.78,1,Students,Medium
CUST103875,Suhani,Char,21,Female,Widowed,High School,Student,Bhopal,Madhya Pradesh,Not Employed,44674.63,3722.89,3,Students,Medium
CUST104694,Henry,Kapur,36,Male,Divorced,High School,Self Employed,Lucknow,Uttar Pradesh,Self Employed,1910893.12,,11,Business Owners,High
CUST100480,Januja,Gupta,26,Female,Divorced,Graduate,Salaried - Private,Lucknow,Uttar Pradesh,Employed,1740320.98,145026.75,8,Young Professionals,High
CUST102825,Atharv,Ganesh,50,Male,Single,Post Graduate,Salaried - Government,Ranchi,Jharkhand,Employed,1050960.18,87580.01,9,Business Owners,Medium
CUST104329,Lohit,Mandal,,Male,Divorced,Diploma,Salaried - Private,Kolkata,West Bengal,Employed,1502072.67,125172.72,2,Young Professionals,Medium
CUST103540,Lakshmi,Bumb,39,Female,Married,Doctorate,Salaried - Government,Patna,,Employed,1070499.9,89208.32,16,Business Owners,Medium
CUST104638,Wriddhish,Dubey,37,Male,Married,Diploma,Unemployed,Bhopal,Madhya Pradesh,Not Employed,61566.24,5130.52,14,Business Owners,Low
CUST103046,Sneha,Sunder,,Other,Married,Graduate,Retired,Bhubaneswar,Odisha,Retired,324473.17,27039.43,14,Retired Customers,Low
CUST103990,Ladli,Mittal,21,,Widowed,Graduate,Salaried - Private,Thiruvananthapuram,Kerala,Employed,1591254.79,132604.57,,Young Professionals,High
CUST101766,Yash,Parmer,21,Male,Widowed,High School,Student,Chennai,Tamil Nadu,Not Employed,81447.18,6787.26,3,,Medium
CUST104473,Neha,Pandya,42,Female,Married,Diploma,Salaried - Government,Coimbatore,Tamil Nadu,Employed,1185499.29,98791.61,13,Business Owners,Medium
CUST102453,Warda,Hora,35,Female,Widowed,Post Graduate,Salaried - Government,Mumbai,Maharashtra,Employed,931703.42,77641.95,3,Young Professionals,Medium
CUST102877,Bimala,Krishna,29,Female,Divorced,Diploma,Salaried - Government,Udaipur,Rajasthan,Employed,1199854.57,99987.88,5,Young Professionals,Medium
CUST103815,Rishi,Goel,32,Male,Divorced,,Salaried - Government,Chandigarh,Punjab,Employed,1353637.82,112803.15,5,Young Professionals,Medium
CUST104016,Oni,Raman,,,Widowed,Graduate,Student,Hyderabad,Telangana,Not Employed,79059.65,6588.3,2,Students,Medium
CUST104677,Samuel,Nath,35,Male,Widowed,Diploma,Salaried - Government,Kolkata,West Bengal,Employed,1059775.76,88314.65,10,Young Professionals,Medium
CUST103679,Vanya,Misra,32,Female,Married,Post Graduate,Self Employed,Mumbai,Maharashtra,Self Employed,1097242.08,91436.84,3,Young Professionals,High
CUST101271,Rishi,Sahota,38,Male,Single,Post Graduate,Salaried - Private,Hyderabad,Telangana,Employed,1121766.99,93480.58,8,Business Owners,Medium
CUST103077,Falak,Pandit,51,Female,Married,Graduate,Unemployed,Surat,Gujarat,Not Employed,35754.09,2979.51,12,Business Owners,Low
CUST104501,Yash,Tandon,18,Male,Married,Graduate,Business Owner,Kanpur,Uttar Pradesh,Self Employed,5603471.29,466955.94,9,High Net Worth Individuals,High
CUST103094,Zaid,Dhillon,43,Male,Married,Graduate,Business Owner,Guwahati,Assam,Self Employed,11276957.07,939746.42,18,High Net Worth Individuals,High
CUST104653,Dalaja,Manda,43,Female,Married,Graduate,Salaried - Private,Bhopal,Madhya Pradesh,Employed,2374124.92,197843.74,12,Business Owners,High
CUST100347,Bina,Bera,51,Female,Married,,Business Owner,Nashik,Maharashtra,Self Employed,12417498.88,1034791.57,3,High Net Worth Individuals,High
CUST103881,Vasana,Varughese,39,Female,Single,Post Graduate,Salaried - Private,Coimbatore,,Employed,1217287.81,101440.65,10,Business Owners,Medium
CUST104623,Vasana,Rau,37,Female,Married,Graduate,Salaried - Government,Bhopal,Madhya Pradesh,Employed,734359.49,61196.62,,Business Owners,Medium
CUST102562,Geetika,Sami,47,Female,Married,Post Graduate,Salaried - Private,Ahmedabad,Gujarat,Employed,1036877.59,86406.47,10,Business Owners,Medium
CUST104590,Anusha,Divan,37,Female,Divorced,Graduate,Salaried - Private,Kochi,Kerala,Employed,1820236.88,151686.41,5,Business Owners,Medium
CUST101423,Abeer,Konda,31,Male,Divorced,Post Graduate,Salaried - Private,Hyderabad,,Employed,1902879.55,158573.3,7,Young Professionals,Medium
CUST100656,Anjali,Bhandari,43,Female,Widowed,Graduate,Self Employed,Thiruvananthapuram,Kerala,Self Employed,2226930.4,185577.53,6,Business Owners,High
CUST102102,Joshua,Sood,44,Male,Divorced,Graduate,Salaried - Private,Bhubaneswar,Odisha,Employed,2820472.25,235039.35,14,Business Owners,High
CUST100632,Tejas,Cherian,18,Male,Single,Post Graduate,Student,,Tamil Nadu,Not Employed,81598.24,6799.85,1,Students,Medium
CUST102892,Christopher,Chana,35,Other,Widowed,Doctorate,Homemaker,Indore,Madhya Pradesh,Not Employed,128568.5,10714.04,2,Young Professionals,Low
CUST102493,Chaitanya,Grewal,20,Male,,Graduate,Student,Kanpur,Uttar Pradesh,Not Employed,31060.6,2588.38,2,Students,Medium
CUST102665,Daksh,Prasad,39,Male,Single,High School,Salaried - Government,Pune,Maharashtra,Employed,1101658.75,91804.9,10,Business Owners,Medium
CUST104015,Ekaraj,Dube,66,Male,Widowed,Post Graduate,Retired,Thiruvananthapuram,Kerala,Retired,391829.87,32652.49,4,Retired Customers,Low
CUST103662,Tanmayi,Hora,51,Female,Married,Graduate,Self Employed,Indore,Madhya Pradesh,Self Employed,,169137.56,4,Business Owners,High
CUST103307,Harshil,Nayar,70,Male,Divorced,Graduate,Retired,Kolkata,West Bengal,Retired,641287.99,53440.67,19,Retired Customers,Low
CUST103096,Faras,Agrawal,65,Male,Widowed,Post Graduate,Retired,Raipur,Chhattisgarh,Retired,373239.63,31103.3,4,Retired Customers,Low
CUST103919,Praneel,Balan,32,Male,Married,Doctorate,Salaried - Government,Thiruvananthapuram,Kerala,,1011005.73,84250.48,13,Young Professionals,Medium
CUST102500,Aditya,Palan,18,Male,Single,Post Graduate,Student,Bhubaneswar,Odisha,Not Employed,63991.56,5332.63,1,Students,Medium
CUST101465,Ronith,Narain,64,Male,Single,Doctorate,Retired,Bengaluru,Karnataka,Retired,291221.35,24268.45,13,Retired Customers,Low
CUST102833,Maanas,Sen,21,Male,Single,Graduate,Salaried - Private,Bhubaneswar,Odisha,Employed,1607927.61,133993.97,3,Young Professionals,High
CUST100115,Yagnesh,Dubey,36,Male,Single,Post Graduate,Salaried - Private,Kanpur,Uttar Pradesh,Employed,1910445.87,,3,Business Owners,Medium
CUST101821,Fariq,Chawla,47,Male,Divorced,Graduate,Salaried - Government,Vadodara,Gujarat,Employed,1397186.47,116432.21,16,Business Owners,Medium
CUST101494,Leela,Borde,34,Female,Single,Post Graduate,Salaried - Government,Mysuru,Karnataka,Employed,1433208.46,119434.04,16,Young Professionals,Medium
CUST102401,Geetika,Gole,18,Female,Single,Graduate,Unemployed,Mumbai,Maharashtra,,32617.04,2718.09,1,Young Professionals,Medium
CUST101232,Triya,Chada,18,Female,Single,Post Graduate,Student,Pune,Maharashtra,Not Employed,116635.45,9719.62,1,Students,Medium
CUST102661,Yadavi,Khanna,18,Female,Single,,Student,Pune,Maharashtra,Not Employed,125832.55,10486.05,1,Students,Medium
CUST104100,Harish,Chand,28,Male,Single,Post Graduate,Self Employed,Hyderabad,Telangana,Self Employed,1362581.88,113548.49,5,Young Professionals,High
CUST104573,Arin,Bhat,42,Male,Widowed,Graduate,Salaried - Private,Surat,Gujarat,Employed,2473374.38,206114.53,6,Business Owners,High
CUST101153,Bishakha,Oak,44,Female,Married,Graduate,Business Owner,Delhi,Delhi,,3515539.67,292961.64,16,High Net Worth Individuals,High
CUST103848,Aahana,Ramanathan,30,Female,Widowed,Graduate,Salaried - Private,Chennai,Tamil Nadu,Employed,1878105,156508.75,5,Young Professionals,Medium
CUST100057,Utkarsh,Aggarwal,20,Male,Single,Diploma,Student,Surat,Gujarat,Not Employed,11941.44,995.12,2,Students,Medium
CUST104104,Azad,Kannan,22,Male,Divorced,Graduate,Student,Bengaluru,Karnataka,Not Employed,66184.01,5515.33,4,Students,
CUST104288,Yatan,Chana,53,Male,Single,Graduate,Salaried - Government,Kanpur,Uttar Pradesh,Employed,968351.05,80695.92,7,Business Owners,Medium
CUST104945,Ryan,Hans,36,,Widowed,Graduate,Salaried - Private,Dehradun,Uttarakhand,Employed,1312220.5,109351.71,18,Business Owners,Medium
CUST101735,Avni,Dora,54,Female,Single,Post Graduate,Freelancer,Delhi,Delhi,Self Employed,1607086.47,133923.87,7,Business Owners,Medium
CUST102196,Prisha,Ramesh,49,Female,Single,High School,Salaried - Government,Hyderabad,Telangana,Employed,1646674.6,137222.88,10,Business Owners,Medium
CUST103553,Adya,Ahluwalia,37,Female,Widowed,Graduate,Salaried - Private,Mumbai,Maharashtra,Employed,1287586.71,107298.89,13,Business Owners,Medium
CUST102475,Warinder,Bajaj,18,Male,Single,Post Graduate,Student,Chennai,Tamil Nadu,Not Employed,15436.51,1286.38,1,Students,Medium
CUST102564,Yauvani,Dhar,71,Female,Widowed,Diploma,Retired,Coimbatore,Tamil Nadu,Retired,553771.36,46147.61,12,Retired Customers,Low
CUST103158,Avni,Mahajan,75,Female,Widowed,Diploma,Retired,Nashik,Maharashtra,Retired,688816.31,57401.36,,Retired Customers,Low
CUST104034,Rohan,Dugar,46,Male,Widowed,Diploma,Business Owner,Kolkata,West Bengal,Self Employed,5161341.87,430111.82,18,High Net Worth Individuals,High
CUST103655,Ubika,Ratti,21,Female,Divorced,Post Graduate,Student,Ahmedabad,Gujarat,Not Employed,121920.45,10160.04,3,Students,Medium
CUST100707,Zarna,Sahota,49,Female,Married,Graduate,Business Owner,Ludhiana,Punjab,Self Employed,15045867.97,1253822.33,19,High Net Worth Individuals,High
CUST104280,Jagvi,Garde,45,Female,Widowed,Post Graduate,Business Owner,Ranchi,Jharkhand,Self Employed,14822432.83,1235202.74,19,High Net Worth Individuals,High
CUST101093,Elijah,Babu,20,Male,,Doctorate,Student,Hyderabad,Telangana,Not Employed,30635.33,2552.94,2,Students,Medium
CUST104839,Karan,Verma,21,Male,Married,Graduate,,Kolkata,West Bengal,Employed,2183513.51,181959.46,3,Young Professionals,High
CUST101376,Neelima,Bhagat,26,Female,Divorced,Diploma,Unemployed,Udaipur,,Not Employed,71948.95,,8,Young Professionals,Medium
CUST104913,Damyanti,Dhar,26,Female,Divorced,High School,Salaried - Private,Delhi,,Employed,1070850.76,89237.56,2,Young Professionals,High
CUST100072,Vaishnavi,Gandhi,46,Other,Married,Diploma,Salaried - Government,Mumbai,Maharashtra,Employed,975569.72,81297.48,19,Business Owners,Medium
CUST101922,Darpan,Purohit,44,Male,Widowed,Graduate,Salaried - Private,Surat,Gujarat,Employed,2102849.2,175237.43,10,Business Owners,High
CUST103173,Finn,Chaudry,51,,Married,,,Surat,Gujarat,Employed,2596946.16,216412.18,15,Business Owners,Medium
CUST101764,Om,Saraf,37,Male,Single,Graduate,Salaried - Private,Raipur,,Employed,1618342.91,134861.91,8,Business Owners,Medium
CUST100743,Aachal,Pandit,,Female,Single,Diploma,Salaried - Private,Udaipur,Rajasthan,Employed,2154380.58,179531.71,19,Business Owners,High
CUST104318,Raghav,Bhargava,18,Male,Single,Graduate,Student,Nashik,Maharashtra,Not Employed,55193.24,4599.44,1,Students,Medium
CUST101005,Falguni,Gala,30,Female,Divorced,,Salaried - Government,Udaipur,Rajasthan,Employed,809380.5,67448.38,12,Young Professionals,Medium
CUST102668,Yashica,Bakshi,43,Female,Married,Post Graduate,Salaried - Private,Chennai,Tamil Nadu,Employed,1000439.29,83369.94,6,Business Owners,Medium
CUST101190,Yachana,Hayre,58,Female,Widowed,Post Graduate,Business Owner,Pune,Maharashtra,Self Employed,12068206.4,1005683.87,12,High Net Worth Individuals,High
CUST104631,Lipika,Dhar,56,Female,Widowed,High School,Salaried - Private,Kochi,Kerala,Employed,1832212.65,152684.39,4,Business Owners,Medium
CUST102601,Anita,Dhillon,44,Female,Widowed,Graduate,Business Owner,Ahmedabad,Gujarat,Self Employed,10599472.74,883289.4,18,High Net Worth Individuals,High
CUST101125,Lila,Ranganathan,32,Female,Married,Graduate,Salaried - Government,Guwahati,Assam,Employed,1151914.59,95992.88,14,Young Professionals,Medium
CUST101241,Mason,Basu,80,Male,Single,Post Graduate,Retired,Mumbai,Maharashtra,Retired,842588.13,70215.68,8,Retired Customers,Low
CUST104606,Timothy,Kannan,30,,Divorced,Post Graduate,Homemaker,Mysuru,Karnataka,Not Employed,161896.48,13491.37,9,Young Professionals,Low
CUST104130,Aditya,Sen,22,Male,Married,Post Graduate,Homemaker,Nashik,Maharashtra,Not Employed,58374.24,4864.52,4,Young Professionals,
CUST103442,Ekani,Naik,22,Female,Married,High School,Salaried - Government,Nagpur,Maharashtra,Employed,813263.41,67771.95,4,Young Professionals,Medium
CUST100998,Warinder,Yogi,33,Male,Widowed,Graduate,Self Employed,Surat,Gujarat,Self Employed,1901702.74,158475.23,11,Business Owners,High
CUST103386,Shravya,Kumer,48,Female,Widowed,High School,Salaried - Government,Ahmedabad,Gujarat,Employed,1806538.85,150544.9,12,Business Owners,Medium
CUST102684,Nachiket,Kadakia,25,Male,Divorced,High School,Salaried - Government,Delhi,Delhi,,791341.89,65945.16,4,Young Professionals,Medium
CUST101577,Riya,Chaudhuri,41,Female,Divorced,Graduate,Business Owner,Bhubaneswar,Odisha,Self Employed,2916818.19,243068.18,18,Business Owners,High
CUST104790,Ansh,Bhandari,35,Male,Widowed,Graduate,Self Employed,Mumbai,Maharashtra,Self Employed,1876236.82,156353.07,14,Business Owners,High
CUST101826,Wyatt,Sura,31,Male,Single,Post Graduate,Salaried - Private,Indore,Madhya Pradesh,Employed,1067650.01,88970.83,13,Young Professionals,Medium
CUST103292,Pushti,Bhalla,57,Female,Widowed,High School,Business Owner,,Madhya Pradesh,Self Employed,3136508.47,261375.71,12,High Net Worth Individuals,High
CUST104989,Aahana,Shenoy,19,Female,Single,Graduate,Student,Bhopal,Madhya Pradesh,Not Employed,94561.82,7880.15,1,Students,Medium
CUST103536,Chatura,Uppal,67,Male,Single,High School,Retired,Ludhiana,Punjab,Retired,277121.09,23093.42,6,Retired Customers,Low
CUST100440,Ekbal,Rout,21,Male,Married,Post Graduate,Salaried - Private,Coimbatore,Tamil Nadu,Employed,1920886.83,160073.9,3,Young Professionals,High
CUST104951,Tarak,Sehgal,67,Male,Married,High School,Retired,Chennai,Tamil Nadu,Retired,381300.35,31775.03,13,Retired Customers,Low
CUST101100,Wishi,Swaminathan,38,Female,Married,High School,Salaried - Private,Coimbatore,Tamil Nadu,Employed,998155.2,83179.6,11,Business Owners,Medium
CUST104010,Raagini,Nori,23,Female,Single,High School,Student,Guwahati,,Not Employed,19274.49,1606.21,5,Students,Medium
CUST103058,Ethan,Taneja,40,Male,Married,Post Graduate,Freelancer,Bhubaneswar,Odisha,Self Employed,874789.1,72899.09,10,Business Owners,High
CUST100649,Forum,Sarraf,32,Female,Widowed,Diploma,Salaried - Private,Mysuru,Karnataka,Employed,,175787.63,14,Young Professionals,High
CUST101546,Ethan,Dhar,38,Male,Married,Post Graduate,Business Owner,Indore,Madhya Pradesh,Self Employed,10633332.43,886111.04,15,High Net Worth Individuals,High
CUST104756,Faqid,Sheth,42,Male,Divorced,Post Graduate,Self Employed,Ludhiana,Punjab,Self Employed,2622719.96,218560,5,Business Owners,High
CUST103560,Gagan,Dass,66,,Divorced,,Retired,Ludhiana,Punjab,Retired,844933.84,70411.15,2,Retired Customers,Low
CUST103886,Kabir,Pant,48,Male,Divorced,High School,Business Owner,Lucknow,Uttar Pradesh,Self Employed,3414569.84,284547.49,20,,
CUST103741,Ijaya,Soni,36,Female,Married,Post Graduate,Business Owner,Nagpur,Maharashtra,Self Employed,4787198.18,398933.18,14,High Net Worth Individuals,High
CUST100630,Harinakshi,Sharma,22,Female,Single,Diploma,Student,Hyderabad,Telangana,Not Employed,52223.95,4352,4,Students,Medium
CUST100672,Sara,Rege,64,Female,Divorced,,Retired,Ludhiana,Punjab,Retired,289924.95,24160.41,,Retired Customers,Low
CUST101249,Hiral,Grewal,18,Female,Single,Post Graduate,Student,Mysuru,Karnataka,Not Employed,86493.91,7207.83,,Students,Medium
CUST100482,Chasmum,Baral,70,Female,Divorced,High School,Retired,Chandigarh,Punjab,Retired,736757.3,,12,Retired Customers,Low
CUST101584,Onveer,Garde,65,Male,Divorced,Post Graduate,Retired,Kochi,Kerala,Retired,740244.04,61687,5,Retired Customers,Low
CUST103074,Kalpit,Karan,67,Male,Divorced,Post Graduate,Retired,Ahmedabad,Gujarat,Retired,519289.71,43274.14,19,Retired Customers,Low
CUST104627,Sanaya,Bail,21,Female,Widowed,Graduate,,Jaipur,Rajasthan,Employed,1586939.28,132244.94,,Young Professionals,High
CUST103038,Kashvi,Zacharia,73,Female,Widowed,Graduate,Retired,Bhubaneswar,Odisha,Retired,371261.07,30938.42,8,Retired Customers,Low
CUST101462,Urishilla,De,58,Female,Single,Diploma,Salaried - Government,Chennai,Tamil Nadu,Employed,1604643.24,133720.27,1,Business Owners,Medium
CUST103929,Guneet,Bains,44,Male,Married,Graduate,Salaried - Government,Guwahati,,Employed,1229814.29,102484.52,17,Business Owners,Medium
CUST103621,Theodore,Shankar,29,Male,Married,Post Graduate,Unemployed,Vadodara,Gujarat,Not Employed,47325.45,3943.79,7,Young Professionals,Medium
CUST102578,Rehaan,Vaidya,40,Male,Divorced,High School,Salaried - Private,Kanpur,Uttar Pradesh,Employed,1071825.19,89318.77,5,Business Owners,
CUST103801,Kalpit,Sethi,47,Male,Widowed,High School,Business Owner,Patna,Bihar,Self Employed,15783688.82,1315307.4,3,High Net Worth Individuals,High
CUST100049,Udyati,Bhatt,30,Female,Divorced,Graduate,Business Owner,Mumbai,Maharashtra,Self Employed,5395622.61,449635.22,12,High Net Worth Individuals,High
CUST104289,Ojas,Kapur,47,Male,Single,Graduate,Business Owner,Ahmedabad,Gujarat,Self Employed,7421548.52,618462.38,2,High Net Worth Individuals,High
CUST103344,Falan,Handa,20,Male,Single,Graduate,Student,Raipur,Chhattisgarh,Not Employed,58251.36,4854.28,2,Students,Medium
CUST100858,Panini,Dhawan,70,Female,Widowed,High School,Retired,Jaipur,,Retired,549451.7,45787.64,15,Retired Customers,Low
CUST101072,Ikshita,Behl,45,Female,Widowed,,Salaried - Private,Thiruvananthapuram,Kerala,Employed,2271839,189319.92,16,Business Owners,Medium
CUST100719,Sarthak,Bera,31,Male,Married,Graduate,Business Owner,Kanpur,Uttar Pradesh,Self Employed,7044880.7,587073.39,11,High Net Worth Individuals,High
CUST103717,Eshana,Dhar,28,Female,Married,Graduate,Salaried - Government,Mumbai,Maharashtra,,1288858.57,107404.88,1,Young Professionals,Medium
CUST102631,Triya,Sachdev,31,Female,Widowed,Graduate,Salaried - Government,Surat,,Employed,832331.74,69360.98,5,Young Professionals,Medium
CUST104873,Parth,Shetty,34,Male,Divorced,Post Graduate,Salaried - Private,Jaipur,Rajasthan,Employed,1247667.87,103972.32,11,Young Professionals,Medium
CUST101660,Lipika,Saha,28,Female,Married,Graduate,Business Owner,Delhi,Delhi,Self Employed,5267089.43,438924.12,10,High Net Worth Individuals,High
CUST101656,Logan,Swamy,35,Male,Divorced,Graduate,Salaried - Private,Chennai,Tamil Nadu,Employed,1751155.61,145929.63,7,Young Professionals,Medium
CUST102425,Netra,Chanda,43,Female,Widowed,Graduate,Self Employed,Indore,Madhya Pradesh,Self Employed,1013796.66,84483.06,1,Business Owners,High
CUST103524,Panini,Sheth,25,Female,Widowed,Graduate,Business Owner,Mysuru,Karnataka,Self Employed,8599010.47,716584.21,1,High Net Worth Individuals,High
CUST104229,Dayamai,Seshadri,43,Female,Widowed,Post Graduate,Salaried - Private,Hyderabad,Telangana,Employed,805210.41,67100.87,17,Business Owners,
CUST104974,Sanya,Mander,29,Female,Widowed,Graduate,Salaried - Private,Bhubaneswar,Odisha,Employed,,68182.07,10,Young Professionals,High
CUST103309,Omkaar,Ganesan,38,Male,Married,,Freelancer,Coimbatore,Tamil Nadu,,677571.69,56464.31,15,Business Owners,Medium
CUST104476,Sai,Pant,41,Male,Divorced,Post Graduate,Salaried - Private,Indore,Madhya Pradesh,Employed,,95525.62,1,Business Owners,Medium
CUST103305,Neel,Chaudhari,59,Male,Divorced,Graduate,Retired,Thiruvananthapuram,Kerala,Retired,472068.61,39339.05,17,Retired Customers,Low
CUST104751,Yashasvi,Chaudhuri,48,Female,Widowed,Graduate,Salaried - Private,Bhubaneswar,Odisha,Employed,2472844.49,206070.37,16,Business Owners,Medium
CUST104126,Sara,Deol,29,Female,Divorced,Graduate,,,Maharashtra,Employed,961441.14,80120.1,11,Young Professionals,High
CUST102606,Gaurika,Mane,33,Female,Single,Graduate,Homemaker,Dehradun,Uttarakhand,Not Employed,59311.54,4942.63,5,Young Professionals,Low
CUST101385,Warinder,Bora,25,Male,Married,High School,,Kanpur,Uttar Pradesh,Not Employed,96305.21,8025.43,7,Young Professionals,Medium
CUST103835,Laksh,Handa,32,Male,,Post Graduate,Salaried - Private,Ludhiana,Punjab,Employed,2221653.89,185137.82,7,Young Professionals,High
CUST101399,Bhavini,Mukherjee,53,Female,Widowed,,Salaried - Government,Jaipur,Rajasthan,Employed,1218753.37,101562.78,20,Business Owners,Medium
CUST101195,Nitesh,Sarraf,54,Male,Divorced,Doctorate,Self Employed,Nashik,Maharashtra,Self Employed,1436303.09,119691.92,9,Business Owners,Medium
CUST101408,Yuvraj,Palan,34,Male,Widowed,Graduate,Salaried - Government,Ludhiana,Punjab,Employed,1415901.74,117991.81,16,Young Professionals,Medium
CUST103824,Xiti,Patil,40,Female,Married,Graduate,Homemaker,Patna,Bihar,Not Employed,91366.06,7613.84,19,Business Owners,Low
CUST101798,Christopher,Tak,29,Male,Widowed,High School,Salaried - Private,Kochi,Kerala,Employed,,100863.28,11,Young Professionals,High
CUST101475,Varsha,Morar,37,Female,Single,Graduate,Salaried - Private,Chennai,Tamil Nadu,Employed,1281024.51,106752.04,19,Business Owners,Medium
CUST104965,Rachita,Korpal,31,Female,Divorced,Graduate,Salaried - Private,Delhi,Delhi,Employed,418580.8,34881.73,6,Young Professionals,Medium
CUST100035,Jyoti,Balay,23,Female,Widowed,Doctorate,Salaried - Private,Vadodara,Gujarat,Employed,648353.01,54029.42,5,Young Professionals,Medium
CUST103541,Zayan,Babu,47,Male,Single,Post Graduate,Salaried - Private,Kolkata,,Employed,1647166.62,137263.89,1,Business Owners,Medium
CUST102345,Zaid,Chand,33,Male,Married,Post Graduate,Salaried - Private,Mysuru,Karnataka,Employed,1548715.6,,15,Young Professionals,Medium
CUST104678,Ekantika,Korpal,55,Female,Single,Graduate,Salaried - Private,Lucknow,Uttar Pradesh,Employed,1817688.67,151474.06,8,Business Owners,Medium
CUST102359,Priya,Naik,68,Female,Widowed,Graduate,Retired,Kochi,Kerala,Retired,531022.44,44251.87,16,Retired Customers,Low
CUST102206,Vrishti,Oza,51,Female,Divorced,Graduate,Business Owner,Dehradun,Uttarakhand,Self Employed,6199321.24,516610.1,19,High Net Worth Individuals,High
CUST103767,Leela,Prashad,38,Female,Single,Graduate,Business Owner,Kolkata,West Bengal,Self Employed,11432661.43,952721.79,14,High Net Worth Individuals,High
CUST101286,Fiyaz,Butala,36,Male,Divorced,Graduate,Self Employed,Nashik,Maharashtra,Self Employed,347260.86,28938.4,2,Business Owners,Medium
CUST100349,Nidra,Chada,,Female,Divorced,Graduate,Salaried - Private,Nashik,,Employed,683427.52,56952.29,1,Young Professionals,Medium
CUST102137,Urvashi,Anne,41,Female,Divorced,Graduate,Homemaker,Lucknow,Uttar Pradesh,Not Employed,51715.91,4309.66,15,Business Owners,Low
CUST102691,Laksh,Contractor,30,Male,Divorced,High School,Salaried - Private,Kanpur,Uttar Pradesh,Employed,1738109.01,144842.42,12,Young Professionals,Medium
CUST104560,Chandran,Borde,40,Male,Married,,Salaried - Private,Thiruvananthapuram,Kerala,Employed,,141964.46,10,Business Owners,Medium
CUST103967,Joshua,Chad,52,Male,Married,Graduate,Self Employed,Delhi,Delhi,Self Employed,537669.27,44805.77,1,Business Owners,Medium
CUST101681,Vritti,Palla,66,Female,Divorced,Post Graduate,Retired,Chennai,Tamil Nadu,Retired,408227.28,34018.94,3,Retired Customers,Low
CUST104834,Neel,Nadig,50,Male,Divorced,Diploma,Homemaker,Nashik,Maharashtra,Not Employed,145783.57,12148.63,10,Business Owners,Low
CUST101443,Qarin,Tak,21,Male,Single,Post Graduate,Salaried - Private,Pune,Maharashtra,Employed,,105535.41,3,Young Professionals,High
CUST103243,Pallavi,Iyer,20,Female,Single,High School,Unemployed,Chennai,Tamil Nadu,Not Employed,40387.68,3365.64,2,Young Professionals,Medium
CUST101671,Irya,Bhardwaj,29,Female,Married,Post Graduate,Business Owner,Lucknow,Uttar Pradesh,Self Employed,2859754.47,238312.87,1,Business Owners,High
CUST103836,Alka,Walia,21,Female,Single,Graduate,Freelancer,Indore,Madhya Pradesh,Self Employed,447098.77,37258.23,1,Young Professionals,High
CUST101179,Chaman,Kibe,37,Female,,Diploma,Salaried - Private,Jaipur,,Employed,783210.9,65267.58,9,Business Owners,Medium
CUST102798,Ucchal,Pandit,39,Female,Married,High School,Salaried - Private,Udaipur,Rajasthan,Employed,1427574.6,118964.55,8,Business Owners,Medium
CUST101692,Gabriel,Anand,49,Male,Widowed,Post Graduate,Self Employed,Bengaluru,Karnataka,Self Employed,2411865.91,200988.83,6,Business Owners,High
CUST103956,Vedika,Gola,55,Female,Married,Graduate,Self Employed,Chennai,Tamil Nadu,Self Employed,1655173.37,137931.11,2,Business Owners,Medium
CUST100372,Fitan,Mohanty,31,Male,Single,Graduate,Salaried - Government,Coimbatore,Tamil Nadu,Employed,1076188.22,,13,Young Professionals,Medium
CUST103610,Pranav,Dutt,20,Male,,High School,Student,Indore,Madhya Pradesh,,99655.32,8304.61,2,Students,Medium
CUST101916,Isha,Savant,22,Female,Single,Post Graduate,Salaried - Private,Surat,Gujarat,Employed,730603.57,60883.63,4,,Medium
CUST101357,Nirja,Pillai,47,Female,Widowed,Graduate,Unemployed,Bhubaneswar,Odisha,Not Employed,33480.67,2790.06,6,Business Owners,Low
CUST101825,Akshay,De,24,Male,Widowed,Graduate,Salaried - Private,Bhopal,Madhya Pradesh,,903214.66,75267.89,6,Young Professionals,
CUST100786,Anvi,Pandit,42,Female,Divorced,High School,Self Employed,Dehradun,Uttarakhand,Self Employed,740777.62,61731.47,5,Business Owners,Medium
CUST100469,Unnati,Krishna,39,Female,Married,Graduate,Self Employed,Guwahati,Assam,Self Employed,1809150.22,150762.52,14,Business Owners,High
CUST100140,Jason,Pingle,35,Male,Widowed,,Salaried - Private,Jaipur,Rajasthan,Employed,946283.19,78856.93,17,Young Professionals,Medium
CUST100788,Ayush,Borde,44,Male,Single,Doctorate,Business Owner,Thiruvananthapuram,Kerala,Self Employed,9959614.38,829967.87,12,High Net Worth Individuals,High
CUST100323,Utkarsh,Madan,39,Male,Divorced,High School,Salaried - Government,Lucknow,Uttar Pradesh,Employed,1014661.92,84555.16,11,Business Owners,Medium
CUST100050,Sanya,Raj,69,Female,Married,Post Graduate,Retired,Bhubaneswar,Odisha,Retired,791607.21,65967.27,17,Retired Customers,Low
CUST100714,Laban,Sengupta,33,Male,Divorced,Post Graduate,Salaried - Government,Vadodara,Gujarat,Employed,1198231.3,99852.61,10,Young Professionals,Medium
CUST104889,Eesha,Ramakrishnan,47,Female,Married,Graduate,Salaried - Private,Surat,Gujarat,Employed,1317671.4,109805.95,19,Business Owners,Medium
CUST102840,Chandran,Kumer,24,Male,Widowed,Graduate,Salaried - Private,,Kerala,Employed,1662767.63,138563.97,6,Young Professionals,High
CUST102446,Falak,Deo,27,Female,Single,Post Graduate,Business Owner,Nagpur,Maharashtra,Self Employed,9313408.69,776117.39,9,High Net Worth Individuals,High
CUST104813,Radhika,Sani,32,Female,Married,Post Graduate,Unemployed,Vadodara,Gujarat,Not Employed,36236.87,3019.74,6,Young Professionals,
CUST104419,Michael,Suri,21,Male,Married,Post Graduate,Student,Bengaluru,Karnataka,Not Employed,27639.01,2303.25,3,Students,Medium
CUST104596,Nicholas,Chacko,20,Male,Single,Post Graduate,Student,Chennai,Tamil Nadu,Not Employed,98231.86,8185.99,,,Medium
CUST103015,Dominic,Parmer,26,Male,Widowed,Diploma,Salaried - Government,Surat,Gujarat,Employed,588843.61,49070.3,4,Young Professionals,Medium
CUST102666,Anirudh,Jaggi,29,Male,Single,Graduate,Salaried - Private,Kochi,Kerala,,841423.26,,4,Young Professionals,High
CUST100406,Divya,Balakrishnan,25,Female,Widowed,,,Guwahati,Assam,Employed,922290.29,76857.52,6,Young Professionals,Medium
CUST103724,Turvi,Srivastava,42,Female,Divorced,High School,Salaried - Private,Bhopal,Madhya Pradesh,Employed,669357.9,55779.83,2,Business Owners,Medium
CUST101004,Zayyan,Jain,35,Male,Married,High School,,Patna,Bihar,Not Employed,42403.69,3533.64,11,Young Professionals,Low
CUST103787,Vedika,Mann,27,Female,Widowed,Post Graduate,Salaried - Private,Thiruvananthapuram,Kerala,Employed,1573489.99,131124.17,8,Young Professionals,High
CUST100890,Zayyan,Seshadri,36,Male,Married,Post Graduate,Salaried - Private,Raipur,Chhattisgarh,Employed,895232.53,74602.71,15,Business Owners,Medium
CUST102411,Vanya,Ranganathan,48,Female,Divorced,Graduate,Salaried - Private,Kochi,Kerala,Employed,1444029.27,,13,Business Owners,Medium
CUST102545,Urvashi,Suri,18,Female,Single,Post Graduate,Unemployed,Chandigarh,Punjab,Not Employed,21455.19,1787.93,1,Young Professionals,Medium
CUST104833,Brinda,Dhillon,26,Female,Single,Graduate,Salaried - Private,Surat,Gujarat,Employed,,113730.86,6,Young Professionals,High
CUST102390,Anmol,Bobal,42,Male,Divorced,Post Graduate,Business Owner,Udaipur,Rajasthan,Self Employed,12918766.89,1076563.91,2,High Net Worth Individuals,High
CUST103940,Dhruv,Gupta,21,Male,Married,Graduate,Unemployed,Lucknow,Uttar Pradesh,Not Employed,,7441.87,3,Young Professionals,Medium
CUST100042,Ekaraj,Koshy,34,Male,Married,Post Graduate,Salaried - Private,Ludhiana,Punjab,Employed,2117624.51,176468.71,14,Young Professionals,High
CUST102830,Robert,Som,34,Male,Single,Graduate,Salaried - Government,Bhopal,Madhya Pradesh,Employed,622700.7,51891.72,12,Young Professionals,Medium
CUST103965,Simon,Purohit,47,Male,Single,Diploma,Salaried - Government,Bengaluru,Karnataka,Employed,1072360.73,89363.39,11,,Medium
CUST100303,Umang,Kohli,46,Male,Married,Graduate,Unemployed,Pune,Maharashtra,Not Employed,21901.33,1825.11,10,Business Owners,Low
CUST104513,Lohit,Sunder,38,Male,,High School,Salaried - Private,,Tamil Nadu,,1071956.58,89329.72,4,Business Owners,Medium
CUST103747,Brijesh,Walla,19,Male,Single,Post Graduate,Student,Ranchi,Jharkhand,Not Employed,87386.29,7282.19,1,Students,Medium
CUST100664,Bhavani,Seshadri,48,Female,Single,,Salaried - Private,Bengaluru,Karnataka,Employed,2201565.55,183463.8,8,Business Owners,Medium
CUST101177,Abeer,Manne,41,Male,Widowed,Post Graduate,Self Employed,Mysuru,Karnataka,Self Employed,685229.16,57102.43,12,Business Owners,Medium
CUST102676,Andrew,Sharaf,53,Male,Single,Diploma,Homemaker,Mysuru,Karnataka,Not Employed,85462.06,,4,,Low
CUST101947,Sai,Comar,35,Female,Married,Graduate,Salaried - Private,Coimbatore,Tamil Nadu,Employed,,42696.78,16,Young Professionals,Medium
CUST102501,Qushi,Pant,31,Female,,Post Graduate,Salaried - Government,Coimbatore,Tamil Nadu,Employed,898806.53,74900.54,13,Young Professionals,Medium
CUST101473,Samar,Dara,70,Male,Widowed,Post Graduate,,Nashik,Maharashtra,Retired,305363.25,25446.94,1,Retired Customers,
CUST103483,Harsh,Mander,26,Male,Widowed,Post Graduate,Salaried - Private,Mysuru,Karnataka,Employed,1028820.97,85735.08,8,Young Professionals,High
CUST103520,Siddharth,Pillay,21,Male,Widowed,Doctorate,Salaried - Government,Ahmedabad,Gujarat,Employed,1404456.85,117038.07,3,Young Professionals,Medium
CUST102132,Qasim,Buch,47,Male,Single,Doctorate,,Ahmedabad,Gujarat,Employed,2397158.48,199763.21,17,,Medium
CUST101026,Riya,Buch,29,Female,Married,Graduate,Salaried - Private,Bhubaneswar,Odisha,Employed,886744.68,73895.39,11,Young Professionals,High
CUST100961,Turvi,Goda,41,Female,Widowed,Graduate,Salaried - Private,Surat,Gujarat,Employed,1090933.78,90911.15,5,Business Owners,Medium
CUST102889,Divya,Wason,39,Female,Divorced,High School,Business Owner,Dehradun,Uttarakhand,Self Employed,3721628.78,310135.73,,High Net Worth Individuals,High
CUST103134,Harita,Shere,32,Female,Widowed,Graduate,Salaried - Private,Surat,Gujarat,Employed,1170478.84,97539.9,9,Young Professionals,Medium
CUST102009,Naksh,Koshy,49,Male,Divorced,Diploma,Freelancer,Bengaluru,Karnataka,Self Employed,488617.77,40718.15,1,Business Owners,Medium
CUST102149,Bakhshi,Chana,44,Male,Married,Graduate,Business Owner,Mysuru,Karnataka,Self Employed,8531940.44,710995.04,6,High Net Worth Individuals,High
CUST103323,Rachita,Zacharia,28,Other,Widowed,Graduate,Salaried - Private,Hyderabad,Telangana,,1715713.63,142976.14,1,Young Professionals,High
CUST102338,Advika,Ganesh,28,Female,Divorced,Graduate,Business Owner,Pune,Maharashtra,Self Employed,8499393.72,708282.81,10,High Net Worth Individuals,High
CUST103888,Vamakshi,Grewal,56,Female,Divorced,Graduate,Business Owner,Vadodara,Gujarat,Self Employed,4429119.93,369093.33,20,High Net Worth Individuals,High
CUST100304,Vincent,Raghavan,35,Male,Divorced,Post Graduate,Salaried - Private,Thiruvananthapuram,Kerala,Employed,668070.3,55672.53,15,Young Professionals,
CUST101440,Raksha,Iyer,35,Female,Divorced,Post Graduate,Salaried - Government,Lucknow,Uttar Pradesh,Employed,1069108.56,89092.38,12,Young Professionals,Medium
CUST101496,Hardik,Sawhney,35,Male,Married,Graduate,Business Owner,Surat,Gujarat,Self Employed,6933585.57,577798.8,1,High Net Worth Individuals,High
CUST102652,Oni,Pandya,43,Female,Widowed,Graduate,Business Owner,Dehradun,Uttarakhand,Self Employed,4607583.38,383965.28,20,High Net Worth Individuals,High
CUST102875,Kai,Chauhan,54,Male,Single,High School,Freelancer,Kochi,Kerala,Self Employed,1531468.2,127622.35,1,Business Owners,Medium
CUST100916,Jairaj,Balay,67,Male,Divorced,High School,Retired,Mumbai,Maharashtra,Retired,,27896.4,18,Retired Customers,Low
CUST104182,Riya,Srivastava,22,Female,Single,Graduate,Student,Mysuru,Karnataka,Not Employed,91500.95,7625.08,4,Students,Medium
CUST103721,Yash,Agate,20,Male,Single,Graduate,Student,Kanpur,Uttar Pradesh,Not Employed,42871.77,3572.65,2,Students,Medium
CUST102772,Widisha,Sarkar,30,Female,Single,Graduate,Freelancer,Mysuru,Karnataka,Self Employed,383015.21,31917.93,12,Young Professionals,Medium
CUST101624,Balveer,Rana,40,Male,Widowed,Post Graduate,Unemployed,Ranchi,Jharkhand,Not Employed,44267.52,3688.96,16,Business Owners,Low
CUST103837,Lajita,Setty,,Female,Single,Post Graduate,Student,Ludhiana,Punjab,Not Employed,16997.24,1416.44,1,Students,Medium
CUST100821,Pranit,Pillay,35,Male,Single,Graduate,Salaried - Private,Udaipur,Rajasthan,Employed,816982.12,68081.84,6,Young Professionals,Medium
CUST103964,Janani,Mohan,21,Female,Widowed,Post Graduate,Salaried - Private,Bhubaneswar,Odisha,Employed,1846077.37,153839.78,3,Young Professionals,High
CUST101354,Balendra,Karnik,,Male,Single,Doctorate,Salaried - Private,Ahmedabad,Gujarat,Employed,1671525.73,139293.81,13,Young Professionals,Medium
CUST104497,Noah,Balay,45,Male,Widowed,Post Graduate,Business Owner,Jaipur,Rajasthan,Self Employed,7513928.53,626160.71,18,High Net Worth Individuals,High
CUST100850,Yuvraj,Mann,46,Male,Divorced,High School,Self Employed,Kanpur,Uttar Pradesh,Self Employed,2661974.98,221831.25,,Business Owners,High
CUST101000,Banjeet,Vora,34,Male,Married,Doctorate,Salaried - Private,Dehradun,Uttarakhand,Employed,1305606.61,108800.55,10,Young Professionals,Medium
CUST103377,Janani,Soman,39,Other,Widowed,Graduate,Salaried - Private,Lucknow,Uttar Pradesh,Employed,815878.53,67989.88,6,Business Owners,Medium
CUST100018,Anthony,Sharaf,35,Male,Single,Graduate,Salaried - Private,Chennai,Tamil Nadu,Employed,1051512.14,87626.01,2,Young Professionals,Medium
CUST101637,Manya,Venkatesh,37,Female,Widowed,Graduate,Salaried - Private,Lucknow,Uttar Pradesh,Employed,1263255.08,105271.26,15,Business Owners,Medium
CUST101667,Nimrat,Toor,35,Female,Single,Graduate,Salaried - Private,Ahmedabad,Gujarat,Employed,1165563.68,97130.31,7,Young Professionals,Medium
CUST100493,Pallavi,Contractor,63,Female,Divorced,Graduate,Retired,Nashik,Maharashtra,Retired,591702.57,49308.55,12,Retired Customers,Low
CUST101347,Hredhaan,Sood,26,Male,Single,Graduate,Salaried - Private,Patna,Bihar,Employed,1030908.64,85909.05,5,Young Professionals,High
CUST103727,Wazir,Deo,69,,Married,Graduate,Retired,Surat,Gujarat,Retired,376481.72,31373.48,18,Retired Customers,Low
CUST104825,Charita,Sangha,71,Female,Single,Post Graduate,Retired,Pune,Maharashtra,,610355.42,50862.95,17,Retired Customers,Low
CUST103614,Dakshesh,Karan,18,Male,Single,Doctorate,Student,Thiruvananthapuram,Kerala,Not Employed,,2018.25,1,Students,Medium
CUST103481,Ethan,Dasgupta,51,Male,Widowed,Graduate,Business Owner,Hyderabad,Telangana,Self Employed,9652835.01,804402.92,3,High Net Worth Individuals,High
CUST100687,Hemangini,Kala,39,Female,Married,Post Graduate,Self Employed,Ranchi,Jharkhand,Self Employed,,127694.97,8,Business Owners,High
CUST103731,Omaja,Chakraborty,30,,Widowed,Diploma,Salaried - Government,Guwahati,Assam,Employed,1199271.1,99939.26,7,Young Professionals,Medium
CUST101608,Yash,Lanka,61,Male,Divorced,Graduate,Retired,Ranchi,Jharkhand,,697660.36,58138.36,3,Retired Customers,Low
CUST104084,Chandresh,Goel,22,Male,Widowed,Post Graduate,Salaried - Private,Ranchi,Jharkhand,Employed,631352.64,52612.72,4,Young Professionals,Medium
CUST103402,Ekansh,Aggarwal,46,Male,Single,Graduate,,Mumbai,Maharashtra,Not Employed,48731.58,4060.97,15,Business Owners,Low
CUST101009,Chakradev,Uppal,45,,Divorced,High School,Business Owner,Kanpur,Uttar Pradesh,Self Employed,16612716.82,1384393.07,3,High Net Worth Individuals,High
CUST102408,Jai,Kala,42,Male,Married,Graduate,Salaried - Private,Indore,Madhya Pradesh,Employed,1641048.11,136754.01,1,Business Owners,Medium
CUST101092,Arin,Kant,31,Male,,Post Graduate,Salaried - Government,Patna,Bihar,Employed,20206499.42,1683874.95,13,,High
CUST101327,Tanish,Kakar,41,Male,Single,Graduate,Salaried - Private,Pune,Maharashtra,Employed,2092807.02,,11,Business Owners,High
CUST101677,Sneha,Dasgupta,43,Female,Divorced,Graduate,Salaried - Private,Bhubaneswar,Odisha,Employed,1538333.66,128194.47,16,Business Owners,Medium
CUST101999,Yagnesh,Narayanan,45,Male,Widowed,Graduate,Salaried - Government,Indore,Madhya Pradesh,Employed,1397862.85,116488.57,12,Business Owners,Medium
CUST101310,Charvi,Deshmukh,30,Female,Widowed,Graduate,Salaried - Government,Pune,Maharashtra,Employed,1303807.87,108650.66,12,Young Professionals,
CUST103258,Gaurav,Raja,37,Male,Single,,Self Employed,Coimbatore,Tamil Nadu,Self Employed,1358151.8,113179.32,14,Business Owners,High
CUST101987,Ronith,Yogi,54,Male,Single,Graduate,Salaried - Government,Hyderabad,,Employed,1162112.06,96842.67,3,Business Owners,Medium
CUST103648,Bakhshi,Chad,47,Male,Single,Post Graduate,Business Owner,,Kerala,Self Employed,2349200.53,195766.71,6,Business Owners,High
CUST100344,Jonathan,Sridhar,51,Male,Widowed,Graduate,Homemaker,Dehradun,Uttarakhand,Not Employed,93886.41,7823.87,16,Business Owners,Low
CUST104482,Aarini,Dugal,36,Female,Widowed,Post Graduate,Business Owner,Raipur,Chhattisgarh,Self Employed,7094408.1,591200.67,14,High Net Worth Individuals,High
CUST100986,Matthew,Apte,31,Male,Married,Post Graduate,Salaried - Government,Vadodara,Gujarat,Employed,744790.84,62065.9,13,Young Professionals,Medium
CUST104544,Luke,Sodhi,28,Male,Widowed,Graduate,Salaried - Private,Coimbatore,Tamil Nadu,Employed,1299457.38,108288.11,10,Young Professionals,High
CUST103807,Wazir,Agrawal,67,Male,Widowed,,Retired,Guwahati,Assam,Retired,610429.84,50869.15,7,Retired Customers,Low
CUST104523,Falan,Karnik,26,,Single,High School,Business Owner,Jaipur,Rajasthan,Self Employed,7202825.06,600235.42,8,High Net Worth Individuals,High
CUST104002,Panini,Chada,24,Female,Married,Graduate,Salaried - Private,Mumbai,Maharashtra,Employed,908366.68,75697.22,4,Young Professionals,High
CUST103091,Gautami,Walla,19,Female,Single,Post Graduate,,Thiruvananthapuram,Kerala,Not Employed,10672.52,889.38,1,Students,Medium
CUST103961,Hemang,Kanda,44,Male,Single,Graduate,Salaried - Government,Ahmedabad,,,953972.71,79497.73,12,Business Owners,Medium
CUST101142,Hemal,Murty,21,Female,Widowed,Post Graduate,Student,Kochi,Kerala,Not Employed,74919.1,6243.26,3,Students,Medium
CUST102358,Ikshita,Grover,34,Female,Married,Graduate,Salaried - Private,Kolkata,West Bengal,Employed,821131.08,68427.59,13,Young Professionals,
CUST101198,Oeshi,Iyer,45,Female,Single,Graduate,Business Owner,Kochi,Kerala,Self Employed,12936795.6,1078066.3,6,High Net Worth Individuals,High
CUST100085,Amol,Narayanan,33,Male,Single,High School,Salaried - Government,Raipur,Chhattisgarh,Employed,584673.89,48722.82,4,Young Professionals,Medium
CUST101518,Orinder,Thakkar,18,Male,Single,Post Graduate,Unemployed,Lucknow,Uttar Pradesh,Not Employed,75770.89,6314.24,1,Young Professionals,Medium
CUST100516,Yash,Reddy,35,Male,Widowed,Graduate,Salaried - Private,Mumbai,Maharashtra,Employed,1096320.92,91360.08,14,Young Professionals,
CUST101381,Abha,Patel,59,Female,Married,Post Graduate,Retired,Raipur,Chhattisgarh,Retired,361896.31,30158.03,,Retired Customers,Low
CUST102716,Gavin,Narayanan,54,Male,Single,Graduate,Salaried - Private,Kochi,Kerala,Employed,957760.91,79813.41,6,Business Owners,Medium
CUST103084,Nathan,Date,45,Male,Divorced,Post Graduate,Self Employed,Nagpur,Maharashtra,Self Employed,3308590.78,275715.9,17,High Net Worth Individuals,High
CUST101014,Mitesh,Bains,25,Male,Widowed,Diploma,Self Employed,Nagpur,Maharashtra,Self Employed,1016433.03,84702.75,7,Young Professionals,High
CUST100128,Ubika,Virk,39,Female,Widowed,Graduate,Salaried - Private,Nagpur,Maharashtra,Employed,2352536.32,196044.69,9,Business Owners,High
CUST101364,Forum,Sabharwal,41,Female,Widowed,Graduate,Salaried - Government,Indore,Madhya Pradesh,Employed,1376839.24,114736.6,18,Business Owners,Medium
CUST103623,Charan,Barman,32,Male,Single,Post Graduate,Salaried - Government,Jaipur,Rajasthan,Employed,944888.79,78740.73,,Young Professionals,Medium
CUST104970,Nathaniel,Apte,30,Male,Divorced,Graduate,Salaried - Private,Bhubaneswar,Odisha,Employed,740889.98,61740.83,4,Young Professionals,Medium
CUST100891,Meera,Dani,54,Female,Single,Post Graduate,Self Employed,Nashik,Maharashtra,Self Employed,1664318.16,138693.18,18,Business Owners,Medium
CUST102793,Nimrat,Bera,,Female,Single,High School,Salaried - Government,Ranchi,Jharkhand,Employed,907866.36,75655.53,2,,Medium
CUST104238,Lakshit,Bhatt,35,Male,Divorced,Post Graduate,Salaried - Private,Guwahati,Assam,Employed,1213758.31,101146.53,16,Young Professionals,Medium
CUST101359,Sai,Deol,33,Female,Single,Post Graduate,Salaried - Private,Bengaluru,,Employed,1270794.26,105899.52,14,Young Professionals,
CUST100307,Hemani,Sura,29,Female,Married,High School,Business Owner,Delhi,Delhi,Self Employed,6282189.41,523515.78,5,High Net Worth Individuals,High
CUST101661,Chaitanya,Guha,37,Male,Single,Graduate,Business Owner,Raipur,Chhattisgarh,Self Employed,,400201.65,18,High Net Worth Individuals,High
CUST102431,Sai,Brar,23,Female,Married,Post Graduate,Student,Guwahati,Assam,,94442,7870.17,5,Students,Medium
CUST103934,Jagrati,Mody,43,Female,Single,Post Graduate,Salaried - Private,Vadodara,Gujarat,Employed,2728059.12,227338.26,20,Business Owners,High
CUST101317,Krish,Sachdeva,45,Male,Single,Graduate,Salaried - Private,Kanpur,Uttar Pradesh,Employed,1111926.85,92660.57,2,Business Owners,Medium
CUST104303,Udyati,Nagarajan,77,Female,Divorced,High School,Retired,Chandigarh,Punjab,Retired,729559.93,60796.66,6,Retired Customers,
CUST102474,Michael,Sengupta,29,Male,Divorced,Graduate,Salaried - Private,Ludhiana,Punjab,Employed,984503.28,82041.94,10,Young Professionals,High
CUST102542,Triveni,Kapadia,24,Female,Widowed,Graduate,Salaried - Private,Jaipur,Rajasthan,Employed,595239.02,49603.25,6,Young Professionals,Medium
CUST101246,Gauri,Narayanan,52,Female,Widowed,,Unemployed,Chennai,Tamil Nadu,Not Employed,21708.28,1809.02,5,Business Owners,Low
CUST101208,Henry,Sarma,37,Male,Widowed,Graduate,Business Owner,,Maharashtra,Self Employed,6702878.4,558573.2,1,High Net Worth Individuals,High
CUST100216,Amaira,Batra,57,Female,Widowed,Graduate,Salaried - Government,Ludhiana,Punjab,Employed,1732924.21,144410.35,5,Business Owners,Medium
CUST104292,Urmi,Kaul,21,Female,Divorced,High School,Freelancer,Pune,Maharashtra,Self Employed,679481.26,56623.44,3,Young Professionals,High
CUST103062,Ekaja,Som,47,Female,Married,Graduate,Salaried - Private,Ahmedabad,,Employed,676710.55,56392.55,3,Business Owners,Medium
CUST101239,Theodore,Sethi,19,Male,Single,High School,Student,Kanpur,Uttar Pradesh,,55826.74,4652.23,1,Students,Medium
CUST102289,Ijaya,Sabharwal,22,Female,Married,Diploma,Student,Kochi,Kerala,Not Employed,49044.12,4087.01,4,Students,
CUST102740,Mitesh,Ravi,64,Male,Single,Graduate,Retired,Jaipur,Rajasthan,,718401.55,59866.8,11,Retired Customers,Low
CUST100275,Krishna,Iyengar,45,Female,Married,Diploma,Self Employed,Dehradun,,Self Employed,607213.63,50601.14,10,Business Owners,Medium
CUST100489,Qadim,Wali,20,Male,Single,Graduate,Unemployed,Bhubaneswar,Odisha,Not Employed,28664.3,2388.69,2,Young Professionals,Medium
CUST101035,Krishna,Sharma,34,Female,Divorced,Graduate,Salaried - Government,,Maharashtra,Employed,976608.25,81384.02,2,Young Professionals,Medium
CUST101229,Faqid,Pai,65,Male,Divorced,Diploma,Self Employed,Kanpur,Uttar Pradesh,Self Employed,2952922.93,246076.91,,Business Owners,Medium
CUST104585,Imaran,Minhas,23,Male,Widowed,Diploma,Student,Kolkata,West Bengal,Not Employed,61872.4,5156.03,5,Students,Medium
CUST101008,Ishanvi,Suresh,34,Female,Widowed,Doctorate,,Mumbai,Maharashtra,Employed,865134.04,,7,,Medium
CUST104689,Dayamai,Bhasin,42,,Widowed,Post Graduate,Business Owner,Raipur,Chhattisgarh,Self Employed,6067008.99,505584.08,19,High Net Worth Individuals,High
CUST104026,Girik,Issac,65,Male,Single,Graduate,Retired,Bengaluru,Karnataka,Retired,442679.3,36889.94,9,Retired Customers,Low
CUST103182,Nimrat,Patil,67,Female,Widowed,High School,Retired,Dehradun,Uttarakhand,Retired,609385.97,50782.16,20,Retired Customers,Low
CUST102532,Amara,Parmer,75,Female,Single,Graduate,Retired,Kanpur,Uttar Pradesh,Retired,855383.3,71281.94,12,Retired Customers,Low
CUST104169,Chaaya,Parsa,53,Female,Single,Post Graduate,Self Employed,Pune,Maharashtra,Self Employed,2022974.54,168581.21,11,Business Owners,High
CUST101058,Nathaniel,Saha,43,Male,Single,High School,Self Employed,Ahmedabad,Gujarat,Self Employed,1883246.46,156937.2,6,Business Owners,High
CUST102166,Dalbir,Kuruvilla,58,Male,Single,Graduate,Business Owner,Bengaluru,Karnataka,Self Employed,5975867.91,497988.99,19,High Net Worth Individuals,High
CUST104578,Rehaan,Ramakrishnan,31,Male,Widowed,Post Graduate,,Surat,Gujarat,Employed,1316247.73,109687.31,11,,Medium
CUST100281,Geetika,Contractor,22,Female,Single,,Student,Raipur,Chhattisgarh,Not Employed,43240.39,3603.37,4,Students,Medium
CUST103565,Wridesh,Dhillon,29,,Widowed,Graduate,Salaried - Private,Guwahati,Assam,Employed,1717081.39,143090.12,10,Young Professionals,High
CUST101316,Yash,Dhar,65,Male,Married,Diploma,Retired,Ludhiana,Punjab,Retired,505135.58,42094.63,6,Retired Customers,Low
CUST104978,Shivansh,Saran,40,Male,,,Salaried - Private,Dehradun,Uttarakhand,Employed,1228456.59,102371.38,15,Business Owners,Medium
CUST100968,Zaitra,Tak,21,Female,Married,High School,Salaried - Private,Kolkata,West Bengal,Employed,1962920.18,163576.68,3,Young Professionals,
CUST103126,Sarthak,Dewan,,Male,Married,Graduate,Business Owner,Kochi,Kerala,Self Employed,10383707.84,865308.99,1,High Net Worth Individuals,High
CUST103920,Deepa,Dhar,38,Female,Single,Diploma,Business Owner,Guwahati,Assam,Self Employed,13689938.14,,14,High Net Worth Individuals,High
CUST103166,Matthew,Madan,58,Male,Widowed,Graduate,Retired,Nagpur,Maharashtra,Retired,842384.95,70198.75,4,Retired Customers,Medium
CUST103519,Udyati,Chana,56,Female,Widowed,Graduate,Business Owner,Bhopal,,Self Employed,8855431.9,737952.66,19,High Net Worth Individuals,High
CUST100619,Eiravati,Rai,62,Female,Widowed,Graduate,Business Owner,Delhi,Delhi,Self Employed,11486835.01,957236.25,20,High Net Worth Individuals,Medium
CUST103346,Nilima,Shetty,55,Female,Widowed,Post Graduate,Self Employed,Kanpur,Uttar Pradesh,Self Employed,1295631.23,107969.27,18,Business Owners,Medium
CUST101742,Nirja,Bhardwaj,34,Female,Widowed,High School,Salaried - Government,Bhopal,Madhya Pradesh,Employed,732393.99,61032.83,12,Young Professionals,Medium
CUST101390,Zehaan,Mangat,34,Male,Divorced,Post Graduate,Freelancer,Nagpur,Maharashtra,Self Employed,641510.85,53459.24,16,Young Professionals,Medium
CUST104050,Anusha,Chand,66,Female,Divorced,,Retired,Mumbai,Maharashtra,Retired,332056.02,27671.34,12,Retired Customers,Low
CUST101847,Tristan,Sem,63,Male,Divorced,Graduate,Retired,Vadodara,Gujarat,Retired,511612.27,42634.36,16,Retired Customers,Low
CUST101579,Gautami,Seth,46,Female,Widowed,Graduate,Salaried - Private,Ahmedabad,Gujarat,Employed,1839562.63,153296.89,1,Business Owners,
CUST101655,Max,Mukhopadhyay,46,Male,Single,Post Graduate,Self Employed,Indore,Madhya Pradesh,Self Employed,2950646.14,245887.18,10,Business Owners,High
CUST102352,Urvashi,Hans,22,Female,Widowed,Graduate,Salaried - Government,Bhubaneswar,Odisha,Employed,1191136.59,99261.38,4,Young Professionals,Medium
CUST102212,Varenya,Gole,21,Female,Married,High School,Salaried - Private,Udaipur,Rajasthan,Employed,580861.69,48405.14,3,Young Professionals,Medium
CUST102020,Brinda,Borra,28,Female,Divorced,Graduate,Unemployed,Guwahati,Assam,Not Employed,30590.38,2549.2,10,Young Professionals,Medium
CUST104972,Viraj,Nagy,39,Male,Widowed,High School,Salaried - Private,,Madhya Pradesh,Employed,1044107.75,87008.98,8,Business Owners,Medium
CUST101956,Aarush,Bhatti,24,Male,Single,High School,Salaried - Government,Vadodara,Gujarat,Employed,1667739.53,138978.29,6,Young Professionals,Medium
CUST101307,Frado,Naik,38,Male,Married,High School,Unemployed,Chennai,Tamil Nadu,Not Employed,82202.53,6850.21,3,Business Owners,Low
CUST102003,Indali,Nadkarni,22,Female,Married,High School,Student,Chandigarh,Punjab,Not Employed,107331.4,,4,Students,Medium
CUST104455,Isaiah,Gill,39,Male,Divorced,Graduate,Freelancer,Bhubaneswar,Odisha,Self Employed,1051629.46,87635.79,8,,High
CUST100575,Omya,Das,38,Female,,Graduate,Salaried - Private,Jaipur,Rajasthan,Employed,1772504,147708.67,6,Business Owners,Medium
CUST104089,Urvi,Parmar,31,Female,Widowed,Post Graduate,Salaried - Private,Delhi,Delhi,Employed,2038425.16,169868.76,9,Young Professionals,High
CUST104319,Ojas,Dua,31,Male,Married,High School,Salaried - Private,Ranchi,Jharkhand,Employed,1678752.43,139896.04,13,Young Professionals,Medium
CUST104436,Yashasvi,Mangat,23,Female,Single,Graduate,Salaried - Private,Bengaluru,Karnataka,Employed,942657.5,,5,Young Professionals,High
CUST101706,Leena,Misra,20,,Single,High School,Student,Bhopal,Madhya Pradesh,Not Employed,39389.3,3282.44,2,Students,Medium
CUST103742,Yashasvi,Bahl,45,Female,Widowed,Graduate,Salaried - Government,Delhi,Delhi,Employed,2000241.47,166686.79,1,Business Owners,
CUST103470,Thomas,Bera,21,Male,Single,High School,Salaried - Private,Ludhiana,Punjab,Employed,458116.54,38176.38,3,Young Professionals,Medium
CUST101280,Aarna,Sundaram,33,Female,Single,Graduate,Salaried - Government,Pune,Maharashtra,Employed,782042.9,65170.24,2,Young Professionals,Medium
CUST100861,Eiravati,Prabhakar,,,Divorced,Graduate,Homemaker,Bengaluru,Karnataka,Not Employed,41762.34,3480.19,4,Business Owners,Low
CUST104145,Nathan,Baral,41,Male,Single,Diploma,Self Employed,Mumbai,Maharashtra,,3495147.15,291262.26,6,High Net Worth Individuals,High
CUST101801,Kabir,Kashyap,26,Male,Married,Graduate,,Udaipur,Rajasthan,Not Employed,49736.78,4144.73,8,Young Professionals,Medium
CUST101628,Gabriel,Ganesh,48,Male,Married,Doctorate,Self Employed,Chennai,Tamil Nadu,Self Employed,1038619.62,86551.63,14,Business Owners,Medium
CUST101993,Lajita,Hari,25,Female,Married,Post Graduate,Salaried - Government,Ludhiana,Punjab,Employed,1017714.16,84809.51,7,Young Professionals,Medium
CUST102639,Deepa,Nath,39,Female,Divorced,Post Graduate,Salaried - Private,Surat,Gujarat,Employed,1009347.13,84112.26,10,Business Owners,Medium
CUST100269,Shivansh,Krishnan,40,Male,Widowed,Graduate,Homemaker,Thiruvananthapuram,Kerala,Not Employed,56768.31,4730.69,9,Business Owners,Low
CUST100629,Advaith,Nair,35,Male,Widowed,High School,Salaried - Government,Ludhiana,Punjab,Employed,1796181.81,149681.82,12,,Medium
CUST103081,Harita,Dube,66,Female,Single,Diploma,Retired,Nagpur,Maharashtra,Retired,399738.16,33311.51,,Retired Customers,Low
CUST102334,Hardik,Patel,34,Male,Single,Doctorate,Salaried - Government,Mysuru,Karnataka,Employed,810394.55,67532.88,16,Young Professionals,Medium
CUST102966,Oviya,Setty,60,Female,Widowed,Post Graduate,Retired,Guwahati,Assam,Retired,777301.89,64775.16,10,Retired Customers,Low
CUST100300,Urmi,Loyal,29,Female,Single,Graduate,Salaried - Government,Indore,Madhya Pradesh,Employed,1080364.49,90030.37,6,Young Professionals,Medium
CUST100459,Frederick,Gill,20,Male,Single,Diploma,Student,Kolkata,West Bengal,Not Employed,58646.59,4887.22,2,Students,Medium
CUST101447,Jackson,Pal,31,Male,Married,,Freelancer,Pune,,Self Employed,504775.26,42064.61,5,Young Professionals,
CUST101472,Viraj,Murthy,35,Male,Married,High School,Salaried - Government,Bhubaneswar,Odisha,Employed,1067933.61,88994.47,6,Young Professionals,Medium
CUST102046,Neel,Chauhan,54,Male,Married,Graduate,Business Owner,Chandigarh,Punjab,Self Employed,2774606.21,231217.18,8,Business Owners,High
CUST104228,Hemani,Thakkar,23,Female,Married,High School,Student,Udaipur,Rajasthan,Not Employed,24572.69,2047.72,5,Students,Medium
CUST103764,Saumya,Chaudhary,21,Female,Divorced,Diploma,Salaried - Private,Pune,Maharashtra,,1597253.96,133104.5,3,Young Professionals,High
CUST102113,Leena,Wason,46,Female,Married,Post Graduate,Salaried - Government,Kolkata,West Bengal,Employed,929506.52,77458.88,,Business Owners,Medium
CUST100027,Rajata,Gaba,34,Female,Widowed,Graduate,Salaried - Government,Kanpur,Uttar Pradesh,Employed,581379.05,48448.25,9,Young Professionals,Medium
CUST103839,Ati,Naidu,34,Female,,Graduate,Homemaker,Nagpur,Maharashtra,Not Employed,24502.31,2041.86,5,,Low
CUST104522,Hemangini,Gulati,32,Female,Single,Graduate,Self Employed,Ahmedabad,Gujarat,Self Employed,1127414.71,93951.23,6,Young Professionals,High
CUST100837,Ojasvi,Kar,23,Female,Married,High School,Student,Ranchi,Jharkhand,Not Employed,23479.63,1956.64,5,,Medium
CUST103826,Yatin,Kadakia,18,Male,Single,High School,Student,Kanpur,,Not Employed,18840.57,1570.05,1,Students,Medium
CUST102008,Hamsini,Agrawal,42,Female,Single,Post Graduate,Self Employed,Chandigarh,Punjab,Self Employed,841161.1,70096.76,17,Business Owners,High
CUST104907,Krisha,Radhakrishnan,36,Female,Divorced,Graduate,Business Owner,Lucknow,Uttar Pradesh,,7133835.58,594486.3,10,High Net Worth Individuals,High
CUST100503,Vrishti,Bakshi,43,Female,Single,Graduate,Self Employed,Pune,,Self Employed,673233.27,56102.77,9,Business Owners,Medium
CUST103206,Priya,Pandey,20,Female,Single,Diploma,Student,Lucknow,Uttar Pradesh,Not Employed,79591.2,6632.6,2,Students,Medium
CUST104304,Qabil,Date,,Male,Widowed,Graduate,Salaried - Private,Patna,Bihar,Employed,2532703.05,211058.59,11,Young Professionals,High
CUST100380,Jeremiah,Bal,32,Male,Married,,Salaried - Private,Mysuru,Karnataka,Employed,970499.63,80874.97,3,Young Professionals,Medium
CUST101851,Aditya,Chauhan,21,Male,Divorced,Graduate,Salaried - Private,Chennai,,Employed,1127044.07,93920.34,3,,High
CUST101525,Rachita,Kaul,21,Female,Divorced,Graduate,,Ludhiana,Punjab,Not Employed,97942.44,8161.87,1,Students,Medium
CUST102365,Utkarsh,Acharya,30,Male,Divorced,Post Graduate,Salaried - Private,Nashik,Maharashtra,Employed,824575.35,68714.61,12,Young Professionals,Medium
CUST104147,Amaira,Karnik,40,Female,Married,Graduate,Business Owner,Ranchi,Jharkhand,Self Employed,10364266.89,863688.91,12,High Net Worth Individuals,High
CUST103052,Ijaya,Shankar,46,Female,Divorced,Diploma,Business Owner,Nashik,Maharashtra,Self Employed,6133954.57,511162.88,1,High Net Worth Individuals,High
CUST102884,Yatan,Sridhar,35,,Divorced,Post Graduate,Salaried - Private,Delhi,Delhi,Employed,470906.83,39242.24,2,Young Professionals,Medium
CUST102340,Rudra,Kibe,43,Male,Married,Post Graduate,Homemaker,Nagpur,Maharashtra,Not Employed,44830.13,3735.84,17,,Low
CUST100374,David,Sidhu,66,Male,Divorced,Diploma,Retired,,Karnataka,Retired,438510.48,36542.54,1,Retired Customers,Low
CUST103260,Chavvi,Char,61,Other,Married,Post Graduate,Homemaker,Ludhiana,Punjab,Not Employed,122817.82,10234.82,3,Business Owners,Low
CUST102381,Wishi,Vora,33,Female,Married,High School,,Nagpur,Maharashtra,Employed,960324.4,80027.03,13,Young Professionals,Medium
CUST104309,Eta,Minhas,41,Female,Widowed,Doctorate,Salaried - Private,Patna,Bihar,Employed,1269847.63,105820.64,18,Business Owners,Medium
CUST100939,Orinder,Dhingra,36,Male,Single,Graduate,Salaried - Private,Delhi,Delhi,Employed,1801217.64,150101.47,17,Business Owners,
CUST104198,Yash,Pillay,37,Male,Divorced,Post Graduate,Salaried - Private,Nagpur,Maharashtra,Employed,1487456.28,123954.69,10,Business Owners,Medium
CUST104165,Hema,Kothari,31,Female,Widowed,Doctorate,Salaried - Private,Surat,Gujarat,Employed,597539.26,49794.94,8,Young Professionals,Medium
CUST102799,Manan,Mann,20,Male,Single,Graduate,Unemployed,Delhi,Delhi,Not Employed,68639.69,5719.97,2,Young Professionals,Medium
CUST102147,Tanmayi,Iyer,34,Female,Married,Graduate,Business Owner,Bhubaneswar,Odisha,Self Employed,4763958.11,396996.51,11,High Net Worth Individuals,High
CUST103817,Vihaan,Prabhakar,18,Male,Single,Graduate,Student,Pune,,Not Employed,58414.03,4867.84,1,Students,Medium
CUST104540,Odika,Batta,23,Female,Widowed,Graduate,Salaried - Government,Guwahati,Assam,Employed,695439.33,57953.28,5,,Medium
CUST104216,Chatura,Padmanabhan,37,Male,Single,Graduate,Salaried - Government,Kanpur,Uttar Pradesh,Employed,824515.7,68709.64,4,Business Owners,Medium
CUST102068,Tripti,Bains,36,Female,Single,,Salaried - Private,Udaipur,Rajasthan,Employed,1463893.2,121991.1,9,Business Owners,Medium
CUST100529,Harshil,Biswas,47,Male,,Graduate,Salaried - Private,Coimbatore,Tamil Nadu,Employed,1362449.47,113537.46,19,Business Owners,Medium
CUST104604,Chatresh,Raja,46,Male,Single,High School,Salaried - Private,Ranchi,Jharkhand,Employed,1113911.98,92826,8,Business Owners,Medium
CUST100636,Nilima,Nori,38,Female,Married,Post Graduate,Salaried - Government,Surat,,Employed,1200881.62,100073.47,15,Business Owners,Medium
CUST101269,Dalbir,Goswami,21,Male,Married,Graduate,Salaried - Private,Jaipur,Rajasthan,Employed,1253962.38,104496.86,3,Young Professionals,High
CUST100185,Devika,Lal,58,Female,Widowed,Graduate,Salaried - Private,Bhubaneswar,Odisha,Employed,677117.32,56426.44,8,Business Owners,Medium
CUST104349,Dhriti,Khosla,20,Female,Single,,Student,Bhopal,Madhya Pradesh,Not Employed,82093.61,6841.13,,Students,Medium
CUST103179,Brinda,Dada,36,Female,Single,Graduate,Salaried - Government,Indore,,Employed,1335629.95,111302.5,3,Business Owners,Medium
CUST103454,Anvi,Gola,18,Female,Single,Graduate,Unemployed,Coimbatore,Tamil Nadu,Not Employed,28529.33,2377.44,1,Young Professionals,Medium
CUST101797,Abha,Chakraborty,44,Female,Divorced,Post Graduate,Salaried - Private,Bhubaneswar,Odisha,Employed,409721.37,34143.45,15,Business Owners,Medium
CUST102979,Irya,Prashad,42,Female,Single,Post Graduate,Business Owner,Kolkata,West Bengal,Self Employed,4506224.82,375518.74,15,High Net Worth Individuals,High
CUST101441,Mugdha,Modi,28,Female,Divorced,Post Graduate,Business Owner,Hyderabad,Telangana,Self Employed,3147183.01,262265.25,10,High Net Worth Individuals,High
CUST103427,Yachana,Dani,74,Female,Single,Graduate,Retired,Mumbai,Maharashtra,Retired,658733.4,54894.45,11,Retired Customers,
CUST104874,Triveni,Randhawa,21,Female,Single,High School,Salaried - Government,Bhopal,Madhya Pradesh,Employed,668463.21,55705.27,3,Young Professionals,
CUST101535,Girindra,Tailor,54,,Divorced,Graduate,Self Employed,Coimbatore,Tamil Nadu,Self Employed,2067918.96,172326.58,9,Business Owners,High
CUST103443,Sneha,Kala,36,Female,Widowed,,Self Employed,Ahmedabad,Gujarat,Self Employed,852795.97,71066.33,4,Business Owners,High
CUST101273,Udyati,Grewal,41,Female,Married,Graduate,Salaried - Private,Jaipur,Rajasthan,Employed,,179841.81,6,Business Owners,High
CUST102467,Anthony,Kaur,19,Male,Single,Graduate,Student,Jaipur,Rajasthan,Not Employed,110746.85,9228.9,1,Students,Medium
CUST100607,Pooja,Sani,27,Female,Single,Post Graduate,Unemployed,Surat,Gujarat,Not Employed,62662.92,5221.91,9,Young Professionals,
CUST103513,Nilima,Deep,66,Female,Married,Graduate,Retired,Patna,Bihar,Retired,517258.02,43104.83,1,Retired Customers,Low
CUST101712,Manbir,Lad,40,Male,Married,Graduate,Homemaker,Bengaluru,Karnataka,Not Employed,109155.67,9096.31,6,Business Owners,Low
CUST102199,Veda,Mutti,42,Female,Single,Graduate,Business Owner,Udaipur,Rajasthan,Self Employed,8623722.72,718643.56,6,High Net Worth Individuals,High
CUST100955,Wazir,Sood,23,Male,,Graduate,Salaried - Private,Vadodara,Gujarat,Employed,1715814.42,142984.54,5,Young Professionals,High
CUST102579,Gauri,Radhakrishnan,28,Female,Divorced,Graduate,Salaried - Private,Mumbai,Maharashtra,Employed,436070.55,36339.21,10,Young Professionals,Medium
CUST103897,Qarin,Anand,34,Male,Widowed,Graduate,Salaried - Government,,Delhi,Employed,603584.03,50298.67,9,Young Professionals,Medium
CUST104425,Hemangini,Pai,42,Female,Married,Graduate,Salaried - Government,Kolkata,West Bengal,Employed,1616395.33,134699.61,9,Business Owners,Medium
CUST103380,Avni,Khatri,72,Female,Single,Graduate,,,,Retired,366872.4,30572.7,5,Retired Customers,Low
CUST103685,Jatin,Cheema,40,Male,Married,Graduate,Salaried - Private,Bengaluru,Karnataka,Employed,1383940.24,115328.35,9,Business Owners,Medium
CUST100403,Samar,Loke,56,Other,Widowed,Graduate,Business Owner,Ranchi,Jharkhand,Self Employed,10003529.03,833627.42,2,High Net Worth Individuals,High
CUST102071,Ekani,Vala,39,Female,Single,Graduate,Business Owner,Kanpur,Uttar Pradesh,,2605132.78,217094.4,3,Business Owners,High
CUST104755,Mohini,Edwin,27,Female,Married,High School,Salaried - Government,Dehradun,Uttarakhand,Employed,1144431.29,95369.27,6,Young Professionals,Medium
CUST101977,Megha,Sarma,28,Female,Single,Post Graduate,Business Owner,Delhi,Delhi,Self Employed,4446515.94,370543,10,High Net Worth Individuals,High
CUST100158,Aayush,Choudhury,21,Male,Divorced,Graduate,Salaried - Private,Guwahati,Assam,Employed,1944023.94,162001.99,3,Young Professionals,High
CUST101748,Tanish,Raval,52,Male,Married,High School,Business Owner,Kolkata,West Bengal,Self Employed,11078080.51,923173.38,3,High Net Worth Individuals,High
CUST102909,Balhaar,Nori,43,Other,Divorced,High School,Business Owner,Vadodara,Gujarat,Self Employed,4173128.13,347760.68,1,High Net Worth Individuals,High
CUST103534,Arjun,Bose,35,Male,Married,Post Graduate,Business Owner,Ranchi,Jharkhand,Self Employed,9513707.57,792808.96,9,High Net Worth Individuals,High
CUST100902,Ekaraj,Narang,34,Male,Single,Graduate,Homemaker,Nashik,Maharashtra,Not Employed,45193.15,,7,Young Professionals,Low
CUST100352,Yutika,Rai,48,Female,Widowed,Graduate,Business Owner,Kanpur,Uttar Pradesh,Self Employed,4513410.27,376117.52,,High Net Worth Individuals,High
CUST101230,Advik,Subramanian,22,Male,Single,Graduate,Salaried - Private,Hyderabad,Telangana,Employed,528186.2,44015.52,3,Young Professionals,Medium
CUST104670,Daksh,Sane,24,Male,Married,Doctorate,Salaried - Private,Mumbai,,Employed,1363388.49,113615.71,4,Young Professionals,High
CUST102140,Anay,Uppal,27,Male,Divorced,Post Graduate,,Nagpur,Maharashtra,Not Employed,21631.75,1802.65,9,Young Professionals,Medium
CUST100444,Banjeet,Narasimhan,33,Male,Married,High School,Salaried - Private,Bhubaneswar,Odisha,Employed,1735573.49,144631.12,15,Young Professionals,Medium
CUST104948,Shravya,Chauhan,46,Female,Divorced,High School,Salaried - Private,Mumbai,Maharashtra,Employed,600746.19,50062.18,11,Business Owners,Medium
CUST100754,Jai,Chawla,32,Male,Widowed,Doctorate,Salaried - Private,Bhopal,Madhya Pradesh,Employed,1733099.11,144424.93,5,Young Professionals,Medium
CUST101737,Onveer,Rout,44,,Single,Diploma,Self Employed,Chandigarh,Punjab,Self Employed,2111975.96,175998,6,Business Owners,High
CUST102971,Yasti,Dâ€™Alia,31,Female,Married,Graduate,,Thiruvananthapuram,Kerala,Employed,1165431.59,97119.3,1,Young Professionals,Medium
CUST104979,Nitara,Nagarajan,26,Female,Married,Post Graduate,Salaried - Private,Ludhiana,Punjab,Employed,1302411.91,108534.33,4,,High
CUST102920,Harini,Bedi,39,Female,Divorced,Graduate,Salaried - Government,Ranchi,Jharkhand,Employed,1284945.23,107078.77,11,Business Owners,Medium
CUST100311,Aashi,Varughese,64,Female,Divorced,Post Graduate,,Guwahati,Assam,Retired,570628.99,47552.42,15,Retired Customers,Low
CUST100548,Anya,Verma,33,Female,Divorced,Graduate,Salaried - Government,Jaipur,Rajasthan,Employed,1019063.57,84921.96,3,,Medium
CUST104052,Idika,Mishra,55,Other,Single,Graduate,Self Employed,Bhopal,Madhya Pradesh,Self Employed,1222731.25,101894.27,16,Business Owners,
CUST104761,Yutika,Om,,Female,Single,High School,Self Employed,Mysuru,Karnataka,Self Employed,1443651.98,120304.33,9,Young Professionals,High
CUST101989,Henry,Padmanabhan,26,Male,Single,Diploma,Freelancer,Chennai,Tamil Nadu,Self Employed,935829.46,77985.79,4,Young Professionals,High
CUST100306,Yachana,Nair,,Female,Married,Post Graduate,Salaried - Private,Ranchi,Jharkhand,Employed,2942679.37,245223.28,14,Business Owners,Medium
CUST102335,Ati,Kamdar,44,Female,Divorced,Graduate,Self Employed,,Assam,Self Employed,830609.7,69217.47,19,Business Owners,High
CUST100694,Ekaja,Puri,35,Female,Widowed,Graduate,Self Employed,Lucknow,Uttar Pradesh,Self Employed,,118483.65,17,Business Owners,High
CUST102356,Xavier,Sarma,42,Male,Married,,Salaried - Private,Pune,Maharashtra,Employed,978667.33,81555.61,15,Business Owners,Medium
CUST101927,Noah,Shukla,27,Male,Widowed,Post Graduate,Salaried - Private,Indore,Madhya Pradesh,Employed,1982216.85,165184.74,6,Young Professionals,High
CUST100684,Chakradhar,Sampath,34,Male,Married,Post Graduate,Salaried - Government,Raipur,Chhattisgarh,Employed,1013891.49,84490.96,,Young Professionals,Medium
CUST100749,Robert,Singhal,41,Male,Divorced,Graduate,Freelancer,Ranchi,Jharkhand,Self Employed,1540346.83,128362.24,18,Business Owners,High
CUST104008,Eesha,Mody,33,Female,Widowed,High School,Salaried - Private,Ludhiana,Punjab,Employed,2165453.52,180454.46,4,Young Professionals,High
CUST101266,Chaman,Desai,24,Female,Married,Doctorate,Unemployed,Surat,Gujarat,Not Employed,72422.42,6035.2,1,Young Professionals,Medium
CUST103285,Bhavani,Bala,47,Female,Single,Graduate,Salaried - Private,Ludhiana,Punjab,Employed,1130546.29,94212.19,11,Business Owners,Medium
CUST103529,Balveer,Sridhar,63,Male,Married,Diploma,,Thiruvananthapuram,Kerala,Self Employed,2351981.65,195998.47,7,Business Owners,Medium
CUST104423,Arjun,Garde,44,Male,Widowed,Graduate,Business Owner,Nagpur,Maharashtra,Self Employed,,715025.2,20,High Net Worth Individuals,High
CUST103984,Chaaya,Malhotra,35,Female,Single,Post Graduate,Salaried - Government,Raipur,Chhattisgarh,Employed,1792403.8,149366.98,16,Young Professionals,Medium
CUST103083,Devika,Barman,37,Female,Married,Graduate,Salaried - Private,Kolkata,West Bengal,Employed,1333708.29,111142.36,15,Business Owners,Medium
CUST103061,Nandini,Saha,19,Female,Single,High School,Student,Bhopal,Madhya Pradesh,Not Employed,62103,5175.25,1,Students,Medium
CUST103025,Reyansh,Natarajan,32,Male,,,Salaried - Private,Pune,Maharashtra,Employed,2227649.55,185637.46,6,Young Professionals,High
CUST100970,Vinaya,Mahajan,22,Female,Widowed,Graduate,Salaried - Government,Mysuru,Karnataka,Employed,906501.46,75541.79,3,,Medium
CUST100013,Garima,Kale,48,Female,Divorced,High School,Business Owner,Jaipur,Rajasthan,Self Employed,11422827.11,951902.26,20,High Net Worth Individuals,High
CUST100873,Vivaan,Tara,64,Male,Single,Post Graduate,Retired,Kanpur,Uttar Pradesh,Retired,557046.4,46420.53,8,Retired Customers,Low
CUST100808,Mekhala,Swaminathan,75,Female,Divorced,Post Graduate,Retired,Nashik,Maharashtra,Retired,,39607.05,2,Retired Customers,Low
CUST103198,Dhriti,Kulkarni,22,Female,Married,Graduate,Student,Kochi,,Not Employed,110142.72,9178.56,3,Students,Medium
CUST100514,Ubika,Dubey,41,Female,Married,Diploma,Salaried - Private,Bhubaneswar,Odisha,Employed,1418139.92,118178.33,,Business Owners,Medium
CUST104472,Victor,Narasimhan,38,Male,Widowed,Diploma,Freelancer,Udaipur,Rajasthan,Self Employed,663030.02,55252.5,2,Business Owners,
CUST100409,Samar,Chander,39,Male,Divorced,Post Graduate,Salaried - Private,Bhopal,Madhya Pradesh,Employed,1283220.89,106935.07,6,Business Owners,Medium
CUST103408,Tripti,Nagarajan,21,Female,,Graduate,Student,Kanpur,Uttar Pradesh,Not Employed,48945.27,4078.77,3,Students,Medium
CUST104342,Baghyawati,Char,21,Female,Single,Post Graduate,Student,Pune,Maharashtra,Not Employed,45863.53,3821.96,3,Students,Medium
CUST100207,Ekanta,Shroff,41,Other,Divorced,Post Graduate,Salaried - Private,Jaipur,Rajasthan,Employed,2452868.87,204405.74,13,Business Owners,High
CUST103691,Charita,Bhatia,27,Female,Divorced,Graduate,Unemployed,Bhopal,Madhya Pradesh,Not Employed,39620.25,3301.69,9,Young Professionals,Medium
CUST100458,Samesh,Gole,34,Male,Single,High School,Salaried - Private,Ludhiana,Punjab,Employed,1622962.25,135246.85,2,Young Professionals,Medium
CUST103471,Girindra,Dixit,53,Male,Widowed,Graduate,Business Owner,Raipur,Chhattisgarh,Self Employed,3663746.52,305312.21,3,High Net Worth Individuals,High
CUST102430,Netra,Barad,28,Female,Single,High School,Salaried - Government,Coimbatore,Tamil Nadu,Employed,1033439.1,86119.93,2,Young Professionals,Medium
CUST103657,Pooja,Anand,18,Female,Single,High School,Student,Coimbatore,Tamil Nadu,Not Employed,29132.27,2427.69,1,Students,Medium
CUST100110,Sai,Bhargava,38,Male,Divorced,Graduate,Salaried - Private,Patna,Bihar,Employed,899872.06,74989.34,9,Business Owners,Medium
CUST104589,Kashish,Manne,19,Female,Single,High School,Student,Nashik,Maharashtra,Not Employed,26943,2245.25,1,Students,
CUST104044,Isha,Amble,40,Female,Married,Graduate,Self Employed,Dehradun,Uttarakhand,Self Employed,1666154.72,138846.23,15,Business Owners,High
CUST101883,Naveen,Thaman,36,Male,Married,Diploma,Self Employed,Kanpur,Uttar Pradesh,Self Employed,1268307.28,105692.27,5,Business Owners,High
CUST101713,Ubika,Ravel,42,,,Graduate,Salaried - Private,Jaipur,Rajasthan,Employed,1097795.22,91482.93,8,Business Owners,Medium
CUST103958,Wyatt,Talwar,21,Male,,High School,Salaried - Private,Patna,Bihar,Employed,1978525.62,164877.14,3,Young Professionals,High
CUST103399,Omisha,Setty,64,Female,Divorced,Graduate,Business Owner,Bhubaneswar,Odisha,Self Employed,7618912.42,634909.37,,High Net Worth Individuals,Medium
CUST100552,Tanay,Chokshi,18,,Single,High School,Unemployed,Indore,Madhya Pradesh,Not Employed,34343.4,2861.95,1,Young Professionals,Medium
CUST101439,Vasatika,Anand,42,Female,Married,Graduate,Salaried - Government,Jaipur,Rajasthan,Employed,1294591.18,107882.6,10,Business Owners,Medium
CUST102270,Madhavi,Saxena,34,Female,Single,High School,Salaried - Government,Indore,Madhya Pradesh,Employed,642416.81,53534.73,10,Young Professionals,Medium
CUST103144,Diya,Mani,60,Female,Widowed,Diploma,Self Employed,Hyderabad,Telangana,Self Employed,976998.72,81416.56,4,Business Owners,
CUST102821,Kashish,Sarraf,40,Female,Divorced,Post Graduate,Salaried - Private,Nashik,Maharashtra,Employed,2055543.12,171295.26,10,Business Owners,High
CUST104781,David,Sura,26,Male,Married,Diploma,Salaried - Private,Vadodara,Gujarat,Employed,856358.28,71363.19,6,Young Professionals,High
CUST101925,Dhruv,Dyal,41,Male,Married,High School,Salaried - Private,Nagpur,Maharashtra,Employed,1037076.16,86423.01,2,Business Owners,Medium
CUST100634,Sai,Viswanathan,21,Male,Divorced,High School,Student,Guwahati,Assam,Not Employed,62704.95,5225.41,3,Students,Medium
CUST104805,Pavani,Sunder,21,Female,Divorced,Post Graduate,Salaried - Private,Ludhiana,Punjab,Employed,712115.16,59342.93,3,Young Professionals,Medium
CUST100316,Sara,Badal,66,Other,Divorced,Post Graduate,Retired,Guwahati,Assam,Retired,484355.46,40362.96,20,Retired Customers,Low
CUST104217,Ekbal,Luthra,39,Male,Single,Post Graduate,Salaried - Private,Coimbatore,Tamil Nadu,Employed,976747.19,81395.6,,Business Owners,Medium
CUST104699,Avi,Cherian,68,Male,Divorced,High School,Retired,Kolkata,West Bengal,Retired,585092.33,48757.69,8,Retired Customers,Low
CUST101328,Yachana,Loyal,38,Female,Married,Graduate,Salaried - Government,Chennai,Tamil Nadu,Employed,618457.34,51538.11,14,Business Owners,Medium
CUST100427,Osha,Purohit,45,Female,Divorced,Doctorate,Salaried - Private,Kanpur,Uttar Pradesh,Employed,789876.9,65823.07,18,Business Owners,
CUST104374,Eesha,Jhaveri,40,Female,Widowed,High School,,,Punjab,Employed,1369506.53,114125.54,3,Business Owners,Medium
CUST100105,Aryan,Zachariah,22,Male,Single,Graduate,Student,Bhopal,Madhya Pradesh,,45315.55,3776.3,4,Students,Medium
CUST103041,Oeshi,Pandit,58,Female,Divorced,High School,Self Employed,,Chhattisgarh,Self Employed,3296191.42,274682.62,1,,High
CUST100142,Theodore,Mittal,22,Male,Married,Post Graduate,Homemaker,Raipur,Chhattisgarh,Not Employed,37319.17,3109.93,4,Young Professionals,Medium
CUST102169,Nisha,Sachar,57,Female,Widowed,Graduate,,Delhi,Delhi,Self Employed,6346277.68,528856.47,6,High Net Worth Individuals,High
CUST103458,Ekaja,Chakraborty,30,Female,Married,Graduate,Homemaker,Ahmedabad,Gujarat,,99032.88,,5,Young Professionals,Low
CUST100089,Ekaja,Solanki,35,Female,Married,Post Graduate,Salaried - Government,Kanpur,Uttar Pradesh,Employed,1180520.87,98376.74,14,Young Professionals,Medium
CUST102918,Aradhana,Kibe,22,Female,Married,High School,Homemaker,Guwahati,Assam,Not Employed,141812.89,11817.74,4,Young Professionals,Medium
CUST103237,Rudra,Sarma,20,Male,Single,Post Graduate,Student,Raipur,Chhattisgarh,Not Employed,79750.18,6645.85,2,Students,
CUST102241,Om,Sama,28,Male,Single,Post Graduate,Salaried - Government,Bhopal,Madhya Pradesh,Employed,1419602.41,118300.2,7,Young Professionals,Medium
CUST103174,Ikbal,Dubey,20,Male,Single,Graduate,Unemployed,Chandigarh,Punjab,Not Employed,27392.72,2282.73,,Young Professionals,Medium
CUST103412,Megha,Issac,54,Female,Single,High School,,Dehradun,Uttarakhand,Self Employed,4600348.08,383362.34,20,High Net Worth Individuals,High
CUST102163,Jairaj,Nori,46,Male,,Doctorate,Freelancer,Ludhiana,Punjab,Self Employed,696300.74,58025.06,2,Business Owners,Medium
CUST102636,Bhavna,Morar,,Female,Single,High School,Salaried - Private,Ludhiana,Punjab,Employed,1630285.64,135857.14,17,Business Owners,Medium
CUST101949,Megha,Bakshi,27,Female,Divorced,Graduate,,Pune,Maharashtra,Employed,1312095.73,109341.31,5,Young Professionals,Medium
CUST101768,Saksham,Bahl,60,Male,Single,Graduate,Salaried - Private,Udaipur,Rajasthan,Employed,1675567.14,139630.6,3,Business Owners,Medium
CUST104290,Bhavini,Oza,43,Female,Divorced,Post Graduate,Business Owner,Kolkata,West Bengal,Self Employed,8175295.78,681274.65,1,High Net Worth Individuals,High
CUST102272,Gaurang,Shan,50,Male,Widowed,,Salaried - Private,Patna,,Employed,3024917.8,252076.48,8,High Net Worth Individuals,Medium
CUST100001,Laksh,Konda,75,Male,Divorced,Post Graduate,Retired,Guwahati,Assam,Retired,625693.44,52141.12,8,Retired Customers,Low
CUST103282,Lekha,Talwar,44,Female,Single,Graduate,Homemaker,Chennai,Tamil Nadu,Not Employed,68846.51,5737.21,6,Business Owners,Low
CUST104957,Varenya,Ganesh,62,Female,Widowed,Graduate,Retired,Kochi,Kerala,Retired,1000004.41,83333.7,1,Retired Customers,Low
CUST101951,Udant,Sur,41,Male,Married,,Salaried - Private,Kolkata,West Bengal,Employed,1042172.68,86847.72,11,Business Owners,Medium
CUST100935,Nathan,Srinivasan,40,Male,Single,Doctorate,Salaried - Private,Mumbai,Maharashtra,Employed,749174.96,62431.25,17,Business Owners,Medium
CUST104296,Chanchal,Oak,26,Female,Married,Graduate,Business Owner,Guwahati,Assam,Self Employed,11086671.1,923889.26,8,High Net Worth Individuals,High
CUST102720,Dayita,Panchal,25,Female,Divorced,Graduate,Self Employed,Chennai,Tamil Nadu,Self Employed,1043078.76,86923.23,,Young Professionals,High
CUST104447,Yashoda,Deshpande,18,Female,Single,Post Graduate,Unemployed,Pune,Maharashtra,Not Employed,43563.61,3630.3,1,,Medium
CUST101109,Faqid,Andra,50,Male,Widowed,Graduate,Self Employed,Guwahati,Assam,Self Employed,3050017.54,254168.13,12,High Net Worth Individuals,High
CUST103960,Suhani,Bansal,35,Female,Divorced,Post Graduate,Salaried - Private,Pune,Maharashtra,Employed,2636906.95,219742.25,3,Young Professionals,High
CUST100591,Eshana,Rattan,31,Female,Widowed,Graduate,Salaried - Private,Kochi,Kerala,Employed,440368.6,36697.38,13,Young Professionals,
CUST101695,Siddharth,Puri,41,Male,Widowed,Post Graduate,Salaried - Government,Bhubaneswar,Odisha,Employed,1109582.48,92465.21,8,Business Owners,Medium
CUST103450,Aahana,Kulkarni,36,Female,Widowed,Post Graduate,Salaried - Government,Nashik,Maharashtra,Employed,920962.72,76746.89,13,Business Owners,Medium
CUST102936,Theodore,Kohli,21,Male,Widowed,Graduate,Salaried - Private,Bhubaneswar,Odisha,Employed,2297079.56,191423.3,3,Young Professionals,High
CUST104204,Leena,Shah,18,Female,Single,High School,Student,Dehradun,Uttarakhand,Not Employed,98028.87,8169.07,1,Students,Medium
CUST103411,Gabriel,Narang,27,Male,Married,Diploma,Unemployed,Dehradun,Uttarakhand,Not Employed,11721.55,976.8,6,Young Professionals,Medium
CUST101576,Saanvi,Panchal,63,Female,Divorced,Graduate,Retired,Bhopal,Madhya Pradesh,Retired,293307.17,24442.26,4,Retired Customers,Low
CUST103954,Yashoda,Prasad,43,Female,Single,Doctorate,Salaried - Private,Indore,Madhya Pradesh,Employed,1448356.99,120696.42,3,Business Owners,Medium
CUST100213,Charita,Keer,63,Female,Widowed,Graduate,Retired,Dehradun,Uttarakhand,Retired,666078.86,55506.57,5,Retired Customers,Low
CUST100778,Chaaya,Sani,73,Female,Married,Post Graduate,Retired,Kolkata,,Retired,620766.64,51730.55,8,Retired Customers,Low
CUST101415,Balvan,Taneja,26,Male,Divorced,,Salaried - Private,Kanpur,Uttar Pradesh,Employed,681373.53,56781.13,8,Young Professionals,Medium
CUST103759,Ganga,Mohanty,56,Female,Widowed,Graduate,Self Employed,,Odisha,Self Employed,968934.21,80744.52,17,Business Owners,Medium
CUST102043,Pranit,Rama,75,Male,Married,Graduate,Retired,Bhubaneswar,Odisha,Retired,401226.18,33435.51,16,Retired Customers,Low
CUST102848,Damini,Sehgal,,Female,Married,Graduate,Retired,Nashik,Maharashtra,Retired,405836.6,33819.72,3,,Low
CUST104537,Krish,Patla,56,Male,Divorced,Post Graduate,Business Owner,Coimbatore,Tamil Nadu,Self Employed,10712823.07,892735.26,8,High Net Worth Individuals,High
CUST103505,Lakshmi,Gokhale,55,Female,Widowed,Post Graduate,Business Owner,Thiruvananthapuram,Kerala,Self Employed,1012574.49,84381.21,12,,Medium
CUST103813,David,Pandit,49,Male,Widowed,Graduate,Self Employed,Nagpur,Maharashtra,Self Employed,1509866.15,125822.18,14,Business Owners,Medium
CUST101567,Oviya,Sekhon,26,Female,,Post Graduate,Salaried - Private,Vadodara,Gujarat,Employed,1548009.6,129000.8,8,Young Professionals,High
CUST100165,Jagrati,Krish,22,Female,Single,Graduate,Homemaker,Surat,Gujarat,Not Employed,62884.28,5240.36,4,Young Professionals,Medium
CUST104714,Zayan,Dyal,33,Male,Married,,Salaried - Private,Ahmedabad,Gujarat,Employed,1648157.15,137346.43,15,Young Professionals,Medium
CUST104272,Indali,Dhar,18,Female,Single,Post Graduate,Unemployed,Hyderabad,Telangana,Not Employed,68747.86,5728.99,,Young Professionals,Medium
CUST104926,Aashi,Gokhale,39,Female,Single,Graduate,Salaried - Private,Udaipur,Rajasthan,Employed,1360155.62,113346.3,6,Business Owners,Medium
CUST101343,Atharv,Randhawa,40,Male,Widowed,Graduate,Salaried - Government,Jaipur,Rajasthan,Employed,1620594.41,135049.53,12,Business Owners,Medium
CUST102013,Wriddhish,Shere,40,Male,Married,Graduate,Self Employed,Bhopal,Madhya Pradesh,Self Employed,1626595.59,135549.63,4,Business Owners,High
CUST100273,Jasmit,Biswas,25,Female,Widowed,Graduate,,,Tamil Nadu,Employed,1397774.62,116481.22,7,Young Professionals,Medium
CUST100071,Dev,Dave,37,Male,Single,Post Graduate,Salaried - Private,Coimbatore,Tamil Nadu,Employed,1796311.08,149692.59,11,Business Owners,Medium
CUST103887,Ucchal,Srivastava,27,Female,Widowed,Diploma,Homemaker,Mysuru,Karnataka,Not Employed,135092.59,11257.72,,Young Professionals,Medium
CUST101087,Yashvi,Tank,30,Female,Single,Graduate,Salaried - Private,Kanpur,Uttar Pradesh,Employed,1182019.28,98501.61,8,Young Professionals,Medium
CUST100394,Anita,Sha,27,Female,Widowed,Post Graduate,Unemployed,Mumbai,Maharashtra,Not Employed,89389.74,7449.15,9,Young Professionals,Medium
CUST100583,Pushti,Pillai,18,Female,Single,Diploma,Student,Mysuru,Karnataka,Not Employed,20619.36,1718.28,1,Students,Medium
CUST101367,Ekaraj,Dasgupta,33,Male,Widowed,Graduate,Business Owner,Patna,Bihar,Self Employed,3086595.52,,4,High Net Worth Individuals,High
CUST104987,Kashish,Bail,52,Female,Single,Graduate,Business Owner,Kochi,Kerala,Self Employed,11792802.53,982733.54,12,High Net Worth Individuals,High
CUST104088,Laban,Dube,,Male,Married,High School,Unemployed,Delhi,Delhi,Not Employed,63946.19,5328.85,4,Young Professionals,Medium
CUST102548,Tanmayi,Barman,44,Female,Widowed,Post Graduate,Business Owner,Nagpur,Maharashtra,Self Employed,5963860.53,496988.38,6,High Net Worth Individuals,High
CUST101013,Ayush,Shere,37,Male,Widowed,Doctorate,Salaried - Private,Thiruvananthapuram,Kerala,Employed,2158462.4,179871.87,13,Business Owners,High
CUST104897,Ojasvi,Jani,53,Female,Divorced,Graduate,Salaried - Private,Raipur,Chhattisgarh,Employed,2485575.43,207131.29,4,Business Owners,Medium
CUST103003,Jatin,Narang,47,Male,,Doctorate,Salaried - Private,Lucknow,Uttar Pradesh,Employed,1238545.79,103212.15,16,Business Owners,Medium
CUST104788,Samuel,Toor,40,Male,Divorced,Graduate,Business Owner,Dehradun,Uttarakhand,Self Employed,10921968.71,910164.06,6,High Net Worth Individuals,High
CUST104407,Balvan,Madan,28,Male,Divorced,Graduate,Salaried - Private,Chandigarh,Punjab,Employed,1094640.76,91220.06,1,Young Professionals,High
CUST103532,Jeet,Virk,38,Male,Married,Post Graduate,Salaried - Private,Dehradun,Uttarakhand,Employed,866167.91,72180.66,6,Business Owners,Medium
CUST101763,Vasatika,Venkatesh,18,Female,Single,,Student,Guwahati,Assam,Not Employed,41038.71,3419.89,1,Students,Medium
CUST101875,Varenya,Shankar,38,Female,Single,Post Graduate,Freelancer,Delhi,Delhi,Self Employed,605681.5,50473.46,16,Business Owners,Medium
CUST101259,Veer,Comar,30,Male,Widowed,Graduate,Salaried - Government,,Telangana,Employed,1617275.82,134772.99,5,,Medium
CUST104530,Sachi,Reddy,37,Female,Married,Graduate,Salaried - Government,Nashik,Maharashtra,Employed,888574.09,74047.84,19,Business Owners,Medium
CUST102253,Chaaya,Kade,70,Female,Married,Diploma,Retired,Dehradun,Uttarakhand,Retired,446981.71,37248.48,18,Retired Customers,Low
CUST102781,Yahvi,Khalsa,36,Female,Married,Post Graduate,Salaried - Private,Ludhiana,Punjab,Employed,2119961.97,176663.5,14,Business Owners,High
CUST103592,Maanas,Handa,33,,Divorced,Graduate,Salaried - Government,Lucknow,Uttar Pradesh,Employed,1622870.64,135239.22,12,Young Professionals,Medium
CUST100526,Jagvi,Bail,18,Female,Single,Diploma,,Surat,Gujarat,Not Employed,27482.65,2290.22,1,Students,Medium
CUST104263,Girindra,Aggarwal,38,Male,Divorced,Graduate,Business Owner,Thiruvananthapuram,Kerala,Self Employed,,1083429.26,17,High Net Worth Individuals,High
CUST102946,Lopa,Virk,47,Female,Married,Post Graduate,Business Owner,Dehradun,Uttarakhand,Self Employed,9712211.81,809350.98,17,High Net Worth Individuals,High
CUST100377,Xiti,Sarma,21,Female,Married,Post Graduate,Salaried - Government,Lucknow,Uttar Pradesh,Employed,857653.97,71471.16,3,Young Professionals,Medium
CUST101559,Aachal,Raman,18,Female,Single,Graduate,Student,Delhi,Delhi,Not Employed,32802.46,2733.54,1,Students,Medium
CUST103820,Aishani,Mand,18,Female,Single,High School,Student,Kanpur,Uttar Pradesh,Not Employed,70595.41,,1,Students,
CUST101963,Anjali,Chahal,26,Female,Divorced,Graduate,Salaried - Private,Ahmedabad,Gujarat,Employed,2317760.59,193146.72,8,Young Professionals,High
CUST104732,Brinda,Patil,44,Female,,Graduate,Business Owner,Nashik,Maharashtra,Self Employed,3847708.69,320642.39,18,High Net Worth Individuals,High
CUST100348,Faqid,Dixit,25,Male,Widowed,Post Graduate,Salaried - Private,Hyderabad,Telangana,Employed,1116418.99,93034.92,7,Young Professionals,High
CUST102434,Turvi,Dara,45,Female,Married,Graduate,Homemaker,Pune,Maharashtra,Not Employed,38320.77,3193.4,5,Business Owners,Low
CUST102246,Madhav,Loke,30,Male,Divorced,Graduate,Freelancer,Ahmedabad,Gujarat,Self Employed,524344,43695.33,12,Young Professionals,Medium
CUST104166,Max,Mangal,40,Male,Single,Post Graduate,Salaried - Private,Patna,Bihar,Employed,379938.34,31661.53,10,Business Owners,Medium
CUST101709,Ayush,Raval,54,Male,Married,Diploma,Business Owner,Mumbai,Maharashtra,,6757471.95,563122.66,15,High Net Worth Individuals,High
CUST101050,Kashish,Mittal,35,Female,Divorced,Graduate,Self Employed,Delhi,Delhi,Self Employed,1041403.71,86783.64,16,Business Owners,High
CUST100590,Aarush,Golla,53,Male,Married,Post Graduate,Homemaker,Vadodara,Gujarat,Not Employed,43421.26,3618.44,12,Business Owners,Low
CUST100519,Tristan,Saxena,37,Male,Divorced,Graduate,Salaried - Private,Bhopal,,Employed,675051.67,56254.31,3,Business Owners,Medium
CUST104752,Zayan,Doctor,38,Male,Divorced,Diploma,Salaried - Private,Jaipur,Rajasthan,Employed,1582477.59,131873.13,17,Business Owners,Medium
CUST104308,Victor,Mutti,44,Male,Single,Graduate,Salaried - Private,Ahmedabad,Gujarat,Employed,2243011.01,186917.58,10,Business Owners,High
CUST102477,Jagvi,Jani,68,Female,Widowed,Post Graduate,Retired,Ranchi,,Retired,511069.25,42589.1,2,Retired Customers,Low
CUST101083,Megha,Rai,21,,Married,Graduate,Student,Indore,Madhya Pradesh,Not Employed,65791.95,5482.66,3,,Medium
CUST103588,Vritti,Dada,18,Female,Single,Graduate,Student,Patna,Bihar,Not Employed,5338.78,444.9,1,Students,Medium
CUST104778,Victor,Kuruvilla,21,Male,Widowed,Post Graduate,Student,Mysuru,Karnataka,Not Employed,63920.47,5326.71,3,Students,Medium
CUST104509,Kashish,Ben,70,Female,Married,Post Graduate,Retired,Thiruvananthapuram,Kerala,Retired,1004485.76,83707.15,2,Retired Customers,Low
CUST101294,Anvi,Sastry,21,Female,Divorced,Graduate,Salaried - Private,Ludhiana,Punjab,Employed,1109538.22,92461.52,3,Young Professionals,High
CUST101809,Aradhana,Andra,30,Female,Divorced,Graduate,Salaried - Government,Chennai,Tamil Nadu,Employed,1674952.23,139579.35,6,Young Professionals,Medium
CUST100791,Eshana,Sarma,18,Female,Single,Graduate,,Chennai,Tamil Nadu,Not Employed,82347.43,6862.29,1,Students,Medium
CUST100792,Anika,Date,33,Female,Divorced,Post Graduate,Self Employed,Dehradun,Uttarakhand,Self Employed,753205.94,62767.16,15,Business Owners,
CUST104114,Neel,Ghose,35,Male,Single,Post Graduate,Salaried - Government,,Gujarat,Employed,636223.14,53018.6,6,Young Professionals,Medium
CUST101855,Harshil,Shan,64,Male,Divorced,Post Graduate,Retired,Indore,Madhya Pradesh,Retired,741943.8,,12,Retired Customers,Low
CUST104757,Balveer,Chander,44,Male,Widowed,Graduate,Salaried - Private,Dehradun,Uttarakhand,Employed,1703944.28,141995.36,18,Business Owners,Medium
CUST101980,Gaurangi,Walla,30,Female,Married,Graduate,Salaried - Government,Jaipur,Rajasthan,Employed,696464.64,58038.72,12,Young Professionals,Medium
CUST103233,Girindra,Boase,28,Male,Single,Post Graduate,Salaried - Private,Delhi,Delhi,Employed,1286423.84,107201.99,10,Young Professionals,High
CUST103908,Finn,Cheema,47,Male,Married,,Salaried - Private,Patna,Bihar,Employed,1651602.34,137633.53,3,Business Owners,Medium
CUST104984,Dipta,Dash,28,Female,Widowed,Post Graduate,Salaried - Government,Patna,Bihar,Employed,1087314.7,90609.56,1,Young Professionals,Medium
CUST103328,Aditya,Varty,56,Male,Single,Diploma,Salaried - Government,,Madhya Pradesh,Employed,1206890.89,100574.24,9,Business Owners,Medium
CUST101530,Rishi,Pant,33,Male,Single,,Salaried - Private,Dehradun,,Employed,978532.35,81544.36,1,Young Professionals,Medium
CUST101410,Ria,Date,36,Female,,Graduate,Salaried - Private,Kolkata,West Bengal,Employed,1442264.32,120188.69,6,Business Owners,Medium
CUST104294,Devika,Mannan,43,Female,Married,Diploma,Freelancer,Kochi,Kerala,Self Employed,907170.71,75597.56,3,Business Owners,High
CUST104648,Ethan,Pandit,30,Male,Divorced,Graduate,Salaried - Government,Chandigarh,Punjab,Employed,1126770.95,93897.58,5,Young Professionals,Medium
CUST100083,Ekavir,Bhargava,27,Other,Widowed,High School,Business Owner,Kochi,Kerala,Self Employed,5387489.53,448957.46,9,High Net Worth Individuals,High
CUST100868,Rehaan,Sahota,46,,Married,,Salaried - Private,Hyderabad,Telangana,Employed,536889.16,44740.76,4,Business Owners,
CUST102350,Yagnesh,Kaul,36,Male,Married,Post Graduate,Salaried - Private,Nagpur,Maharashtra,Employed,664830.34,55402.53,18,Business Owners,Medium
CUST100020,Balveer,Memon,18,Male,Single,Post Graduate,Student,Nagpur,Maharashtra,Not Employed,115556.54,9629.71,1,Students,Medium
CUST103424,Harinakshi,Dalal,33,Female,Married,Post Graduate,Salaried - Private,Nashik,Maharashtra,Employed,1222859.68,101904.97,12,Young Professionals,Medium
CUST102795,Aashi,Singh,34,,Divorced,Graduate,Unemployed,Surat,Gujarat,Not Employed,21794.29,1816.19,3,Young Professionals,Low
CUST104572,Eiravati,Mann,54,Female,Widowed,Post Graduate,Business Owner,Kochi,Kerala,Self Employed,3524871.56,293739.3,13,High Net Worth Individuals,High
CUST101562,Charles,Taneja,43,Male,Single,Graduate,Self Employed,Mumbai,,Self Employed,1738907.78,144908.98,18,Business Owners,High
CUST103093,Amaira,Ravel,49,Female,Widowed,Graduate,Self Employed,Kanpur,Uttar Pradesh,Self Employed,2120949.65,176745.8,2,Business Owners,High
CUST103155,Elijah,Nagarajan,77,Male,Married,Graduate,Retired,Nagpur,Maharashtra,Retired,361905.05,,5,Retired Customers,Low
CUST100973,Vasudha,Kurian,36,Female,Married,,Salaried - Private,Hyderabad,Telangana,Employed,613797.96,51149.83,13,Business Owners,Medium
CUST101710,Odika,Dey,34,Female,Married,Graduate,Self Employed,Mysuru,Karnataka,,1204317.45,100359.79,3,Business Owners,High
CUST103201,Chasmum,Dasgupta,18,Female,Single,High School,,Raipur,Chhattisgarh,Not Employed,66553.07,5546.09,1,Students,Medium
CUST104371,Gautam,Ahluwalia,42,Male,Divorced,High School,Salaried - Government,Thiruvananthapuram,Kerala,Employed,1395839.96,116320,5,Business Owners,Medium
CUST104819,Ekta,Biswas,31,Female,Widowed,Post Graduate,Homemaker,Dehradun,Uttarakhand,Not Employed,68348.1,5695.68,5,Young Professionals,Low
CUST101098,Jason,Tata,64,Male,Widowed,Graduate,,Bhubaneswar,Odisha,Retired,647353.24,53946.1,,Retired Customers,Low
CUST104161,Chaaya,Sandhu,44,Female,Single,Graduate,Business Owner,Chennai,Tamil Nadu,Self Employed,5711886.15,475990.51,16,High Net Worth Individuals,High
CUST102844,Naksh,Anne,41,Male,Single,Graduate,Self Employed,Chennai,Tamil Nadu,Self Employed,1053409.72,87784.14,14,Business Owners,High
CUST100886,Arin,Rattan,54,Male,Widowed,Post Graduate,,Surat,Gujarat,Not Employed,113714.16,9476.18,14,Business Owners,Low
CUST104931,Joshua,Dara,21,Male,Married,Post Graduate,Salaried - Private,Chandigarh,Punjab,Employed,700013.19,58334.43,2,Young Professionals,
CUST103678,Arjun,Dash,54,Male,Widowed,Graduate,Business Owner,Ranchi,Jharkhand,Self Employed,10919775.07,909981.26,13,High Net Worth Individuals,High
CUST104580,Ishanvi,Gour,43,Female,Married,Post Graduate,Self Employed,Pune,Maharashtra,Self Employed,1361952.64,113496.05,14,Business Owners,High
CUST103566,Jai,Sarin,50,Male,Married,Graduate,Salaried - Private,Chandigarh,Punjab,Employed,575265.12,47938.76,5,Business Owners,Medium
CUST104401,Lipika,Hans,46,Female,Married,Post Graduate,Salaried - Private,Vadodara,Gujarat,Employed,2061772.32,171814.36,3,Business Owners,Medium
CUST100515,Sarthak,Chaudhary,21,Male,Divorced,Post Graduate,Student,Ahmedabad,Gujarat,Not Employed,87721.75,7310.15,3,Students,Medium
CUST104620,Ijaya,Boase,35,Female,Widowed,Graduate,Salaried - Private,Pune,Maharashtra,Employed,1757133.08,146427.76,9,Young Professionals,Medium
CUST100737,Ubika,Shankar,42,Female,Divorced,High School,Homemaker,Pune,Maharashtra,Not Employed,99269.33,8272.44,16,Business Owners,Low
CUST101453,Xalak,Bhasin,52,Female,Divorced,,Business Owner,Kanpur,Uttar Pradesh,Self Employed,14186355.1,1182196.26,7,,High
CUST103971,Ishwar,Barman,43,Male,Widowed,High School,Salaried - Private,Kochi,Kerala,Employed,2048016.29,170668.02,3,Business Owners,High
CUST104700,Balhaar,Sood,21,Male,Widowed,High School,Salaried - Private,Surat,Gujarat,Employed,2003094.14,166924.51,3,Young Professionals,
CUST102506,Logan,Kar,35,Male,Single,Post Graduate,Salaried - Private,Hyderabad,Telangana,Employed,1401945.43,116828.79,14,Young Professionals,Medium
CUST102994,Harinakshi,Oza,22,Female,Divorced,Graduate,Student,Kolkata,West Bengal,Not Employed,42335.14,3527.93,4,Students,Medium
CUST102126,Ati,Dyal,43,Female,Widowed,Graduate,Business Owner,Bhopal,Madhya Pradesh,Self Employed,14559957.01,1213329.75,2,High Net Worth Individuals,High
CUST102926,Isha,Sandhu,31,Female,Widowed,Graduate,Business Owner,Udaipur,,Self Employed,11058098.65,921508.22,10,High Net Worth Individuals,High
CUST104745,Rachana,Mandal,40,Female,Single,Post Graduate,Business Owner,Surat,Gujarat,Self Employed,3154406.44,262867.2,2,High Net Worth Individuals,High
CUST100906,Yashoda,Walia,46,Female,Married,Graduate,Salaried - Private,Thiruvananthapuram,Kerala,Employed,1192028.42,99335.7,13,Business Owners,Medium
CUST103647,Elijah,Anne,26,Male,Single,,Salaried - Private,Bhopal,Madhya Pradesh,Employed,1890972.65,157581.05,7,Young Professionals,High
CUST101030,Devansh,Kapoor,43,Male,Divorced,Diploma,Salaried - Government,Ahmedabad,Gujarat,Employed,863906.56,71992.21,15,Business Owners,Medium
CUST102507,Forum,Om,28,Female,Married,Post Graduate,Unemployed,Guwahati,Assam,Not Employed,47185.48,3932.12,8,Young Professionals,Medium
CUST102428,Wyatt,Ghose,21,Male,Married,Graduate,Freelancer,Delhi,Delhi,Self Employed,516761.84,43063.49,3,Young Professionals,High
CUST100947,Jagdish,Kibe,32,Male,Widowed,Post Graduate,Self Employed,Udaipur,Rajasthan,Self Employed,936479.19,78039.93,2,Young Professionals,High
CUST103806,Ekalinga,Agate,32,Male,Divorced,Graduate,Salaried - Private,Nagpur,Maharashtra,Employed,1664416.57,138701.38,10,Young Professionals,Medium
CUST104754,Waida,Barad,18,Female,Single,High School,Student,Nagpur,Maharashtra,Not Employed,44294.46,3691.2,1,Students,Medium
CUST100715,Yashvi,Din,25,Female,Married,Post Graduate,,Kolkata,West Bengal,Self Employed,2354020.83,196168.4,7,Young Professionals,High
CUST104055,Hemal,Sankaran,48,Female,Widowed,Graduate,Unemployed,Dehradun,Uttarakhand,Not Employed,33159.03,2763.25,17,Business Owners,
CUST100686,Pratyush,More,39,Male,Single,Graduate,Business Owner,Coimbatore,Tamil Nadu,Self Employed,14434885.62,1202907.14,7,High Net Worth Individuals,High
CUST100703,Wahab,Hari,37,Male,Divorced,Graduate,Salaried - Private,Bhopal,Madhya Pradesh,Employed,1915193.59,159599.47,3,Business Owners,Medium
CUST103341,Gaurika,Kunda,20,Female,Single,Post Graduate,Student,Kolkata,West Bengal,Not Employed,82438.01,6869.83,2,Students,Medium
CUST102353,Aishani,Purohit,33,Female,Widowed,Diploma,Salaried - Private,Coimbatore,Tamil Nadu,Employed,1598077.77,133173.15,6,Young Professionals,Medium
CUST102257,Avni,Bal,,Female,Widowed,Graduate,Self Employed,Ahmedabad,Gujarat,Self Employed,3382173.89,281847.82,16,High Net Worth Individuals,High
CUST103551,Leela,Cherian,38,Female,Single,Post Graduate,Homemaker,Chandigarh,Punjab,Not Employed,102593.87,8549.49,12,Business Owners,Low
CUST100473,Kashish,Raj,31,Female,Divorced,Diploma,Salaried - Private,,Uttar Pradesh,Employed,1213741.58,101145.13,9,Young Professionals,Medium
CUST100021,Radhika,Handa,24,Female,Single,Graduate,Unemployed,Raipur,,Not Employed,,5135.61,6,Young Professionals,Medium
CUST102752,Urishilla,Padmanabhan,29,Female,Single,Doctorate,Salaried - Government,Patna,Bihar,Employed,1263950.62,105329.22,11,Young Professionals,Medium
CUST100885,Saksham,Pau,21,Male,Widowed,Post Graduate,Salaried - Private,Jaipur,Rajasthan,Employed,1653062.92,137755.24,3,Young Professionals,High
CUST102448,Wazir,Bawa,37,Male,Divorced,Diploma,Salaried - Private,Thiruvananthapuram,Kerala,Employed,870018.96,72501.58,18,Business Owners,Medium
CUST100917,Dayamai,Halder,27,Female,Widowed,Graduate,Salaried - Private,Nashik,Maharashtra,Employed,1796149.15,149679.1,9,Young Professionals,High
CUST103757,Ekbal,Goswami,60,Male,Widowed,Post Graduate,Self Employed,Lucknow,Uttar Pradesh,Self Employed,930291.11,77524.26,18,Business Owners,Medium
CUST103751,Urmi,Gole,60,Female,Married,Post Graduate,Business Owner,Jaipur,Rajasthan,Self Employed,17877162.19,1489763.52,4,High Net Worth Individuals,Medium
CUST102239,Luke,Sheth,45,Male,Single,High School,,Hyderabad,Telangana,Self Employed,1174438.89,97869.91,1,Business Owners,Medium
CUST103844,Anya,Kapur,60,Female,,High School,Retired,,Kerala,Retired,400725.26,33393.77,13,Retired Customers,Low
CUST103395,Siddharth,Chaudhry,32,Male,Married,Post Graduate,Salaried - Government,Thiruvananthapuram,Kerala,Employed,1356525.57,113043.8,14,Young Professionals,Medium
CUST101265,Gabriel,Mishra,45,Male,Married,Post Graduate,Salaried - Government,Hyderabad,Telangana,Employed,1463403.98,121950.33,1,Business Owners,Medium
CUST100483,Nilima,Sastry,,Female,Married,Post Graduate,Business Owner,Delhi,Delhi,Self Employed,9654321.89,804526.82,5,High Net Worth Individuals,High
CUST104337,Jagrati,Kamdar,69,Female,Single,Post Graduate,Retired,Nagpur,Maharashtra,Retired,410712.46,34226.04,5,Retired Customers,Low
CUST102963,Avi,Patla,18,Male,Single,Post Graduate,Student,Udaipur,Rajasthan,,73897.43,6158.12,1,Students,Medium
CUST101219,Frederick,Chopra,27,Other,Single,Graduate,Salaried - Private,Nagpur,Maharashtra,Employed,1219364.04,101613.67,9,Young Professionals,High
CUST100277,Jagdish,Date,30,Male,Single,High School,Business Owner,Ahmedabad,Gujarat,Self Employed,16018582.43,1334881.87,12,High Net Worth Individuals,High
CUST100988,Jacob,Bhatia,71,Male,Married,Post Graduate,Retired,,Karnataka,,488614.01,40717.83,9,Retired Customers,Low
CUST102084,Bakhshi,Karpe,23,Male,Divorced,Post Graduate,Student,Ludhiana,Punjab,Not Employed,63544.74,5295.39,5,Students,Medium
CUST101245,Yauvani,Ghosh,,Female,Single,Graduate,Student,Mumbai,Maharashtra,Not Employed,20595.96,1716.33,1,Students,Medium
CUST102382,Lavanya,Bawa,51,Female,,High School,Business Owner,Kochi,Kerala,Self Employed,7801139.28,650094.94,4,High Net Worth Individuals,High
CUST100571,Chakradev,Chada,62,,Widowed,Graduate,Retired,Indore,Madhya Pradesh,Retired,358202.85,29850.24,11,Retired Customers,Low
CUST101435,Aradhana,Rattan,21,Female,Divorced,High School,Salaried - Private,Mysuru,Karnataka,Employed,620039.05,51669.92,3,Young Professionals,Medium
CUST100993,Neelima,Pillai,34,Female,Single,Graduate,Business Owner,Ranchi,Jharkhand,Self Employed,14780192.16,1231682.68,12,High Net Worth Individuals,High
CUST103930,Hema,Lala,26,Female,Divorced,High School,Salaried - Private,Thiruvananthapuram,Kerala,Employed,1081657.38,90138.11,8,Young Professionals,High
CUST103447,Atharv,Natarajan,20,Male,Single,Doctorate,Student,Mysuru,Karnataka,Not Employed,,4283.54,2,Students,Medium
CUST100585,Isaiah,Sanghvi,56,Male,Widowed,,Homemaker,Pune,Maharashtra,Not Employed,50089.33,4174.11,12,Business Owners,Low
CUST103658,Logan,Wable,32,Male,Divorced,Doctorate,Freelancer,Pune,Maharashtra,Self Employed,1286771.35,107230.95,14,Young Professionals,High
CUST102514,Vanya,Deep,35,Female,,Post Graduate,Homemaker,Ranchi,Jharkhand,Not Employed,38507.47,3208.96,15,Young Professionals,Low
CUST101349,Jeevika,Venkataraman,42,Female,Divorced,Post Graduate,Business Owner,Nagpur,Maharashtra,Self Employed,5765006.16,480417.18,18,High Net Worth Individuals,
CUST101007,Timothy,Dada,32,,Married,Graduate,Salaried - Private,Chennai,Tamil Nadu,Employed,830750.35,69229.2,14,Young Professionals,Medium
CUST100674,Oliver,Bhatti,34,Male,Widowed,Post Graduate,Salaried - Private,,West Bengal,Employed,996101.93,83008.49,16,Young Professionals,Medium
CUST102412,Aachal,Banerjee,,Female,,Graduate,Business Owner,Pune,Maharashtra,Self Employed,7240579.97,603381.66,12,High Net Worth Individuals,High
CUST102903,Anita,Hans,59,Female,Married,Graduate,Retired,Dehradun,Uttarakhand,Retired,943286.71,78607.23,17,Retired Customers,Medium
CUST100447,Bhavya,Keer,30,Female,Single,High School,Unemployed,Delhi,Delhi,Not Employed,,4541.71,5,Young Professionals,Low
CUST103834,Aashi,Kari,18,Other,Single,High School,Student,Raipur,Chhattisgarh,Not Employed,103282.37,8606.86,1,Students,Medium
CUST103758,Joshua,Chakraborty,24,Male,,High School,Student,Kolkata,West Bengal,Not Employed,51630.05,4302.5,6,Students,Medium
CUST103703,Veer,Dayal,36,Male,Widowed,Graduate,Business Owner,Mysuru,Karnataka,Self Employed,3967380.91,330615.08,12,High Net Worth Individuals,High
CUST100359,Kashvi,Ghose,33,Female,Married,Graduate,Business Owner,Kochi,Kerala,Self Employed,8084536.34,673711.36,15,High Net Worth Individuals,High
CUST102064,Triya,Narayanan,18,Female,Single,Post Graduate,Unemployed,Guwahati,Assam,Not Employed,47027.72,3918.98,1,Young Professionals,Medium
CUST104449,David,Ravi,63,Male,Widowed,Doctorate,Retired,Bengaluru,Karnataka,Retired,798334.34,66527.86,16,Retired Customers,Low
CUST103810,Shravya,Yohannan,18,Female,,Diploma,Unemployed,Indore,Madhya Pradesh,Not Employed,56189.08,4682.42,1,Young Professionals,Medium
CUST101690,Aishani,Andra,35,Female,Single,Post Graduate,Business Owner,Jaipur,Rajasthan,Self Employed,4889603.16,407466.93,8,High Net Worth Individuals,High
CUST104326,Vritti,Pall,21,,Single,Graduate,Salaried - Government,Dehradun,Uttarakhand,Employed,1439811,119984.25,3,Young Professionals,Medium
CUST101548,Qabil,Bora,22,Male,Married,Post Graduate,Homemaker,Dehradun,Uttarakhand,Not Employed,34680.1,2890.01,4,Young Professionals,Medium
CUST101247,Unni,Shere,27,Female,Divorced,High School,Salaried - Private,Nagpur,Maharashtra,Employed,1214577.68,101214.81,4,Young Professionals,High
CUST101985,Ekta,Dasgupta,58,Female,Widowed,Post Graduate,Retired,Indore,Madhya Pradesh,Retired,452142.78,37678.57,12,Retired Customers,Low
CUST100294,Damyanti,Sant,,Female,Widowed,Post Graduate,Self Employed,Ahmedabad,Gujarat,Self Employed,3019489.35,251624.11,10,High Net Worth Individuals,High
CUST101547,Dayamai,Vora,39,Female,Divorced,High School,Salaried - Private,Surat,Gujarat,Employed,1681130.7,140094.23,2,Business Owners,Medium
CUST102012,Ekalinga,Narula,36,Male,Divorced,Diploma,Salaried - Private,Bhubaneswar,Odisha,Employed,1191796.61,99316.38,18,Business Owners,Medium
CUST100588,Madhavi,More,33,Female,,Post Graduate,Unemployed,Coimbatore,Tamil Nadu,Not Employed,52656.01,4388,10,Young Professionals,Low
CUST103329,Girik,Tata,30,Male,Married,High School,Salaried - Private,Nashik,Maharashtra,Employed,2140327.73,178360.64,4,Young Professionals,High
CUST102403,Pahal,Dugar,61,Female,Widowed,Post Graduate,Retired,Kochi,Kerala,Retired,421066.44,35088.87,9,Retired Customers,Low
CUST102129,Warinder,Saran,55,Male,Widowed,Post Graduate,Business Owner,Ahmedabad,Gujarat,Self Employed,5855653.39,487971.12,13,High Net Worth Individuals,
CUST104388,Anya,Khalsa,21,,Widowed,High School,Student,Hyderabad,Telangana,Not Employed,35521.34,2960.11,,Students,Medium
CUST102410,Radha,Sethi,70,Female,Divorced,Post Graduate,,Patna,Bihar,Retired,353868.27,29489.02,11,Retired Customers,Low
CUST102719,Bhavini,Soman,21,Female,Widowed,High School,Student,Kochi,Kerala,Not Employed,28886.12,2407.18,3,Students,Medium
CUST100425,Udant,Yohannan,50,Male,Single,High School,Salaried - Private,,Delhi,Employed,2111048.7,175920.73,,Business Owners,Medium
CUST102582,Falan,Gaba,,Male,Widowed,Graduate,Salaried - Government,,Assam,Employed,884555.37,73712.95,11,Business Owners,Medium
CUST101054,Bhavani,Gill,36,Female,Widowed,High School,Self Employed,Raipur,Chhattisgarh,Self Employed,1569789.33,130815.78,18,Business Owners,High
CUST103966,Farhan,Prasad,20,Male,Single,,Student,Lucknow,Uttar Pradesh,Not Employed,74225.25,6185.44,2,Students,Medium
CUST104562,Vritti,Jaggi,30,Female,Divorced,Post Graduate,Salaried - Government,Vadodara,Gujarat,Employed,952520.41,79376.7,12,Young Professionals,Medium
CUST100556,Bhavini,Date,58,Female,Single,Post Graduate,Retired,,Uttar Pradesh,Retired,453075.25,37756.27,11,Retired Customers,Low
CUST104358,Wishi,Upadhyay,50,Female,Single,Post Graduate,Homemaker,Udaipur,Rajasthan,Not Employed,36255.48,3021.29,19,Business Owners,Low
CUST103938,Teerth,Bhattacharyya,39,Male,Divorced,Graduate,Business Owner,Indore,Madhya Pradesh,Self Employed,11150351.7,929195.97,19,High Net Worth Individuals,High
CUST104712,Garima,Bhasin,31,Female,Divorced,Graduate,Self Employed,Surat,Gujarat,Self Employed,1059722.42,88310.2,13,Young Professionals,High
CUST102469,Faras,Chada,19,Male,Single,High School,Student,Bhubaneswar,Odisha,Not Employed,129181.98,10765.16,1,Students,Medium
CUST104710,Tristan,Arya,18,Male,Single,Post Graduate,Student,Lucknow,Uttar Pradesh,Not Employed,15820.28,,1,,Medium
CUST100355,Niharika,Bhasin,40,Female,Married,Graduate,Salaried - Government,Thiruvananthapuram,Kerala,Employed,1185569.76,98797.48,19,,
CUST101193,Aarini,Randhawa,21,Female,Widowed,Post Graduate,Salaried - Private,Ranchi,Jharkhand,Employed,681815.41,56817.95,3,,Medium
CUST101716,Indrajit,Warrior,48,Male,Married,Graduate,Business Owner,Kolkata,West Bengal,Self Employed,7605173.26,633764.44,19,High Net Worth Individuals,High
CUST103416,Jasmit,Bail,26,Female,Widowed,Graduate,Self Employed,Bengaluru,Karnataka,Self Employed,1224355.92,102029.66,8,Young Professionals,High
CUST102604,Aryan,Chopra,47,Male,Married,High School,Salaried - Private,Ahmedabad,,Employed,1162138.05,,14,Business Owners,Medium
CUST104129,Bhavna,Nayak,18,Female,Single,Diploma,Student,Bhopal,Madhya Pradesh,Not Employed,97805.23,8150.44,1,Students,Medium
CUST102828,Vyanjana,Walia,35,Female,Widowed,Post Graduate,Homemaker,Thiruvananthapuram,Kerala,Not Employed,30472.85,2539.4,4,Young Professionals,Low
CUST101704,Pahal,Malhotra,66,Female,Single,High School,Retired,Patna,Bihar,Retired,525954.3,43829.53,17,Retired Customers,Low
CUST102863,Balhaar,Malhotra,32,Male,Divorced,Graduate,Homemaker,Mumbai,Maharashtra,Not Employed,155198.46,12933.2,9,Young Professionals,Low
CUST102618,Henry,Bhardwaj,,Male,Single,Post Graduate,Salaried - Private,Coimbatore,Tamil Nadu,Employed,2288006.47,190667.21,1,Business Owners,Medium
CUST102400,Unni,Chawla,25,Female,Divorced,Graduate,Freelancer,Patna,,Self Employed,441689.04,36807.42,7,Young Professionals,High
CUST102139,Mekhala,Hayer,21,Female,Married,Graduate,Unemployed,Patna,Bihar,Not Employed,,3042.3,3,Young Professionals,Medium
CUST103239,Eshana,Rana,65,Female,Widowed,Graduate,,Udaipur,Rajasthan,Retired,670870.34,55905.86,14,Retired Customers,Low
CUST102383,Qadim,Kant,45,Male,Married,Graduate,Business Owner,Thiruvananthapuram,Kerala,,8914827.71,742902.31,9,High Net Worth Individuals,High
CUST103218,Peter,Raghavan,21,Male,Divorced,Post Graduate,Salaried - Government,Mysuru,Karnataka,Employed,1541600.22,128466.68,3,Young Professionals,Medium
CUST103935,Vasatika,Khatri,23,Female,Married,Doctorate,Salaried - Private,Bhubaneswar,Odisha,Employed,1053427.52,87785.63,5,Young Professionals,High
CUST101285,Vamakshi,Suresh,20,Female,,Graduate,Student,Surat,Gujarat,Not Employed,139001.92,11583.49,2,Students,Medium
CUST103796,Chaitanya,Rana,34,Male,Single,Graduate,Salaried - Government,,Kerala,Employed,1483904.97,123658.75,16,Young Professionals,Medium
CUST104894,Dev,Thaman,33,Male,Divorced,Graduate,Self Employed,Lucknow,Uttar Pradesh,Self Employed,1787022.74,148918.56,4,Business Owners,High
CUST104468,Niharika,Varma,42,Female,Single,Post Graduate,Salaried - Private,Dehradun,,Employed,1351704.71,112642.06,2,Business Owners,Medium
CUST102087,Abhiram,Jain,26,Male,,Post Graduate,Homemaker,Vadodara,Gujarat,Not Employed,49660.59,4138.38,8,Young Professionals,Medium
CUST101889,Samuel,Vala,36,Male,Widowed,Graduate,Homemaker,Mysuru,Karnataka,Not Employed,35002.73,2916.89,18,Business Owners,Low
CUST104622,Tanay,Korpal,27,Male,Divorced,Post Graduate,,Coimbatore,Tamil Nadu,Employed,672886.36,56073.86,,Young Professionals,Medium
CUST101591,Daksha,Narula,44,Female,Widowed,Post Graduate,Business Owner,Nashik,Maharashtra,Self Employed,6967518.95,580626.58,13,High Net Worth Individuals,High
CUST101346,Charvi,Agarwal,67,Female,Married,Graduate,Retired,Hyderabad,Telangana,Retired,247228.39,20602.37,9,Retired Customers,Low
CUST104431,Lila,Bera,46,Female,Married,Post Graduate,Salaried - Government,Bhubaneswar,Odisha,Employed,783084.57,65257.05,18,Business Owners,Low
CUST102162,Saanvi,Sule,29,Female,Divorced,Post Graduate,Salaried - Government,Vadodara,Gujarat,,764848.42,63737.37,11,,Medium
CUST102396,Inaya,Vora,59,Female,Widowed,Doctorate,Retired,Bhubaneswar,Odisha,Retired,471835.16,39319.6,7,Retired Customers,Low
CUST104768,Yadavi,Chatterjee,46,Female,Married,Diploma,Salaried - Private,Bhopal,Madhya Pradesh,,2657804.26,221483.69,1,Business Owners,Medium
CUST102271,Ekansh,Zacharia,60,Male,Widowed,Post Graduate,,Indore,Madhya Pradesh,,950328.19,79194.02,13,Retired Customers,Low
CUST104490,Gaurika,Dey,54,Female,Divorced,Graduate,Salaried - Private,Chandigarh,Punjab,Employed,2762645.98,230220.5,12,Business Owners,Medium
CUST103111,Benjamin,Yohannan,66,Male,Married,Graduate,Retired,Dehradun,Uttarakhand,Retired,473233.91,39436.16,5,Retired Customers,Low
CUST101137,Zarna,Basak,63,Female,Married,Diploma,Retired,Ludhiana,Punjab,Retired,495847.95,41320.66,3,Retired Customers,Low
CUST103895,Vrinda,More,,Female,Single,Graduate,Student,Bengaluru,Karnataka,Not Employed,19629.8,1635.82,,Students,Medium
CUST100972,Noah,Gaba,26,Male,Single,High School,Salaried - Government,Thiruvananthapuram,Kerala,Employed,512858.99,42738.25,3,Young Professionals,
CUST100795,Sanaya,Bali,74,Female,Married,Graduate,Retired,Pune,Maharashtra,Retired,1012828.07,84402.34,8,Retired Customers,Low
CUST103020,Advik,Sha,28,Male,Married,Graduate,Salaried - Private,Hyderabad,Telangana,Employed,1535566.31,127963.86,10,Young Professionals,High
CUST101711,Agastya,Tank,29,Male,Divorced,Diploma,Salaried - Government,Bhopal,Madhya Pradesh,Employed,696412.92,58034.41,7,Young Professionals,Medium
CUST103387,Matthew,Chana,34,Male,Divorced,Post Graduate,Self Employed,Thiruvananthapuram,Kerala,Self Employed,1168457.67,,13,Business Owners,High
CUST100036,Nisha,Rattan,29,Female,Married,Doctorate,Self Employed,,Telangana,Self Employed,,157793.96,8,Young Professionals,High
CUST100453,Aradhana,Nair,32,Female,Single,Graduate,Salaried - Government,Delhi,Delhi,Employed,847629.78,70635.82,14,Young Professionals,Medium
CUST100913,Jhalak,Behl,28,Female,Married,Graduate,Salaried - Private,Nashik,Maharashtra,Employed,1118947.39,93245.62,10,Young Professionals,High
CUST104081,Ekiya,Sinha,49,Female,Widowed,Doctorate,Self Employed,Mysuru,Karnataka,Self Employed,1219061.65,101588.47,8,Business Owners,Medium
CUST101199,Wakeeta,Murthy,22,Female,Single,Graduate,Salaried - Government,Coimbatore,Tamil Nadu,Employed,630195.21,,4,Young Professionals,Medium
CUST101274,Widisha,Yogi,18,Female,,High School,Student,Coimbatore,Tamil Nadu,Not Employed,62229.27,5185.77,1,Students,Medium
CUST102375,Bahadurjit,Bassi,36,,Widowed,Graduate,Freelancer,Delhi,Delhi,Self Employed,480749.13,40062.43,12,Business Owners,Medium
CUST100037,Lipika,Bhatti,,Female,Divorced,High School,Retired,Guwahati,Assam,Retired,655945.7,54662.14,19,Retired Customers,Low
CUST100974,Idika,Atwal,30,Female,Married,Graduate,Salaried - Private,Thiruvananthapuram,Kerala,Employed,1183566.95,98630.58,12,Young Professionals,Medium
CUST103195,Guneet,Chokshi,35,Male,Divorced,Graduate,Salaried - Private,Raipur,Chhattisgarh,Employed,816897.95,68074.83,17,Young Professionals,Medium
CUST100983,Leena,Rajagopal,32,Female,Divorced,Graduate,Salaried - Private,Chandigarh,Punjab,Employed,1017894.51,84824.54,13,Young Professionals,Medium
CUST103904,Girindra,Soni,30,Male,Widowed,High School,Salaried - Private,Lucknow,Uttar Pradesh,Employed,2335025.69,194585.47,12,Young Professionals,High
CUST104069,Yashica,Basu,44,Female,Widowed,Post Graduate,Business Owner,Coimbatore,Tamil Nadu,Self Employed,7874060.02,656171.67,18,High Net Worth Individuals,High
CUST101418,Zaid,Ganesan,29,Male,Divorced,Post Graduate,Salaried - Private,Bhopal,Madhya Pradesh,Employed,759207.75,63267.31,11,Young Professionals,Medium
CUST103332,Urishilla,Bhasin,43,Female,Divorced,Graduate,Homemaker,Chennai,Tamil Nadu,Not Employed,,12919.92,9,Business Owners,Low
CUST101560,Anamika,Gopal,24,Female,Single,High School,Salaried - Private,Pune,Maharashtra,Employed,712821.25,59401.77,6,Young Professionals,
CUST100039,Jagvi,Tata,34,Female,Married,,Business Owner,Coimbatore,Tamil Nadu,Self Employed,8578739.21,714894.93,16,High Net Worth Individuals,High
CUST101486,Tanmayi,Sethi,28,Female,Single,High School,Salaried - Private,Lucknow,Uttar Pradesh,Employed,549895.9,45824.66,10,Young Professionals,
CUST103883,Chatura,Chauhan,21,Male,Single,Graduate,Student,Surat,Gujarat,Not Employed,111737.7,9311.48,3,Students,Medium
CUST100169,Hema,Sachar,70,Female,Widowed,Graduate,Retired,Lucknow,Uttar Pradesh,Retired,825317.54,68776.46,6,Retired Customers,Low
CUST101355,Rehaan,Chakraborty,43,Male,Single,Doctorate,Salaried - Private,Vadodara,Gujarat,Employed,1434772.56,119564.38,17,Business Owners,Medium
CUST102785,Wyatt,Pillay,39,Male,Single,Graduate,Salaried - Government,Chennai,Tamil Nadu,Employed,739762.08,61646.84,8,Business Owners,Medium
CUST103632,Darsh,Jaggi,20,Male,Single,Graduate,Student,Ahmedabad,,Not Employed,115446.79,9620.57,,Students,Medium
CUST104748,Shivani,Parekh,20,Female,Single,Graduate,Student,Ahmedabad,Gujarat,Not Employed,58368.7,4864.06,2,Students,Medium
CUST104004,Tanish,Sahni,38,Male,Widowed,High School,Self Employed,Patna,Bihar,Self Employed,622696.62,51891.39,3,Business Owners,Medium
CUST102682,Dalaja,Verma,45,Female,Widowed,High School,Salaried - Private,Udaipur,Rajasthan,Employed,1785779.04,,7,Business Owners,Medium
CUST104704,Jason,Bose,38,Male,Single,Post Graduate,Salaried - Private,Mysuru,Karnataka,Employed,1685377.77,140448.15,6,Business Owners,Medium
CUST104025,Yash,Bala,41,Male,Married,Graduate,Business Owner,Hyderabad,Telangana,Self Employed,6446737.85,537228.15,3,High Net Worth Individuals,High
CUST101640,Triya,Doctor,22,Female,Single,Post Graduate,Student,Kochi,Kerala,Not Employed,10712.57,892.71,4,,
CUST101290,Maanas,Ganguly,19,Male,Single,Graduate,Unemployed,Jaipur,Rajasthan,Not Employed,34606.84,2883.9,1,Young Professionals,Medium
CUST101380,Bimala,Wable,30,Female,Widowed,High School,Unemployed,Hyderabad,Telangana,Not Employed,26745.92,2228.83,4,Young Professionals,Low
CUST101933,Zansi,Kannan,48,Female,Single,High School,Salaried - Private,Kanpur,Uttar Pradesh,Employed,1122146.28,93512.19,17,,Medium
CUST100579,Patrick,Chawla,23,Male,Single,Diploma,Salaried - Private,Raipur,Chhattisgarh,Employed,,90449.61,5,Young Professionals,High
CUST104220,Frado,Swamy,41,Male,Single,Graduate,,Hyderabad,Telangana,Employed,1353103.37,112758.61,18,Business Owners,Medium
CUST103160,Pranav,Bava,38,Male,Married,High School,Salaried - Government,Ahmedabad,Gujarat,Employed,818184.53,68182.04,1,Business Owners,Medium
CUST102030,Chandani,Ranganathan,,Female,Divorced,Post Graduate,Salaried - Private,Pune,Maharashtra,Employed,468774.91,39064.58,12,Young Professionals,Medium
CUST100892,Eesha,Chatterjee,54,Female,Widowed,Post Graduate,Business Owner,Lucknow,Uttar Pradesh,,6620132.25,551677.69,18,,High
CUST103951,Banjeet,Singhal,43,Male,Divorced,High School,Business Owner,Nagpur,Maharashtra,Self Employed,9754976.12,812914.68,20,High Net Worth Individuals,High
CUST100780,Oeshi,Chauhan,25,Female,Divorced,Post Graduate,Salaried - Private,Ahmedabad,Gujarat,Employed,1387139.05,,7,Young Professionals,High
CUST100159,Bishakha,Dixit,41,Female,Single,,,Chandigarh,Punjab,Self Employed,488811.17,40734.26,13,Business Owners,Medium
CUST100002,Isaac,Dewan,34,Male,Married,Graduate,Homemaker,Coimbatore,Tamil Nadu,Not Employed,42640.94,3553.41,4,Young Professionals,Low
CUST102263,Krishna,Mander,38,Female,Widowed,Post Graduate,Salaried - Government,Nagpur,Maharashtra,Employed,1303604.42,108633.7,4,Business Owners,Medium
CUST103216,George,Sarraf,29,Male,Widowed,High School,Salaried - Private,Thiruvananthapuram,Kerala,Employed,2041588.61,170132.38,3,Young Professionals,High
CUST102109,Ishanvi,Mutti,27,Female,Married,Post Graduate,Self Employed,Coimbatore,Tamil Nadu,Self Employed,1308471.38,109039.28,1,Young Professionals,High
CUST100849,Sathvik,Balasubramanian,58,Male,Single,Post Graduate,Retired,Patna,Bihar,,458016.58,,18,Retired Customers,Low
CUST102737,Deepa,Sheth,47,Female,Single,Graduate,Salaried - Private,Surat,Gujarat,Employed,2619091.51,218257.63,1,Business Owners,Medium
CUST102466,Elijah,Sastry,41,Male,Single,,Salaried - Government,Bhopal,Madhya Pradesh,Employed,,150517.09,20,Business Owners,Medium
CUST103650,Suhani,Gala,25,Female,Widowed,Diploma,Salaried - Private,Indore,Madhya Pradesh,Employed,831437.54,69286.46,7,Young Professionals,High
CUST101596,Chasmum,Bawa,18,Female,Single,Post Graduate,Student,Indore,Madhya Pradesh,Not Employed,123772.11,10314.34,1,,Medium
CUST101776,Chatura,Bahri,72,Male,Married,Post Graduate,Retired,Pune,Maharashtra,Retired,520252.37,43354.36,16,Retired Customers,Low
CUST101913,Rishi,Saha,43,Male,,Post Graduate,Self Employed,Ludhiana,,Self Employed,2248783.75,187398.65,20,Business Owners,High
CUST101043,Arjun,Konda,41,Male,Widowed,Post Graduate,Salaried - Government,Mysuru,Karnataka,Employed,1449568.28,120797.36,13,Business Owners,Medium
CUST104713,Amol,Ghose,69,Male,Married,Graduate,Retired,Ludhiana,Punjab,Retired,476752.9,39729.41,5,Retired Customers,Low
CUST101544,Hema,Naik,21,Female,Single,Graduate,Salaried - Private,Indore,Madhya Pradesh,Employed,1512024.2,126002.02,3,Young Professionals,High
CUST102736,Brinda,Sur,48,Female,Divorced,Post Graduate,Salaried - Private,Udaipur,Rajasthan,Employed,1927299.06,160608.26,10,Business Owners,Medium
CUST103706,Vasatika,Solanki,,Female,Married,Post Graduate,Business Owner,Bhopal,Madhya Pradesh,Self Employed,13885890.99,1157157.58,10,High Net Worth Individuals,High
CUST104617,Megha,Bail,21,Female,Married,Graduate,Salaried - Private,Bhopal,Madhya Pradesh,Employed,1324154.07,110346.17,1,Young Professionals,High
CUST100053,Dakshesh,Yadav,42,Male,Married,High School,Self Employed,Chandigarh,Punjab,Self Employed,593062.64,,5,,Medium
CUST101796,Kamya,Agate,25,Female,Widowed,,Salaried - Private,Udaipur,Rajasthan,Employed,939220.09,78268.34,7,Young Professionals,High
CUST101911,Yashodhara,Mani,41,Female,Single,Graduate,Unemployed,Chennai,Tamil Nadu,Not Employed,49446.4,4120.53,6,Business Owners,Low
CUST102306,Alka,Grewal,46,Female,Widowed,Graduate,Self Employed,Indore,Madhya Pradesh,Self Employed,2040345.98,170028.83,12,Business Owners,High
CUST102553,Varsha,Shan,32,Female,Single,Graduate,Salaried - Private,Ludhiana,,Employed,1793275.31,149439.61,10,Young Professionals,Medium
CUST102800,Geetika,Banik,38,Female,Single,Graduate,Self Employed,Guwahati,Assam,Self Employed,834241.22,69520.1,17,Business Owners,High
CUST104086,Shivani,Ganguly,45,Female,Divorced,Diploma,Salaried - Private,Udaipur,Rajasthan,Employed,1863034.83,155252.9,17,,Medium
CUST104127,Ojas,Gill,,Male,Divorced,Graduate,Salaried - Government,Ludhiana,Punjab,Employed,1133772.91,94481.08,15,Business Owners,Medium
CUST100824,Mohammed,Rao,45,Male,Widowed,Diploma,Homemaker,Hyderabad,Telangana,Not Employed,87836.53,7319.71,8,Business Owners,Low
CUST104733,Oviya,Bala,31,Female,Married,High School,Self Employed,Indore,,Self Employed,796918.64,66409.89,3,,Medium
CUST103178,Sathvik,Sharma,39,Male,Widowed,Diploma,Self Employed,Lucknow,Uttar Pradesh,Self Employed,2748949.2,229079.1,13,Business Owners,High
CUST103401,George,Sawhney,30,Male,Single,Graduate,Salaried - Private,Chennai,,Employed,1277515.74,106459.65,12,Young Professionals,Medium
CUST101389,Bhanumati,Rao,20,Female,Single,Graduate,Student,Ranchi,Jharkhand,Not Employed,24433.2,,2,Students,Medium
CUST103564,Agastya,Kadakia,39,Male,Widowed,Graduate,Salaried - Private,,Uttar Pradesh,Employed,646009.16,53834.1,4,Business Owners,
CUST104876,Isaac,Tripathi,21,Male,Married,Diploma,Salaried - Government,Ludhiana,Punjab,Employed,950701.3,79225.11,3,Young Professionals,Medium
CUST100884,Libni,Pau,42,Female,Widowed,Graduate,Business Owner,,Madhya Pradesh,Self Employed,9106131.67,758844.31,2,High Net Worth Individuals,High
CUST103805,Omya,Babu,24,Female,Widowed,High School,Salaried - Private,Thiruvananthapuram,Kerala,Employed,746475.59,62206.3,4,Young Professionals,Medium
CUST101607,Rushil,Sinha,35,Male,Divorced,Post Graduate,Business Owner,Dehradun,Uttarakhand,Self Employed,7659129.77,638260.81,16,High Net Worth Individuals,High
CUST101594,Libni,Manda,23,Female,Widowed,Post Graduate,Salaried - Government,Chennai,Tamil Nadu,Employed,1092340.46,,5,Young Professionals,Medium
CUST100771,Raksha,Sarkar,39,Female,Widowed,Graduate,Salaried - Private,Bhopal,Madhya Pradesh,Employed,1660995.47,138416.29,2,Business Owners,Medium
CUST102611,Ranveer,Bir,38,Male,Married,Post Graduate,Self Employed,Lucknow,Uttar Pradesh,Self Employed,1225977.47,102164.79,18,Business Owners,High
CUST104661,Nidhi,Mangat,53,Female,Widowed,High School,Business Owner,Delhi,Delhi,Self Employed,5059771.92,421647.66,16,High Net Worth Individuals,High
CUST102273,Teerth,Viswanathan,45,Male,Married,Post Graduate,Business Owner,Chandigarh,Punjab,,12222023.29,1018501.94,18,High Net Worth Individuals,High
CUST101868,Chatresh,Kumar,56,Male,Widowed,Post Graduate,Business Owner,Chandigarh,Punjab,Self Employed,11586072.88,965506.07,9,High Net Worth Individuals,High
CUST101085,Praneel,Morar,26,Male,Single,Doctorate,Business Owner,Raipur,Chhattisgarh,Self Employed,6432407.59,536033.97,8,High Net Worth Individuals,High
CUST100010,Maya,Ahuja,38,Female,Divorced,Graduate,Homemaker,Surat,,Not Employed,64575.92,5381.33,5,Business Owners,Low
CUST103611,Gagan,Thakur,43,Male,Widowed,Post Graduate,Salaried - Private,Surat,Gujarat,Employed,1229659.48,102471.62,16,Business Owners,Medium
CUST101325,Rachita,Bhatnagar,49,Female,Married,Post Graduate,Salaried - Private,Lucknow,Uttar Pradesh,Employed,1547351.58,128945.97,20,Business Owners,Medium
CUST103390,Urvashi,Nadig,33,Female,Widowed,High School,Salaried - Private,Guwahati,Assam,,1462179.74,121848.31,15,Young Professionals,Medium
CUST101463,Jagat,Manne,21,Male,Married,Graduate,Student,Ludhiana,Punjab,Not Employed,117537.13,9794.76,3,Students,Medium
CUST100806,Lekha,Lad,44,Female,Single,Graduate,Salaried - Private,Nashik,Maharashtra,,644889.14,53740.76,13,Business Owners,Medium
CUST104260,Kritika,Pillay,25,Female,Widowed,Graduate,Self Employed,Hyderabad,Telangana,Self Employed,1425120.1,118760.01,7,Young Professionals,High
CUST103985,Ishaan,Chaudhari,53,Male,Widowed,Graduate,Unemployed,Delhi,Delhi,Not Employed,27234.78,2269.57,11,Business Owners,Low
CUST103771,Zayyan,Rajan,35,Male,Married,Graduate,Salaried - Private,Thiruvananthapuram,Kerala,Employed,1156899.32,96408.28,14,Young Professionals,Medium
CUST102108,Abhimanyu,Prashad,48,Other,Married,,Salaried - Private,Patna,Bihar,Employed,1891069.92,157589.16,20,Business Owners,Medium
CUST104235,Geetika,Buch,38,Female,Single,Post Graduate,Salaried - Private,Indore,Madhya Pradesh,Employed,786803.37,65566.95,9,Business Owners,Medium
CUST104956,Ridhi,Bhatt,53,Female,Divorced,,Salaried - Private,Ahmedabad,Gujarat,Employed,1808953.12,150746.09,15,Business Owners,Medium
CUST102234,Ira,Yohannan,29,Female,Divorced,Diploma,Salaried - Private,Patna,Bihar,Employed,987625.24,82302.1,,Young Professionals,High
CUST103211,Ikbal,Handa,38,Male,Divorced,Post Graduate,Salaried - Private,Pune,Maharashtra,Employed,1355221.53,112935.13,14,Business Owners,Medium
CUST100963,Yachana,Grewal,26,Female,Divorced,Graduate,Homemaker,Guwahati,Assam,Not Employed,115539.13,9628.26,2,Young Professionals,Medium
CUST103415,Shravya,Purohit,35,Female,Single,Graduate,Unemployed,Nagpur,Maharashtra,Not Employed,48359.21,4029.93,9,Young Professionals,Low
CUST103753,Nathan,Raja,29,Male,Widowed,Graduate,Salaried - Government,Bengaluru,Karnataka,Employed,1140287.92,95023.99,11,Young Professionals,Medium
CUST100398,Aadi,Shere,77,,Married,Graduate,Retired,Bhubaneswar,Odisha,Retired,791221.66,65935.14,20,Retired Customers,Low
CUST102632,Arin,Nath,39,Male,Married,Graduate,Unemployed,Jaipur,Rajasthan,Not Employed,61149.24,5095.77,2,Business Owners,Low
CUST104851,Diya,Tata,51,Female,Divorced,High School,Salaried - Private,Nagpur,Maharashtra,Employed,1998782.08,166565.17,5,Business Owners,
CUST102996,Farhan,Garde,19,Male,Single,High School,,Mysuru,Karnataka,Not Employed,63031.37,5252.61,1,Students,
CUST100704,Raksha,Sastry,28,Female,Married,Graduate,Salaried - Private,Hyderabad,Telangana,Employed,1517092.42,126424.37,10,Young Professionals,High
CUST100431,Samesh,Bassi,46,Male,Divorced,Graduate,Salaried - Government,Pune,Maharashtra,Employed,730072.54,60839.38,7,,Low
CUST100292,Onkar,Arora,43,Male,Married,High School,Business Owner,Chandigarh,Punjab,Self Employed,10036378.15,836364.85,17,High Net Worth Individuals,High
CUST104867,Zayan,Bali,28,Male,Married,Graduate,,Bhubaneswar,Odisha,Employed,675626.33,56302.19,10,Young Professionals,Medium
CUST100145,Ekani,Lalla,21,Female,Married,Post Graduate,,Ranchi,Jharkhand,Not Employed,29754.81,2479.57,3,Young Professionals,Medium
CUST104393,Maya,Dave,39,Female,Single,Graduate,Salaried - Private,Chennai,Tamil Nadu,Employed,903826.38,75318.87,5,Business Owners,Medium
CUST102033,Fitan,Varkey,18,Male,Single,Graduate,Student,Bhopal,Madhya Pradesh,Not Employed,91714.92,7642.91,1,Students,Medium
CUST104283,Gaurika,Narain,34,Female,Married,Graduate,Unemployed,Kolkata,West Bengal,Not Employed,,6571.72,15,Young Professionals,Low
CUST101165,Nathan,Patel,27,Male,Widowed,High School,Salaried - Private,Thiruvananthapuram,Kerala,Employed,1212028.58,101002.38,3,Young Professionals,High
CUST103500,Eiravati,Kakar,42,Female,Widowed,High School,Self Employed,Nagpur,Maharashtra,Self Employed,694026.49,57835.54,2,Business Owners,Medium
CUST102050,Qadim,Brahmbhatt,35,Male,Divorced,Graduate,Business Owner,Jaipur,Rajasthan,Self Employed,14202908.12,1183575.68,7,High Net Worth Individuals,High
CUST102624,Yuvraj,Venkatesh,34,,,Graduate,Salaried - Private,Delhi,Delhi,Employed,1461643.89,121803.66,16,Young Professionals,Medium
CUST104378,Zehaan,Misra,38,Male,Married,Graduate,Unemployed,Bhubaneswar,Odisha,Not Employed,41253.31,3437.78,,Business Owners,Low
CUST100339,Yatan,Chauhan,57,Male,Single,Post Graduate,,Lucknow,Uttar Pradesh,Self Employed,,,8,High Net Worth Individuals,High
CUST103879,Upadhriti,Chaudhuri,21,Female,Widowed,Post Graduate,Salaried - Government,Coimbatore,Tamil Nadu,Employed,692897.23,57741.44,3,Young Professionals,
CUST104632,Abeer,Andra,42,Male,Widowed,Graduate,Business Owner,Mysuru,Karnataka,Self Employed,12079932.64,1006661.05,11,High Net Worth Individuals,High
CUST102973,Vamakshi,Nanda,41,Female,Married,Graduate,Business Owner,Ludhiana,Punjab,Self Employed,6931929.48,577660.79,14,High Net Worth Individuals,High
CUST100265,Sachi,Narang,37,Female,Married,Graduate,Business Owner,Thiruvananthapuram,Kerala,Self Employed,4017230.97,334769.25,10,High Net Worth Individuals,High
CUST102424,Kamala,Kunda,40,Female,Divorced,Graduate,Salaried - Government,Ludhiana,Punjab,Employed,890921.15,74243.43,16,Business Owners,
CUST101262,Rishi,Ramanathan,31,,Divorced,Post Graduate,Salaried - Government,,Jharkhand,Employed,1374474.45,114539.54,13,Young Professionals,Medium
CUST101771,Alka,Thaman,21,Female,Single,Post Graduate,Salaried - Private,,Uttar Pradesh,Employed,852657.33,71054.78,3,Young Professionals,High
CUST103511,Darpan,Misra,59,Male,Widowed,High School,Retired,Chandigarh,Punjab,,637284.91,53107.08,5,Retired Customers,Low
CUST100271,Aditya,Zacharia,45,Male,Married,High School,Business Owner,Delhi,Delhi,Self Employed,3979557.76,331629.81,11,High Net Worth Individuals,High
CUST100696,Gautam,Gandhi,37,Male,Single,Graduate,Salaried - Private,Ludhiana,Punjab,Employed,1288096.9,107341.41,15,Business Owners,Medium
CUST100747,Zansi,Tripathi,36,Female,Single,Graduate,Salaried - Private,,Telangana,Employed,2010195.98,167516.33,5,Business Owners,High
CUST100244,Sarthak,Reddy,25,Male,Widowed,Post Graduate,Salaried - Private,Dehradun,Uttarakhand,Employed,1296955.65,108079.64,4,Young Professionals,High
CUST100317,Charita,Menon,65,Female,Single,Graduate,Retired,Hyderabad,Telangana,Retired,783324.37,65277.03,3,Retired Customers,Low
CUST100476,Siya,Maharaj,65,Female,Widowed,Post Graduate,Retired,Nagpur,Maharashtra,Retired,822348.98,68529.08,4,Retired Customers,Low
CUST102032,Abdul,Khare,49,Male,Married,Graduate,Homemaker,Patna,Bihar,Not Employed,70321.35,5860.11,11,Business Owners,Low
CUST100957,Oeshi,Mangal,71,Female,Married,Graduate,Retired,Chennai,Tamil Nadu,Retired,,31155.04,13,Retired Customers,Low
CUST103816,Aarna,Dash,41,Female,Single,Graduate,Salaried - Government,Ahmedabad,Gujarat,Employed,672470.12,56039.18,19,Business Owners,Medium
CUST100813,Nathaniel,Palan,35,Male,Widowed,Post Graduate,Salaried - Government,Raipur,Chhattisgarh,Employed,731580.77,60965.06,9,Young Professionals,Medium
CUST104532,Janya,Nayar,35,Female,Single,Diploma,Salaried - Private,Guwahati,Assam,Employed,841777.05,70148.09,17,,Medium
CUST101914,Naksh,Bhagat,19,Male,Single,Graduate,Student,Kanpur,Uttar Pradesh,Not Employed,109702.02,9141.84,1,,Medium
CUST104602,Hema,Kunda,30,Female,,Diploma,Self Employed,Raipur,Chhattisgarh,Self Employed,2291006.21,190917.18,9,Young Professionals,High
CUST103487,Gautam,Saha,28,Male,Single,Diploma,Salaried - Government,Raipur,Chhattisgarh,Employed,875216.2,72934.68,10,Young Professionals,Medium
CUST101297,Neha,Bali,21,Female,Divorced,Graduate,Salaried - Government,Ahmedabad,Gujarat,Employed,774980.4,64581.7,3,Young Professionals,Medium
CUST104030,Bakhshi,Sha,44,Male,Single,High School,Self Employed,Mysuru,Karnataka,Self Employed,1088474.62,90706.22,3,Business Owners,High
CUST101804,Aryan,Chaudhry,39,Male,Single,,Business Owner,Indore,Madhya Pradesh,Self Employed,13461858.49,1121821.54,9,High Net Worth Individuals,High
CUST100758,Vedika,Srinivas,21,Female,Widowed,Graduate,Salaried - Government,Surat,Gujarat,Employed,472720.95,39393.41,3,Young Professionals,Medium
CUST100250,Aarush,Pandey,32,Male,Married,Graduate,Salaried - Private,Raipur,Chhattisgarh,Employed,2446452.9,203871.07,3,Young Professionals,
CUST102461,Qadim,Pall,40,Male,Single,Doctorate,Business Owner,Thiruvananthapuram,Kerala,Self Employed,15406455.46,1283871.29,20,High Net Worth Individuals,High
CUST100545,Pratyush,Varghese,26,Male,Divorced,Graduate,Salaried - Private,Pune,Maharashtra,Employed,1894797.95,157899.83,8,Young Professionals,High
CUST103241,Frado,Bhattacharyya,31,Male,Single,Graduate,Salaried - Private,Ludhiana,Punjab,Employed,,202864.99,13,Young Professionals,High
CUST100738,Azad,Choudhry,53,Male,Widowed,Post Graduate,Self Employed,Chandigarh,Punjab,Self Employed,2606653.69,217221.14,10,Business Owners,High
CUST100310,Meera,Majumdar,59,Female,Divorced,,Retired,Ranchi,Jharkhand,Retired,1121163.43,93430.29,20,Retired Customers,Medium
CUST103780,Nidra,Ray,20,Female,Single,Post Graduate,Student,Udaipur,Rajasthan,Not Employed,39050.8,3254.23,2,Students,Medium
CUST102941,Aarini,Amble,36,Female,Widowed,Graduate,Salaried - Government,Nashik,Maharashtra,Employed,1758843.22,146570.27,17,Business Owners,Medium
CUST101131,Tanmayi,Raghavan,20,Female,Single,Graduate,Unemployed,Raipur,Chhattisgarh,Not Employed,14020.23,1168.35,2,Young Professionals,Medium
CUST101449,Aadi,Puri,47,Male,Widowed,Post Graduate,Business Owner,Patna,Bihar,Self Employed,4589825.87,382485.49,5,High Net Worth Individuals,High
CUST104919,Xalak,Bains,34,Female,Married,Graduate,Homemaker,Kanpur,Uttar Pradesh,Not Employed,48109.62,4009.14,16,Young Professionals,Low
CUST100015,Chakradhar,Rai,43,Male,Single,Post Graduate,Salaried - Private,Indore,Madhya Pradesh,Employed,1841319.47,153443.29,13,Business Owners,Medium
CUST103232,Mohini,Sangha,39,Female,Widowed,High School,Homemaker,Ahmedabad,Gujarat,Not Employed,83595.36,,3,Business Owners,Low
CUST102769,Dev,Desai,30,Male,Divorced,Graduate,,Kochi,Kerala,Employed,,109919.18,7,Young Professionals,Medium
CUST103468,Gayathri,Mutti,38,Female,Widowed,Graduate,Salaried - Private,Chandigarh,Punjab,Employed,,149227.36,17,Business Owners,Medium
CUST100920,Forum,Sachar,65,Female,Married,Graduate,Retired,Dehradun,,Retired,430656.05,35888,16,Retired Customers,Low
CUST103029,Banjeet,Nayak,34,Male,Widowed,High School,Salaried - Private,Bhubaneswar,Odisha,,2105659.51,175471.63,4,Young Professionals,High
CUST101372,Jeet,Mane,32,Male,Widowed,High School,Business Owner,Hyderabad,,Self Employed,6976914.64,581409.55,14,High Net Worth Individuals,High
CUST103587,Krish,Sahni,40,Male,Married,Graduate,Salaried - Government,Guwahati,Assam,Employed,547522.69,45626.89,4,Business Owners,
CUST102544,Bhavini,Goel,30,Female,Divorced,Graduate,Salaried - Government,Thiruvananthapuram,Kerala,Employed,,65814.72,12,Young Professionals,Medium
CUST103598,Robert,Saha,49,Male,Widowed,Post Graduate,Self Employed,Kolkata,West Bengal,Self Employed,1683505.77,140292.15,5,Business Owners,Medium
CUST100038,Hitesh,Murty,32,Male,Widowed,Graduate,Unemployed,Lucknow,Uttar Pradesh,Not Employed,3557.24,296.44,12,Young Professionals,Low
CUST100363,Madhav,Bali,38,Male,Widowed,Graduate,Business Owner,,Madhya Pradesh,Self Employed,12593630.47,1049469.21,1,High Net Worth Individuals,High
CUST104101,Abhiram,Sama,20,Male,Single,High School,Student,Ludhiana,Punjab,Not Employed,73367.23,6113.94,1,Students,Medium
CUST100182,Maya,Panchal,21,Female,Married,Post Graduate,Student,Lucknow,Uttar Pradesh,Not Employed,21581.07,1798.42,3,Students,
CUST103033,Rajeshri,Shroff,24,Female,Single,Graduate,Salaried - Private,Lucknow,Uttar Pradesh,Employed,974297.15,81191.43,6,Young Professionals,High
CUST102983,Eta,Kalita,19,Female,Single,Graduate,Student,Surat,,Not Employed,40176.62,3348.05,1,Students,Medium
CUST101194,Ojas,Rai,35,Male,Married,,Freelancer,Surat,Gujarat,Self Employed,1528333.25,127361.1,14,Young Professionals,High
CUST102852,Amaira,Chanda,34,Female,Married,Post Graduate,,Hyderabad,Telangana,Employed,2040861.56,170071.8,3,Young Professionals,High
CUST104542,Aachal,Ben,30,Female,Single,Graduate,Homemaker,Bhopal,Madhya Pradesh,Not Employed,80735.82,6727.99,,Young Professionals,Low
CUST101121,Chanakya,Viswanathan,30,Male,Divorced,Post Graduate,Salaried - Government,Mysuru,Karnataka,Employed,,61554.29,3,Young Professionals,Medium
CUST102235,Harita,Mane,21,Female,Married,High School,Salaried - Private,Surat,Gujarat,Employed,382273.5,31856.12,3,Young Professionals,Medium
CUST102667,Chakradhar,Sawhney,36,Male,Single,High School,,Ranchi,Jharkhand,Employed,2222340.13,185195.01,18,Business Owners,High
CUST103699,Thomas,Suri,64,Male,Widowed,High School,Retired,Bengaluru,Karnataka,Retired,460947.41,38412.28,,Retired Customers,Low
CUST103223,Dayamai,Venkatesh,18,Female,Single,Graduate,Student,Coimbatore,Tamil Nadu,Not Employed,46497.01,3874.75,1,Students,Medium
CUST101182,Lipika,Mitra,40,Female,Single,High School,Salaried - Private,Bhopal,Madhya Pradesh,Employed,955867.25,79655.6,9,Business Owners,Medium
CUST104184,Ekansh,Singh,62,Male,Single,Graduate,Retired,Mumbai,Maharashtra,Retired,570167.75,47513.98,9,Retired Customers,Low
CUST104293,Jasmit,Lad,65,Female,Divorced,Post Graduate,Retired,Jaipur,Rajasthan,Retired,723857,60321.42,17,Retired Customers,
CUST100614,Hitesh,Devan,47,Male,Widowed,High School,Business Owner,Guwahati,Assam,Self Employed,5007163.35,417263.61,4,,High
CUST104908,Abha,Behl,43,Other,Single,Doctorate,Salaried - Private,Bhubaneswar,Odisha,Employed,1750021.79,145835.15,18,Business Owners,Medium
CUST101466,Nathan,Sethi,43,Male,Divorced,Post Graduate,Self Employed,Bhopal,Madhya Pradesh,Self Employed,1436625.42,119718.78,6,Business Owners,High
CUST100401,Radhika,Tara,31,Female,Married,Post Graduate,Salaried - Private,Hyderabad,Telangana,Employed,1182113.7,98509.47,4,Young Professionals,Medium
CUST103042,Lila,Thakur,46,Female,Married,High School,Business Owner,Kanpur,Uttar Pradesh,Self Employed,1226248.15,102187.35,1,Business Owners,Medium
CUST100934,Hemang,Suresh,18,Male,,High School,Student,Indore,Madhya Pradesh,Not Employed,48276.71,4023.06,1,Students,Medium
CUST102419,Garima,Chandra,27,Female,Divorced,Graduate,Self Employed,Ludhiana,Punjab,Self Employed,1373548.68,114462.39,9,Young Professionals,High
CUST104860,Sai,Mane,37,Female,Married,Doctorate,Self Employed,Kolkata,West Bengal,Self Employed,2600979.42,216748.29,12,Business Owners,High
CUST104910,Eshana,Bajaj,37,Female,Widowed,Graduate,Salaried - Private,Jaipur,Rajasthan,Employed,1009897.64,84158.14,1,Business Owners,Medium
CUST102641,Amrita,Gill,37,,Divorced,High School,Salaried - Private,Indore,Madhya Pradesh,Employed,2040435.2,170036.27,5,Business Owners,High
CUST104017,Sai,Jayaraman,33,Female,Married,High School,Self Employed,Indore,Madhya Pradesh,Self Employed,904299.74,75358.31,15,Business Owners,High
CUST100726,Elijah,Devan,32,Male,Single,Graduate,Business Owner,Bengaluru,Karnataka,Self Employed,3897609.09,324800.76,2,High Net Worth Individuals,High
CUST100826,Samesh,Rout,28,Male,Single,Post Graduate,Freelancer,Ahmedabad,Gujarat,Self Employed,668736.35,55728.03,9,Young Professionals,High
CUST101521,Amara,Nagar,64,Female,Single,Graduate,,Chandigarh,Punjab,Retired,665717.96,55476.5,5,Retired Customers,Low
CUST104856,Dakshesh,Goda,46,Male,Divorced,High School,Self Employed,Ahmedabad,Gujarat,Self Employed,1411812.92,117651.08,3,Business Owners,Medium
CUST102930,Hredhaan,Bath,45,Male,Divorced,Post Graduate,Salaried - Private,Bengaluru,Karnataka,Employed,1005733.83,83811.15,4,,Medium
CUST100136,Daksha,Borah,35,Female,Married,Post Graduate,Salaried - Private,Indore,Madhya Pradesh,Employed,,119429.77,14,Young Professionals,Medium
CUST103590,Udarsh,Sarin,38,Male,Single,Graduate,Business Owner,Patna,Bihar,Self Employed,7140242.21,595020.18,10,High Net Worth Individuals,High
CUST100628,Dakshesh,Ravel,65,Male,Widowed,Post Graduate,Retired,Raipur,Chhattisgarh,Retired,285866.12,23822.18,2,Retired Customers,Low
CUST100334,Gaurav,Mittal,33,Male,,Graduate,,Bhubaneswar,Odisha,Employed,1114213.77,92851.15,7,Young Professionals,Medium
CUST100390,Naveen,Cheema,45,Male,Divorced,Graduate,Homemaker,Kanpur,Uttar Pradesh,Not Employed,,6082.63,7,Business Owners,Low
CUST104387,Henry,Chaudhary,39,Male,Married,Graduate,Salaried - Government,Indore,Madhya Pradesh,Employed,1522535.4,126877.95,7,Business Owners,Medium
CUST104904,Praneel,Grover,30,Male,Single,Graduate,Salaried - Private,Pune,Maharashtra,Employed,1963963.44,163663.62,12,Young Professionals,Medium
CUST103832,Bhavini,Dave,53,Female,,Graduate,Homemaker,Pune,Maharashtra,Not Employed,62175.12,5181.26,9,Business Owners,Low
CUST101817,Madhavi,Rajan,63,Female,Single,Graduate,Retired,Nashik,Maharashtra,Retired,246504.58,20542.05,16,Retired Customers,Low
CUST100400,Ijaya,Vasa,31,Female,Married,Doctorate,Salaried - Private,,Punjab,Employed,849349.2,70779.1,13,Young Professionals,Medium
CUST100710,Atharv,Srivastava,50,Male,Single,Graduate,Business Owner,Pune,Maharashtra,Self Employed,17738939.59,1478244.97,3,High Net Worth Individuals,High
CUST101039,Shaurya,Babu,33,Male,Married,Post Graduate,Salaried - Private,Bhopal,Madhya Pradesh,Employed,1076726.17,89727.18,,Young Professionals,Medium
CUST103989,Indira,Narayan,24,Female,Single,Graduate,Student,Nagpur,Maharashtra,Not Employed,54126.05,4510.5,6,Students,Medium
CUST103359,Ekaraj,Keer,34,,Single,Doctorate,Business Owner,Kolkata,West Bengal,Self Employed,2595130.31,216260.86,11,Business Owners,High
CUST100046,Yatin,Chand,29,Male,Divorced,Graduate,Homemaker,Kochi,Kerala,Not Employed,133172.61,11097.72,11,Young Professionals,Medium
CUST101561,Nathan,Kant,42,Male,Married,Post Graduate,Salaried - Private,,Uttar Pradesh,Employed,918220.79,76518.4,16,Business Owners,Medium
CUST104799,Vidhi,Chopra,31,Female,Single,Graduate,Self Employed,Dehradun,Uttarakhand,Self Employed,825709.68,68809.14,13,Young Professionals,High
CUST103642,Ishaan,Devi,28,Male,Widowed,Graduate,Salaried - Private,Ludhiana,Punjab,Employed,1586425.31,132202.11,10,Young Professionals,High
CUST103726,Pahal,Purohit,40,Female,Divorced,Graduate,,Mysuru,Karnataka,Employed,1900537.86,158378.15,4,Business Owners,Medium
CUST104982,Yahvi,Batra,42,Female,,Post Graduate,Business Owner,Chandigarh,Punjab,Self Employed,,,5,High Net Worth Individuals,High
CUST101112,Darpan,Subramanian,32,Other,Married,Graduate,Salaried - Government,Dehradun,Uttarakhand,Employed,1369043.81,114086.98,14,Young Professionals,Medium
CUST102513,Nimrat,Narayan,33,Female,Widowed,Post Graduate,Homemaker,Bhopal,Madhya Pradesh,Not Employed,48675.24,4056.27,15,Young Professionals,Low
CUST103608,Arunima,Badami,64,Female,Widowed,Post Graduate,Retired,Raipur,Chhattisgarh,Retired,670821.34,55901.78,13,Retired Customers,Low
CUST101223,Tanveer,Cherian,31,Male,Widowed,Doctorate,Salaried - Government,,,Employed,897236.25,74769.69,9,Young Professionals,Medium
CUST104060,Mahika,Yogi,29,Female,Widowed,Graduate,Salaried - Private,Lucknow,Uttar Pradesh,Employed,1644192.73,137016.06,10,Young Professionals,High
CUST103023,Qasim,Shetty,18,Male,Single,Graduate,Student,Dehradun,Uttarakhand,Not Employed,43277.2,3606.43,1,Students,
CUST102421,Pranav,Dugal,31,Male,Single,High School,Salaried - Private,Bengaluru,Karnataka,Employed,833574.66,69464.56,7,Young Professionals,Medium
CUST101508,Anay,Korpal,28,Male,Married,Graduate,,Raipur,Chhattisgarh,Employed,717985.82,59832.15,6,Young Professionals,Medium
CUST101750,Sanaya,Agrawal,70,Female,Single,Graduate,Retired,Chennai,Tamil Nadu,Retired,987968.26,82330.69,1,Retired Customers,Low
CUST104837,Zaid,Nadig,21,Male,Widowed,Graduate,,Kanpur,Uttar Pradesh,Employed,1180792.19,98399.35,3,Young Professionals,Medium
CUST104096,Ati,Agrawal,71,Female,Divorced,Post Graduate,Retired,Kanpur,Uttar Pradesh,Retired,585827.75,48818.98,6,Retired Customers,Low
CUST101799,Falguni,Chana,28,Female,Single,Graduate,Business Owner,Raipur,Chhattisgarh,Self Employed,4996126.49,416343.87,10,High Net Worth Individuals,High
CUST100338,Mugdha,Date,,Female,Single,Graduate,Unemployed,Ahmedabad,Gujarat,Not Employed,12908.53,1075.71,18,Business Owners,Low
CUST100215,Hardik,Din,28,Male,Single,High School,Salaried - Private,Patna,Bihar,Employed,1527667.24,127305.6,3,Young Professionals,High
CUST103663,Nidhi,Chad,49,Female,Single,Diploma,Business Owner,Kochi,Kerala,Self Employed,11033660.4,919471.7,8,High Net Worth Individuals,High
CUST101341,Ladli,Butala,40,Female,Divorced,Graduate,Business Owner,Kolkata,West Bengal,Self Employed,10904543.94,908711.99,3,High Net Worth Individuals,High
CUST100011,Gauri,Sami,32,Female,Divorced,Graduate,Salaried - Private,Chennai,Tamil Nadu,Employed,981668.76,81805.73,4,Young Professionals,Medium
CUST101520,Lopa,Gole,48,Female,Widowed,Graduate,Salaried - Private,Chandigarh,Punjab,Employed,2050313.1,170859.43,12,Business Owners,Medium
CUST103640,Krisha,Doshi,65,Female,Single,Post Graduate,Retired,Thiruvananthapuram,Kerala,Retired,287676.79,23973.07,19,Retired Customers,Low
CUST103937,Harinakshi,Vyas,48,Female,Widowed,Graduate,Salaried - Private,Dehradun,Uttarakhand,Employed,1357213.34,113101.11,15,Business Owners,Medium
CUST104427,William,Datta,42,Male,Widowed,Graduate,Salaried - Private,Pune,Maharashtra,Employed,769974.9,64164.58,17,Business Owners,Medium
CUST103004,Teerth,Kapadia,21,Male,Married,Graduate,Salaried - Private,Ranchi,Jharkhand,Employed,1248793.55,104066.13,3,Young Professionals,High
CUST102864,Bhavani,Raja,20,Female,Single,Graduate,Student,Coimbatore,Tamil Nadu,Not Employed,15592.63,1299.39,2,Students,Medium
CUST103115,Ayaan,Patel,29,Male,Widowed,Graduate,Self Employed,Ranchi,Jharkhand,Self Employed,1470104,122508.67,11,Young Professionals,High
CUST104840,Aadhya,Seshadri,49,Female,Divorced,Graduate,,Guwahati,Assam,Self Employed,6804942.35,567078.53,20,High Net Worth Individuals,High
CUST102322,Rayaan,Arora,34,Male,Widowed,Graduate,Salaried - Private,Delhi,Delhi,Employed,1826199.39,152183.28,3,Young Professionals,Medium
CUST102571,Gaurav,Setty,38,Male,Married,Post Graduate,Unemployed,Surat,Gujarat,Not Employed,23408.56,1950.71,,Business Owners,Low
CUST102913,Yutika,Shanker,46,Female,Widowed,Post Graduate,Business Owner,Kanpur,Uttar Pradesh,Self Employed,7933790.91,661149.24,15,High Net Worth Individuals,High
CUST100101,Udyati,Goswami,48,Female,Divorced,Post Graduate,Self Employed,Chennai,Tamil Nadu,Self Employed,1152497.53,96041.46,7,Business Owners,Medium
CUST103549,Girik,Kakar,47,Male,Married,Graduate,Homemaker,Dehradun,Uttarakhand,,65996.81,5499.73,12,Business Owners,Low
CUST101458,Veer,Chad,50,Male,Widowed,Post Graduate,Self Employed,Udaipur,Rajasthan,Self Employed,2233698.59,186141.55,16,Business Owners,High
CUST100171,Ojas,Sabharwal,19,Male,Single,Graduate,Student,Indore,Madhya Pradesh,Not Employed,31946.43,2662.2,1,Students,Medium
CUST100107,Jagat,Ganesan,49,Male,Single,Diploma,Self Employed,Udaipur,Rajasthan,Self Employed,2709059.45,225754.95,19,Business Owners,High
CUST104196,Urmi,Kumer,40,Female,Widowed,Doctorate,Salaried - Private,Kolkata,West Bengal,Employed,1288818.21,107401.52,9,Business Owners,Medium
CUST103569,Falak,Som,46,Female,,Post Graduate,Self Employed,Dehradun,Uttarakhand,Self Employed,1281064.62,106755.39,6,Business Owners,Medium
CUST104991,Saksham,Bansal,21,Male,Married,Post Graduate,Salaried - Government,Jaipur,Rajasthan,Employed,1263469.63,105289.14,,Young Professionals,Medium
CUST104295,Chameli,Choudhury,28,Female,Divorced,Graduate,Freelancer,Thiruvananthapuram,Kerala,Self Employed,802351.45,66862.62,5,Young Professionals,High
CUST104063,Tripti,Dara,30,Female,Single,Post Graduate,Salaried - Private,Ranchi,Jharkhand,Employed,1299360.78,108280.07,3,Young Professionals,Medium
CUST103861,Onkar,Bhagat,18,Male,Single,,Student,Chandigarh,Punjab,Not Employed,89302.97,7441.91,1,Students,Medium
CUST104122,Tripti,Mitra,36,Female,Married,Graduate,Salaried - Private,Vadodara,Gujarat,Employed,1021795.13,85149.59,1,Business Owners,Medium
CUST104629,Anya,Deo,51,Female,Divorced,Diploma,Salaried - Private,Vadodara,Gujarat,Employed,1007565.8,83963.82,14,Business Owners,Medium
CUST100060,Damyanti,Misra,63,Female,Married,Graduate,Business Owner,Pune,Maharashtra,Self Employed,7715281.08,642940.09,19,High Net Worth Individuals,Medium
CUST101240,Nathaniel,Bhavsar,66,Male,Married,Post Graduate,Retired,Ranchi,Jharkhand,Retired,853160.63,71096.72,4,Retired Customers,Low
CUST104637,Mitesh,Narula,21,Male,Divorced,Graduate,Student,Mumbai,Maharashtra,Not Employed,27801.63,2316.8,3,Students,Medium
CUST101040,Kavya,Jhaveri,26,Female,Divorced,Graduate,Salaried - Private,Mysuru,Karnataka,Employed,848733.55,70727.8,8,Young Professionals,High
CUST104187,Abeer,Tella,44,Male,Divorced,,Self Employed,Hyderabad,Telangana,Self Employed,2154405.71,179533.81,20,Business Owners,High
CUST102760,Kamya,Sankaran,31,Female,Divorced,Graduate,Salaried - Private,Chennai,Tamil Nadu,Employed,1033329.56,86110.8,9,Young Professionals,Medium
CUST102120,Pooja,Rao,48,Female,Widowed,Post Graduate,Homemaker,Raipur,Chhattisgarh,Not Employed,14218.83,1184.9,8,Business Owners,Low
CUST101524,Warinder,Wagle,22,,Single,Graduate,Homemaker,Pune,Maharashtra,Not Employed,114537.48,9544.79,4,Young Professionals,Medium
CUST103521,Idika,Saraf,55,Female,,Graduate,Salaried - Private,Delhi,Delhi,Employed,1992556.8,166046.4,5,Business Owners,Medium
CUST100153,Udyati,Malhotra,56,Female,Widowed,High School,Homemaker,Jaipur,Rajasthan,Not Employed,71645.73,5970.48,18,Business Owners,Low
CUST102248,Vamakshi,Patil,56,Female,Widowed,Graduate,Business Owner,Mumbai,Maharashtra,Self Employed,13016142.76,1084678.56,2,High Net Worth Individuals,High
CUST100481,Jeremiah,Devan,23,Male,Single,Diploma,Homemaker,Raipur,Chhattisgarh,Not Employed,9414.5,784.54,5,Young Professionals,Medium
CUST104233,Leela,Rege,41,Female,Single,Graduate,Salaried - Government,Vadodara,Gujarat,Employed,1160260.75,96688.4,19,Business Owners,Medium
CUST104305,Yoshita,Kapadia,31,Female,Married,Graduate,Business Owner,Ranchi,Jharkhand,Self Employed,11148628.25,929052.35,7,High Net Worth Individuals,High
CUST103578,Aayush,Chauhan,43,Male,Married,Post Graduate,Salaried - Private,Kochi,Kerala,Employed,1729622.55,144135.21,18,Business Owners,Medium
CUST104125,Charvi,Nair,41,Female,Widowed,,Salaried - Private,Hyderabad,,Employed,1328523.46,110710.29,7,Business Owners,Medium
CUST103562,Girish,Choudhury,33,Male,Widowed,Graduate,Salaried - Private,Coimbatore,Tamil Nadu,Employed,1296259.5,108021.62,13,Young Professionals,Medium
CUST103315,Chameli,Ratti,34,Other,Single,Diploma,Salaried - Private,Bhubaneswar,Odisha,Employed,2229692.89,185807.74,10,Young Professionals,High
CUST101762,Neha,Mannan,39,Female,Divorced,Post Graduate,Salaried - Private,,Gujarat,Employed,1692995.55,141082.96,13,Business Owners,Medium
CUST103538,Champak,Shetty,52,Male,Single,Graduate,Self Employed,Udaipur,Rajasthan,,2658900.28,221575.02,9,Business Owners,High
CUST104803,Suhani,Narasimhan,59,Female,,Graduate,Retired,Surat,Gujarat,Retired,266632.79,22219.4,6,Retired Customers,Low
CUST100750,Anya,Ram,44,Female,Married,Graduate,Salaried - Private,Jaipur,Rajasthan,Employed,2534254.69,211187.89,7,Business Owners,High
CUST103619,Forum,Varma,45,Female,Married,Graduate,Salaried - Private,Patna,,,984884.01,82073.67,15,Business Owners,Medium
CUST101785,Ekapad,Sahota,40,Male,Single,Graduate,Salaried - Private,Mumbai,Maharashtra,Employed,1723522.64,143626.89,3,Business Owners,Medium
CUST104270,Vyanjana,Chaudhry,26,,Single,High School,Salaried - Private,Chennai,Tamil Nadu,Employed,1720498.43,143374.87,7,Young Professionals,High
CUST103383,Divya,Warrior,18,Female,Single,Post Graduate,Student,Surat,Gujarat,Not Employed,45628.26,3802.36,1,Students,Medium
CUST104348,Krisha,Bandi,53,,Married,Post Graduate,Business Owner,Bengaluru,Karnataka,Self Employed,18867442.21,1572286.85,6,High Net Worth Individuals,High
CUST100405,Theodore,Sundaram,67,Male,Divorced,Post Graduate,Business Owner,Nagpur,Maharashtra,Self Employed,5312363.06,442696.92,11,High Net Worth Individuals,Medium
CUST100757,Pallavi,Gill,29,Female,Divorced,Post Graduate,Salaried - Private,Udaipur,Rajasthan,Employed,895569.03,74630.75,11,Young Professionals,High
CUST102711,Vedant,Mukherjee,25,Male,Widowed,Graduate,Salaried - Government,Bhubaneswar,Odisha,Employed,1284941.44,107078.45,4,Young Professionals,Medium
CUST102670,Ganga,Gupta,22,Female,Married,Doctorate,Homemaker,Nagpur,Maharashtra,Not Employed,114347.3,9528.94,4,Young Professionals,Medium
CUST103983,Yamini,Varghese,23,Female,Divorced,Graduate,Salaried - Government,Bhubaneswar,Odisha,Employed,1488546.44,124045.54,5,Young Professionals,Medium
CUST100097,Tamanna,Nori,,Female,Widowed,Post Graduate,Salaried - Private,Mysuru,Karnataka,Employed,2364787.18,197065.6,1,Young Professionals,High
CUST101333,Chavvi,Sharaf,28,Female,Widowed,Post Graduate,Unemployed,Dehradun,Uttarakhand,Not Employed,29943.96,2495.33,5,Young Professionals,Medium
CUST104451,Aarini,Sandal,19,Female,Single,Post Graduate,Student,Nagpur,Maharashtra,Not Employed,50797.92,4233.16,1,Students,Medium
CUST102791,Jason,Sodhi,39,Male,Divorced,Graduate,Salaried - Private,Ranchi,Jharkhand,Employed,825177.38,68764.78,18,Business Owners,Medium
CUST102854,Darsh,Dar,66,Male,Single,Doctorate,Retired,Delhi,Delhi,Retired,315967.2,26330.6,17,Retired Customers,Low
CUST100186,Hemal,Lanka,25,Female,Widowed,Post Graduate,Student,Mysuru,Karnataka,Not Employed,44006.44,3667.2,2,,Medium
CUST104003,Nirja,Guha,25,Female,Widowed,Graduate,Self Employed,,,Self Employed,1626560.98,135546.75,6,Young Professionals,High
CUST102723,Owen,Datta,35,Male,Single,Diploma,Salaried - Private,Lucknow,Uttar Pradesh,Employed,816477.39,68039.78,13,Young Professionals,Medium
CUST103583,Yashvi,Sura,51,Female,Widowed,Post Graduate,Self Employed,Raipur,Chhattisgarh,Self Employed,3487626.51,290635.54,8,High Net Worth Individuals,High
CUST102058,Gayathri,Karpe,38,Female,Single,High School,Business Owner,Bhubaneswar,Odisha,Self Employed,7099396.83,591616.4,4,High Net Worth Individuals,High
CUST101319,Baljiwan,Chander,59,Male,Divorced,High School,Self Employed,Surat,Gujarat,Self Employed,2102203.26,175183.6,4,Business Owners,High
CUST100148,Megha,Kade,28,Female,Married,Doctorate,Salaried - Government,Coimbatore,Tamil Nadu,Employed,705080.31,58756.69,10,Young Professionals,
CUST100028,Reva,Pant,34,Female,Married,Graduate,Salaried - Private,Nashik,Maharashtra,Employed,2567100.3,213925.02,11,Young Professionals,High
CUST104140,Isha,Doshi,27,Female,Divorced,Post Graduate,Salaried - Government,Patna,Bihar,Employed,767375.62,63947.97,9,Young Professionals,Medium
CUST104009,Aarna,Tata,18,Female,Single,Post Graduate,Student,Nagpur,Maharashtra,Not Employed,56165.03,4680.42,1,Students,Medium
CUST103363,Yadavi,Chana,20,Female,Single,Graduate,Student,Mysuru,Karnataka,Not Employed,70610.1,5884.18,2,Students,Medium
CUST100692,Daksha,Tripathi,25,Female,Divorced,Post Graduate,Salaried - Private,Nagpur,Maharashtra,Employed,846393.17,70532.76,7,Young Professionals,High
CUST102866,Ayushman,Kuruvilla,31,Male,Widowed,High School,Salaried - Private,Patna,Bihar,Employed,1830476.58,152539.71,3,Young Professionals,Medium
CUST103776,Akshay,Reddy,28,Male,Divorced,Graduate,Salaried - Government,Pune,Maharashtra,Employed,663645.12,55303.76,7,Young Professionals,Medium
CUST101386,Abhiram,Bir,24,Male,Widowed,Post Graduate,Unemployed,Guwahati,,Not Employed,57431.07,4785.92,6,Young Professionals,Medium
CUST101845,Saksham,Keer,66,Male,Single,Graduate,Retired,Kolkata,West Bengal,Retired,592682.6,49390.22,6,Retired Customers,Low
CUST104730,Indali,Madan,31,Female,Divorced,High School,Salaried - Private,Patna,Bihar,Employed,1747182.9,145598.57,12,Young Professionals,Medium
CUST100129,Nisha,Lal,26,Female,Single,Graduate,Salaried - Private,Pune,Maharashtra,Employed,1664527.94,138710.66,8,Young Professionals,High
CUST101599,Pranit,Aggarwal,34,Male,Married,Graduate,Salaried - Private,Mysuru,Karnataka,Employed,414809.35,34567.45,16,Young Professionals,Medium
CUST103629,Zaid,Chaudhary,22,Male,Married,Post Graduate,Student,Lucknow,Uttar Pradesh,Not Employed,132355.9,11029.66,4,Students,Medium
CUST104503,Sudiksha,Thaker,52,Female,Widowed,Graduate,Salaried - Private,,Chhattisgarh,Employed,,194782.43,5,Business Owners,Medium
CUST100701,Kamala,Walla,60,Female,Married,Graduate,Salaried - Government,Mysuru,Karnataka,Employed,1802024.35,150168.7,11,Business Owners,Low
CUST103982,Chakrika,Menon,26,Female,Single,High School,Homemaker,Ranchi,Jharkhand,Not Employed,133982.86,11165.24,5,Young Professionals,Medium
CUST103028,Krishna,Johal,35,Male,,Graduate,Salaried - Government,Guwahati,Assam,Employed,879698.38,,15,Young Professionals,
CUST102969,Patrick,Dugar,41,Other,Married,,,Bengaluru,Karnataka,,1020425.74,85035.48,1,,Medium
CUST104356,Darpan,Dada,28,Male,Single,Graduate,Salaried - Private,Bengaluru,Karnataka,Employed,805238.96,67103.25,10,Young Professionals,High
CUST101708,Yauvani,Khosla,41,Female,Widowed,Graduate,Salaried - Private,Ranchi,Jharkhand,Employed,1623357.16,135279.76,20,Business Owners,Medium
CUST102953,Kamya,Handa,39,Female,Single,Graduate,Self Employed,Mumbai,,Self Employed,1392019.99,116001.67,15,,High
CUST100454,Ayaan,Memon,52,Male,Divorced,Graduate,Self Employed,Kanpur,Uttar Pradesh,Self Employed,1462654.79,121887.9,,Business Owners,Medium
CUST102868,Thomas,Boase,32,Male,Divorced,Graduate,Salaried - Government,Raipur,Chhattisgarh,Employed,834712.41,69559.37,,Young Professionals,Medium
CUST102040,Libni,Pingle,,Female,,Post Graduate,Salaried - Private,,Assam,Employed,816237.97,68019.83,10,Young Professionals,High
CUST101772,Frado,Dasgupta,27,Male,Married,Graduate,Salaried - Private,Hyderabad,Telangana,Employed,1559289.51,129940.79,9,Young Professionals,High
CUST102315,Quincy,Sheth,38,Male,Widowed,Post Graduate,Business Owner,Lucknow,Uttar Pradesh,Self Employed,9541120.47,795093.37,13,High Net Worth Individuals,
CUST100609,Yagnesh,Vyas,27,Male,Divorced,Post Graduate,Salaried - Private,Pune,Maharashtra,Employed,1813779.46,151148.29,9,Young Professionals,High
CUST100167,Samar,Dubey,54,Male,Widowed,High School,Business Owner,Surat,Gujarat,Self Employed,2018751.29,168229.27,10,Business Owners,High
CUST100730,Aarnav,Buch,52,Male,Divorced,Graduate,Self Employed,Guwahati,Assam,Self Employed,2608919.09,217409.92,7,Business Owners,High
CUST104248,Watika,Solanki,,Female,Single,High School,Business Owner,Surat,,Self Employed,8320823.27,693401.94,6,High Net Worth Individuals,High
CUST103358,Chakradev,Ranganathan,25,Male,Widowed,Post Graduate,Freelancer,Indore,Madhya Pradesh,Self Employed,760727.96,63394,7,Young Professionals,High
CUST102074,Leela,Gole,48,Female,Divorced,,Self Employed,Mumbai,Maharashtra,Self Employed,1918137.36,159844.78,13,Business Owners,Medium
CUST104039,Harshil,Mukherjee,34,Male,Divorced,High School,Salaried - Private,Kochi,Kerala,Employed,1835870.14,,1,Young Professionals,Medium
CUST103700,Turvi,Gaba,28,Female,Divorced,Graduate,Freelancer,Guwahati,Assam,Self Employed,1395101.13,116258.43,2,Young Professionals,High
CUST101622,Wazir,Keer,72,Male,Divorced,High School,Retired,Hyderabad,Telangana,Retired,926529.06,77210.76,1,Retired Customers,Low
CUST100587,Amrita,Gole,26,Female,Divorced,Diploma,Salaried - Private,Chandigarh,Punjab,Employed,769472.49,64122.71,8,Young Professionals,Medium
CUST101401,Barkha,Konda,,Female,Divorced,Post Graduate,,Patna,Bihar,Employed,744683.59,62056.97,12,Business Owners,Medium
CUST103045,Quincy,Pai,38,Male,Divorced,Graduate,Freelancer,Surat,Gujarat,Self Employed,535582.59,44631.88,13,Business Owners,Medium
CUST103224,Ekansh,Tandon,32,Male,Single,High School,Salaried - Private,Dehradun,Uttarakhand,Employed,2343064.26,195255.35,11,Young Professionals,High
CUST101700,Charan,Amble,21,Male,Divorced,Doctorate,Salaried - Private,,Maharashtra,Employed,1796284.52,149690.38,3,Young Professionals,High
CUST103088,Nitara,Padmanabhan,32,Female,Married,Graduate,Self Employed,Dehradun,Uttarakhand,Self Employed,1542078.16,128506.51,5,Young Professionals,High
CUST104390,Ekta,Mistry,29,Female,Married,Post Graduate,Salaried - Private,Chennai,Tamil Nadu,Employed,1100496.55,91708.05,11,Young Professionals,High
CUST102981,Vrishti,Sundaram,18,Female,Single,,Student,Ahmedabad,Gujarat,Not Employed,4529.1,377.43,1,Students,Medium
CUST100040,Siya,Shanker,45,Female,Single,Post Graduate,Salaried - Private,Kolkata,West Bengal,Employed,,141798.59,2,Business Owners,Medium
CUST101379,Kavya,Tata,62,Female,Divorced,Graduate,Retired,Surat,Gujarat,Retired,671260.81,55938.4,10,Retired Customers,Low
CUST102089,Ubika,Doctor,43,Female,Widowed,Graduate,Self Employed,Surat,Gujarat,Self Employed,2648052.73,220671.06,5,Business Owners,High
CUST102175,Gaurav,Soni,44,Male,Widowed,Post Graduate,Salaried - Government,Bhubaneswar,Odisha,Employed,822060.41,68505.03,,Business Owners,Medium
CUST103217,Damyanti,Golla,40,Female,Married,Graduate,Business Owner,Nashik,Maharashtra,Self Employed,14241555.22,1186796.27,7,High Net Worth Individuals,High
CUST102885,Tejas,Raval,48,Male,Widowed,Graduate,Salaried - Government,Bengaluru,Karnataka,Employed,870555.85,72546.32,9,Business Owners,Medium
CUST100074,Siddharth,Kakar,43,Male,Single,Doctorate,Unemployed,Thiruvananthapuram,Kerala,Not Employed,28588.32,2382.36,8,Business Owners,Low
CUST103909,Vasana,Basak,36,Female,Divorced,Graduate,Salaried - Private,Coimbatore,Tamil Nadu,Employed,1124842.54,93736.88,1,Business Owners,Medium
CUST104964,Tanish,Grewal,42,Male,Married,Graduate,Salaried - Private,Udaipur,Rajasthan,Employed,1391507.61,115958.97,7,Business Owners,Medium
CUST102657,Idika,Dada,24,Female,Married,Post Graduate,Salaried - Government,Ahmedabad,Gujarat,Employed,851158.91,70929.91,6,Young Professionals,Medium
CUST103180,Ekaja,Badal,21,Female,Single,Graduate,Unemployed,Indore,Madhya Pradesh,Not Employed,27422.34,2285.2,3,Young Professionals,Medium
CUST102076,Lucky,Chada,44,Male,Single,High School,Business Owner,Thiruvananthapuram,Kerala,Self Employed,12651149.13,1054262.43,,High Net Worth Individuals,High
CUST100441,Garima,Borde,21,Female,Single,Diploma,Salaried - Private,Chennai,,Employed,1700224.47,141685.37,3,Young Professionals,High
CUST104051,Mitali,Shan,65,Female,,Post Graduate,Retired,Mumbai,Maharashtra,Retired,591641.06,49303.42,10,Retired Customers,Low
CUST102051,Yauvani,Krishnamurthy,47,Female,Divorced,High School,Business Owner,Surat,Gujarat,Self Employed,10564094.86,880341.24,20,High Net Worth Individuals,High
CUST102541,Advika,Madan,40,Female,Single,Graduate,Salaried - Government,,Maharashtra,Employed,,85810.01,12,Business Owners,Medium
CUST103306,Wishi,Chaudhry,43,Female,Widowed,Graduate,Salaried - Private,Thiruvananthapuram,Kerala,Employed,996880.12,83073.34,16,Business Owners,Medium
CUST101301,Kashish,Kadakia,29,Female,,High School,Salaried - Government,Surat,Gujarat,Employed,1589164.67,132430.39,11,Young Professionals,Medium
CUST101781,Faraj,Jha,61,Male,Single,Graduate,Retired,Coimbatore,Tamil Nadu,Retired,831174.32,69264.53,6,Retired Customers,Low
CUST104814,Vritti,Kala,39,Female,Divorced,Graduate,Salaried - Private,Ahmedabad,,Employed,1486716.89,123893.07,15,Business Owners,Medium
CUST103430,Mitali,Talwar,45,Female,Married,Doctorate,Business Owner,Guwahati,Assam,Self Employed,7877249.45,656437.45,2,High Net Worth Individuals,High
CUST101304,Ishanvi,Jhaveri,23,Female,Divorced,High School,Salaried - Private,Jaipur,Rajasthan,Employed,,109949.34,5,Young Professionals,High
CUST100236,Mahika,Sarraf,69,Female,Married,High School,Retired,Thiruvananthapuram,Kerala,Retired,,28349.63,3,Retired Customers,Low
CUST102599,Hiral,Divan,20,Female,Single,,Student,Mumbai,Maharashtra,Not Employed,86761.98,7230.16,2,Students,Medium
CUST100520,Jacob,Patil,,Male,Single,Diploma,Salaried - Government,Udaipur,Rajasthan,Employed,587293.09,48941.09,14,Young Professionals,
CUST102573,Chandani,Krishna,21,Female,Single,Post Graduate,Salaried - Private,Chennai,Tamil Nadu,,778106.44,64842.2,3,Young Professionals,Medium
CUST103280,Gaurangi,Toor,40,Female,Divorced,Graduate,Homemaker,Vadodara,Gujarat,Not Employed,56388.26,,6,Business Owners,Low
CUST103186,Amrita,Dani,29,Female,Single,Post Graduate,Salaried - Private,Kanpur,Uttar Pradesh,Employed,1798650.27,149887.52,,Young Professionals,High
CUST102768,Mitesh,Mani,31,Other,Divorced,High School,Salaried - Government,Ranchi,Jharkhand,Employed,985786.73,82148.89,13,,Medium
CUST100735,Matthew,Dara,39,Male,Widowed,Post Graduate,Salaried - Government,Bhopal,Madhya Pradesh,Employed,756500.89,63041.74,8,Business Owners,Medium
CUST104703,Ekta,Brar,34,Female,Married,Post Graduate,,Udaipur,Rajasthan,Employed,1795081.49,149590.12,1,Young Professionals,Medium
CUST104929,Wyatt,Ahluwalia,53,Male,Married,High School,Unemployed,Ranchi,Jharkhand,Not Employed,24196.3,2016.36,19,Business Owners,Low
CUST102106,Aarnav,Amble,25,Male,Married,Graduate,Unemployed,Bengaluru,Karnataka,Not Employed,27554.87,2296.24,1,Young Professionals,Medium
CUST102679,Nimrat,Basu,43,Female,Married,Post Graduate,Salaried - Private,Thiruvananthapuram,Kerala,Employed,2090061.78,174171.82,,Business Owners,High
CUST103229,Lucky,Shan,35,Male,Single,Doctorate,Self Employed,Nashik,Maharashtra,Self Employed,1059667.74,88305.65,13,Business Owners,High
CUST102761,Ronith,Nadkarni,42,Male,Divorced,Graduate,Salaried - Private,Pune,Maharashtra,Employed,1264199.96,105350,19,Business Owners,Medium
CUST100592,Bakhshi,Dhar,40,Male,Divorced,Graduate,Business Owner,Bhubaneswar,Odisha,Self Employed,4984129.22,415344.1,13,,High
CUST101303,Gayathri,Dewan,21,Female,Single,High School,Salaried - Private,Surat,Gujarat,Employed,682881.32,56906.78,3,Young Professionals,Medium
CUST101387,Advika,Lala,19,Female,Single,Post Graduate,Student,Raipur,Chhattisgarh,Not Employed,,2342.7,,Students,Medium
CUST104695,Baghyawati,Devi,38,Female,Married,High School,Self Employed,Dehradun,Uttarakhand,Self Employed,2296214.74,191351.23,2,Business Owners,High
CUST104526,Mahika,Handa,74,Female,Divorced,Post Graduate,Retired,,Tamil Nadu,Retired,889942.21,,17,Retired Customers,Low
CUST103947,Nihal,Kota,20,Male,Single,Post Graduate,Student,Dehradun,Uttarakhand,Not Employed,55397.28,4616.44,2,Students,Medium
CUST101890,Mason,Murthy,40,Male,Divorced,Post Graduate,Salaried - Government,Lucknow,Uttar Pradesh,Employed,1202759.79,100229.98,12,Business Owners,Medium
CUST102987,Gunbir,Parmer,79,Male,Widowed,Doctorate,Retired,Kolkata,West Bengal,Retired,159239.58,13269.96,16,,Low
CUST104924,Varenya,Dyal,51,Female,Single,High School,Business Owner,Bhopal,Madhya Pradesh,Self Employed,2510038.95,209169.91,11,Business Owners,High
CUST103297,Pahal,Gara,35,Female,Single,Graduate,Salaried - Private,Coimbatore,Tamil Nadu,Employed,1845629.18,153802.43,9,Young Professionals,Medium
CUST100904,Shravya,Mistry,37,Female,Single,High School,Salaried - Private,Guwahati,Assam,Employed,1232197.94,102683.16,16,Business Owners,Medium
CUST104609,Garima,Sehgal,42,Female,Divorced,Doctorate,Homemaker,Delhi,Delhi,Not Employed,64200.69,5350.06,7,Business Owners,Low
CUST101279,Avi,Parmer,41,Male,Married,Post Graduate,Salaried - Private,Ahmedabad,Gujarat,Employed,1766453.13,147204.43,16,Business Owners,
CUST100933,Manthan,Mani,46,Male,Single,Post Graduate,Business Owner,Mumbai,Maharashtra,Self Employed,2067862.83,172321.9,18,Business Owners,High
CUST104899,Amara,Sarkar,49,Female,Widowed,Graduate,Self Employed,Indore,Madhya Pradesh,Self Employed,1402064.9,116838.74,3,,Medium
CUST102308,Krish,Dass,30,Male,Married,Post Graduate,Salaried - Private,Ahmedabad,Gujarat,Employed,772453.28,64371.11,5,Young Professionals,Medium
CUST101555,Pranav,Kapoor,32,Male,Widowed,Graduate,Salaried - Private,Bengaluru,Karnataka,Employed,1502742.71,125228.56,4,Young Professionals,Medium
CUST104533,Unni,Srinivas,34,Female,Single,Graduate,Freelancer,Ranchi,Jharkhand,Self Employed,492728.54,41060.71,16,Young Professionals,Medium
CUST103190,Jagrati,De,38,Female,Widowed,Doctorate,Salaried - Private,Coimbatore,Tamil Nadu,Employed,2079026.38,173252.2,12,Business Owners,High
CUST104441,Chandani,Buch,18,Female,Single,Graduate,Student,Mumbai,Maharashtra,Not Employed,,8287.66,1,Students,Medium
CUST100706,Sai,Thakkar,28,,Single,High School,Salaried - Government,Chandigarh,Punjab,Employed,,69886.26,10,Young Professionals,Medium
CUST104690,Owen,Patel,57,Male,Single,Graduate,Salaried - Government,Coimbatore,,Employed,994934.28,82911.19,5,Business Owners,Medium
CUST103070,Xavier,Wagle,41,Male,Single,,Salaried - Private,Pune,Maharashtra,Employed,1163355.05,96946.25,15,Business Owners,Medium
CUST100745,Idika,Chada,50,Female,Divorced,Post Graduate,Salaried - Government,Indore,Madhya Pradesh,Employed,1482610.85,123550.9,3,Business Owners,Medium
CUST103594,Urvashi,Kata,56,Female,Married,Post Graduate,Salaried - Private,Kochi,Kerala,Employed,3345836.28,278819.69,4,High Net Worth Individuals,
CUST101939,Jalsa,Narula,48,Female,Divorced,Graduate,Salaried - Government,Chennai,Tamil Nadu,Employed,1038288.82,86524.07,2,Business Owners,Medium
CUST104400,Ishani,Bobal,58,Female,Divorced,Graduate,Retired,Jaipur,Rajasthan,Retired,461419.86,38451.65,20,Retired Customers,Low
CUST102862,Kabir,Edwin,37,Male,Widowed,Post Graduate,Salaried - Private,Mysuru,Karnataka,Employed,565444.41,47120.37,5,Business Owners,Medium
CUST103996,Abeer,Sodhi,50,Male,Married,High School,Business Owner,Lucknow,Uttar Pradesh,Self Employed,5005563.43,417130.29,15,High Net Worth Individuals,High
CUST100513,Utkarsh,Prabhakar,33,Male,Divorced,Graduate,Salaried - Government,Chennai,Tamil Nadu,Employed,1747300.04,145608.34,7,Young Professionals,Medium
CUST100081,Advaith,Karpe,67,Male,Widowed,High School,Retired,Ranchi,Jharkhand,Retired,707150.17,58929.18,14,Retired Customers,Low
CUST104976,Janani,Chauhan,32,Female,Married,Graduate,Salaried - Private,Mysuru,Karnataka,Employed,1042721.49,86893.46,13,Young Professionals,Medium
CUST101308,Mugdha,Mann,24,Female,Divorced,Diploma,Salaried - Private,Jaipur,Rajasthan,Employed,1300295.09,108357.92,4,Young Professionals,High
CUST104614,Victor,Goyal,29,Male,Widowed,Graduate,Business Owner,Bengaluru,Karnataka,Self Employed,4470085.34,372507.11,6,High Net Worth Individuals,High
CUST100914,Wakeeta,Garde,18,Female,Single,Diploma,Unemployed,Surat,Gujarat,Not Employed,16340.19,1361.68,1,Young Professionals,Medium
CUST103452,Matthew,Rana,26,Male,Single,Graduate,Salaried - Private,Bhopal,Madhya Pradesh,Employed,580816.68,48401.39,8,Young Professionals,Medium
CUST103695,Qasim,Vora,20,Male,Single,Post Graduate,Student,Mysuru,Karnataka,,44173.48,3681.12,2,Students,Medium
CUST104804,Bhavini,Nadig,39,Female,Single,High School,Salaried - Private,Ranchi,Jharkhand,Employed,1731992.39,144332.7,7,Business Owners,Medium
CUST103156,Vihaan,Deshmukh,45,Male,Married,Graduate,Salaried - Private,Jaipur,Rajasthan,Employed,1708580.94,142381.74,8,Business Owners,Medium
CUST102198,Dipta,Vasa,47,Female,Divorced,Post Graduate,Homemaker,Delhi,Delhi,Not Employed,42460.59,3538.38,11,Business Owners,Low
CUST104232,Hemani,Handa,41,Female,Single,Diploma,Homemaker,Coimbatore,Tamil Nadu,Not Employed,54839.2,4569.93,2,Business Owners,Low
CUST100774,Girik,Taneja,38,Male,Widowed,Post Graduate,Self Employed,Bhopal,Madhya Pradesh,Self Employed,2796503.72,233041.98,11,Business Owners,High
CUST100329,Hritik,Sule,43,Male,Widowed,Graduate,Salaried - Private,Delhi,Delhi,Employed,1201777.08,100148.09,17,Business Owners,Medium
CUST102054,Patrick,Pai,32,Male,Widowed,Post Graduate,Salaried - Private,Jaipur,,Employed,,89296.94,,Young Professionals,Medium
CUST102001,Kamya,Chaudhry,21,Female,Divorced,Post Graduate,Salaried - Government,Surat,Gujarat,Employed,1159446.65,96620.55,3,Young Professionals,Medium
CUST100943,Lavanya,Srinivas,47,Female,Widowed,Post Graduate,Self Employed,Jaipur,Rajasthan,,2316600.17,193050.01,15,Business Owners,High
CUST100822,Vivaan,Dayal,47,Male,Widowed,High School,Self Employed,Bengaluru,Karnataka,Self Employed,2537078.87,211423.24,11,Business Owners,High
CUST104527,Elijah,Sandhu,61,Male,Divorced,Post Graduate,Retired,,Kerala,Retired,768171.26,64014.27,7,Retired Customers,Low
CUST100909,Raksha,Narula,34,Female,Divorced,Diploma,Salaried - Private,Kanpur,Uttar Pradesh,Employed,1362260.4,113521.7,10,Young Professionals,Medium
CUST102516,Isha,Devi,31,Female,Single,Graduate,Salaried - Government,Indore,Madhya Pradesh,Employed,856662.18,71388.51,13,Young Professionals,Medium
CUST100181,Liam,Boase,39,Male,Single,Graduate,Unemployed,Kolkata,West Bengal,Not Employed,33975.6,2831.3,15,Business Owners,Low
CUST100164,Anusha,Parmar,46,Female,Divorced,Graduate,Salaried - Government,Kochi,Kerala,Employed,794567.38,66213.95,20,Business Owners,Low
CUST101523,Meera,Bhardwaj,29,Female,Widowed,Post Graduate,Salaried - Private,Vadodara,Gujarat,Employed,1611701.07,134308.42,11,Young Professionals,High
CUST100451,Vamakshi,Ganesan,27,Female,Single,Graduate,Salaried - Government,Hyderabad,Telangana,,1146796.92,95566.41,5,Young Professionals,Medium
CUST102538,Ekapad,Gade,65,Male,Married,Graduate,Retired,Raipur,Chhattisgarh,Retired,851038.81,70919.9,8,Retired Customers,Low
CUST104137,Chaaya,Bhasin,21,Female,Divorced,Graduate,Salaried - Government,Chandigarh,Punjab,Employed,429800.31,35816.69,3,Young Professionals,Medium
CUST104775,Logan,Patla,64,Male,Single,Graduate,Business Owner,Hyderabad,Telangana,Self Employed,1408885.31,117407.11,19,Business Owners,Medium
CUST101311,Tripti,Bhargava,30,Female,Widowed,Graduate,Salaried - Private,Guwahati,Assam,Employed,1014610.26,84550.85,,Young Professionals,Medium
CUST103149,Bahadurjit,Pathak,39,Male,Widowed,,Homemaker,Kanpur,Uttar Pradesh,Not Employed,160046.19,13337.18,3,Business Owners,Low
CUST101111,Vasatika,Prakash,21,Female,Married,Graduate,Student,Udaipur,Rajasthan,Not Employed,46202.07,3850.17,3,Students,Medium
CUST104547,Jonathan,Swamy,67,Male,Married,Graduate,Retired,Kochi,Kerala,Retired,304547.56,25378.96,20,Retired Customers,Low
CUST104085,Nandini,Dash,,Female,Widowed,High School,Homemaker,Ludhiana,Punjab,Not Employed,92948.43,7745.7,6,Business Owners,Low
CUST103489,Yahvi,Chandra,25,Female,Married,Post Graduate,Business Owner,Guwahati,,Self Employed,6413178.34,534431.53,7,High Net Worth Individuals,High
CUST101287,Amruta,Kannan,39,Female,Married,Graduate,Self Employed,Mumbai,Maharashtra,Self Employed,3460877.49,288406.46,19,High Net Worth Individuals,High
CUST104177,Mason,Yogi,39,Male,Single,Graduate,Business Owner,Raipur,Chhattisgarh,Self Employed,9098023.82,758168.65,12,High Net Worth Individuals,High
CUST104645,Aadi,Kapur,29,Male,Widowed,Graduate,Self Employed,Kanpur,Uttar Pradesh,Self Employed,591619.63,49301.64,8,Young Professionals,High
CUST103680,Aahana,Setty,20,Female,Single,Doctorate,Student,Hyderabad,Telangana,Not Employed,102915.87,8576.32,2,Students,Medium
CUST104511,Aayush,Saraf,35,Male,Divorced,Doctorate,Salaried - Private,Mumbai,Maharashtra,Employed,657195.96,54766.33,17,Young Professionals,Medium
CUST104168,Madhavi,Srivastava,61,,Married,High School,Retired,Ahmedabad,,Retired,693944.82,57828.73,13,Retired Customers,Low
CUST103300,Veda,Sami,41,Female,Single,Graduate,Salaried - Private,,Assam,Employed,1658723.56,138226.96,16,Business Owners,Medium
CUST103310,Mason,Patla,44,Male,Married,Post Graduate,Freelancer,Raipur,Chhattisgarh,Self Employed,,33119.5,13,Business Owners,Medium
CUST104556,Caleb,Cherian,44,Male,Single,Graduate,Freelancer,Bengaluru,Karnataka,Self Employed,408537.5,34044.79,14,Business Owners,Medium
CUST103125,Finn,Samra,,Male,Single,Graduate,Business Owner,Bhopal,Madhya Pradesh,Self Employed,9941448.49,828454.04,4,High Net Worth Individuals,High
CUST100327,Dipta,Wason,32,Female,Widowed,Post Graduate,Freelancer,Pune,Maharashtra,,1105270.03,92105.84,3,Young Professionals,High
CUST101790,Irya,Lall,21,Female,Widowed,Graduate,Salaried - Private,Nashik,Maharashtra,Employed,749702.7,62475.22,3,Young Professionals,Medium
CUST102490,Kala,Rai,36,Female,Widowed,Graduate,Salaried - Private,Vadodara,Gujarat,Employed,727127.52,60593.96,5,Business Owners,Medium
CUST102006,Ganga,Patla,,Female,Widowed,Post Graduate,,Kanpur,Uttar Pradesh,Self Employed,14612885.5,,13,High Net Worth Individuals,High
CUST102007,Nakul,Sangha,42,Male,Single,Graduate,Salaried - Private,Mumbai,Maharashtra,Employed,1292739.52,107728.29,10,Business Owners,Medium
CUST101858,Vasana,Narula,28,Female,Married,,Salaried - Private,Patna,Bihar,Employed,1221784.17,101815.35,10,Young Professionals,High
CUST104685,Kamya,Pathak,21,Female,Widowed,High School,Salaried - Private,Jaipur,Rajasthan,Employed,1332585.65,111048.8,,Young Professionals,High
CUST100312,Girish,Chada,43,Male,Widowed,Post Graduate,,Delhi,Delhi,Self Employed,11147485.75,928957.15,10,High Net Worth Individuals,High
CUST100832,Eiravati,Sant,36,Female,Divorced,Graduate,Salaried - Private,Ludhiana,Punjab,Employed,1809900.65,150825.05,,Business Owners,
CUST103079,Geetika,Dyal,19,Female,Single,Post Graduate,Student,Thiruvananthapuram,Kerala,Not Employed,116105.92,9675.49,1,Students,Medium
CUST104717,Kai,Thaker,35,Male,Married,Graduate,,Kanpur,Uttar Pradesh,,11826.66,985.55,11,Young Professionals,Low
CUST103462,Nirja,Basu,37,Female,Single,Post Graduate,Salaried - Government,Ludhiana,Punjab,Employed,1943787.43,161982.29,17,Business Owners,Medium
CUST101201,Odika,Manne,32,Female,Divorced,Post Graduate,Salaried - Government,Bhubaneswar,Odisha,Employed,997970.69,83164.22,11,Young Professionals,Medium
CUST104391,Janaki,Desai,68,Female,Married,Graduate,Retired,,Uttarakhand,Retired,720280.06,60023.34,3,,Low
CUST103547,Utkarsh,Sengupta,21,Male,Divorced,Post Graduate,Salaried - Private,Lucknow,Uttar Pradesh,Employed,2102667.33,175222.28,3,Young Professionals,High
CUST104922,Jagrati,Saini,24,Female,Married,,Student,,Maharashtra,Not Employed,41004.04,3417,6,Students,Medium
CUST102134,Sai,Verma,38,Male,,Graduate,Business Owner,Dehradun,Uttarakhand,Self Employed,11610925.29,967577.11,3,High Net Worth Individuals,High
CUST103451,Yashawini,Raj,18,Female,Single,Doctorate,Unemployed,Bhopal,Madhya Pradesh,Not Employed,23858.89,1988.24,1,Young Professionals,Medium
CUST102209,Henry,Saini,63,Male,Divorced,Graduate,Retired,Patna,Bihar,Retired,467690.87,38974.24,12,Retired Customers,Low
CUST101901,Sai,Dhillon,39,Female,Married,Post Graduate,Self Employed,Chandigarh,Punjab,Self Employed,1281119.28,106759.94,1,Business Owners,High
CUST101481,Chakradev,Kothari,30,,,High School,Salaried - Private,Pune,Maharashtra,Employed,1030479.98,85873.33,12,Young Professionals,Medium
CUST100777,Chakrika,Samra,28,Female,Divorced,Diploma,Salaried - Private,,Rajasthan,Employed,738719.27,61559.94,10,Young Professionals,Medium
CUST100799,Ekantika,Wagle,58,Female,Married,Graduate,Retired,Indore,Madhya Pradesh,Retired,453986.84,37832.24,14,,Low
CUST103714,Niharika,Prasad,18,Female,Single,High School,Student,Lucknow,Uttar Pradesh,Not Employed,45377.74,3781.48,1,Students,Medium
CUST103942,Ranbir,Prasad,30,Male,Married,Graduate,Salaried - Government,Guwahati,Assam,Employed,784900.33,65408.36,12,Young Professionals,Medium
CUST100054,Lila,Oak,35,Female,Married,Graduate,Salaried - Private,Jaipur,Rajasthan,Employed,1808334.77,150694.56,17,Young Professionals,Medium
CUST102972,Bimala,Keer,38,Female,Widowed,High School,Business Owner,Chennai,Tamil Nadu,Self Employed,7864171.58,655347.63,5,High Net Worth Individuals,High
CUST103335,Falak,Khosla,37,Female,Divorced,,Salaried - Private,Nashik,Maharashtra,Employed,1288261.62,107355.14,1,Business Owners,Medium
CUST101920,Hema,Borde,41,Female,Single,Post Graduate,Self Employed,Coimbatore,Tamil Nadu,Self Employed,595453.76,49621.15,5,Business Owners,Medium
CUST103715,Max,Menon,45,Male,Married,Doctorate,Salaried - Private,Nashik,Maharashtra,Employed,1163609.23,96967.44,16,Business Owners,Medium
CUST104646,Advik,Karan,20,Male,Single,High School,Student,Patna,Bihar,Not Employed,52744.8,,2,Students,Medium
CUST100946,Ekapad,Chopra,23,Male,Widowed,Post Graduate,Student,Nagpur,Maharashtra,Not Employed,53691.45,4474.29,5,Students,Medium
CUST101701,Rachit,Mandal,61,Male,Divorced,Diploma,Retired,Thiruvananthapuram,Kerala,Retired,774966.99,64580.58,9,Retired Customers,
CUST103293,Krisha,Kota,18,Female,Single,Post Graduate,Student,,Gujarat,Not Employed,30868.59,2572.38,1,Students,Medium
CUST102161,Jeremiah,Savant,22,Male,Single,Graduate,Homemaker,Chandigarh,Punjab,Not Employed,113596.59,9466.38,4,Young Professionals,Medium
CUST101136,Oni,Chandran,43,Female,Widowed,Graduate,Self Employed,Bengaluru,Karnataka,Self Employed,1244605.72,103717.14,5,Business Owners,High
CUST100987,Kalpit,Parsa,38,Male,Married,High School,Self Employed,Bhopal,Madhya Pradesh,Self Employed,525680.85,43806.74,13,Business Owners,Medium
CUST102549,Ranveer,Munshi,38,Male,Single,Diploma,Salaried - Private,Ahmedabad,Gujarat,Employed,773766.7,64480.56,4,Business Owners,Medium
CUST100193,Urmi,Agarwal,18,Female,Single,Doctorate,Student,Kanpur,Uttar Pradesh,Not Employed,79512.99,6626.08,1,Students,Medium
CUST103057,Manya,Choudhury,20,Female,Single,Graduate,Student,Vadodara,Gujarat,Not Employed,63508.61,5292.38,2,Students,Medium
CUST103246,Yahvi,Mallick,20,Female,,,Student,Patna,Bihar,Not Employed,62480.24,5206.69,2,Students,Medium
CUST101394,Faraj,Mall,35,Male,Single,Diploma,Freelancer,Coimbatore,Tamil Nadu,Self Employed,715053.4,59587.78,15,Young Professionals,Medium
CUST102637,Mason,Toor,40,Male,Married,Post Graduate,Business Owner,Chennai,Tamil Nadu,Self Employed,10596727.84,883060.65,4,High Net Worth Individuals,High
CUST100768,Mekhala,Parikh,23,Female,Single,Doctorate,Salaried - Private,,Tamil Nadu,Employed,1894093.66,157841.14,5,Young Professionals,High
CUST104702,Falak,Pau,18,Female,Single,High School,Student,Lucknow,Uttar Pradesh,Not Employed,97698.05,8141.5,1,Students,Medium
CUST103090,Udarsh,Zacharia,33,,Widowed,Diploma,Salaried - Government,Thiruvananthapuram,Kerala,,576525.63,48043.8,5,Young Professionals,Medium
CUST103495,Chaitaly,Sharma,43,Female,Single,Post Graduate,Self Employed,Mumbai,Maharashtra,Self Employed,1971727.19,164310.6,17,Business Owners,
CUST103215,Vyanjana,Peri,73,Female,Single,,Retired,Ranchi,Jharkhand,Retired,431386.52,35948.88,8,Retired Customers,
CUST100285,Rushil,Issac,32,Male,Widowed,Graduate,Salaried - Private,Raipur,Chhattisgarh,Employed,1110040.74,92503.4,4,,Medium
CUST104938,Ekapad,Kannan,40,Male,Married,Diploma,Homemaker,Lucknow,Uttar Pradesh,Not Employed,63410.28,5284.19,1,Business Owners,Low
CUST100428,Vasatika,Nagy,67,Female,Married,Graduate,Retired,Lucknow,Uttar Pradesh,,568326.39,47360.53,14,Retired Customers,
CUST104448,Wakeeta,Tank,74,Female,Married,,Homemaker,Jaipur,Rajasthan,Not Employed,67596.25,5633.02,10,Business Owners,Low
CUST102332,Darsh,Kulkarni,31,Male,Divorced,Post Graduate,Freelancer,Guwahati,Assam,Self Employed,567749.15,47312.43,13,Young Professionals,Medium
CUST102717,Nicholas,Setty,31,Male,Divorced,Graduate,Salaried - Private,Udaipur,Rajasthan,Employed,905931.84,,5,Young Professionals,Medium
CUST102079,Harinakshi,Kanda,36,Female,Single,Graduate,Unemployed,Nashik,Maharashtra,Not Employed,68018.33,5668.19,2,Business Owners,Low
CUST103389,Henry,Dyal,,Male,Married,Graduate,Business Owner,Coimbatore,Tamil Nadu,Self Employed,4946550.32,412212.53,16,High Net Worth Individuals,
CUST100722,Sanya,Bumb,43,Female,Married,Doctorate,Homemaker,Udaipur,Rajasthan,Not Employed,98564.87,8213.74,12,Business Owners,Low
CUST100951,Samuel,Narayanan,37,Male,Single,High School,Salaried - Private,Raipur,Chhattisgarh,Employed,387192.42,32266.03,17,Business Owners,Medium
CUST104383,Nandini,Walla,18,Female,Single,High School,Student,Bhubaneswar,,Not Employed,105170.72,8764.23,1,Students,Medium
CUST104366,Hiral,Ravi,29,Female,Divorced,Post Graduate,Freelancer,Jaipur,Rajasthan,Self Employed,939540.91,78295.08,11,Young Professionals,High
CUST102262,Mohammed,Karnik,28,Male,Widowed,Diploma,Salaried - Private,Kanpur,Uttar Pradesh,Employed,621183.36,51765.28,1,Young Professionals,Medium
CUST100989,Daniel,Shroff,40,Male,Divorced,Diploma,Homemaker,Ahmedabad,Gujarat,Not Employed,113644.34,9470.36,16,Business Owners,Low
CUST103212,Megha,Garg,25,Female,Widowed,Graduate,Self Employed,Indore,Madhya Pradesh,Self Employed,2710834.84,225902.9,7,Young Professionals,High
CUST101759,Sanaya,Thakur,19,Female,Single,Graduate,Unemployed,Indore,Madhya Pradesh,Not Employed,38104.72,3175.39,1,Young Professionals,Medium
CUST104579,Suhani,Magar,22,Female,Married,Graduate,Homemaker,Bhubaneswar,Odisha,Not Employed,51384.8,4282.07,4,Young Professionals,Medium
CUST100326,Gopal,Mutti,35,Male,Widowed,High School,Business Owner,Ahmedabad,Gujarat,Self Employed,9157356.61,763113.05,17,,High
CUST102608,Radha,Banik,63,Female,Divorced,Post Graduate,Retired,Raipur,Chhattisgarh,Retired,667303.97,55608.66,3,Retired Customers,Low
CUST101383,Rishi,Salvi,19,Male,Single,,Student,Hyderabad,Telangana,Not Employed,81307.19,6775.6,1,Students,Medium
CUST101724,Indrajit,Pant,30,Male,Single,Graduate,Salaried - Private,Patna,Bihar,Employed,1262977.98,105248.16,10,,Medium
CUST101086,Kalpit,Parsa,36,Male,Divorced,Graduate,Self Employed,Hyderabad,Telangana,,1909021.98,159085.17,3,Business Owners,High
CUST102523,Eta,Balan,40,Female,Divorced,Graduate,Salaried - Government,Mysuru,Karnataka,Employed,884200.91,73683.41,15,Business Owners,Medium
CUST100341,Vrinda,Srinivas,43,Female,Single,Graduate,Business Owner,Kanpur,Uttar Pradesh,Self Employed,5979560.22,498296.68,5,High Net Worth Individuals,High
CUST103701,Eshana,Tiwari,26,Female,Divorced,Diploma,Salaried - Private,Nashik,Maharashtra,Employed,2104680.12,175390.01,8,Young Professionals,High
CUST100147,Faras,Magar,32,Male,Single,,Business Owner,Raipur,Chhattisgarh,Self Employed,9274825.65,772902.14,14,High Net Worth Individuals,High
CUST100688,Onkar,Sunder,56,Male,Widowed,Graduate,Self Employed,Ranchi,Jharkhand,Self Employed,1035073.57,86256.13,1,Business Owners,Medium
CUST103432,Upasna,Jhaveri,,Female,Divorced,Post Graduate,Homemaker,Delhi,Delhi,Not Employed,71901.29,5991.77,11,Business Owners,Low
CUST101107,Samuel,Devan,19,Male,Single,Diploma,Student,Kanpur,,Not Employed,44643.73,3720.31,1,Students,Medium
CUST100848,Libni,Kade,62,Female,Widowed,Diploma,Retired,Bengaluru,Karnataka,Retired,501339.32,41778.28,15,Retired Customers,Low
CUST100966,Chatresh,Nayak,23,Male,Widowed,Graduate,Student,Chandigarh,Punjab,Not Employed,52590.92,4382.58,5,Students,Medium
CUST104727,Tanmayi,Rai,39,Female,Married,Diploma,Freelancer,Ludhiana,Punjab,Self Employed,548457.05,45704.75,12,Business Owners,Medium
CUST101492,Hardik,Rattan,38,Male,Married,Graduate,Salaried - Government,Dehradun,Uttarakhand,Employed,746978,62248.17,,Business Owners,Medium
CUST103953,Yashoda,Rama,32,Female,Divorced,Post Graduate,Salaried - Private,Coimbatore,Tamil Nadu,Employed,1657800.11,138150.01,6,Young Professionals,Medium
CUST102203,Radhika,Lad,21,Female,Married,Doctorate,Salaried - Private,Kolkata,West Bengal,Employed,1368270.88,114022.57,3,Young Professionals,High
CUST102713,Jack,Kapur,73,Male,Married,Graduate,Retired,,West Bengal,Retired,771372.44,64281.04,5,Retired Customers,Low
CUST100661,Varenya,Guha,30,Female,Widowed,Post Graduate,Salaried - Private,Kochi,Kerala,Employed,,104754.9,12,Young Professionals,Medium
CUST101002,Pratyush,Brahmbhatt,38,Male,,High School,Salaried - Government,Surat,Gujarat,Employed,1297487.7,108123.97,13,Business Owners,Medium
CUST100062,Faraj,Prakash,20,Male,Single,High School,Student,Dehradun,Uttarakhand,Not Employed,55801.72,4650.14,2,Students,Medium
CUST100284,Nimrat,Prashad,43,Female,Single,Graduate,Salaried - Government,Mysuru,Karnataka,Employed,1133585.28,94465.44,9,Business Owners,Medium
CUST102224,Arunima,Rao,35,Female,Widowed,,Salaried - Government,,Gujarat,Employed,879224.71,73268.73,17,Young Professionals,Medium
CUST104706,Falguni,Gopal,,Female,Widowed,Post Graduate,Salaried - Private,Pune,Maharashtra,Employed,1542006.27,128500.52,6,Young Professionals,High
CUST101879,Upma,Subramanian,27,Female,Married,,Salaried - Government,,Telangana,Employed,1564169.66,130347.47,3,Young Professionals,Medium
CUST103572,Faraj,Saxena,39,Male,Married,Post Graduate,Homemaker,Chennai,Tamil Nadu,Not Employed,89749.19,7479.1,3,Business Owners,Low
CUST104857,Vasudha,Sangha,28,Female,Married,Post Graduate,Business Owner,Mysuru,Karnataka,Self Employed,8452471.69,704372.64,7,High Net Worth Individuals,High
CUST101203,Nicholas,Puri,22,Male,Married,,Salaried - Government,Jaipur,Rajasthan,Employed,1090223.79,90851.98,4,Young Professionals,Medium
CUST101990,Jagvi,Sachar,28,Female,Married,Graduate,Unemployed,Guwahati,Assam,Not Employed,25089.48,2090.79,10,Young Professionals,Medium
CUST100024,Balveer,Kaul,31,Male,Divorced,Graduate,Salaried - Private,Chennai,Tamil Nadu,Employed,2249242.87,187436.91,3,Young Professionals,High
CUST104852,Vedant,Sachdev,58,Male,Divorced,Post Graduate,Retired,Ranchi,Jharkhand,Retired,630327.97,52527.33,15,Retired Customers,Low
CUST104102,Amrita,Atwal,25,Female,Single,High School,Self Employed,Ludhiana,Punjab,Self Employed,1501641.75,125136.81,4,Young Professionals,High
CUST104167,Vanya,Jaggi,38,Female,Single,,Salaried - Private,Mumbai,Maharashtra,Employed,1332481.93,111040.16,15,Business Owners,Medium
CUST100762,Harrison,Bassi,38,Male,,Graduate,Salaried - Government,Chandigarh,Punjab,Employed,811250.54,67604.21,9,Business Owners,Medium
CUST100875,Alka,Chana,52,Female,Married,Graduate,Self Employed,Kanpur,Uttar Pradesh,Self Employed,3131803.63,260983.64,18,High Net Worth Individuals,High
CUST104742,Aradhana,Bava,38,Female,Married,Doctorate,Freelancer,Ranchi,Jharkhand,Self Employed,329856.82,27488.07,7,Business Owners,Medium
CUST100938,Sachi,Rana,28,Female,Widowed,Doctorate,Self Employed,Dehradun,Uttarakhand,Self Employed,867346.8,72278.9,6,Young Professionals,High
CUST102687,Lakshit,Walia,36,Male,Divorced,,Salaried - Private,Thiruvananthapuram,Kerala,,1559261.74,129938.48,18,Business Owners,Medium
CUST103600,Faris,Johal,29,Male,,Diploma,Salaried - Government,Guwahati,Assam,Employed,902819.67,75234.97,11,Young Professionals,Medium
CUST102394,Kala,Wali,21,Female,Married,Post Graduate,Unemployed,,Rajasthan,Not Employed,73927.07,6160.59,3,Young Professionals,Medium
CUST104567,Udarsh,Dalal,18,Male,Single,Diploma,Student,Bhubaneswar,Odisha,Not Employed,56793.4,4732.78,1,Students,Medium
CUST104980,Ira,Hegde,32,Female,Widowed,Graduate,Self Employed,Udaipur,Rajasthan,Self Employed,1600291.21,133357.6,14,Young Professionals,High
CUST104124,Frederick,Krishnamurthy,64,Male,Married,Post Graduate,Retired,Nagpur,Maharashtra,Retired,768402.26,64033.52,9,Retired Customers,Low
CUST104564,Devansh,Handa,61,,Divorced,Graduate,Retired,Nagpur,Maharashtra,Retired,482835.35,40236.28,15,Retired Customers,Low
CUST100385,Timothy,Mall,36,Male,Divorced,Graduate,Business Owner,Kanpur,Uttar Pradesh,Self Employed,4285867.86,357155.66,1,High Net Worth Individuals,High
CUST103877,Aashi,Setty,36,,Widowed,Graduate,Self Employed,Coimbatore,Tamil Nadu,Self Employed,2044793.59,170399.47,13,,High
CUST104370,Dhriti,Golla,61,Female,Married,Graduate,Retired,,West Bengal,Retired,572134.51,47677.88,19,Retired Customers,Low
CUST104569,Wyatt,Saini,35,Male,,Graduate,Salaried - Government,Guwahati,Assam,Employed,979638.97,81636.58,5,Young Professionals,Medium
CUST100536,Dayamai,Bal,48,Female,Married,High School,Salaried - Private,Delhi,Delhi,Employed,1462142.97,121845.25,9,Business Owners,Medium
CUST102291,Kritika,Gade,24,Female,Widowed,,Salaried - Government,,Punjab,Employed,1291434.81,107619.57,6,Young Professionals,Medium
CUST104665,Balvan,Agate,63,Male,Single,Post Graduate,Retired,Hyderabad,Telangana,Retired,496913.71,41409.48,13,Retired Customers,Low
CUST103874,Manan,Raj,23,Male,Divorced,Graduate,Salaried - Private,Delhi,Delhi,Employed,2001481.62,166790.14,4,Young Professionals,High
CUST100936,Owen,Mahal,31,Male,Divorced,Graduate,Salaried - Government,,Assam,Employed,1604394.16,133699.51,13,Young Professionals,Medium
CUST103737,Gayathri,Bakshi,39,Female,Single,Graduate,Self Employed,,Rajasthan,Self Employed,1025892.37,85491.03,1,Business Owners,High
CUST104728,Gayathri,Bhagat,64,Female,Single,Graduate,Retired,Ludhiana,Punjab,Retired,276148.97,23012.41,7,Retired Customers,Low
CUST102360,Vivaan,Maharaj,43,Male,,Diploma,Self Employed,Hyderabad,Telangana,Self Employed,1147272.97,95606.08,17,Business Owners,High
CUST103507,Chaitanya,Bail,21,Male,Widowed,Graduate,Salaried - Private,Nashik,Maharashtra,Employed,2207405.94,183950.49,3,Young Professionals,High
CUST100201,Joshua,Handa,44,Other,Married,Graduate,Salaried - Private,Udaipur,Rajasthan,Employed,1944265,162022.08,7,Business Owners,Medium
CUST103208,Jai,Tiwari,30,Male,Widowed,Post Graduate,Salaried - Private,Lucknow,Uttar Pradesh,Employed,1088136.35,90678.03,9,Young Professionals,Medium
CUST101332,Arjun,Batra,19,Male,Single,Graduate,Student,Patna,Bihar,Not Employed,115266.27,9605.52,1,Students,Medium
CUST103016,Neelima,Khare,27,Female,Married,Doctorate,Salaried - Private,Chandigarh,Punjab,Employed,1746574.89,145547.91,4,Young Professionals,High
CUST103502,Neel,Bhakta,46,Male,,Diploma,Homemaker,Nashik,Maharashtra,Not Employed,106542.59,8878.55,7,Business Owners,Low
CUST102708,Balveer,Shroff,73,,Widowed,Graduate,Retired,Jaipur,Rajasthan,Retired,727226.03,60602.17,20,Retired Customers,Low
CUST104021,Omya,Seth,53,Female,Divorced,,Business Owner,Nashik,Maharashtra,Self Employed,18865483.24,1572123.6,14,High Net Worth Individuals,High
CUST101854,Chandani,Modi,32,Female,Divorced,Post Graduate,Salaried - Private,Jaipur,Rajasthan,Employed,787203.08,65600.26,14,Young Professionals,Medium
CUST104469,Anita,Sheth,20,Female,Single,Graduate,Student,Hyderabad,Telangana,Not Employed,23215.08,1934.59,2,Students,Medium
CUST102872,Ekbal,Zachariah,70,Male,Single,Graduate,Retired,Indore,Madhya Pradesh,Retired,275539.41,22961.62,2,Retired Customers,Low
CUST103030,Ayaan,Varma,18,Male,Single,Post Graduate,Student,Bengaluru,Karnataka,Not Employed,37666.5,3138.88,1,Students,Medium
CUST101205,Rajata,Comar,49,Female,Widowed,Graduate,,Coimbatore,Tamil Nadu,Employed,1220681.34,101723.45,12,Business Owners,Medium
CUST101645,Kevin,Rajagopal,18,Male,Single,Graduate,Student,Nagpur,Maharashtra,Not Employed,81090.19,6757.52,1,Students,Medium
CUST103417,Advay,Karnik,,Male,Married,Graduate,Salaried - Private,Mysuru,Karnataka,Employed,1662603.79,138550.32,2,Young Professionals,High
CUST103476,Urmi,Dâ€™Alia,72,Female,Widowed,Graduate,Retired,,Assam,Retired,352681.42,29390.12,10,Retired Customers,Low
CUST102861,Tanay,Naik,33,Male,Married,Graduate,Salaried - Government,Guwahati,Assam,Employed,497443.98,41453.67,14,Young Professionals,Medium
CUST101792,Samarth,Merchant,37,Male,,,Business Owner,Lucknow,Uttar Pradesh,Self Employed,6773430.81,564452.57,18,,High
CUST103797,Darsh,Dey,39,Male,Married,Post Graduate,Unemployed,Bhubaneswar,Odisha,Not Employed,34377.05,2864.75,11,Business Owners,Low
CUST103368,Eshana,Chhabra,46,Female,Single,Diploma,Salaried - Private,Kochi,,Employed,1307098.37,108924.86,,Business Owners,Medium
CUST103367,Siddharth,Kamdar,70,Male,Married,Post Graduate,Retired,Chennai,Tamil Nadu,Retired,655729.01,,10,Retired Customers,Low
CUST103533,Unni,Merchant,28,Female,Single,Graduate,Salaried - Government,Chennai,Tamil Nadu,Employed,659770.03,54980.84,6,Young Professionals,Medium
CUST103449,Raagini,Bath,47,Female,Single,Post Graduate,,Surat,Gujarat,Self Employed,814891.31,67907.61,20,Business Owners,Medium
CUST100603,Unnati,Sunder,23,Female,Single,Graduate,Student,Lucknow,Uttar Pradesh,Not Employed,95617.49,7968.12,5,Students,Medium
CUST103056,Darika,Gala,28,Female,Widowed,High School,Unemployed,Vadodara,Gujarat,Not Employed,25749.1,2145.76,10,Young Professionals,Medium
CUST104531,Michael,Kashyap,68,Male,Widowed,Graduate,Retired,Bhopal,Madhya Pradesh,Retired,826902.8,68908.57,,Retired Customers,Low
CUST100126,Darpan,Koshy,,Male,Divorced,Diploma,Unemployed,Chennai,Tamil Nadu,Not Employed,33501.7,2791.81,12,Young Professionals,Low
CUST103876,Samesh,Kaul,65,Male,Married,Graduate,Retired,Mumbai,Maharashtra,Retired,330012.29,27501.02,1,Retired Customers,Low
CUST102935,Qasim,Gala,35,Male,Widowed,Graduate,Salaried - Private,Patna,Bihar,Employed,1265509.04,105459.09,3,Young Professionals,Medium
CUST103531,Eesha,Mital,33,Female,Widowed,Graduate,Business Owner,Delhi,Delhi,Self Employed,8506341.36,708861.78,15,High Net Worth Individuals,High
CUST102730,Keya,Dutt,34,Female,Single,Post Graduate,Self Employed,Bhubaneswar,Odisha,Self Employed,2278845.48,189903.79,16,Business Owners,High
CUST100827,Balhaar,Dass,19,Male,Single,Doctorate,Student,Ludhiana,Punjab,Not Employed,67786.3,5648.86,1,Students,Medium
CUST101639,Oni,Chowdhury,37,Other,Single,Diploma,Salaried - Private,Surat,Gujarat,Employed,963996.43,80333.04,13,Business Owners,Medium
CUST100984,Kamya,Sekhon,30,Female,Divorced,Post Graduate,Business Owner,Mumbai,Maharashtra,Self Employed,3935207.24,327933.94,12,High Net Worth Individuals,High
CUST103281,Baghyawati,Raman,33,Female,Married,Post Graduate,Self Employed,Surat,Gujarat,Self Employed,432236.08,36019.67,6,Business Owners,Medium
CUST104971,Omya,Kala,48,Female,Divorced,High School,Self Employed,Kochi,Kerala,Self Employed,2192119.53,182676.63,17,Business Owners,High
CUST102188,Ria,Murty,33,Female,,Diploma,Salaried - Government,Ranchi,Jharkhand,Employed,814953.78,67912.82,,Young Professionals,Medium
CUST104612,Wakeeta,Chander,35,Female,Married,Graduate,Salaried - Government,Udaipur,Rajasthan,Employed,730171.8,60847.65,7,Young Professionals,Medium
CUST102443,Yashawini,Chana,33,Female,Married,Post Graduate,Salaried - Government,Delhi,Delhi,Employed,1043044.44,86920.37,11,Young Professionals,Medium
CUST100362,Umang,Singhal,41,Male,Widowed,Graduate,Salaried - Private,Raipur,Chhattisgarh,Employed,2861576.19,238464.68,4,Business Owners,High
CUST102349,Chatresh,Dass,68,Male,Single,Graduate,Retired,Raipur,Chhattisgarh,,267562.52,22296.88,11,Retired Customers,Low
CUST100345,Dakshesh,Bhattacharyya,28,Male,Widowed,,Salaried - Private,Coimbatore,Tamil Nadu,Employed,1410088.5,117507.38,10,Young Professionals,High
CUST100814,Dhruv,Mannan,24,Other,Single,Doctorate,Salaried - Government,Chennai,Tamil Nadu,Employed,613896.14,51158.01,6,Young Professionals,Medium
CUST103205,Eta,Mall,49,Female,Widowed,Graduate,Business Owner,Vadodara,Gujarat,Self Employed,6021030.52,501752.54,1,High Net Worth Individuals,High
CUST104160,Kamya,Tripathi,27,Female,Divorced,Graduate,Business Owner,Surat,Gujarat,Self Employed,10923209.85,910267.49,7,High Net Worth Individuals,High
CUST104795,Bina,Kapoor,28,Female,Widowed,Graduate,Business Owner,Chennai,Tamil Nadu,Self Employed,4982706.47,415225.54,6,,High
CUST103325,Triya,Ratti,27,Female,,High School,Unemployed,Hyderabad,Telangana,Not Employed,52568.53,4380.71,9,Young Professionals,Medium
CUST104106,Geetika,Basu,26,,Widowed,Post Graduate,Unemployed,Nagpur,Maharashtra,Not Employed,11073.6,922.8,8,Young Professionals,
CUST102116,Ishani,Sachdev,47,Female,Married,Post Graduate,Salaried - Private,Lucknow,Uttar Pradesh,Employed,564765.57,47063.8,7,Business Owners,Medium
CUST101834,Jeet,Subramaniam,43,Male,Divorced,Graduate,Salaried - Private,Coimbatore,Tamil Nadu,Employed,658738.14,54894.85,16,Business Owners,Medium
CUST100793,Bhavna,Keer,38,Female,Divorced,Graduate,Self Employed,Thiruvananthapuram,Kerala,Self Employed,809892.9,67491.07,5,Business Owners,High
CUST104946,Jeremiah,Ghose,72,Male,Divorced,Graduate,Retired,Lucknow,Uttar Pradesh,Retired,349911.12,29159.26,18,Retired Customers,Low
CUST102674,Chandran,Varty,,Male,Single,Graduate,Retired,Dehradun,Uttarakhand,Retired,743309.09,61942.42,17,Retired Customers,Low
CUST100094,Siddharth,Roy,60,Male,Married,Post Graduate,Retired,Nashik,Maharashtra,Retired,928610.82,77384.24,6,Retired Customers,Low
CUST103756,Hamsini,Mangal,42,Female,Divorced,Graduate,Homemaker,Kochi,Kerala,Not Employed,64670.14,5389.18,4,Business Owners,Low
CUST102891,Max,Rattan,50,Male,Widowed,Diploma,Salaried - Government,Surat,Gujarat,Employed,1728668.4,144055.7,5,Business Owners,Medium
CUST102371,Yuvraj,Dube,70,Male,Divorced,Graduate,Retired,Bhopal,Madhya Pradesh,Retired,797831.27,66485.94,6,Retired Customers,Low
CUST104149,Jairaj,Jha,75,Male,Divorced,Graduate,Retired,Kochi,Kerala,Retired,534886.13,44573.84,12,Retired Customers,Low
CUST104432,Qasim,Krish,39,Male,Widowed,Graduate,Salaried - Private,Chandigarh,Punjab,Employed,1584305.03,132025.42,1,Business Owners,Medium
CUST103228,Devika,Rajan,43,Female,Single,Diploma,Salaried - Government,Delhi,Delhi,Employed,1352306.05,112692.17,2,Business Owners,Medium
CUST102853,Barkha,Kalla,45,Female,Married,Post Graduate,Business Owner,Jaipur,Rajasthan,Self Employed,4566927.51,380577.29,19,High Net Worth Individuals,High
CUST102912,Dhriti,Kakar,34,Female,Single,Diploma,Salaried - Private,Bengaluru,Karnataka,Employed,637430.54,53119.21,3,Young Professionals,Medium
CUST101865,Damyanti,Bath,20,Female,Single,Graduate,Student,Nagpur,,Not Employed,37714.33,3142.86,2,Students,Medium
CUST101857,Avni,Kapoor,27,Female,Married,Post Graduate,Business Owner,Jaipur,Rajasthan,Self Employed,4491227.82,374268.99,9,High Net Worth Individuals,High
CUST102645,Ekanta,Subramaniam,44,Female,Married,Doctorate,Self Employed,Delhi,Delhi,Self Employed,1343032.39,111919.37,5,Business Owners,High
CUST102243,Chaaya,Edwin,51,Female,Divorced,Post Graduate,Self Employed,,Gujarat,Self Employed,1562245.96,130187.16,5,Business Owners,Medium
CUST102336,Dayita,Keer,54,Female,Single,,Self Employed,Hyderabad,Telangana,Self Employed,3041926.31,253493.86,16,High Net Worth Individuals,High
CUST100950,Atharv,Chaudhry,48,Male,Divorced,Graduate,Unemployed,Ludhiana,Punjab,Not Employed,,2092.39,19,Business Owners,Low
CUST103068,Oliver,Sabharwal,52,Male,Divorced,High School,Salaried - Government,Dehradun,Uttarakhand,Employed,1971190.66,,9,Business Owners,Medium
CUST101120,Hemal,Chhabra,58,Female,Married,Post Graduate,Retired,Chennai,Tamil Nadu,Retired,868390.63,72365.89,10,Retired Customers,Medium
CUST102597,Krisha,Mall,64,Female,Married,Graduate,Retired,Udaipur,Rajasthan,Retired,840463.2,70038.6,14,Retired Customers,Low
CUST102204,Idika,Lall,64,,Divorced,Post Graduate,Retired,Vadodara,Gujarat,Retired,904698.14,75391.51,15,Retired Customers,Low
CUST100419,Ekansh,Boase,31,Male,Married,Post Graduate,Unemployed,Delhi,Delhi,Not Employed,57043.21,4753.6,13,Young Professionals,Low
CUST100922,Yamini,Sinha,35,Female,Widowed,Post Graduate,Salaried - Private,Bhubaneswar,Odisha,Employed,1870050.3,155837.52,16,Young Professionals,Medium
CUST101254,Hredhaan,Jha,38,Male,Divorced,Graduate,Self Employed,Hyderabad,,Self Employed,1907263.86,158938.65,15,Business Owners,High
CUST100477,Aarna,Bawa,43,Female,Divorced,High School,Homemaker,Guwahati,Assam,,44774.38,3731.2,5,Business Owners,Low
CUST102035,Gauri,Gola,36,Female,Widowed,Graduate,Salaried - Private,Kochi,Kerala,Employed,888167.25,74013.94,15,Business Owners,Medium
CUST101202,Yatan,Kibe,21,Male,Widowed,Post Graduate,Salaried - Government,Nagpur,Maharashtra,Employed,935405.88,77950.49,1,Young Professionals,Medium
CUST102626,Gautam,Kaul,49,Male,Divorced,Post Graduate,Salaried - Private,Guwahati,Assam,Employed,2730748.91,227562.41,19,Business Owners,Medium
CUST104818,Gaurang,Chacko,25,Male,Married,Post Graduate,Business Owner,Kanpur,Uttar Pradesh,Self Employed,9481979.13,790164.93,2,High Net Worth Individuals,High
CUST101970,Nakul,Badal,40,Male,Widowed,Doctorate,Business Owner,Bhopal,Madhya Pradesh,Self Employed,7158431,596535.92,18,,High
CUST103110,Guneet,Bajaj,44,Male,Widowed,Graduate,,Ranchi,Jharkhand,Not Employed,24082.69,,16,Business Owners,Low
CUST104018,Shivani,Bhatt,20,Female,Single,Post Graduate,Student,Bengaluru,Karnataka,Not Employed,68202.42,5683.53,2,Students,Medium
CUST102151,Oscar,Malhotra,33,Male,Divorced,High School,Salaried - Private,Ahmedabad,Gujarat,Employed,1366135.52,113844.63,15,Young Professionals,Medium
CUST103687,Gopal,Patel,31,Male,Married,Post Graduate,Unemployed,Udaipur,,Not Employed,21492.15,1791.01,13,Young Professionals,Low
CUST101997,Bahadurjit,Krishna,44,Male,Married,Graduate,Salaried - Private,Mysuru,Karnataka,Employed,1615576.82,134631.4,18,Business Owners,Medium
CUST104033,Omisha,Roy,40,Female,Divorced,Post Graduate,Freelancer,Chennai,,Self Employed,1357503.25,113125.27,14,Business Owners,High
CUST103054,Rohan,Gola,36,Male,Married,Graduate,Salaried - Private,Chandigarh,Punjab,Employed,689091.36,57424.28,,Business Owners,Medium
CUST101248,Kala,Ravel,33,Female,Widowed,Graduate,Salaried - Government,Pune,Maharashtra,Employed,868323.08,72360.26,2,Young Professionals,Medium
CUST102192,Rushil,Kapadia,41,Male,Widowed,High School,Salaried - Private,Ranchi,Jharkhand,Employed,1718554.96,143212.91,14,Business Owners,Medium
CUST102712,Vidhi,Singhal,52,Female,Divorced,Post Graduate,Self Employed,Delhi,Delhi,Self Employed,1615115.22,134592.93,16,Business Owners,Medium
CUST100992,Nimrat,Dalal,18,Female,Single,Diploma,Student,Ahmedabad,Gujarat,Not Employed,41663.84,3471.99,1,Students,Medium
CUST102190,Xalak,Goswami,58,,Single,,Retired,Mumbai,Maharashtra,Retired,257650.35,21470.86,1,Retired Customers,Low
CUST103762,Gautam,Bala,50,Male,Married,High School,Self Employed,Bengaluru,Karnataka,Self Employed,1993415.28,166117.94,12,Business Owners,Medium
CUST103597,Dominic,Memon,34,Male,Divorced,Graduate,Salaried - Private,Bengaluru,Karnataka,Employed,1726122.45,143843.54,8,Young Professionals,Medium
CUST101318,Raghav,Seth,18,Male,Single,High School,Unemployed,Ahmedabad,Gujarat,Not Employed,77820.75,6485.06,1,,Medium
CUST101863,Peter,Manne,56,Male,Divorced,Graduate,Self Employed,Ludhiana,Punjab,Self Employed,1488464.19,124038.68,14,Business Owners,Medium
CUST102343,Ria,Chakraborty,32,Female,Divorced,Graduate,Salaried - Private,Raipur,Chhattisgarh,Employed,1541363.69,128446.97,1,Young Professionals,
CUST102449,Ryan,Lala,54,Male,Widowed,Post Graduate,Salaried - Private,Mysuru,Karnataka,Employed,1522121.34,126843.45,8,Business Owners,Medium
CUST102136,Gagan,Talwar,36,Male,Married,Graduate,Salaried - Government,Bhubaneswar,Odisha,Employed,964060.06,80338.34,13,Business Owners,Medium
CUST101065,Barkha,Sachar,44,Female,Married,Graduate,Freelancer,Ahmedabad,Gujarat,Self Employed,1417970.3,,6,Business Owners,High
CUST104960,Nandini,Wali,37,Female,Single,Doctorate,Homemaker,Bhubaneswar,Odisha,Not Employed,16706.23,1392.19,10,Business Owners,
CUST102621,Maanas,Sane,39,,Divorced,High School,Salaried - Private,Delhi,Delhi,Employed,1057845.56,88153.8,14,,Medium
CUST100077,Theodore,Varughese,40,Male,Married,Post Graduate,Salaried - Private,,Madhya Pradesh,Employed,1677540.86,,9,Business Owners,Medium
CUST102898,Ikshita,Mistry,32,Female,Divorced,Post Graduate,Homemaker,Kanpur,Uttar Pradesh,Not Employed,122570.98,10214.25,14,Young Professionals,
CUST101314,Eta,Nagy,22,Female,Widowed,Graduate,Unemployed,Jaipur,Rajasthan,Not Employed,23964.36,,4,Young Professionals,Medium
CUST104372,Udant,Murthy,48,Male,Divorced,Graduate,Homemaker,Thiruvananthapuram,Kerala,Not Employed,183938.13,15328.18,19,Business Owners,Low
CUST100872,Yahvi,Varma,20,Female,Single,Graduate,Student,Chandigarh,,Not Employed,37965.33,3163.78,2,Students,Medium
CUST103850,Banjeet,Bakshi,43,Male,Married,Post Graduate,Homemaker,Jaipur,Rajasthan,Not Employed,130586.88,10882.24,16,Business Owners,Low
CUST104787,Ridhi,Chacko,21,Female,Single,Post Graduate,Unemployed,Guwahati,Assam,Not Employed,91206.42,,3,Young Professionals,Medium
CUST102965,Urishilla,Krishnamurthy,29,Female,Widowed,Diploma,Salaried - Private,Kanpur,Uttar Pradesh,Employed,1029994.68,85832.89,11,Young Professionals,High
CUST103391,Samar,Bandi,39,Male,Married,Graduate,Self Employed,Udaipur,Rajasthan,Self Employed,2447021.3,203918.44,19,Business Owners,High
CUST102560,Sneha,Modi,23,Female,Divorced,Graduate,Student,Patna,Bihar,Not Employed,36536.18,3044.68,5,Students,Medium
CUST104896,Kalpit,Dutt,45,Male,Widowed,Post Graduate,Salaried - Private,Jaipur,Rajasthan,Employed,795479.88,66289.99,11,Business Owners,Medium
CUST102635,Megha,Kumar,38,Female,Divorced,Graduate,Homemaker,,Gujarat,Not Employed,75775.4,6314.62,17,Business Owners,Low
CUST103530,Netra,Dixit,39,Female,Married,Doctorate,,,West Bengal,Self Employed,899567.19,74963.93,17,Business Owners,High
CUST100375,Max,Rau,21,Male,Divorced,Post Graduate,Salaried - Government,Pune,Maharashtra,Employed,1352017.31,112668.11,2,Young Professionals,Medium
CUST101908,Praneel,Sethi,32,Male,Divorced,High School,Salaried - Private,Bhubaneswar,Odisha,Employed,846754.22,70562.85,10,Young Professionals,Medium
CUST104332,Ojasvi,Bhagat,52,Female,Widowed,Graduate,Salaried - Private,Guwahati,Assam,Employed,2546004.19,212167.02,5,Business Owners,Medium
CUST104379,Qabil,Garg,39,Male,Married,Doctorate,Salaried - Government,Delhi,Delhi,Employed,976835.79,81402.98,13,Business Owners,Medium
CUST104027,Bhavya,Raju,19,Female,Single,Diploma,Student,Udaipur,Rajasthan,Not Employed,41390.43,3449.2,1,Students,Medium
CUST101604,Frederick,Manne,38,Male,Widowed,Post Graduate,Salaried - Private,Surat,Gujarat,Employed,676698.8,56391.57,5,Business Owners,Medium
CUST101118,Luke,Badal,30,Male,Married,Graduate,Salaried - Government,Delhi,Delhi,Employed,1253703.91,104475.33,12,Young Professionals,Medium
CUST103677,Raagini,Dasgupta,22,Female,Married,Graduate,,Dehradun,Uttarakhand,Not Employed,88207.79,7350.65,4,Students,Medium
CUST103490,Omya,Bal,69,Female,Widowed,Doctorate,Retired,Udaipur,,Retired,766018.07,63834.84,10,Retired Customers,Low
CUST104864,Adweta,Sabharwal,,Female,Widowed,High School,Business Owner,Dehradun,,Self Employed,1772421.09,147701.76,8,Business Owners,High
CUST102958,Manya,Bera,27,Female,Divorced,Graduate,Salaried - Private,Chandigarh,Punjab,,1243505.87,103625.49,9,Young Professionals,High
CUST101994,Deepa,Golla,30,Female,Widowed,High School,Salaried - Private,Guwahati,Assam,Employed,980855.42,81737.95,4,,Medium
CUST104955,Harish,Pandit,31,,Divorced,Graduate,Salaried - Private,Chennai,Tamil Nadu,Employed,651409.24,54284.1,10,Young Professionals,Medium
CUST104355,Qarin,Apte,,Male,Widowed,Doctorate,Business Owner,Kanpur,Uttar Pradesh,Self Employed,13445521.39,1120460.12,14,High Net Worth Individuals,High
CUST102376,Eiravati,Gokhale,37,Female,Divorced,Post Graduate,Salaried - Government,Coimbatore,Tamil Nadu,Employed,983732.88,81977.74,9,Business Owners,Medium
CUST101342,Ria,Gandhi,33,Female,Widowed,High School,Salaried - Private,Ludhiana,Punjab,Employed,1690217.75,140851.48,6,Young Professionals,Medium
CUST100320,Raksha,Solanki,47,Female,Widowed,Graduate,Salaried - Government,Kolkata,West Bengal,Employed,822968.23,68580.69,9,Business Owners,Medium
CUST101619,Triveni,Karan,46,Female,Married,Graduate,Business Owner,Coimbatore,Tamil Nadu,Self Employed,5799660.99,483305.08,2,High Net Worth Individuals,High
CUST103713,Dhriti,Prabhu,39,Female,,Graduate,Salaried - Government,Nashik,Maharashtra,Employed,1736403.7,144700.31,1,Business Owners,Medium
CUST102060,Logan,Kakar,40,Male,Married,High School,Homemaker,Chandigarh,Punjab,Not Employed,47847.92,3987.33,10,Business Owners,Low
CUST102219,Gaurang,Sama,42,Male,Divorced,Diploma,Salaried - Private,Bhopal,Madhya Pradesh,Employed,2157363.75,179780.31,6,Business Owners,High
CUST101673,Vedant,Bedi,28,Male,Married,Graduate,Salaried - Government,Ranchi,Jharkhand,Employed,650459.16,,10,Young Professionals,Medium
CUST100260,Amara,Ramesh,39,Female,Widowed,Graduate,Salaried - Government,Coimbatore,Tamil Nadu,Employed,,85034.19,16,Business Owners,Medium
CUST104417,Damini,Dasgupta,47,Female,Widowed,Graduate,Unemployed,Surat,Gujarat,Not Employed,21139.92,1761.66,9,Business Owners,Low
CUST102039,Kala,Bhatnagar,29,Female,Widowed,Doctorate,Salaried - Private,Nagpur,Maharashtra,Employed,1258162.59,104846.88,11,Young Professionals,High
CUST100901,Falguni,Varma,21,Female,Divorced,Diploma,Salaried - Private,Chennai,Tamil Nadu,Employed,1289075.53,107422.96,3,Young Professionals,High
CUST103744,Gautam,Bahl,33,Male,Widowed,High School,,Kolkata,West Bengal,Employed,1149559.41,95796.62,12,Young Professionals,Medium
CUST102026,Rajeshri,Ramanathan,67,Female,Widowed,Diploma,Retired,Jaipur,Rajasthan,Retired,485362.14,40446.85,14,Retired Customers,Low
CUST101917,Jeevika,Pillai,46,Female,Single,Doctorate,Business Owner,Pune,Maharashtra,Self Employed,7690521.73,640876.81,6,High Net Worth Individuals,High
CUST101828,Thomas,Batra,21,Male,Single,Graduate,Salaried - Private,Kanpur,Uttar Pradesh,Employed,841023.09,70085.26,3,Young Professionals,High
CUST101573,Reyansh,Sarma,47,Male,Married,Graduate,Salaried - Private,Thiruvananthapuram,Kerala,Employed,743772.38,61981.03,7,Business Owners,Medium
CUST104394,Siddharth,Borde,32,Male,Single,Doctorate,Salaried - Private,Vadodara,Gujarat,Employed,1485488.86,123790.74,12,Young Professionals,Medium
CUST104208,Chakradhar,Rajagopalan,39,Male,Widowed,Post Graduate,Self Employed,Thiruvananthapuram,Kerala,Self Employed,1830759.16,,5,Business Owners,High
CUST100224,Januja,Goda,34,Female,Single,Diploma,Salaried - Government,Mumbai,Maharashtra,Employed,1173930.17,97827.51,12,Young Professionals,Medium
CUST100723,Rachit,Kapur,46,Male,Single,Post Graduate,Salaried - Private,Bhopal,Madhya Pradesh,Employed,517967.5,43163.96,11,Business Owners,Medium
CUST104485,Ridhi,Mistry,38,Female,Widowed,Graduate,Self Employed,Udaipur,Rajasthan,Self Employed,2028216.75,169018.06,8,Business Owners,High
CUST101141,Meera,Bali,41,Female,Widowed,High School,Self Employed,Nashik,Maharashtra,Self Employed,1897579.17,158131.6,20,,High
CUST102762,Sai,Ravi,61,Female,Married,High School,,Udaipur,Rajasthan,Self Employed,1425894.36,118824.53,20,Business Owners,Medium
CUST100846,Anvi,Balakrishnan,42,Female,Single,Graduate,Salaried - Government,Kolkata,West Bengal,Employed,660089.21,55007.43,17,Business Owners,Medium
CUST102551,Zaitra,Barad,34,Female,Married,Post Graduate,Salaried - Government,Thiruvananthapuram,Kerala,Employed,915045.88,76253.82,16,Young Professionals,Medium
CUST102928,Nicholas,Dara,38,Male,Widowed,Graduate,Salaried - Private,Ahmedabad,Gujarat,Employed,2162358.69,180196.56,14,Business Owners,High
CUST100117,Ikbal,Bhardwaj,25,Male,Married,Graduate,Business Owner,Hyderabad,Telangana,Self Employed,1964125.61,163677.13,,Business Owners,High
CUST100645,Faraj,Borra,32,Male,Single,Post Graduate,Business Owner,Jaipur,Rajasthan,Self Employed,10653771,887814.25,11,High Net Worth Individuals,High
CUST100003,Charan,Chahal,39,Male,Single,Graduate,Salaried - Government,Kochi,Kerala,Employed,1007198.91,83933.24,19,Business Owners,Medium
CUST104170,Sneha,Purohit,70,Female,Single,Graduate,Retired,Ludhiana,Punjab,Retired,612327.01,51027.25,3,Retired Customers,Low
CUST100467,Bina,Sathe,30,Female,Widowed,High School,Salaried - Private,,Madhya Pradesh,Employed,1379875.25,114989.6,4,Young Professionals,Medium
CUST100005,Alexander,Chander,22,,Married,High School,Salaried - Government,Nagpur,Maharashtra,Employed,1008290.32,,4,Young Professionals,Medium
CUST100919,Naksh,Sahota,31,Male,Widowed,Diploma,Salaried - Government,Coimbatore,Tamil Nadu,Employed,1316744.48,109728.71,,Young Professionals,Medium
CUST102595,Samarth,Sathe,19,Male,Single,Graduate,Student,Chandigarh,Punjab,Not Employed,22498.19,1874.85,1,Students,Medium
CUST101063,Jeevika,Mital,32,Female,Married,Diploma,Business Owner,Kolkata,West Bengal,Self Employed,11011784.19,917648.68,14,High Net Worth Individuals,High
CUST102590,Abha,Shanker,50,Female,Married,Post Graduate,Self Employed,Bhopal,Madhya Pradesh,,1740929.12,145077.43,9,Business Owners,Medium
CUST100242,Rehaan,Dua,34,Male,Divorced,Post Graduate,Salaried - Private,Nagpur,,Employed,1494622.5,124551.88,1,Young Professionals,Medium
CUST101160,Chaman,Merchant,39,Female,Single,Graduate,Salaried - Private,Mumbai,Maharashtra,Employed,1175982.71,97998.56,1,Business Owners,Medium
CUST102870,Ronith,Gokhale,40,Male,Widowed,High School,Self Employed,Thiruvananthapuram,Kerala,Self Employed,1739899.51,144991.63,20,Business Owners,High
CUST103735,Arin,Savant,44,Male,Single,Post Graduate,,Jaipur,Rajasthan,Employed,1594896.65,132908.05,20,Business Owners,Medium
CUST102397,Kritika,Gola,34,Female,Single,High School,Business Owner,Chandigarh,Punjab,Self Employed,,568135.15,15,High Net Worth Individuals,High
CUST103517,Vansha,Rama,26,Female,Widowed,Post Graduate,Salaried - Private,Mysuru,Karnataka,Employed,1222277.01,101856.42,8,Young Professionals,High
CUST103421,Sai,Sanghvi,36,Male,Divorced,Post Graduate,Salaried - Private,Thiruvananthapuram,Kerala,Employed,620838.49,51736.54,15,Business Owners,Medium
CUST102563,Manan,Bhagat,,Male,Single,Doctorate,Student,Mysuru,Karnataka,Not Employed,26090.48,2174.21,1,Students,Medium
CUST101605,Chaitaly,Solanki,23,Female,Married,High School,Salaried - Private,Pune,Maharashtra,,1108889.73,92407.48,5,Young Professionals,High
CUST104828,Priya,Saini,32,Female,Divorced,Post Graduate,Salaried - Government,Surat,Gujarat,Employed,1231034.58,102586.22,14,Young Professionals,Medium
CUST102324,Sanya,Savant,33,Female,Divorced,Diploma,Freelancer,Raipur,Chhattisgarh,Self Employed,729507.33,,15,Young Professionals,Medium
CUST102709,Ekaja,Chander,19,Female,Single,Graduate,Student,Udaipur,Rajasthan,Not Employed,108568.97,9047.41,1,,Medium
CUST104398,Chakrika,Kumar,37,Female,Married,Post Graduate,Self Employed,Dehradun,Uttarakhand,Self Employed,3048757.29,254063.11,19,High Net Worth Individuals,High
CUST101312,Manya,Date,33,Female,Widowed,Graduate,Homemaker,Vadodara,Gujarat,Not Employed,38652.22,3221.02,15,Young Professionals,Low
CUST103448,Kamya,Sinha,69,Female,Widowed,Graduate,Retired,Raipur,Chhattisgarh,Retired,475628.91,39635.74,3,Retired Customers,Low
CUST103812,Alexander,Saxena,,Male,Single,Graduate,Self Employed,Kanpur,Uttar Pradesh,Self Employed,3000469,250039.08,14,High Net Worth Individuals,High
CUST104655,Osha,Dani,19,Female,Single,High School,Student,Dehradun,Uttarakhand,Not Employed,13855.71,1154.64,1,Students,Medium
CUST102362,Zilmil,Dubey,40,Female,Widowed,High School,Self Employed,Ahmedabad,Gujarat,Self Employed,866996.28,72249.69,13,Business Owners,High
CUST101975,Chatresh,Mann,41,Male,Single,Graduate,Unemployed,Raipur,Chhattisgarh,Not Employed,38960.77,3246.73,7,Business Owners,Low
CUST103514,Rachita,Char,25,Female,Single,Graduate,Self Employed,Delhi,Delhi,,1568709.16,130725.76,7,Young Professionals,High
CUST101761,Bhavini,Bath,31,Female,Widowed,Graduate,Salaried - Private,,Madhya Pradesh,Employed,925482.16,77123.51,9,Young Professionals,Medium
CUST102739,Vamakshi,Goda,18,Female,Single,Doctorate,Student,Dehradun,Uttarakhand,Not Employed,141638.02,11803.17,1,Students,Medium
CUST104844,Ucchal,Ganesan,66,Female,Divorced,Graduate,Retired,Lucknow,Uttar Pradesh,Retired,856807.42,71400.62,19,Retired Customers,Low
CUST102472,Mitali,Atwal,38,Female,Married,,Salaried - Government,Kolkata,West Bengal,Employed,1156249.4,96354.12,6,Business Owners,Medium
CUST104007,Kavya,Dewan,27,Other,Widowed,Post Graduate,Unemployed,Jaipur,Rajasthan,Not Employed,36710.95,3059.25,9,,Medium
CUST101493,Ria,Chad,39,Female,Widowed,Post Graduate,Business Owner,Thiruvananthapuram,Kerala,Self Employed,6061451.84,505120.99,10,High Net Worth Individuals,High
CUST104206,Jatin,Edwin,40,Male,Married,Graduate,Salaried - Private,Surat,Gujarat,Employed,1386063.21,,,Business Owners,Medium
CUST102158,Nandini,Oak,24,Female,Widowed,,Salaried - Government,Vadodara,Gujarat,Employed,,69840.82,6,Young Professionals,Medium
CUST101169,Krishna,Chaudry,40,Male,Divorced,Post Graduate,Salaried - Private,Indore,Madhya Pradesh,Employed,1183971.14,98664.26,13,Business Owners,Medium
CUST104516,Yashodhara,Grover,,Female,Married,Graduate,Salaried - Private,Nagpur,,Employed,1413921.61,117826.8,7,Young Professionals,High
CUST100232,Wazir,Sengupta,62,Male,Single,Graduate,Homemaker,Chandigarh,Punjab,Not Employed,65567.24,5463.94,6,Business Owners,Low
CUST100066,Daksh,Patil,18,Male,Widowed,Graduate,Self Employed,Raipur,Chhattisgarh,Self Employed,2925486.29,243790.52,7,Business Owners,High
CUST101603,Agastya,Jhaveri,39,Male,Divorced,Diploma,Salaried - Private,Mysuru,Karnataka,Employed,797754.22,66479.52,1,Business Owners,Medium
CUST103283,Saanvi,Pandit,58,Female,Divorced,Diploma,Retired,Dehradun,Uttarakhand,Retired,229711.5,19142.62,4,Retired Customers,Low
CUST103596,Pallavi,Sidhu,28,Female,Widowed,,Freelancer,Raipur,Chhattisgarh,Self Employed,900198.86,75016.57,10,Young Professionals,High
CUST100125,Jacob,Raval,40,Male,Married,Graduate,Salaried - Private,Ahmedabad,Gujarat,Employed,922401.67,76866.81,11,Business Owners,Medium
CUST101296,Charan,Kota,33,,Married,Post Graduate,Salaried - Private,Kochi,Kerala,Employed,1193551.74,99462.65,13,Young Professionals,Medium
CUST101976,Charvi,Chadha,35,Other,Widowed,Post Graduate,Salaried - Government,Delhi,Delhi,Employed,1434637.25,119553.1,7,Young Professionals,Medium
CUST104517,Kritika,Mand,25,Female,Divorced,Graduate,Salaried - Private,Surat,Gujarat,Employed,1516503.76,126375.31,7,Young Professionals,High
CUST104481,Diya,Sura,58,Female,Widowed,Graduate,Homemaker,Indore,Madhya Pradesh,Not Employed,144304.66,12025.39,10,Business Owners,Low
CUST102075,Samaksh,Bahl,45,Male,Widowed,Graduate,Salaried - Government,Coimbatore,Tamil Nadu,Employed,1613384.84,134448.74,17,Business Owners,Medium
CUST103086,Qasim,Gour,28,Male,Widowed,Graduate,Homemaker,Patna,Bihar,Not Employed,107452.09,8954.34,10,Young Professionals,
CUST104345,Dhriti,Varma,31,Female,Widowed,,Self Employed,Hyderabad,Telangana,Self Employed,2208140.61,184011.72,13,Young Professionals,High
CUST103345,Akshay,Korpal,39,Male,Widowed,Graduate,Business Owner,Lucknow,Uttar Pradesh,Self Employed,5490181.93,457515.16,7,High Net Worth Individuals,High
CUST104464,Netra,Subramanian,34,Female,Widowed,Diploma,,Coimbatore,Tamil Nadu,Employed,1374422.8,114535.23,15,Young Professionals,Medium
CUST102797,Vrinda,Narula,28,Female,Divorced,Diploma,Salaried - Government,Vadodara,Gujarat,Employed,1572354.46,131029.54,3,Young Professionals,Medium
CUST100918,Aditya,Sastry,47,Male,Married,Post Graduate,Homemaker,Bengaluru,Karnataka,Not Employed,41086.49,3423.87,11,Business Owners,Low
CUST101646,Xavier,Solanki,38,Male,Widowed,Graduate,Salaried - Government,Bhubaneswar,Odisha,Employed,941204.18,78433.68,13,Business Owners,Medium
CUST100364,Jack,Mani,21,Male,Married,High School,Salaried - Government,Guwahati,Assam,Employed,1230328.97,102527.41,3,Young Professionals,Medium
CUST103287,Qadim,Palla,34,Male,Married,Post Graduate,Salaried - Government,Kanpur,Uttar Pradesh,Employed,1046543.16,87211.93,12,Young Professionals,Medium
CUST102125,Sai,Nigam,40,Male,Single,High School,Salaried - Private,Dehradun,Uttarakhand,Employed,1349235.53,112436.29,8,Business Owners,
CUST104123,Zaid,Chaudry,36,Male,Married,Doctorate,Freelancer,Surat,Gujarat,Self Employed,790880.44,65906.7,8,Business Owners,Medium
CUST100525,Vasana,Chand,25,Female,Widowed,Doctorate,Salaried - Private,Delhi,Delhi,Employed,1157454.92,96454.58,1,Young Professionals,High
CUST100055,Dayita,Memon,18,Female,Single,Graduate,Student,Bhubaneswar,Odisha,Not Employed,17050.21,1420.85,1,Students,Medium
CUST100638,Hamsini,Bose,58,Female,Married,Graduate,Business Owner,Ranchi,Jharkhand,Self Employed,14821640.17,1235136.68,3,High Net Worth Individuals,High
CUST100302,Caleb,Mallick,47,Male,Widowed,High School,Business Owner,Thiruvananthapuram,Kerala,Self Employed,5420014.39,451667.87,10,High Net Worth Individuals,High
CUST102766,Raghav,Rajagopalan,25,Other,Divorced,,Unemployed,Chennai,Tamil Nadu,Not Employed,21438.62,1786.55,3,Young Professionals,Medium
CUST101276,Wishi,Mani,29,Female,Divorced,Graduate,Business Owner,Mumbai,Maharashtra,Self Employed,10270748.94,855895.74,11,High Net Worth Individuals,High
CUST102055,Yagnesh,Subramaniam,42,Male,Widowed,High School,Homemaker,Bengaluru,Karnataka,Not Employed,179739.33,14978.28,2,Business Owners,Low
CUST103644,Tara,Shanker,67,,Single,Post Graduate,Retired,Surat,Gujarat,Retired,378934.83,31577.9,18,Retired Customers,Low
CUST104143,Tristan,Narasimhan,52,Male,Widowed,Graduate,Salaried - Private,Hyderabad,Telangana,Employed,468274.07,39022.84,10,Business Owners,Medium
CUST102878,Vansha,Bahl,49,Female,Single,Graduate,Business Owner,Vadodara,Gujarat,Self Employed,15766848.99,1313904.08,19,High Net Worth Individuals,High
CUST104202,Anay,Pathak,64,Male,Single,Post Graduate,Retired,Kolkata,,Retired,1024080.86,85340.07,,Retired Customers,Low
CUST102286,Aayush,Sani,21,Male,Widowed,Graduate,Salaried - Private,Surat,,Employed,1560826.47,130068.87,,Young Professionals,High
CUST102261,Chaman,Ramakrishnan,18,Female,Single,Graduate,Student,Ranchi,Jharkhand,Not Employed,26403.75,2200.31,1,Students,Medium
CUST102296,Laban,Mane,33,Male,Widowed,Graduate,Salaried - Private,Bhopal,Madhya Pradesh,Employed,1497523.11,124793.59,5,Young Professionals,
CUST101753,Abhimanyu,Nagy,47,Male,Divorced,Graduate,Salaried - Government,Thiruvananthapuram,Kerala,Employed,580914.75,48409.56,14,Business Owners,Low
CUST101968,Rishi,Seshadri,46,Male,Divorced,Graduate,Business Owner,Coimbatore,Tamil Nadu,Self Employed,5156764.38,429730.36,3,High Net Worth Individuals,High
CUST104351,Nidhi,Gera,43,Female,Divorced,Post Graduate,Salaried - Private,Ahmedabad,,Employed,493272.93,41106.08,4,Business Owners,Medium
CUST103117,Tanay,Pingle,32,Male,Single,,Salaried - Private,,Madhya Pradesh,Employed,1465916.67,122159.72,14,Young Professionals,Medium
CUST102393,Chanakya,Chaudhuri,51,Male,Married,Graduate,Salaried - Private,Nashik,Maharashtra,Employed,2201142.18,183428.52,20,,Medium
CUST100523,Sneha,Majumdar,62,Female,,High School,Retired,Patna,Bihar,Retired,609496.39,50791.37,19,Retired Customers,Low
CUST103900,Avni,Sami,40,,Divorced,Graduate,Salaried - Government,Jaipur,Rajasthan,Employed,1878904.56,156575.38,16,Business Owners,Medium
CUST103122,Chameli,Kale,35,Female,Married,Graduate,Salaried - Government,,Maharashtra,Employed,1306176.2,108848.02,17,Young Professionals,Medium
CUST104156,Gopal,Ben,22,Male,Married,High School,Student,Ahmedabad,Gujarat,Not Employed,124804.13,10400.34,4,Students,Medium
CUST101969,Samaksh,Sant,62,Male,Widowed,Graduate,Retired,,Kerala,Retired,336758.71,28063.23,7,Retired Customers,Low
CUST100671,Ria,Mandal,21,Female,Widowed,High School,Student,Jaipur,Rajasthan,Not Employed,44088.88,3674.07,3,Students,Medium
CUST104188,Ridhi,Swamy,28,Female,Widowed,Graduate,Salaried - Government,Ranchi,Jharkhand,Employed,687297.86,57274.82,9,Young Professionals,Medium
CUST100666,Brijesh,Thaman,45,Male,Single,Graduate,Self Employed,Udaipur,Rajasthan,Self Employed,1813426.04,151118.84,20,Business Owners,Medium
CUST104338,Indira,Andra,49,Female,Single,,Salaried - Private,Chandigarh,Punjab,Employed,814322.4,67860.2,17,Business Owners,Medium
CUST101887,Manan,Sethi,45,Male,Divorced,Graduate,Salaried - Private,Kanpur,Uttar Pradesh,Employed,898136.87,74844.74,18,Business Owners,Medium
CUST103266,Pavani,Zachariah,30,Female,Single,Graduate,Freelancer,Mysuru,Karnataka,Self Employed,670720.26,55893.36,12,Young Professionals,Medium
CUST100280,Lavanya,Pillay,39,Female,Widowed,High School,Business Owner,,Punjab,Self Employed,11375676.97,947973.08,4,High Net Worth Individuals,High
CUST101719,Frederick,Golla,32,Male,Married,Post Graduate,Business Owner,Patna,,Self Employed,3192975.12,266081.26,5,High Net Worth Individuals,High
CUST102947,Varenya,Sabharwal,33,Female,Divorced,Graduate,Salaried - Private,Lucknow,Uttar Pradesh,Employed,1259313.49,104942.79,15,Young Professionals,Medium
CUST100899,Ojas,Som,34,Male,Single,Graduate,Salaried - Government,Chandigarh,Punjab,Employed,1376142.64,114678.55,3,Young Professionals,Medium
CUST104850,Nikita,Thakkar,32,Female,Divorced,Graduate,Business Owner,Kochi,Kerala,Self Employed,13929824.82,1160818.74,2,High Net Worth Individuals,High
CUST100760,Bhavika,Shankar,35,Female,Divorced,Post Graduate,Salaried - Private,Jaipur,Rajasthan,Employed,1000920.78,83410.07,4,Young Professionals,Medium
CUST101906,Azaan,Merchant,49,Male,Single,Post Graduate,Self Employed,Hyderabad,Telangana,Self Employed,2811072.48,234256.04,14,Business Owners,High
CUST104042,Isha,Thakkar,45,Female,Widowed,Post Graduate,Unemployed,Ranchi,Jharkhand,Not Employed,14820.34,1235.03,9,Business Owners,Low
CUST103823,Indrajit,Kaur,,Male,Single,Graduate,Salaried - Government,Mysuru,,Employed,624482.11,52040.18,6,,Medium
CUST104138,Laksh,Prasad,40,,Single,Diploma,Salaried - Government,Chandigarh,Punjab,Employed,2054280.45,,20,Business Owners,Medium
CUST103818,Inaya,Saxena,35,Female,Widowed,Graduate,,Guwahati,Assam,Self Employed,8412188.97,701015.75,16,High Net Worth Individuals,High
CUST104300,Aarav,Mukhopadhyay,25,Other,Widowed,High School,Homemaker,Coimbatore,Tamil Nadu,Not Employed,,9391.78,7,Young Professionals,Medium
CUST102593,Kashish,Kalla,21,Female,Widowed,Post Graduate,Salaried - Private,Bhopal,Madhya Pradesh,Employed,1308498.7,109041.56,3,Young Professionals,High
CUST104164,Krisha,Samra,38,Female,Married,High School,Salaried - Government,Kanpur,Uttar Pradesh,Employed,1027059.54,85588.29,20,Business Owners,Medium
CUST103031,Qabil,Behl,,Male,Married,High School,Salaried - Private,Surat,Gujarat,Employed,1406962.75,117246.9,4,Young Professionals,Medium
CUST103579,Upma,Sagar,65,,Widowed,,Retired,Ludhiana,Punjab,Retired,881955.63,73496.3,3,Retired Customers,Low
CUST102832,Teerth,Arora,20,Male,Single,Post Graduate,Student,Thiruvananthapuram,Kerala,Not Employed,83704.64,6975.39,1,Students,Medium
CUST103472,Avi,Karpe,31,Male,Single,High School,Salaried - Private,Chennai,Tamil Nadu,Employed,1888568.65,157380.72,5,Young Professionals,Medium
CUST100137,Hredhaan,Toor,65,Male,Single,Graduate,Retired,Bengaluru,Karnataka,Retired,385740.39,32145.03,10,Retired Customers,Low
CUST102180,Jacob,Khurana,21,Male,Single,Post Graduate,Salaried - Private,Pune,Maharashtra,Employed,1913033.13,159419.43,3,Young Professionals,High
CUST102128,Chandani,Dhillon,,,Single,Diploma,Unemployed,Bhubaneswar,Odisha,Not Employed,50348.98,4195.75,7,Young Professionals,Low
CUST103177,Zinal,Comar,22,Female,Single,High School,,Vadodara,Gujarat,Not Employed,99949.28,,4,Students,Medium
CUST104367,Aishani,Ramesh,71,Female,Married,High School,Retired,Thiruvananthapuram,Kerala,Retired,917859.47,76488.29,9,Retired Customers,Low
CUST104261,Upkaar,Soman,34,Male,Widowed,Doctorate,Salaried - Private,Jaipur,Rajasthan,Employed,625660.01,52138.33,1,Young Professionals,Medium
CUST104344,Gaurav,Ben,24,Male,Married,Graduate,Salaried - Private,Dehradun,Uttarakhand,Employed,681569.22,56797.43,6,Young Professionals,Medium
CUST101331,Watika,Oza,22,Female,Single,Graduate,Salaried - Private,Delhi,Delhi,Employed,1071475.55,89289.63,4,Young Professionals,High
CUST102017,Chaitaly,Mand,21,Female,Divorced,Graduate,Unemployed,Hyderabad,Telangana,Not Employed,33128.29,2760.69,3,Young Professionals,Medium
CUST102482,Harinakshi,Bhasin,44,Female,Widowed,Post Graduate,Self Employed,,Assam,Self Employed,1428019.68,119001.64,19,Business Owners,High
CUST101358,Mason,Devan,38,Male,Married,Graduate,Salaried - Private,Mysuru,Karnataka,Employed,1037010.95,86417.58,7,Business Owners,Medium
CUST101329,Ojasvi,Mander,,Female,Divorced,Post Graduate,Salaried - Government,Thiruvananthapuram,Kerala,Employed,1193875.72,99489.64,5,Young Professionals,Medium
CUST102150,Meghana,Pall,31,Female,Single,Graduate,Business Owner,Bhubaneswar,Odisha,Self Employed,8497266.81,708105.57,13,High Net Worth Individuals,
CUST102122,Ishwar,Sekhon,30,Male,Widowed,Graduate,Self Employed,Chandigarh,Punjab,Self Employed,2206122.07,183843.51,,Young Professionals,High
CUST103981,Bishakha,Parmer,32,Female,Widowed,Diploma,Self Employed,Patna,Bihar,Self Employed,1498619.39,124884.95,4,Young Professionals,High
CUST101252,Umang,Sanghvi,33,Male,Widowed,Doctorate,Salaried - Government,Kochi,Kerala,Employed,619519.25,51626.6,6,,Medium
CUST103278,Xalak,Zacharia,23,Female,Married,Post Graduate,Student,Mumbai,Maharashtra,Not Employed,82338.85,6861.57,5,Students,Medium
CUST103374,Nathan,Sampath,41,Male,Single,,Self Employed,Guwahati,Assam,Self Employed,1928913.82,160742.82,13,Business Owners,High
CUST102814,Harita,Lal,23,Female,,Graduate,Salaried - Private,,West Bengal,Employed,1104475.82,,,,High
CUST101848,Chaitanya,Tara,55,Male,Divorced,Graduate,Business Owner,Ahmedabad,Gujarat,Self Employed,12220651,1018387.58,18,High Net Worth Individuals,High
CUST103037,Ekantika,Natt,25,Female,Married,Graduate,Student,Jaipur,Rajasthan,Not Employed,116530.29,9710.86,5,Students,Medium
CUST100388,Vrinda,Pall,38,Female,,Post Graduate,Salaried - Private,Kanpur,Uttar Pradesh,Employed,33866366.98,2822197.25,19,High Net Worth Individuals,High
CUST100235,Watika,Khare,47,Female,Widowed,Post Graduate,Salaried - Private,Patna,Bihar,Employed,2279871.79,189989.32,13,Business Owners,Medium
CUST101077,Osha,Mitter,67,Female,Widowed,Graduate,Retired,Bhubaneswar,Odisha,Retired,453874.82,37822.9,19,,Low
CUST101984,Rachit,Apte,39,Male,Single,Graduate,Self Employed,Ranchi,Jharkhand,Self Employed,1764920.96,147076.75,12,Business Owners,High
CUST104363,Teerth,Misra,21,Male,Married,Diploma,Salaried - Private,Jaipur,Rajasthan,Employed,929699.35,77474.95,3,Young Professionals,High
CUST103962,Isha,Seth,36,Female,Divorced,Graduate,Self Employed,Bhubaneswar,Odisha,Self Employed,1577635.89,131469.66,13,Business Owners,High
CUST100770,Madhavi,Dash,71,Female,Married,Graduate,Retired,Lucknow,Uttar Pradesh,Retired,493875.29,41156.27,14,Retired Customers,Low
CUST102165,Amrita,Subramaniam,47,Female,Divorced,Graduate,Salaried - Government,Ludhiana,Punjab,Employed,876999.64,73083.3,2,Business Owners,Medium
CUST100673,Omkaar,Ben,28,Male,Single,High School,Salaried - Government,Delhi,Delhi,Employed,776864.82,64738.73,6,Young Professionals,Medium
CUST100249,Sachi,Sood,43,Female,Divorced,High School,Business Owner,Lucknow,Uttar Pradesh,Self Employed,3137101.51,261425.13,11,High Net Worth Individuals,High
CUST101574,Ubika,Ganesan,25,Female,Divorced,,Business Owner,Chennai,Tamil Nadu,Self Employed,5467916.26,455659.69,7,High Net Worth Individuals,High
CUST103419,Hardik,Lala,45,Male,Single,High School,Homemaker,Thiruvananthapuram,Kerala,Not Employed,49568.65,4130.72,17,Business Owners,Low
CUST102081,Gavin,Vaidya,19,Male,Single,Post Graduate,Student,Kolkata,West Bengal,Not Employed,70166.25,5847.19,1,Students,Medium
CUST101823,Urvashi,Golla,49,Female,Widowed,Post Graduate,Unemployed,Hyderabad,Telangana,Not Employed,38529.03,3210.75,8,Business Owners,Low
CUST100716,Urmi,Chand,18,Female,Single,Doctorate,Student,Ahmedabad,Gujarat,Not Employed,49578.91,4131.58,1,Students,Medium
CUST104668,Saumya,Sekhon,41,Female,Single,Graduate,Unemployed,Nagpur,Maharashtra,Not Employed,67789.82,5649.15,17,Business Owners,Low
CUST102048,Lekha,Ghosh,,Female,Single,Post Graduate,Salaried - Private,Surat,Gujarat,Employed,1518002.47,126500.21,4,,
CUST104178,Faraj,Gill,32,Male,Single,Post Graduate,Salaried - Private,Chandigarh,Punjab,Employed,1590757.39,132563.12,1,Young Professionals,Medium
CUST102724,Yashoda,Chauhan,,Other,Single,Graduate,Student,Kanpur,Uttar Pradesh,Not Employed,32374.77,2697.9,1,Students,Medium
CUST104521,Charan,Thakkar,58,Male,Divorced,Graduate,Retired,Lucknow,Uttar Pradesh,Retired,453538.79,37794.9,16,,Low
CUST101460,Ekani,Ramesh,22,Female,Married,Post Graduate,Salaried - Government,Indore,Madhya Pradesh,Employed,1059990.78,88332.57,4,Young Professionals,Medium
CUST101668,Saksham,Deshmukh,21,Male,Widowed,High School,Salaried - Private,Surat,Gujarat,Employed,2064420.02,172035,3,Young Professionals,High
CUST102756,Bhavani,Pingle,34,Female,Divorced,Diploma,Salaried - Government,Kolkata,West Bengal,Employed,1377004.62,114750.39,6,Young Professionals,Medium
CUST102000,Pranav,Dave,35,Male,Divorced,Graduate,Self Employed,Vadodara,Gujarat,Self Employed,1806799.64,150566.64,17,,High
CUST100404,Ekaja,Mani,45,Female,Divorced,Doctorate,Salaried - Government,Patna,Bihar,Employed,1407102.4,117258.53,5,Business Owners,Medium
CUST100384,Vrinda,Venkataraman,18,Female,Single,Diploma,Student,Kanpur,Uttar Pradesh,Not Employed,82602.7,6883.56,1,Students,Medium
CUST104535,Tanay,Behl,39,Male,Married,,Salaried - Government,Hyderabad,Telangana,Employed,671029.14,55919.1,19,Business Owners,Medium
CUST102152,Isaiah,Hayer,19,Male,Single,Graduate,Student,Ahmedabad,Gujarat,Not Employed,24665.81,2055.48,1,Students,Medium
CUST101633,Falak,Kuruvilla,33,,Single,Graduate,Salaried - Private,Pune,Maharashtra,Employed,1237079.69,103089.97,3,Young Professionals,Medium
CUST104586,Krish,Dani,43,Male,,Graduate,Homemaker,Vadodara,Gujarat,Not Employed,33812.72,2817.73,10,Business Owners,Low
CUST103925,Lucky,Ghosh,37,Male,Divorced,Post Graduate,Business Owner,Bengaluru,Karnataka,Self Employed,8424158.92,702013.24,5,High Net Worth Individuals,High
CUST104158,Dev,Chand,46,Male,Single,Graduate,Salaried - Government,,Telangana,,1669166.56,139097.21,19,Business Owners,Medium
CUST100223,Damyanti,Sandal,35,Female,Single,High School,Salaried - Government,Dehradun,Uttarakhand,Employed,1380312.34,115026.03,16,Young Professionals,Medium
CUST102193,Devansh,Bhagat,20,Male,Single,Post Graduate,Student,Pune,Maharashtra,Not Employed,64854.63,5404.55,2,Students,Medium
CUST103136,Girik,Raj,42,Male,Married,Graduate,Self Employed,Indore,Madhya Pradesh,Self Employed,3299883.07,274990.26,10,High Net Worth Individuals,High
CUST101824,Ranveer,Parmer,21,Male,Married,Post Graduate,Salaried - Private,Bhubaneswar,Odisha,Employed,1488126.19,124010.52,,Young Professionals,High
CUST104600,Abdul,Parekh,43,Male,Widowed,Graduate,Self Employed,Kanpur,Uttar Pradesh,Self Employed,760283.12,63356.93,16,Business Owners,Medium
CUST100797,Qasim,Prabhu,21,Male,Divorced,High School,Student,Lucknow,Uttar Pradesh,Not Employed,42479.07,,3,Students,Medium
CUST102871,Xalak,Chopra,34,Female,Single,High School,Business Owner,Hyderabad,Telangana,Self Employed,12538379,1044864.92,4,High Net Worth Individuals,High
CUST100009,Januja,Sen,58,Female,Married,Doctorate,Retired,Bhubaneswar,Odisha,Retired,976333.26,81361.1,14,Retired Customers,
CUST101944,Prisha,Sehgal,35,Female,Married,Graduate,Salaried - Private,Ranchi,Jharkhand,Employed,2513398.18,209449.85,1,Young Professionals,High
CUST101838,Yashawini,Singh,23,Female,Widowed,Graduate,Salaried - Government,Jaipur,Rajasthan,Employed,754708.12,62892.34,5,Young Professionals,Medium
CUST100255,Rajata,Sunder,23,Other,Divorced,Graduate,Student,Raipur,Chhattisgarh,Not Employed,102630.77,8552.56,5,Students,Medium
CUST104508,Zashil,Arya,32,Male,Single,Post Graduate,Salaried - Government,Surat,Gujarat,Employed,899795.84,74982.99,14,Young Professionals,Medium
CUST101581,Manan,Bahri,25,Male,Married,Post Graduate,Salaried - Private,Udaipur,Rajasthan,Employed,507388.6,42282.38,2,Young Professionals,Medium
CUST102956,Zehaan,Kanda,22,Male,Divorced,Doctorate,Student,Vadodara,Gujarat,Not Employed,112965.74,9413.81,4,Students,
CUST100924,Hemang,Nair,31,Male,Married,Graduate,,Mysuru,Karnataka,Employed,722498.89,60208.24,13,Young Professionals,Medium
CUST104429,Faras,Date,60,Male,Divorced,Post Graduate,Self Employed,Kolkata,West Bengal,Self Employed,798087.61,66507.3,8,Business Owners,Medium
CUST102508,Ronith,Devan,60,Male,Widowed,Doctorate,Retired,Surat,Gujarat,Retired,378699.76,31558.31,19,Retired Customers,Low
CUST103775,Bhavini,Sule,51,Female,Married,High School,Self Employed,Delhi,,Self Employed,2218375.63,184864.64,13,Business Owners,High
CUST104136,Upadhriti,Kohli,33,Female,Widowed,Diploma,Freelancer,Vadodara,Gujarat,Self Employed,629784.02,52482,14,Young Professionals,Medium
CUST102779,Jeevika,Grewal,38,Female,Divorced,Graduate,Salaried - Private,Guwahati,Assam,Employed,1024597.53,85383.13,,Business Owners,Medium
CUST100539,Neel,Babu,19,Male,Single,Post Graduate,Student,Bhubaneswar,Odisha,Not Employed,56405.24,4700.44,1,Students,Medium
CUST102745,Ekiya,Acharya,58,,Single,Post Graduate,Retired,Patna,Bihar,Retired,1039930,,3,Retired Customers,Medium
CUST104498,Gaurika,Issac,21,Female,,Graduate,Freelancer,Chennai,Tamil Nadu,Self Employed,512610.67,42717.56,2,Young Professionals,High
CUST104571,Geetika,Mahal,20,Female,Single,,Student,,Bihar,Not Employed,78033.73,6502.81,2,Students,Medium
CUST101145,Brinda,Mistry,35,Female,Widowed,Post Graduate,Salaried - Private,Guwahati,Assam,Employed,2074123.22,172843.6,,Young Professionals,High
CUST100667,Gabriel,Baral,19,Male,Single,Graduate,Student,Bengaluru,Karnataka,Not Employed,13362.59,1113.55,1,Students,Medium
CUST103019,Faris,Sharaf,34,Male,Single,Graduate,Salaried - Private,Bhubaneswar,Odisha,Employed,565776.99,47148.08,16,Young Professionals,Medium
CUST100357,Hitesh,Lalla,38,Male,Divorced,Graduate,Salaried - Government,Pune,Maharashtra,Employed,491441.21,,16,Business Owners,Medium
CUST102831,Lekha,Dhillon,65,Female,Divorced,Graduate,Retired,Lucknow,Uttar Pradesh,Retired,527180.38,43931.7,15,Retired Customers,Low
CUST102783,Samesh,Peri,58,Male,Married,Post Graduate,Retired,Hyderabad,Telangana,Retired,684060.28,57005.02,13,Retired Customers,Low
CUST101353,Ekaja,Sridhar,39,Female,Married,High School,Self Employed,Vadodara,Gujarat,Self Employed,1125261.04,93771.75,16,Business Owners,High
CUST100470,Vedant,Mittal,25,Male,Married,Diploma,Student,Kanpur,Uttar Pradesh,Not Employed,35792.35,2982.7,7,Students,Medium
CUST102703,Avni,Chadha,29,Female,Divorced,Graduate,Freelancer,Chennai,Tamil Nadu,Self Employed,1308352.64,109029.39,7,Young Professionals,High
CUST103330,Jalsa,Sibal,61,Female,Single,Post Graduate,Business Owner,Delhi,Delhi,Self Employed,4918722.02,409893.5,12,High Net Worth Individuals,Medium
CUST103637,Frederick,Chada,36,Male,Single,,Homemaker,Delhi,Delhi,Not Employed,,6695.73,4,Business Owners,Low
CUST101396,Balveer,Vaidya,41,Male,Divorced,Graduate,Salaried - Private,Hyderabad,Telangana,Employed,934069.04,77839.09,,Business Owners,Medium
CUST103584,Kala,Bhat,19,Female,Single,Post Graduate,Student,Coimbatore,Tamil Nadu,Not Employed,48116.93,4009.74,1,Students,Medium
CUST104486,Qabil,Sangha,33,Male,Single,Doctorate,Self Employed,,,Self Employed,40460707.92,3371725.66,9,High Net Worth Individuals,High
CUST103376,Liam,Dhillon,21,Male,Married,,Student,Raipur,Chhattisgarh,Not Employed,,3803.47,3,Students,Medium
CUST101256,Charan,Yadav,44,Male,Married,Graduate,Salaried - Private,,Maharashtra,Employed,1900924.2,158410.35,10,Business Owners,
CUST103512,Yatan,Sankaran,60,Male,Married,Graduate,Retired,Hyderabad,Telangana,Retired,479836.84,,20,Retired Customers,Low
CUST101250,Tarak,Randhawa,18,Male,Single,Graduate,Student,Lucknow,Uttar Pradesh,Not Employed,32155.05,2679.59,1,Students,Medium
CUST104807,Dakshesh,Mallick,29,Male,Married,Graduate,Business Owner,Dehradun,Uttarakhand,Self Employed,4512240.29,376020.02,5,High Net Worth Individuals,High
CUST104298,Qarin,Datta,20,Male,Single,Graduate,Student,Coimbatore,Tamil Nadu,Not Employed,72243.21,6020.27,2,Students,Medium
CUST103284,Meghana,Nagi,36,Female,Married,Graduate,Business Owner,Mumbai,Maharashtra,Self Employed,10052953.58,837746.13,13,High Net Worth Individuals,High
CUST102933,Laksh,Dhaliwal,20,Male,Single,High School,Student,Vadodara,Gujarat,Not Employed,91557.63,7629.8,,Students,Medium
CUST104175,Aishani,Raj,37,Female,Single,Graduate,Salaried - Private,Chandigarh,Punjab,Employed,905812.62,75484.38,13,Business Owners,Medium
CUST101852,Saksham,Sachar,,Male,Single,Graduate,Salaried - Private,Dehradun,Uttarakhand,Employed,1872008.92,156000.74,15,Business Owners,Medium
CUST104869,Hitesh,Kapoor,76,Male,Widowed,High School,Retired,Dehradun,Uttarakhand,Retired,428216.96,35684.75,20,Retired Customers,Low
CUST102105,Kabir,Gulati,37,Male,Married,Graduate,Salaried - Private,Bengaluru,Karnataka,Employed,1351810.2,112650.85,4,Business Owners,Medium
CUST100133,Mason,Shankar,63,Male,Single,Post Graduate,Retired,Indore,Madhya Pradesh,Retired,414940.12,34578.34,4,,
CUST100928,Zinal,Oommen,64,,Single,Post Graduate,Retired,,Odisha,Retired,,37223.85,14,Retired Customers,Low
CUST100823,Caleb,Bhatti,56,,Married,Post Graduate,Self Employed,Nashik,Maharashtra,Self Employed,2719130.52,226594.21,1,Business Owners,High
CUST104543,Oeshi,Kala,37,Female,Widowed,Post Graduate,Business Owner,Ludhiana,Punjab,Self Employed,14933547.59,1244462.3,19,High Net Worth Individuals,High
CUST101531,Gabriel,Goda,35,Male,Married,Graduate,Freelancer,Ludhiana,Punjab,Self Employed,1520264.02,126688.67,17,Young Professionals,High
CUST101214,Ranbir,Borah,46,Male,Divorced,Graduate,Salaried - Private,Thiruvananthapuram,Kerala,Employed,1744536.08,145378.01,3,Business Owners,Medium
CUST100504,Omisha,Kant,22,Female,Widowed,Graduate,Salaried - Government,Kanpur,Uttar Pradesh,Employed,688165.27,57347.11,4,Young Professionals,Medium
CUST104285,Januja,Kurian,25,Female,Married,Post Graduate,Business Owner,Ahmedabad,Gujarat,Self Employed,1598996.42,133249.7,7,Business Owners,High
CUST101996,Bina,Mannan,21,Female,Widowed,High School,Salaried - Private,Thiruvananthapuram,Kerala,Employed,,70509.33,3,Young Professionals,High
CUST103072,Nidra,Deo,31,Female,Married,Graduate,Salaried - Government,Surat,Gujarat,Employed,785911.47,65492.62,13,Young Professionals,Medium
CUST101958,Simon,Chawla,21,Male,Widowed,Post Graduate,Salaried - Government,,Gujarat,Employed,1457318,121443.17,3,Young Professionals,Medium
CUST101384,Qadim,Gera,30,Male,Single,Graduate,,Chandigarh,Punjab,Employed,1234462.25,102871.85,7,Young Professionals,Medium
CUST100894,Omkaar,Pau,52,Male,Divorced,,Homemaker,Coimbatore,Tamil Nadu,Not Employed,52070.21,4339.18,7,Business Owners,Low
CUST100455,Praneel,Prasad,45,Male,Single,Graduate,Salaried - Private,Patna,Bihar,Employed,2316787.33,193065.61,,Business Owners,Medium
CUST104879,Triya,Khurana,27,Female,Single,Graduate,Salaried - Private,Lucknow,Uttar Pradesh,Employed,1875455.38,,9,Young Professionals,High
CUST103709,Samarth,Choudhary,37,Male,Single,Graduate,Unemployed,Ludhiana,Punjab,Not Employed,11192.3,932.69,3,Business Owners,Low
CUST104618,Mohammed,Gaba,30,Male,Single,Post Graduate,Business Owner,Lucknow,Uttar Pradesh,Self Employed,8459394.09,704949.51,12,High Net Worth Individuals,High
CUST104268,Ryan,Bumb,57,Male,Married,Post Graduate,Self Employed,Mumbai,Maharashtra,Self Employed,2895142.51,241261.88,19,Business Owners,High
CUST103522,Tanay,Chander,33,Male,Married,Diploma,Salaried - Private,Hyderabad,Telangana,Employed,1232998.02,102749.84,13,Young Professionals,Medium
CUST104134,Advaith,Dash,20,Male,Single,Graduate,Student,Ranchi,Jharkhand,Not Employed,18862.77,1571.9,2,Students,Medium
CUST103602,Warhi,Dayal,37,Female,Single,Doctorate,Salaried - Government,Thiruvananthapuram,Kerala,Employed,834088.52,69507.38,9,Business Owners,Medium
CUST100713,Benjamin,Dyal,40,Male,Single,Diploma,Self Employed,Ludhiana,Punjab,Self Employed,932213.74,77684.48,16,Business Owners,High
CUST104186,Ikshita,Agrawal,36,Female,Divorced,,Freelancer,Pune,Maharashtra,,795237.91,66269.83,,Business Owners,Medium
CUST102214,Chandresh,Madan,40,Male,Single,Graduate,Salaried - Government,Mysuru,Karnataka,Employed,909427.65,75785.64,10,,Medium
CUST102923,Bhavika,Cherian,49,Female,Divorced,Graduate,Business Owner,Udaipur,Rajasthan,Self Employed,5104409.51,425367.46,6,High Net Worth Individuals,High
CUST101810,Ekantika,Garde,49,Female,Married,Graduate,Business Owner,Guwahati,Assam,Self Employed,6523048.08,543587.34,16,High Net Worth Individuals,High
CUST103486,Jagvi,Agrawal,37,,Widowed,Graduate,Salaried - Private,Bhubaneswar,Odisha,Employed,1861249.65,155104.14,14,Business Owners,Medium
CUST103141,Amara,Agate,44,Female,Single,Graduate,Salaried - Government,Mumbai,Maharashtra,Employed,1268419.05,105701.59,10,Business Owners,Medium
CUST101827,Dayita,Sabharwal,23,Female,Widowed,Graduate,Salaried - Private,Jaipur,Rajasthan,Employed,1557157.54,129763.13,5,Young Professionals,High
CUST101155,Amruta,Mahajan,35,Female,Single,Graduate,Salaried - Government,Vadodara,Gujarat,Employed,1011695.36,84307.95,12,Young Professionals,Medium
CUST101324,Chakradhar,Shanker,33,Male,Widowed,High School,Salaried - Private,Surat,Gujarat,Employed,1212830.35,101069.2,1,Young Professionals,Medium
CUST104312,Lucky,Dhingra,48,Male,Widowed,Post Graduate,Homemaker,Bhopal,Madhya Pradesh,Not Employed,27519.6,2293.3,,Business Owners,Low
CUST100510,Dalbir,Chatterjee,20,Male,Single,Post Graduate,,Kochi,Kerala,Not Employed,38827.28,3235.61,,Students,Medium
CUST101680,Vansha,Goel,59,Female,Married,High School,Salaried - Government,Raipur,Chhattisgarh,Employed,1994460.92,166205.08,18,Business Owners,Medium
CUST100499,David,Sha,38,Male,Divorced,Diploma,Unemployed,Mysuru,Karnataka,Not Employed,31661.76,2638.48,10,Business Owners,Low
CUST104536,Max,Choudhary,64,Male,Married,Graduate,Retired,Ahmedabad,Gujarat,Retired,722776.78,60231.4,11,Retired Customers,Low
CUST101856,Panini,Patla,22,Female,Widowed,High School,Student,Mumbai,Maharashtra,Not Employed,7250.2,604.18,,Students,Medium
CUST101388,Hritik,Baral,21,Male,Single,Post Graduate,Salaried - Government,Dehradun,Uttarakhand,Employed,1514820.96,126235.08,3,,Medium
CUST103719,Niharika,Mander,29,Female,Divorced,Post Graduate,Salaried - Government,Thiruvananthapuram,Kerala,Employed,608266.5,50688.88,8,Young Professionals,Medium
CUST102386,Chaaya,Sidhu,18,Female,Single,Post Graduate,Student,Bhubaneswar,Odisha,Not Employed,126516.2,10543.02,1,Students,Medium
CUST103236,Xalak,Cheema,32,,Widowed,Diploma,Business Owner,Bhubaneswar,,Self Employed,4917313.58,409776.13,8,High Net Worth Individuals,High
CUST101540,Aishani,Vyas,40,Female,Single,Diploma,Business Owner,Kanpur,Uttar Pradesh,Self Employed,8233487.83,686123.99,16,High Net Worth Individuals,High
CUST101217,Zehaan,Sahota,65,Male,Single,Post Graduate,Self Employed,Guwahati,Assam,Self Employed,2038060.09,169838.34,19,Business Owners,Medium
CUST102681,Unni,Batra,18,Other,Single,Graduate,Student,Dehradun,Uttarakhand,Not Employed,74532.36,6211.03,1,Students,Medium
CUST102993,Vasudha,Sahota,25,Female,Widowed,Post Graduate,Business Owner,Vadodara,Gujarat,Self Employed,6106627.33,508885.61,4,High Net Worth Individuals,High
CUST101191,Veer,Chhabra,67,Male,Married,High School,Retired,Udaipur,Rajasthan,Retired,718925.22,59910.43,6,Retired Customers,Low
CUST101542,Noah,Jaggi,,Male,Single,Post Graduate,Self Employed,Kolkata,West Bengal,Self Employed,2228761.52,185730.13,4,Business Owners,High
CUST103301,Shivansh,Loke,43,Male,Single,Graduate,Salaried - Private,Ranchi,Jharkhand,Employed,1077574.47,89797.87,6,Business Owners,Medium
CUST103324,Naksh,Iyengar,42,Male,Widowed,High School,Salaried - Private,Mysuru,,Employed,1742244.66,145187.05,8,Business Owners,Medium
CUST102539,Gopal,Kara,55,Male,Divorced,Graduate,Self Employed,Surat,Gujarat,Self Employed,1670345.22,139195.43,9,Business Owners,Medium
CUST100953,Ekantika,Ahluwalia,46,Female,Widowed,Post Graduate,Self Employed,Chennai,Tamil Nadu,Self Employed,2206711.58,183892.63,9,Business Owners,High
CUST104330,Indali,Ramesh,48,Female,Single,Graduate,Homemaker,Delhi,Delhi,Not Employed,67417.42,5618.12,7,Business Owners,Low
CUST100732,Hritik,Doctor,18,Male,Single,Graduate,Student,Bhopal,Madhya Pradesh,Not Employed,98186.24,8182.19,1,Students,Medium
CUST101156,Varenya,Swaminathan,58,Female,Divorced,Graduate,Retired,Nashik,Maharashtra,Retired,551839.51,45986.63,5,Retired Customers,Low
CUST103294,Jacob,Muni,50,Male,Married,Graduate,Salaried - Private,Lucknow,Uttar Pradesh,Employed,2064763.54,172063.63,2,Business Owners,Medium
CUST102982,Avni,Sarin,67,Female,Widowed,Post Graduate,Retired,Dehradun,Uttarakhand,Retired,371022.01,30918.5,2,Retired Customers,Low
CUST102156,Zehaan,Chhabra,,Male,Widowed,Post Graduate,Salaried - Private,Raipur,Chhattisgarh,Employed,2081301.78,173441.82,15,Young Professionals,High
CUST101062,Warjas,Khosla,26,Male,Widowed,High School,Freelancer,Udaipur,Rajasthan,Self Employed,1251773.3,104314.44,6,,High
CUST102616,Zansi,Sachdev,28,Female,Widowed,Graduate,Business Owner,Ahmedabad,Gujarat,,4509685.68,375807.14,10,,High
CUST101167,Aarnav,Morar,44,Male,Divorced,Diploma,Business Owner,Nagpur,Maharashtra,Self Employed,9429233.22,785769.44,3,High Net Worth Individuals,High
CUST103222,David,Shukla,27,Male,Single,Graduate,Salaried - Government,Coimbatore,Tamil Nadu,Employed,1438478.01,119873.17,9,Young Professionals,Medium
CUST103636,Mekhala,Tiwari,39,Female,Single,Doctorate,Self Employed,Jaipur,Rajasthan,Self Employed,1171155.04,97596.25,4,Business Owners,High
CUST102938,Daksha,Puri,38,Female,Widowed,Graduate,Salaried - Government,Ludhiana,,Employed,938817.21,78234.77,3,Business Owners,Medium
CUST104491,Irya,Saraf,21,Other,Divorced,Graduate,Salaried - Government,Hyderabad,Telangana,Employed,706998.45,58916.54,3,Young Professionals,Medium
CUST103140,Vincent,Kapur,21,Male,Divorced,High School,Salaried - Private,Pune,Maharashtra,Employed,809926.16,67493.85,3,Young Professionals,High
CUST100143,Zarna,Anand,45,Female,,Post Graduate,Salaried - Government,Vadodara,Gujarat,Employed,1724783.71,143731.98,1,Business Owners,Medium
CUST103577,Ati,Nath,20,Female,Single,High School,Student,Vadodara,Gujarat,Not Employed,38387.75,3198.98,2,Students,Medium
CUST102782,Yamini,Luthra,37,Female,Divorced,Post Graduate,Salaried - Government,Hyderabad,Telangana,Employed,932836.67,77736.39,6,Business Owners,Medium
CUST100717,Janya,Seshadri,47,Female,Single,Post Graduate,Unemployed,Nagpur,Maharashtra,Not Employed,28264.97,2355.41,6,Business Owners,Low
CUST101819,Fiyaz,Chowdhury,18,Male,Single,Diploma,Student,Pune,Maharashtra,Not Employed,55450.82,,1,Students,Medium
CUST102502,Matthew,Keer,37,Male,Married,Graduate,Business Owner,Mysuru,Karnataka,Self Employed,5189276.01,432439.67,19,High Net Worth Individuals,High
CUST104360,Wriddhish,Mahal,51,Male,Single,Graduate,Self Employed,Kanpur,Uttar Pradesh,Self Employed,2026662.07,168888.51,12,Business Owners,High
CUST104171,Geetika,Sinha,44,Female,Single,,Business Owner,Kolkata,West Bengal,Self Employed,9979393.46,831616.12,14,High Net Worth Individuals,High
CUST100395,Chaitanya,Murty,18,Male,Single,Doctorate,Student,Mumbai,Maharashtra,Not Employed,54888.71,4574.06,1,Students,Medium
CUST104836,Veer,Divan,22,Male,,High School,,Indore,Madhya Pradesh,Not Employed,49570.93,4130.91,1,Students,Medium
CUST104492,Aarnav,Parmer,34,Male,Single,Post Graduate,Salaried - Government,Mumbai,Maharashtra,Employed,1881201.81,156766.82,10,Young Professionals,Medium
CUST101365,Vaishnavi,Kalla,25,Female,Divorced,High School,Business Owner,Surat,Gujarat,Self Employed,8580772.07,715064.34,7,High Net Worth Individuals,High
CUST104558,Ansh,Halder,28,Male,Widowed,Graduate,Self Employed,Bengaluru,Karnataka,Self Employed,937489.19,78124.1,10,Young Professionals,High
CUST100595,Riya,Saini,20,Female,Single,Graduate,Student,Bengaluru,Karnataka,,37378.02,3114.83,2,Students,Medium
CUST103952,Bhavini,Ganesh,68,Female,Divorced,Post Graduate,Retired,Bhubaneswar,Odisha,,270831.89,22569.32,1,Retired Customers,Low
CUST102914,Falan,Kaul,27,Male,Divorced,Graduate,Salaried - Private,Ludhiana,Punjab,Employed,1554778.99,129564.92,9,Young Professionals,High
CUST102326,Hardik,Sharma,22,Male,Single,Graduate,Student,,Gujarat,Not Employed,88537.43,7378.12,4,Students,Medium
CUST103766,Triveni,Naik,53,Female,Divorced,Graduate,Salaried - Government,Kolkata,West Bengal,Employed,951291.69,79274.31,10,,Medium
CUST103440,Vasudha,Chada,58,Female,Single,Post Graduate,Retired,Coimbatore,Tamil Nadu,Retired,274807.22,22900.6,9,Retired Customers,Low
CUST103851,Jeevika,Sampath,72,Female,Widowed,High School,Homemaker,Nagpur,Maharashtra,Not Employed,25443.62,2120.3,6,Business Owners,Low
CUST104132,Jackson,Thakur,37,Male,Single,Graduate,Self Employed,Udaipur,Rajasthan,Self Employed,802578.92,66881.58,19,Business Owners,High
CUST104591,Maya,Deol,18,Female,,Graduate,Student,Delhi,Delhi,Not Employed,116929.6,9744.13,1,Students,Medium
CUST102143,Kashvi,Acharya,33,Female,Divorced,Graduate,Salaried - Private,Ludhiana,Punjab,Employed,980658.56,,3,Young Professionals,Medium
CUST101571,Lavanya,Chokshi,64,Female,Divorced,Graduate,Retired,Lucknow,Uttar Pradesh,Retired,303601.36,25300.11,18,Retired Customers,Low
CUST104079,Bahadurjit,Butala,71,Male,Divorced,High School,Retired,Bengaluru,Karnataka,Retired,687359.75,57279.98,17,Retired Customers,Low
CUST101122,Falan,Khosla,21,Male,Divorced,Doctorate,Freelancer,Ludhiana,Punjab,Self Employed,729658.3,60804.86,3,Young Professionals,High
CUST102786,Dayita,Subramaniam,44,Female,Divorced,Post Graduate,Salaried - Private,Ranchi,Jharkhand,Employed,814798.91,67899.91,15,Business Owners,Medium
CUST102967,Anya,Chawla,35,Female,Divorced,Post Graduate,Self Employed,Chandigarh,Punjab,Self Employed,,135534.8,13,Business Owners,High
CUST102504,Bhavani,Kurian,63,Female,Widowed,Graduate,Retired,Lucknow,Uttar Pradesh,,291539.76,24294.98,7,Retired Customers,Low
CUST103465,Upasna,Mandal,29,Female,Divorced,High School,Salaried - Private,Raipur,Chhattisgarh,Employed,1420899.95,,11,Young Professionals,High
CUST100675,Nitesh,Chandra,39,Male,Divorced,High School,Salaried - Private,Delhi,Delhi,Employed,979881,81656.75,9,Business Owners,Medium
CUST102808,Maya,Krishnan,42,Female,Widowed,Post Graduate,Homemaker,Kanpur,Uttar Pradesh,Not Employed,,5909.94,9,Business Owners,Low
CUST103348,Siddharth,Bansal,39,Male,Married,Post Graduate,Salaried - Private,Patna,Bihar,Employed,1106004.77,92167.06,10,Business Owners,Medium
CUST100728,Warinder,Dewan,22,Male,Married,High School,Homemaker,Lucknow,Uttar Pradesh,Not Employed,22438.7,1869.89,4,Young Professionals,Medium
CUST100412,Ganga,Tara,20,Female,Single,Post Graduate,Student,Kanpur,Uttar Pradesh,Not Employed,35747.52,2978.96,2,Students,Medium
CUST103146,Yatan,Konda,28,Male,Married,Post Graduate,Business Owner,Bhubaneswar,Odisha,Self Employed,7694409.68,641200.81,,High Net Worth Individuals,High
CUST101516,Sai,Parmer,63,Female,Married,Graduate,Retired,Delhi,Delhi,Retired,338546.58,28212.22,2,,Low
CUST100825,Wakeeta,Vora,21,Female,Divorced,Diploma,Salaried - Government,Kanpur,Uttar Pradesh,Employed,1252169.12,104347.43,3,Young Professionals,Medium
CUST103267,Aditya,Balay,41,Male,,Post Graduate,Salaried - Private,Vadodara,Gujarat,,444114,37009.5,16,Business Owners,Medium
CUST103974,Umang,Sibal,56,Male,Married,Post Graduate,,,Odisha,Employed,1942165.53,161847.13,17,Business Owners,Medium
CUST100616,Omisha,Dar,28,Female,Divorced,Graduate,,Coimbatore,Tamil Nadu,Employed,703018.53,58584.88,4,Young Professionals,Medium
CUST100114,Mekhala,Sampath,35,Female,Single,Doctorate,Business Owner,Surat,Gujarat,Self Employed,12010047.36,1000837.28,1,High Net Worth Individuals,High
CUST100417,Eta,Rajagopal,26,Female,Divorced,High School,Salaried - Private,Jaipur,Rajasthan,Employed,2320292.23,193357.69,8,Young Professionals,High
CUST103069,Onveer,Narain,26,Male,Divorced,Diploma,Salaried - Private,Ludhiana,Punjab,Employed,1974008.96,164500.75,4,Young Professionals,High
CUST101625,Anika,Thakkar,41,Female,Divorced,Graduate,Business Owner,Pune,Maharashtra,Self Employed,6308820.11,525735.01,7,High Net Worth Individuals,High
CUST104950,Harshil,Sura,39,Male,Widowed,High School,Unemployed,Bengaluru,Karnataka,Not Employed,40441.58,3370.13,16,Business Owners,Low
CUST104185,Indira,Dubey,36,Female,Single,Graduate,Homemaker,Vadodara,Gujarat,Not Employed,23516.1,1959.67,4,,Low
CUST102896,Harrison,Goda,29,Male,Widowed,Graduate,Salaried - Private,,Kerala,Employed,1778002.79,148166.9,11,Young Professionals,High
CUST104671,Liam,Dhillon,58,Male,Widowed,High School,Retired,Guwahati,Assam,Retired,310515.19,25876.27,7,Retired Customers,Low
CUST102082,Kevin,Ganesh,46,Male,Married,Doctorate,Salaried - Private,Guwahati,Assam,Employed,706525.56,58877.13,1,Business Owners,Medium
CUST100753,Bhavna,Pai,38,Female,Divorced,Graduate,Salaried - Private,Bengaluru,Karnataka,Employed,1069598.22,89133.18,16,Business Owners,Medium
CUST102546,Nicholas,Shankar,34,Male,Single,Diploma,Salaried - Private,Ranchi,Jharkhand,Employed,685406.64,57117.22,7,Young Professionals,Medium
CUST103969,Neelima,Saxena,18,Female,Single,Graduate,Student,Patna,Bihar,Not Employed,113765.18,9480.43,1,,Medium
CUST103373,Rachit,Chowdhury,31,Male,Widowed,Post Graduate,Salaried - Private,Indore,Madhya Pradesh,Employed,1330782.02,110898.5,13,Young Professionals,Medium
CUST104107,Sarthak,Vala,67,Male,Married,Graduate,Retired,Nashik,Maharashtra,Retired,446255.54,37187.96,13,Retired Customers,Low
CUST102444,Indrajit,Sankaran,50,Male,Married,Doctorate,Salaried - Private,,Uttarakhand,,1907661.97,158971.83,2,Business Owners,Medium
CUST104380,Udyati,Acharya,50,Female,Widowed,Graduate,Salaried - Private,Bhubaneswar,Odisha,Employed,918237.71,76519.81,3,,Medium
CUST101066,Sathvik,Wagle,39,Male,Widowed,High School,Salaried - Private,Surat,Gujarat,Employed,1296912.01,108076,20,Business Owners,Medium
CUST103913,Hredhaan,Khare,28,Male,Divorced,Graduate,Salaried - Private,Nashik,Maharashtra,Employed,1913217.91,159434.83,10,Young Professionals,High
CUST103498,Nitesh,Bassi,37,Male,Divorced,Post Graduate,Homemaker,Guwahati,Assam,Not Employed,33872.7,2822.72,13,Business Owners,Low
CUST102738,Omaja,Chatterjee,22,Female,Single,High School,Student,Patna,Bihar,Not Employed,,6639.42,4,Students,Medium
CUST104000,Kamala,Varty,18,,Single,Graduate,Student,Chandigarh,Punjab,Not Employed,63623.86,5301.99,1,Students,Medium
CUST101568,Abdul,Lanka,46,Male,Married,,Salaried - Government,Chandigarh,Punjab,Employed,858819.33,71568.28,9,Business Owners,
CUST102427,Balvan,Nair,49,Male,Single,Post Graduate,Salaried - Private,Surat,Gujarat,Employed,1550838.11,129236.51,13,Business Owners,Medium
CUST103746,Krisha,Sawhney,21,Female,Married,Post Graduate,Salaried - Private,,Gujarat,Employed,871090.96,72590.91,3,Young Professionals,High
CUST104639,Yagnesh,Bhalla,29,Other,Divorced,Graduate,Freelancer,Pune,Maharashtra,Self Employed,650242,54186.83,9,Young Professionals,High
CUST101687,Janya,Kar,22,Female,Widowed,High School,Student,Jaipur,Rajasthan,Not Employed,114341.72,9528.48,4,Students,Medium
CUST100851,Nidhi,Subramanian,39,Female,Divorced,Graduate,Salaried - Private,Udaipur,Rajasthan,Employed,1231659.63,102638.3,1,Business Owners,Medium
CUST103546,Neha,Murthy,35,Female,,Post Graduate,Salaried - Government,Kolkata,West Bengal,Employed,710284.33,59190.36,17,Young Professionals,Medium
CUST100895,Eshana,Issac,48,Female,Single,Graduate,Salaried - Private,Surat,Gujarat,Employed,2028536.9,169044.74,15,Business Owners,Medium
CUST104592,Anamika,Behl,27,Other,Married,Post Graduate,Freelancer,Indore,Madhya Pradesh,Self Employed,1188690.65,99057.55,1,Young Professionals,High
CUST100335,Abhimanyu,Walla,76,Male,Married,Diploma,Retired,Hyderabad,Telangana,Retired,901281.95,75106.83,10,Retired Customers,Low
CUST102839,Krishna,Loke,34,Male,Married,Graduate,Freelancer,Thiruvananthapuram,Kerala,Self Employed,338667.2,28222.27,16,Young Professionals,Medium
CUST103087,Harshil,Banerjee,51,Male,,Post Graduate,Homemaker,Kanpur,Uttar Pradesh,Not Employed,71818.2,5984.85,14,Business Owners,Low
CUST101348,Brinda,Deo,18,Female,,Post Graduate,Student,Bhubaneswar,Odisha,Not Employed,65211.03,5434.25,1,Students,
CUST101015,Rudra,Kumar,47,Male,Widowed,Graduate,Self Employed,Kolkata,West Bengal,Self Employed,1238268.86,103189.07,18,Business Owners,Medium
CUST102816,Gautam,Wable,26,Male,Married,Post Graduate,Salaried - Private,Thiruvananthapuram,Kerala,Employed,1221331.14,101777.59,8,Young Professionals,High
CUST101631,Siddharth,Brar,31,Male,Single,High School,Salaried - Private,Ludhiana,Punjab,Employed,1968812.91,164067.74,5,Young Professionals,Medium
CUST102489,Mugdha,Raju,32,Female,Widowed,Doctorate,Self Employed,Kolkata,West Bengal,Self Employed,1260624.25,105052.02,2,,High
CUST103730,Udarsh,Dixit,22,Male,Married,Doctorate,Salaried - Private,Hyderabad,Telangana,Employed,852119.88,71009.99,1,Young Professionals,High
CUST103251,Vasana,Chokshi,44,Female,Married,Post Graduate,Homemaker,Pune,Maharashtra,Not Employed,29939.03,,10,Business Owners,Low
CUST104634,Chaman,Jain,39,Female,Widowed,Graduate,Salaried - Private,Thiruvananthapuram,Kerala,Employed,1307679.81,108973.32,5,Business Owners,Medium
CUST102070,Devansh,Dyal,31,Male,Divorced,Post Graduate,Homemaker,Chennai,Tamil Nadu,Not Employed,64422.48,5368.54,2,Young Professionals,Low
CUST104452,Orinder,Konda,36,Male,Married,Post Graduate,Salaried - Private,Indore,Madhya Pradesh,Employed,2501179.72,208431.64,16,Business Owners,High
CUST104882,Amara,Dube,34,Female,Widowed,Graduate,,Udaipur,Rajasthan,Employed,1253036.26,104419.69,2,Young Professionals,Medium
CUST101635,Caleb,Rama,31,Male,Single,Graduate,Unemployed,Indore,Madhya Pradesh,Not Employed,55867.79,4655.65,13,Young Professionals,Low
CUST102479,Lohit,Badami,45,Other,Married,Graduate,Self Employed,Mysuru,Karnataka,Self Employed,660538.19,55044.85,1,Business Owners,Medium
CUST102265,Dominic,Vyas,29,Male,Married,Diploma,Unemployed,Raipur,Chhattisgarh,Not Employed,74741.13,6228.43,10,Young Professionals,Medium
CUST102959,Gunbir,Chowdhury,28,Male,Married,Graduate,Salaried - Government,Nashik,Maharashtra,Employed,1448880.15,120740.01,7,Young Professionals,Medium
CUST104731,Chatura,Chawla,18,Male,Single,Graduate,Student,Chandigarh,Punjab,,126913.22,10576.1,1,Students,Medium
CUST103059,Forum,Jayaraman,45,Female,Single,Graduate,Homemaker,Nagpur,Maharashtra,Not Employed,53167.3,4430.61,18,Business Owners,Low
CUST102141,Jack,Gara,23,Male,Married,Post Graduate,Salaried - Private,Thiruvananthapuram,Kerala,Employed,996647.39,83053.95,4,Young Professionals,High
CUST103118,Reyansh,Pradhan,39,Male,Divorced,Diploma,Salaried - Government,Guwahati,Assam,Employed,595492.88,49624.41,3,Business Owners,Medium
CUST104725,Brinda,Sidhu,43,Female,Widowed,Post Graduate,Salaried - Private,Pune,Maharashtra,Employed,1385737.71,115478.14,20,Business Owners,Medium
CUST104045,Ekbal,Sehgal,35,Male,Single,Post Graduate,Salaried - Private,Ludhiana,Punjab,Employed,1002170.05,,2,Young Professionals,Medium
CUST103356,Manthan,Bhatt,67,Male,Widowed,High School,Retired,Ludhiana,Punjab,Retired,464041.8,38670.15,13,Retired Customers,Low
CUST102744,Chakradev,Kalla,22,Male,Married,High School,Freelancer,Coimbatore,Tamil Nadu,Self Employed,452575.98,37714.67,4,Young Professionals,High
CUST103506,Kashvi,Rastogi,22,Female,Single,Post Graduate,,Thiruvananthapuram,Kerala,Not Employed,53901.96,4491.83,4,Students,Medium
CUST101679,Quincy,Suresh,41,Male,,Graduate,Salaried - Private,Ludhiana,Punjab,Employed,1146883.61,95573.63,9,Business Owners,Medium
CUST104249,Pahal,Sanghvi,52,Female,Single,Doctorate,Salaried - Government,Hyderabad,Telangana,Employed,648770.39,54064.2,6,Business Owners,Low
CUST103147,Akshay,Dar,48,Male,Widowed,Graduate,Salaried - Government,Bhopal,Madhya Pradesh,Employed,1502369.63,125197.47,4,Business Owners,Medium
CUST102294,Balveer,Sami,43,Male,Divorced,Graduate,,Thiruvananthapuram,Kerala,Employed,811890.89,67657.57,3,Business Owners,Medium
CUST100580,Zehaan,Kala,32,Male,Single,Post Graduate,Salaried - Government,Bhubaneswar,Odisha,Employed,1284379.1,107031.59,11,Young Professionals,
CUST101470,Faras,Cherian,43,Male,Married,Diploma,Homemaker,Vadodara,Gujarat,Not Employed,84335.62,7027.97,11,Business Owners,Low
CUST104070,Vihaan,Bala,38,Male,Single,Graduate,Salaried - Government,Udaipur,Rajasthan,Employed,1727831.64,143985.97,7,,Medium
CUST103343,Kashvi,Comar,41,Female,Single,Post Graduate,Salaried - Private,Surat,Gujarat,Employed,1318561.29,109880.11,11,Business Owners,Medium
CUST104583,Vedant,Thakur,41,Male,Divorced,Post Graduate,Self Employed,Jaipur,Rajasthan,Self Employed,2959598.68,246633.22,6,Business Owners,High
CUST103672,Leela,Khurana,47,Female,Widowed,Post Graduate,Self Employed,Kochi,Kerala,Self Employed,1072253.46,89354.46,5,Business Owners,Medium
CUST100559,Manan,Setty,47,Male,Widowed,Graduate,Salaried - Government,Coimbatore,Tamil Nadu,Employed,1414946.76,117912.23,15,,
CUST102849,Pushti,Kanda,48,Female,Married,High School,Business Owner,Kanpur,Uttar Pradesh,Self Employed,4517447.37,376453.95,9,High Net Worth Individuals,High
CUST100512,Ekansh,Rama,21,Male,Single,Graduate,Salaried - Government,Chandigarh,Punjab,Employed,939969.39,78330.78,1,Young Professionals,Medium
CUST101081,Ishani,Ranganathan,45,Female,Divorced,Post Graduate,Self Employed,Dehradun,Uttarakhand,Self Employed,1895454.86,157954.57,18,Business Owners,Medium
CUST101664,Yauvani,Prakash,23,Female,Married,Graduate,Salaried - Government,Delhi,Delhi,Employed,727808.1,60650.67,5,Young Professionals,Medium
CUST101012,Sarthak,Shan,20,Male,Single,Graduate,Student,Hyderabad,Telangana,Not Employed,52169.4,4347.45,2,Students,Medium
CUST101931,Yatan,Parmar,27,Male,Widowed,,Salaried - Government,Udaipur,Rajasthan,Employed,1542552.96,128546.08,8,Young Professionals,Medium
CUST101150,Zashil,Pal,30,Male,Married,Graduate,Salaried - Private,Bhopal,Madhya Pradesh,Employed,1450114.83,,12,Young Professionals,Medium
CUST102838,Laban,Nayak,27,Male,Married,Graduate,Business Owner,Mysuru,Karnataka,Self Employed,3240783.69,270065.31,9,High Net Worth Individuals,High
CUST100116,Girish,Minhas,32,Male,Married,Graduate,Salaried - Private,Indore,Madhya Pradesh,Employed,1468338.49,122361.54,14,,Medium
CUST100740,Abhiram,Varma,36,Male,Married,,Business Owner,Lucknow,Uttar Pradesh,Self Employed,6019966.08,501663.84,9,High Net Worth Individuals,
CUST104806,Hitesh,Soni,47,Male,Married,Diploma,Salaried - Government,Nagpur,Maharashtra,Employed,1116250.48,93020.87,10,Business Owners,Medium
CUST103675,Bhanumati,Pradhan,22,Female,Married,High School,Unemployed,Ludhiana,Punjab,Not Employed,28736.05,,4,Young Professionals,Medium
CUST100830,Yauvani,Padmanabhan,46,Female,Married,Diploma,Self Employed,Ahmedabad,Gujarat,Self Employed,,122615.89,13,Business Owners,Medium
CUST100119,Barkha,Bedi,18,Female,Divorced,Graduate,Salaried - Private,Jaipur,Rajasthan,Employed,1080418.33,90034.86,6,Business Owners,Medium
CUST104853,Samesh,Pandey,27,Male,Married,Graduate,Salaried - Private,Udaipur,Rajasthan,Employed,2236854.5,186404.54,9,Young Professionals,High
CUST104738,Girindra,Jaggi,35,Male,Widowed,Graduate,Freelancer,Ranchi,Jharkhand,Self Employed,,50179.74,11,Young Professionals,Medium
CUST100635,Chaaya,Randhawa,48,Female,Divorced,Post Graduate,Self Employed,Pune,Maharashtra,Self Employed,2397673.34,199806.11,18,Business Owners,High
CUST104465,Nandini,Lanka,74,Female,Single,Graduate,Retired,Delhi,,Retired,286070.67,23839.22,16,Retired Customers,Low
CUST104364,Edhitha,Chaudhary,68,Female,Widowed,Graduate,Retired,Vadodara,Gujarat,Retired,379432.83,31619.4,17,Retired Customers,Low
CUST104142,Anjali,Khanna,22,Female,Single,Doctorate,Salaried - Government,Mysuru,Karnataka,Employed,890616.92,74218.08,4,Young Professionals,Medium
CUST100991,Tanmayi,Thakkar,42,Female,Divorced,Post Graduate,Homemaker,Lucknow,Uttar Pradesh,Not Employed,45255.1,3771.26,14,Business Owners,Low
CUST100876,Shravya,Tiwari,32,Female,Single,Post Graduate,Business Owner,Chennai,Tamil Nadu,Self Employed,8663597.5,721966.46,5,High Net Worth Individuals,
CUST100004,Udyati,Balay,26,,Single,Post Graduate,Salaried - Private,Lucknow,Uttar Pradesh,Employed,1149585.24,95798.77,1,Young Professionals,High
CUST103051,Raksha,Bhatti,28,Female,Divorced,Graduate,Business Owner,Vadodara,Gujarat,Self Employed,9434491.96,786207.66,10,High Net Worth Individuals,High
CUST103124,Vaishnavi,Mani,48,Female,Married,Graduate,Business Owner,Bhopal,Madhya Pradesh,Self Employed,7157705.31,,16,High Net Worth Individuals,High
CUST102660,Triveni,Chadha,38,Female,Widowed,Graduate,Unemployed,Mumbai,Maharashtra,Not Employed,25777.69,2148.14,14,Business Owners,Low
CUST102491,Yashoda,Chaudhary,21,Female,Widowed,Graduate,Salaried - Government,Chennai,Tamil Nadu,Employed,772832.28,64402.69,3,Young Professionals,Medium
CUST103854,Nitesh,Mukhopadhyay,37,Male,Divorced,Graduate,Salaried - Private,Ludhiana,Punjab,Employed,1573751.18,131145.93,1,Business Owners,Medium
CUST101715,Girish,Oza,18,,Single,Post Graduate,Student,Kolkata,West Bengal,Not Employed,24160.56,2013.38,1,Students,Medium
CUST101148,Noah,Rajagopalan,43,Male,Divorced,High School,Business Owner,Coimbatore,Tamil Nadu,,,665023.3,1,High Net Worth Individuals,High
CUST103261,Brinda,Venkatesh,46,Female,Married,Post Graduate,Homemaker,Surat,Gujarat,Not Employed,89971.29,7497.61,16,Business Owners,Low
CUST100574,Eiravati,Bhasin,18,Female,Single,Graduate,Student,Jaipur,Rajasthan,Not Employed,,3486.84,1,Students,Medium
CUST103769,Harrison,Khatri,25,Male,Married,Graduate,Unemployed,Mysuru,Karnataka,Not Employed,91659.1,7638.26,7,Young Professionals,Medium
CUST103736,Liam,Chakrabarti,37,Male,Divorced,Post Graduate,Salaried - Private,Kanpur,Uttar Pradesh,Employed,2096761.69,174730.14,,Business Owners,High
CUST104146,Sarthak,Mani,62,Male,Divorced,,Retired,Ranchi,Jharkhand,Retired,437023.01,36418.58,14,Retired Customers,Low
CUST100853,Neha,Setty,46,Female,Single,Diploma,Unemployed,Nagpur,Maharashtra,Not Employed,73595.73,,14,Business Owners,Low
CUST101982,Shivani,Merchant,40,Female,Married,Graduate,Salaried - Private,Nashik,Maharashtra,,994682.82,82890.24,16,Business Owners,Medium
CUST102774,Ekantika,Sagar,52,Female,Married,Post Graduate,Business Owner,Kolkata,West Bengal,Self Employed,10303621.68,858635.14,15,High Net Worth Individuals,High
CUST101166,Chatresh,Chand,39,Male,Married,Graduate,Homemaker,Ludhiana,Punjab,Not Employed,152026.89,12668.91,9,Business Owners,
CUST100971,Gopal,Chowdhury,40,,Divorced,Graduate,Salaried - Private,Bhubaneswar,Odisha,Employed,2060963.21,171746.93,8,,High
CUST102701,Warinder,Bedi,21,Male,Single,Graduate,Salaried - Government,Thiruvananthapuram,Kerala,Employed,931647.04,77637.25,3,Young Professionals,Medium
CUST104495,Anmol,Deol,25,Male,Single,Graduate,Salaried - Private,Kanpur,Uttar Pradesh,Employed,1696495.55,141374.63,7,Young Professionals,High
CUST103847,Vanya,Mutti,71,Female,Divorced,Graduate,Retired,Coimbatore,Tamil Nadu,Retired,628915.83,52409.65,9,Retired Customers,Low
CUST102368,Qabil,Khare,25,Male,Widowed,Graduate,Salaried - Private,Hyderabad,Telangana,Employed,839510.78,69959.23,7,Young Professionals,High
CUST104115,Advika,Ratti,35,Female,Single,High School,Salaried - Private,Kochi,Kerala,Employed,1782507.95,148542.33,4,Young Professionals,Medium
CUST104131,Rayaan,Vaidya,54,Male,Married,Graduate,Salaried - Private,Mysuru,Karnataka,Employed,640448.65,53370.72,9,Business Owners,Medium
CUST102950,Zaid,Chakrabarti,44,Male,Widowed,High School,Freelancer,Lucknow,Uttar Pradesh,Self Employed,864355.64,72029.64,4,Business Owners,High
CUST100524,Ikshita,Das,57,Female,Widowed,Graduate,,Udaipur,Rajasthan,Self Employed,,107798.66,10,Business Owners,Medium
CUST102455,Guneet,Viswanathan,,Male,Single,Graduate,Salaried - Private,Nashik,Maharashtra,Employed,1257656.83,104804.74,19,Business Owners,Medium
CUST101841,Naveen,Khosla,20,Male,Single,Post Graduate,Student,Guwahati,Assam,Not Employed,41738.15,3478.18,2,Students,Medium
CUST100537,Dominic,Aurora,38,Male,Married,Graduate,Salaried - Private,Chennai,Tamil Nadu,Employed,2319401.48,193283.46,20,Business Owners,High
CUST102806,Chakrika,Date,75,Female,Single,Post Graduate,Retired,Bengaluru,Karnataka,Retired,831533.44,69294.45,6,Retired Customers,Low
CUST104341,Unni,Ganguly,39,Female,Widowed,Graduate,Salaried - Private,Dehradun,Uttarakhand,Employed,1228021.52,102335.13,13,Business Owners,Medium
CUST103175,Yashasvi,Kant,27,Female,Married,Graduate,Salaried - Government,Mumbai,Maharashtra,Employed,1200566.88,,1,Young Professionals,Medium
CUST100784,Fiyaz,Sawhney,18,Male,Single,Graduate,Student,Delhi,Delhi,Not Employed,62678.47,5223.21,1,Students,
CUST104057,Gavin,Chandran,35,Male,Married,Post Graduate,Salaried - Government,Nashik,Maharashtra,Employed,760243.36,63353.61,15,Young Professionals,Medium
CUST101409,Kai,Ganesan,20,Male,Single,Doctorate,Student,Mumbai,Maharashtra,Not Employed,30233.32,2519.44,1,Students,Medium
CUST102537,Yatan,Som,41,Male,,Post Graduate,Salaried - Private,Delhi,Delhi,,1112275.22,92689.6,19,Business Owners,Medium
CUST100154,Chaitanya,Aggarwal,66,Other,Single,Graduate,Retired,,Gujarat,Retired,618653.18,51554.43,,Retired Customers,Low
CUST103009,Simon,Wali,55,Male,Widowed,High School,Self Employed,Ranchi,Jharkhand,Self Employed,1271110.83,105925.9,16,Business Owners,
CUST101686,Finn,Kala,28,Male,Widowed,High School,Self Employed,Hyderabad,Telangana,Self Employed,2476283.5,206356.96,5,Young Professionals,High
CUST102901,Brijesh,Sarma,30,Male,Single,Post Graduate,Self Employed,Jaipur,Rajasthan,Self Employed,,99730.02,7,Young Professionals,High
CUST104949,Nachiket,Gandhi,,Male,Divorced,Graduate,Salaried - Private,Surat,Gujarat,Employed,1109974.58,92497.88,15,Business Owners,Medium
CUST103863,Jagat,Bora,57,Male,Single,Post Graduate,Salaried - Private,Delhi,Delhi,Employed,931409.35,77617.45,2,Business Owners,Medium
CUST102733,Ishita,Sankar,18,Female,Single,High School,Student,Indore,Madhya Pradesh,Not Employed,88161.45,7346.79,1,Students,Medium
CUST101895,Ojasvi,Dâ€™Alia,27,Female,Single,Post Graduate,Salaried - Government,Mumbai,Maharashtra,Employed,978555.14,81546.26,9,Young Professionals,Medium
CUST100569,Ridhi,Dua,35,Female,Widowed,Graduate,Homemaker,Ahmedabad,Gujarat,Not Employed,22730.75,1894.23,5,Young Professionals,Low
CUST101816,Ryan,Shan,52,Male,Single,Graduate,Homemaker,Bhubaneswar,Odisha,Not Employed,67907.23,5658.94,4,Business Owners,Low
CUST102065,Dakshesh,Subramaniam,42,,Married,High School,Self Employed,Chennai,Tamil Nadu,Self Employed,2074759.23,172896.6,18,Business Owners,
CUST100127,Anmol,Bumb,27,Male,Divorced,Post Graduate,Salaried - Private,Kolkata,West Bengal,Employed,,191427.18,2,Young Professionals,High
CUST103394,Samuel,Natarajan,34,Male,Divorced,Graduate,Salaried - Private,Vadodara,Gujarat,Employed,1197636.56,99803.05,3,Young Professionals,Medium
CUST103327,Vasana,Gole,18,Female,Single,High School,Student,Dehradun,Uttarakhand,Not Employed,113693.92,9474.49,1,Students,Medium
CUST104986,Nihal,Rajagopal,18,Male,Single,Graduate,Student,,,Not Employed,45858.74,3821.56,1,Students,Medium
CUST102975,Nicholas,Karpe,39,Male,Widowed,Graduate,Salaried - Private,Ahmedabad,Gujarat,Employed,1881667.52,156805.63,5,Business Owners,Medium
CUST100980,Hiral,Dey,34,Female,Widowed,High School,Salaried - Government,Indore,Madhya Pradesh,Employed,1140168.28,,4,,Medium
CUST102300,Ekanta,Mann,70,Female,Divorced,Graduate,Retired,Raipur,Chhattisgarh,Retired,753532.59,62794.38,1,Retired Customers,Low
CUST100190,Yashodhara,Dâ€™Alia,34,Female,Divorced,Graduate,Salaried - Private,Indore,,Employed,873826.56,72818.88,15,Young Professionals,Medium
CUST101139,Vyanjana,Madan,65,Female,Married,Graduate,,Ludhiana,Punjab,Retired,784596.64,65383.05,15,Retired Customers,Low
CUST100699,Jagat,Sawhney,47,Male,Single,Graduate,Salaried - Private,Lucknow,Uttar Pradesh,Employed,1200333.29,100027.77,4,Business Owners,Medium
CUST104780,Timothy,Dey,32,Male,Single,Post Graduate,Unemployed,Jaipur,Rajasthan,Not Employed,45269.73,3772.48,14,Young Professionals,Low
CUST100606,Yashvi,Comar,32,Female,Married,Graduate,Salaried - Private,Jaipur,Rajasthan,Employed,657179.4,54764.95,1,Young Professionals,Medium
CUST104276,Vivaan,Ganguly,21,Male,Widowed,Post Graduate,Salaried - Private,Patna,Bihar,Employed,2250893.59,187574.47,3,Young Professionals,High
CUST100301,Ekantika,Korpal,,Other,Widowed,Graduate,Salaried - Private,Mumbai,Maharashtra,Employed,1462517.79,121876.48,4,Young Professionals,High
CUST103420,Frado,Bawa,47,Male,,Graduate,Salaried - Private,Ludhiana,Punjab,Employed,2197073.25,183089.44,13,Business Owners,Medium
CUST104820,Laksh,Ravel,60,Male,Married,Graduate,Retired,Indore,Madhya Pradesh,Retired,683897.66,56991.47,14,Retired Customers,Low
CUST101060,Mason,Puri,36,Male,Widowed,Post Graduate,Salaried - Private,Bhopal,Madhya Pradesh,Employed,1984922.91,165410.24,14,Business Owners,Medium
CUST102565,Vedika,Seth,25,Female,Single,Graduate,Business Owner,,Gujarat,Self Employed,2143347.63,178612.3,5,Business Owners,High
CUST104994,Vrinda,Chandran,39,Female,Single,Post Graduate,Salaried - Government,Vadodara,Gujarat,Employed,920968.6,76747.38,7,Business Owners,Medium
CUST101069,Ishani,Narayanan,25,Female,Widowed,Graduate,Business Owner,Dehradun,Uttarakhand,Self Employed,4427637.44,368969.79,7,High Net Worth Individuals,High
CUST102524,Odika,Sachdev,25,Female,Single,Post Graduate,Salaried - Private,Thiruvananthapuram,Kerala,Employed,2263843.76,188653.65,3,Young Professionals,High
CUST102205,Kashish,Luthra,37,Female,Widowed,High School,Business Owner,Ranchi,Jharkhand,Self Employed,,520926.97,2,High Net Worth Individuals,High
CUST101243,Onveer,Chopra,41,Male,Single,Graduate,Salaried - Private,Jaipur,Rajasthan,Employed,1958637.37,163219.78,19,Business Owners,Medium
CUST100016,Chasmum,Parmer,38,Female,Divorced,Graduate,Salaried - Government,Nagpur,Maharashtra,Employed,1387414.16,115617.85,20,Business Owners,Medium
CUST103120,Pooja,Panchal,22,Female,,Doctorate,Unemployed,Patna,Bihar,Not Employed,38532.64,3211.05,4,Young Professionals,Medium
CUST104642,Dalaja,Minhas,71,Female,Divorced,Graduate,Retired,Udaipur,Rajasthan,Retired,628804.62,52400.39,2,Retired Customers,Low
CUST100815,Mason,Dugar,21,Male,Widowed,Graduate,Salaried - Private,Mysuru,Karnataka,Employed,1388548.56,115712.38,3,Young Professionals,High
CUST103067,Kala,Venkatesh,50,Female,Single,High School,Homemaker,Bhopal,Madhya Pradesh,Not Employed,147343.29,12278.61,2,Business Owners,
CUST104784,Tara,Dayal,59,Female,,High School,Business Owner,Kanpur,Uttar Pradesh,Self Employed,,607631.43,11,High Net Worth Individuals,High
CUST100959,Jack,Warrior,40,Male,Married,Post Graduate,Salaried - Private,Mysuru,,Employed,1470637.19,122553.1,19,Business Owners,Medium
CUST100225,Vincent,Bedi,43,Male,Single,High School,Homemaker,Coimbatore,Tamil Nadu,Not Employed,103235.19,8602.93,2,Business Owners,Low
CUST103354,Aishani,Bhakta,29,Female,Single,,Unemployed,Mumbai,Maharashtra,Not Employed,36470.35,3039.2,5,Young Professionals,Medium
CUST102485,Viraj,Anand,18,Male,Single,Diploma,Student,Bhubaneswar,Odisha,Not Employed,44700.57,3725.05,1,Students,Medium
CUST100562,Hritik,Sani,46,Male,Divorced,Graduate,Homemaker,Lucknow,Uttar Pradesh,Not Employed,107424.62,8952.05,20,Business Owners,
CUST103436,Eta,Balakrishnan,45,Female,Divorced,Post Graduate,Business Owner,Delhi,Delhi,Self Employed,12052896.03,1004408,11,High Net Worth Individuals,High
CUST101693,Jasmit,Krishnan,39,Female,Married,Post Graduate,Self Employed,Mysuru,Karnataka,Self Employed,1849178.83,154098.24,16,Business Owners,High
CUST101045,Theodore,Kaur,45,Male,Widowed,Post Graduate,Salaried - Government,Patna,Bihar,Employed,956857.25,79738.1,13,Business Owners,Medium
CUST103446,Champak,Bhargava,27,Male,Married,Graduate,Salaried - Private,Kochi,Kerala,Employed,569484.59,,9,Young Professionals,Medium
CUST104565,Ubika,Krishnan,35,Female,Widowed,Graduate,Self Employed,Nashik,Maharashtra,Self Employed,1327451.71,110620.98,15,Business Owners,High
CUST100954,Gaurangi,Ray,54,Female,Single,Doctorate,Self Employed,Pune,Maharashtra,Self Employed,810922.49,67576.87,9,Business Owners,Medium
CUST104985,Upkaar,Garg,63,Male,Married,Graduate,Business Owner,,Gujarat,,13078665.53,1089888.79,6,High Net Worth Individuals,Medium
CUST102735,Kamya,Ghose,35,Female,Widowed,Post Graduate,Salaried - Government,Hyderabad,Telangana,Employed,1096593.89,91382.82,17,Young Professionals,Medium
CUST104903,Dhruv,Setty,57,Male,Widowed,,Homemaker,Pune,Maharashtra,Not Employed,12793.66,1066.14,10,Business Owners,Low
CUST104735,Finn,Chhabra,38,,Married,High School,Salaried - Private,Guwahati,Assam,Employed,1555932.26,129661.02,9,Business Owners,
CUST104823,Hredhaan,Lad,35,Male,Married,Post Graduate,Salaried - Private,Bhopal,Madhya Pradesh,Employed,1263192.34,105266.03,9,Young Professionals,Medium
CUST101218,Andrew,Parsa,40,Male,Married,Post Graduate,Self Employed,Delhi,Delhi,Self Employed,2153421.82,179451.82,13,Business Owners,High
CUST101527,Jatin,Khosla,37,Male,Single,Post Graduate,Unemployed,Bhopal,Madhya Pradesh,Not Employed,38632.41,3219.37,14,Business Owners,Low
CUST103987,Pranit,Barad,33,Male,Single,High School,Business Owner,Mysuru,Karnataka,Self Employed,12652430.65,1054369.22,9,High Net Worth Individuals,High
CUST101300,Urvashi,Dalal,,Female,,Graduate,Homemaker,Pune,Maharashtra,Not Employed,44412.01,3701,20,Business Owners,Low
CUST104891,Nathan,Varughese,32,Male,Widowed,Post Graduate,Salaried - Government,Kochi,Kerala,Employed,841517.48,70126.46,1,Young Professionals,Medium
CUST100160,Andrew,Pingle,36,Male,Married,Diploma,Homemaker,Vadodara,Gujarat,Not Employed,29214.67,2434.56,9,Business Owners,Low
CUST104067,Varenya,Gala,43,Female,Single,High School,Salaried - Private,,Madhya Pradesh,Employed,1872779.01,156064.92,10,Business Owners,Medium
CUST100956,Harish,Mani,31,Male,Divorced,High School,,Nashik,Maharashtra,Employed,1481290.82,123440.9,1,Young Professionals,Medium
CUST103791,Ranveer,Panchal,35,Male,Widowed,Post Graduate,Freelancer,Ahmedabad,Gujarat,Self Employed,1074770.8,89564.23,9,Young Professionals,High
CUST103234,Vyanjana,Pillai,40,Female,Divorced,Graduate,Salaried - Private,Pune,Maharashtra,Employed,2219881.42,184990.12,13,Business Owners,High
CUST102869,Xalak,Iyer,25,Female,Married,High School,,Kochi,Kerala,Not Employed,55061,4588.42,7,Students,Medium
CUST103777,Kamala,Bahl,18,Female,Single,Post Graduate,Student,Nashik,Maharashtra,Not Employed,119941.4,9995.12,1,Students,Medium
CUST104433,Shaurya,Shankar,52,Male,Widowed,Graduate,Business Owner,Indore,Madhya Pradesh,Self Employed,11262124.46,938510.37,2,High Net Worth Individuals,High
CUST102961,Yadavi,Goda,29,Female,Single,Graduate,Business Owner,Hyderabad,Telangana,Self Employed,12941210.07,1078434.17,11,High Net Worth Individuals,High
CUST102200,Aarna,Arora,58,Female,Divorced,Graduate,Retired,Chennai,Tamil Nadu,Retired,871845.9,72653.82,11,Retired Customers,Medium
CUST100098,Darika,Kothari,21,Female,Divorced,Post Graduate,Salaried - Government,Udaipur,Rajasthan,Employed,522140.55,43511.71,3,Young Professionals,Medium
CUST102557,Rishi,Varty,51,Male,Single,Graduate,Salaried - Government,Chennai,,Employed,826603.61,68883.63,1,Business Owners,Medium
CUST103183,Ekaraj,Sathe,56,Male,Widowed,Doctorate,Self Employed,Jaipur,Rajasthan,Self Employed,2843502.71,236958.56,6,Business Owners,High
CUST100253,Imaran,Sura,20,Male,Single,Graduate,Student,Chandigarh,Punjab,Not Employed,38077.7,3173.14,2,Students,Medium
CUST103923,Anya,Balan,18,Female,Single,Graduate,Student,Dehradun,Uttarakhand,Not Employed,44001.66,3666.81,,Students,Medium
CUST104199,Barkha,Rajan,44,Female,Single,Post Graduate,,Thiruvananthapuram,Kerala,Employed,617909.24,51492.44,12,Business Owners,Medium
CUST101445,Forum,Ahuja,58,Female,Widowed,Post Graduate,Business Owner,Delhi,Delhi,Self Employed,7419343.39,618278.62,17,High Net Worth Individuals,High
CUST101648,Lakshit,Rau,34,Male,Married,Graduate,Salaried - Government,Mysuru,Karnataka,Employed,,90544.82,5,Young Professionals,Medium
CUST104682,Ishwar,Rajagopalan,30,Male,Single,Graduate,Homemaker,Jaipur,Rajasthan,Not Employed,55386.2,4615.52,12,Young Professionals,Low
CUST104723,Ayaan,Kanda,41,Male,Single,Post Graduate,Salaried - Private,Chennai,Tamil Nadu,Employed,,181191.44,18,Business Owners,High
CUST103991,Mahika,Halder,18,Female,Single,Graduate,Student,Kolkata,West Bengal,Not Employed,32828.59,2735.72,1,Students,
CUST101696,Owen,Sharaf,36,Male,Divorced,Post Graduate,Self Employed,Nagpur,Maharashtra,,1751090.32,145924.19,12,Business Owners,
CUST103191,Chaaya,Sandal,57,Female,Divorced,Graduate,Business Owner,Pune,Maharashtra,Self Employed,8933792.05,744482.67,16,High Net Worth Individuals,High
CUST104499,Wakeeta,Lata,20,Female,Single,Diploma,Student,Patna,Bihar,Not Employed,130688.43,,2,Students,Medium
CUST101154,Sneha,Narain,47,Female,Single,Graduate,Homemaker,Ludhiana,Punjab,Not Employed,81977.41,6831.45,17,Business Owners,Low
CUST102255,Dalaja,Chandran,39,Female,Single,Post Graduate,Salaried - Private,Bengaluru,Karnataka,Employed,1925197.23,160433.1,15,Business Owners,Medium
CUST101682,Orinder,Gade,43,Male,Single,High School,Business Owner,Guwahati,Assam,Self Employed,6825637.25,,1,High Net Worth Individuals,High
CUST103170,Yochana,Manda,38,Female,Divorced,Graduate,Salaried - Private,Ranchi,Jharkhand,Employed,967443.01,80620.25,11,Business Owners,Medium
CUST102056,Aarush,Thaker,39,Male,,Post Graduate,Salaried - Private,Nashik,Maharashtra,Employed,1609282.93,134106.91,7,Business Owners,Medium
CUST104090,Hemal,Kalita,31,Female,Married,Graduate,Salaried - Private,Dehradun,Uttarakhand,Employed,1425099.21,118758.27,11,Young Professionals,Medium
CUST103108,Indali,Vyas,45,Female,Widowed,High School,Business Owner,Lucknow,Uttar Pradesh,,6142832.87,511902.74,19,High Net Worth Individuals,High
CUST104548,Qabil,Natt,65,Male,Divorced,Graduate,Retired,Hyderabad,Telangana,Retired,606005.27,50500.44,11,Retired Customers,Low
CUST103723,Bhavna,Basu,52,Female,Divorced,Graduate,Business Owner,Nagpur,Maharashtra,Self Employed,18962192.82,1580182.74,5,High Net Worth Individuals,High
CUST102049,Raghav,Radhakrishnan,30,Male,,High School,Salaried - Private,Kochi,Kerala,Employed,881573.19,73464.43,12,Young Professionals,Medium
CUST103643,Upadhriti,Sachdev,35,Female,Married,Diploma,Salaried - Private,Patna,Bihar,Employed,2174657.62,181221.47,4,Young Professionals,
CUST104927,Anamika,Dalal,40,Female,Divorced,Post Graduate,Salaried - Private,Guwahati,Assam,Employed,927615.6,77301.3,3,Business Owners,Medium
CUST100623,Ansh,Sarin,19,Male,Single,High School,Student,Chandigarh,Punjab,Not Employed,90862.81,7571.9,1,,Medium
CUST100262,Upadhriti,Deshmukh,23,Female,Widowed,High School,Salaried - Private,Ludhiana,Punjab,Employed,1625060.45,135421.7,5,Young Professionals,High
CUST103369,Harita,Kala,18,Female,Single,High School,Student,Pune,Maharashtra,Not Employed,104997.32,8749.78,,Students,Medium
CUST104061,Madhav,Bhavsar,25,Male,Widowed,Graduate,Unemployed,Raipur,Chhattisgarh,Not Employed,42402.6,3533.55,,Young Professionals,Medium
CUST101802,Vasatika,Minhas,19,Female,Single,Diploma,Student,Ranchi,Jharkhand,Not Employed,93852.42,,1,Students,Medium
CUST104736,Bachittar,Kakar,19,Male,Single,Post Graduate,Student,Mysuru,Karnataka,Not Employed,69683.22,5806.94,1,Students,Medium
CUST104992,Anmol,Nazareth,35,Male,Married,Post Graduate,Salaried - Government,Kolkata,West Bengal,Employed,1799742.07,149978.51,11,Young Professionals,Medium
CUST102385,Ishita,Swamy,39,Female,Widowed,Post Graduate,Unemployed,Ludhiana,Punjab,Not Employed,32125.06,2677.09,9,Business Owners,Low
CUST101959,Harshil,Yogi,23,Male,Married,High School,Salaried - Private,Patna,Bihar,Employed,1080055.19,90004.6,5,Young Professionals,High
CUST102976,Dayamai,Nanda,36,,Widowed,,Salaried - Private,Kolkata,West Bengal,Employed,970902.43,80908.54,1,Business Owners,Medium
CUST100488,Harish,Deo,28,Male,Widowed,Doctorate,Salaried - Private,Coimbatore,Tamil Nadu,Employed,1771272.63,147606.05,10,Young Professionals,
CUST101843,Aryan,Tripathi,41,Male,Widowed,Graduate,Salaried - Private,,Uttar Pradesh,Employed,1226305.28,102192.11,7,Business Owners,Medium
CUST101734,Neha,Sachdev,21,Female,Widowed,Graduate,Salaried - Government,Udaipur,Rajasthan,Employed,768987.4,64082.28,3,Young Professionals,Medium
CUST102911,Ansh,Ravi,44,Male,Single,Graduate,Unemployed,Jaipur,Rajasthan,Not Employed,23823.93,1985.33,11,Business Owners,Low
CUST103219,Unnati,Kala,29,Female,Single,Post Graduate,Salaried - Private,Nagpur,Maharashtra,Employed,1639394.89,136616.24,1,Young Professionals,High
CUST100146,Dalbir,Chhabra,64,Male,Single,High School,Retired,Mysuru,Karnataka,Retired,,65883.02,13,Retired Customers,Low
CUST101986,Ansh,Ahluwalia,63,Male,Single,Graduate,Retired,Ranchi,Jharkhand,Retired,924023.62,77001.97,20,Retired Customers,Low
CUST101369,Upadhriti,Murty,58,Female,Single,Doctorate,Retired,Patna,Bihar,Retired,400739.24,33394.94,4,Retired Customers,Low
CUST102811,Abhimanyu,Choudhury,44,Male,Widowed,,Salaried - Private,Surat,Gujarat,Employed,1269467.03,105788.92,16,Business Owners,Medium
CUST100659,Yashica,Rajagopalan,25,Other,Widowed,,Self Employed,Chandigarh,Punjab,Self Employed,2024618.3,168718.19,7,Young Professionals,High
CUST101794,Yadavi,Johal,21,Female,Divorced,Post Graduate,Salaried - Government,Delhi,Delhi,Employed,1516636.1,126386.34,3,Young Professionals,Medium
CUST102511,Sathvik,Khosla,34,Male,Single,Post Graduate,Salaried - Private,Pune,Maharashtra,Employed,1173909.67,97825.81,16,Young Professionals,
CUST103397,Zehaan,Bhatti,37,Male,Divorced,Post Graduate,Salaried - Private,,Delhi,Employed,1126076.43,93839.7,3,Business Owners,Medium
CUST104282,Urishilla,Balakrishnan,19,Female,Single,Post Graduate,,Delhi,Delhi,Not Employed,54180.93,4515.08,1,Students,Medium
CUST101147,Saumya,Zachariah,66,Female,Divorced,Graduate,Retired,Coimbatore,Tamil Nadu,Retired,1068060.98,89005.08,,Retired Customers,Low
CUST103272,Andrew,Bali,76,Male,Widowed,Graduate,Retired,Chennai,Tamil Nadu,Retired,506592.28,42216.02,6,Retired Customers,Low
CUST100608,Christopher,Mander,25,Male,Married,Graduate,Salaried - Private,Ranchi,Jharkhand,Employed,1220076.58,101673.05,5,Young Professionals,High
CUST103582,Sudiksha,Sunder,41,Female,Widowed,Post Graduate,Homemaker,Udaipur,Rajasthan,Not Employed,,8090.29,18,Business Owners,Low
CUST101930,Atharv,Mitra,20,Male,Single,Graduate,Student,Bhubaneswar,Odisha,Not Employed,64535.84,5377.99,2,Students,
CUST100197,David,Mital,37,Male,Divorced,Post Graduate,Business Owner,Thiruvananthapuram,Kerala,Self Employed,5564960.13,463746.68,8,High Net Worth Individuals,
CUST102931,Harini,Nayak,30,Female,Divorced,High School,Self Employed,Dehradun,Uttarakhand,Self Employed,1651837.66,137653.14,12,Young Professionals,
CUST102327,Charvi,Verma,48,Female,Single,Graduate,Self Employed,Kolkata,West Bengal,Self Employed,1305874.03,108822.84,18,Business Owners,Medium
CUST104389,Andrew,Guha,41,Male,Divorced,Graduate,Business Owner,Kochi,Kerala,Self Employed,6870086.64,572507.22,8,High Net Worth Individuals,High
CUST100766,Vritti,Kulkarni,30,Female,Married,Graduate,Salaried - Private,Dehradun,Uttarakhand,Employed,1065012.4,88751.03,2,Young Professionals,Medium
CUST104496,Rudra,Sama,22,Male,Widowed,Graduate,Student,Mumbai,Maharashtra,Not Employed,59707.58,4975.63,2,Students,Medium
CUST104218,Henry,Rao,21,Male,Divorced,High School,Salaried - Private,Mysuru,Karnataka,Employed,581037.37,48419.78,1,Young Professionals,Medium
CUST103255,Amruta,Chaudhary,44,Female,Divorced,Doctorate,Self Employed,Kolkata,West Bengal,Self Employed,1472526.27,122710.52,20,Business Owners,High
CUST100202,Shivansh,Raghavan,37,Male,Widowed,Post Graduate,Self Employed,Nagpur,Maharashtra,Self Employed,1378513.2,114876.1,,Business Owners,High
CUST103510,Meghana,Dube,41,Female,Married,Graduate,,Thiruvananthapuram,Kerala,Employed,1333583.35,111131.95,9,Business Owners,Medium
CUST101733,Rayaan,Wagle,60,Male,Single,Post Graduate,Retired,Patna,Bihar,Retired,397725.04,33143.75,8,Retired Customers,Low
CUST102777,Simon,Sengupta,42,Male,Divorced,Graduate,Salaried - Government,Chennai,Tamil Nadu,Employed,,78070.94,15,Business Owners,Medium
CUST101707,Girindra,Doctor,32,Male,Divorced,Post Graduate,Self Employed,,Rajasthan,Self Employed,1164143.14,97011.93,14,,
CUST103474,Wahab,Lad,48,Male,Married,Graduate,Salaried - Private,Mysuru,Karnataka,Employed,1760694.47,146724.54,8,Business Owners,Medium
CUST100854,Balhaar,Bhasin,33,Male,Single,Graduate,Salaried - Private,Jaipur,Rajasthan,Employed,1172625.74,97718.81,15,Young Professionals,Medium
CUST104737,Aashi,More,52,Female,Single,Graduate,Salaried - Government,Patna,Bihar,Employed,2152248.03,179354,5,Business Owners,Medium
CUST104097,Arunima,Purohit,40,Female,Married,Graduate,Salaried - Private,Coimbatore,Tamil Nadu,Employed,1486293.68,123857.81,10,Business Owners,Medium
CUST102160,Kabir,Yogi,70,Male,Widowed,High School,Retired,Lucknow,Uttar Pradesh,Retired,792591.17,66049.26,3,Retired Customers,Low
CUST100698,Tripti,Patla,30,Female,Married,Graduate,Freelancer,Vadodara,,Self Employed,1105801.44,92150.12,5,Young Professionals,High
CUST104947,Ira,Mand,32,Female,Widowed,Doctorate,Salaried - Private,Udaipur,Rajasthan,Employed,1298140.44,108178.37,14,Young Professionals,Medium
CUST102999,Wishi,Kalita,39,Female,Married,Post Graduate,Self Employed,Bhopal,Madhya Pradesh,Self Employed,2729512.73,227459.39,19,,High
CUST103696,Tamanna,Venkataraman,37,Female,Widowed,Graduate,Self Employed,Ranchi,Jharkhand,Self Employed,,211947.38,16,Business Owners,High
CUST101636,Sneha,Nanda,54,,Married,Post Graduate,Salaried - Private,Dehradun,Uttarakhand,Employed,1392449.05,116037.42,9,Business Owners,Medium
CUST103457,Harinakshi,Sidhu,48,Other,Divorced,Graduate,Self Employed,Bengaluru,Karnataka,Self Employed,1103834.67,,16,Business Owners,Medium
CUST103581,Andrew,Sura,31,Male,Single,Graduate,Salaried - Private,Nashik,Maharashtra,Employed,2271193.13,189266.09,,Young Professionals,High
CUST101291,Vasudha,Tandon,38,Female,Single,High School,Salaried - Government,,Bihar,Employed,1953881.16,162823.43,11,Business Owners,Medium
CUST104659,Oliver,Golla,44,Male,Married,Graduate,Salaried - Private,Indore,Madhya Pradesh,Employed,1398390.93,116532.58,1,Business Owners,Medium
CUST101853,Anita,Acharya,33,Female,Divorced,Diploma,Business Owner,Guwahati,,Self Employed,3579455.9,298287.99,9,High Net Worth Individuals,High
CUST103763,Barkha,Misra,28,Female,Single,Diploma,Salaried - Government,Bhopal,Madhya Pradesh,Employed,717964.75,59830.4,8,Young Professionals,Medium
CUST103304,Saanvi,Ramakrishnan,29,Female,Married,Post Graduate,Salaried - Private,Kanpur,Uttar Pradesh,Employed,424314.06,35359.5,11,Young Professionals,Medium
CUST104912,Victor,Das,31,Male,Single,Post Graduate,Business Owner,Ludhiana,Punjab,Self Employed,6455472.61,537956.05,13,High Net Worth Individuals,High
CUST103743,Darpan,Wali,21,Male,Divorced,Graduate,,Bengaluru,,Employed,550155.67,45846.31,3,Young Professionals,Medium
CUST103445,Kabir,Bora,34,Male,Divorced,Graduate,Self Employed,Delhi,Delhi,Self Employed,802112.2,66842.68,13,Business Owners,High
CUST101998,Chavvi,Hora,,Female,Divorced,Graduate,Self Employed,Udaipur,,Self Employed,2156138.12,179678.18,6,Business Owners,High
CUST100663,Zashil,Dora,37,Male,Widowed,Post Graduate,Business Owner,Bengaluru,,Self Employed,6648072.29,554006.02,2,High Net Worth Individuals,High
CUST104779,Warjas,Kunda,34,Male,Single,Diploma,,Ranchi,Jharkhand,Employed,1249485.75,104123.81,2,Young Professionals,Medium
CUST103748,Oeshi,Ratti,21,Female,Widowed,Graduate,Salaried - Government,,Delhi,Employed,821566.07,68463.84,3,Young Professionals,Medium
CUST104413,Elijah,Kara,29,Male,Single,High School,Homemaker,Chandigarh,Punjab,Not Employed,69521.61,5793.47,11,Young Professionals,Medium
CUST104744,Mohammed,Anand,21,Male,Widowed,Diploma,Salaried - Private,Mysuru,Karnataka,Employed,1401422.07,116785.17,1,Young Professionals,High
CUST100709,Ekantika,Krishna,30,Female,Divorced,Diploma,Salaried - Private,Kochi,Kerala,Employed,964815.78,80401.32,12,Young Professionals,Medium
CUST101282,Sanaya,Tiwari,18,Female,Single,Post Graduate,Student,Coimbatore,Tamil Nadu,Not Employed,124525.51,10377.13,1,Students,Medium
CUST102675,Dominic,Jha,22,Male,Married,Graduate,Salaried - Government,Chennai,Tamil Nadu,Employed,1553782.22,129481.85,4,,Medium
CUST104029,Kamala,Manne,30,Female,Married,High School,Business Owner,Bhopal,Madhya Pradesh,Self Employed,9141598.72,761799.89,9,High Net Worth Individuals,High
CUST101306,Logan,Yohannan,22,Male,Single,Post Graduate,Salaried - Private,Kanpur,Uttar Pradesh,Employed,1946383.44,162198.62,4,Young Professionals,High
CUST102237,Yagnesh,Sekhon,35,Male,,Post Graduate,Salaried - Government,Surat,Gujarat,Employed,1428344.3,119028.69,4,Young Professionals,Medium
CUST103302,Aishani,Singh,,Female,Widowed,Graduate,Self Employed,Bhopal,Madhya Pradesh,,2457441.07,204786.76,9,Young Professionals,High
CUST102038,Januja,Sura,33,Female,Married,Graduate,Business Owner,Bengaluru,Karnataka,Self Employed,1417596.07,118133.01,11,Business Owners,High
CUST101529,Baghyawati,Kanda,58,Female,Widowed,Post Graduate,Retired,Jaipur,Rajasthan,Retired,468841.12,39070.09,5,Retired Customers,Low
CUST101663,Tanvi,Sundaram,33,Female,Single,High School,Salaried - Government,Kochi,Kerala,Employed,955890.87,79657.57,9,Young Professionals,Medium
CUST104934,Yashvi,Dua,34,Female,Married,Graduate,Unemployed,Guwahati,Assam,Not Employed,11678.3,973.19,9,Young Professionals,Low
CUST104953,Nathaniel,Chokshi,37,Male,Single,Graduate,Self Employed,Kochi,Kerala,Self Employed,1598786.47,133232.21,16,Business Owners,High
CUST103627,Gaurangi,Master,37,Female,Single,Post Graduate,Self Employed,Pune,Maharashtra,Self Employed,814533.39,67877.78,,Business Owners,High
CUST102693,Charan,Jhaveri,21,Male,Widowed,Graduate,Salaried - Private,Raipur,Chhattisgarh,Employed,1826894.94,152241.24,3,Young Professionals,High
CUST103060,Yoshita,Bajaj,21,Female,Widowed,Post Graduate,Salaried - Private,Surat,Gujarat,Employed,1115490.95,92957.58,3,Young Professionals,High
CUST101597,Shravya,Swaminathan,44,Female,Married,Graduate,Business Owner,Chennai,Tamil Nadu,Self Employed,8556746.53,713062.21,,High Net Worth Individuals,High
CUST102729,Triveni,Khare,58,Female,,High School,Business Owner,Ahmedabad,Gujarat,Self Employed,6203604.28,516967.02,16,High Net Worth Individuals,High
CUST102625,Yadavi,Tailor,20,Female,Single,Graduate,Student,Nagpur,Maharashtra,Not Employed,13979.43,1164.95,2,Students,Medium
CUST103157,Rachana,Gade,19,Female,Single,,Student,Indore,Madhya Pradesh,Not Employed,31843.8,2653.65,1,Students,Medium
CUST103314,Libni,Batta,39,Female,Single,High School,Self Employed,Hyderabad,Telangana,Self Employed,918435.98,76536.33,5,Business Owners,High
CUST101722,Leela,Goswami,36,Female,Divorced,Graduate,Salaried - Government,Mysuru,Karnataka,Employed,570878.31,47573.19,,Business Owners,Medium
CUST101059,Samarth,Dixit,20,Male,Single,High School,Student,Jaipur,Rajasthan,Not Employed,38062.35,3171.86,2,Students,Medium
CUST104636,Sachi,Gade,46,Other,Widowed,High School,Homemaker,Chandigarh,Punjab,Not Employed,99500.13,8291.68,8,Business Owners,
CUST103242,Rajata,Issac,41,Female,Divorced,Graduate,Salaried - Government,Bhopal,Madhya Pradesh,Employed,673318.88,56109.91,19,Business Owners,Medium
CUST101678,Alexander,Khurana,31,Male,Single,Graduate,Freelancer,Indore,Madhya Pradesh,Self Employed,889486.76,74123.9,6,Young Professionals,High
CUST101757,Pooja,Muni,34,Female,Divorced,High School,Salaried - Private,Jaipur,Rajasthan,Employed,509797.78,42483.15,13,Young Professionals,Medium
CUST104191,Rehaan,Suri,46,Male,Widowed,Graduate,Self Employed,Patna,Bihar,Self Employed,1562251.06,130187.59,4,Business Owners,Medium
CUST100563,Varsha,Kari,50,Female,Divorced,Post Graduate,Business Owner,Pune,Maharashtra,Self Employed,,909740.19,3,High Net Worth Individuals,High
CUST102790,Yutika,Chakrabarti,31,Female,Single,Post Graduate,Salaried - Private,Bengaluru,Karnataka,Employed,1829715.1,152476.26,9,Young Professionals,Medium
CUST100863,Jai,Shukla,22,Male,Married,Graduate,Student,Bengaluru,Karnataka,Not Employed,101684.32,8473.69,1,Students,Medium
CUST101484,Mason,Lad,40,Male,Married,Graduate,Homemaker,Thiruvananthapuram,Kerala,Not Employed,,6972.73,7,Business Owners,Low
CUST100206,Henry,Sani,29,Male,Widowed,Graduate,Unemployed,Udaipur,Rajasthan,Not Employed,46153.79,3846.15,,Young Professionals,Medium
CUST104488,Lipika,Chopra,,Female,Divorced,,Business Owner,,Tamil Nadu,Self Employed,5553966.37,462830.53,11,High Net Worth Individuals,High
CUST100870,Nihal,Munshi,53,Male,Single,Post Graduate,Unemployed,Bhubaneswar,Odisha,Not Employed,49727.78,4143.98,8,Business Owners,Low
CUST104493,Ira,Choudhry,31,Female,Divorced,Graduate,Salaried - Private,Patna,Bihar,Employed,1228717.95,102393.16,,Young Professionals,Medium
CUST100502,Darika,Kaur,42,Female,Married,High School,Business Owner,Bengaluru,Karnataka,Self Employed,5419765.31,451647.11,20,High Net Worth Individuals,High
CUST101028,Daniel,Gokhale,52,Male,Widowed,Graduate,Homemaker,Ahmedabad,Gujarat,Not Employed,37343.04,3111.92,3,Business Owners,Low
CUST103840,Tarak,Ray,31,Male,Divorced,Post Graduate,Salaried - Private,Lucknow,Uttar Pradesh,Employed,,147811.32,11,Young Professionals,Medium
CUST102690,Falguni,Dugar,18,Female,Single,Post Graduate,Student,Udaipur,Rajasthan,Not Employed,42148.82,3512.4,1,Students,Medium
CUST101570,Bahadurjit,Palla,52,Male,Married,Diploma,Self Employed,,Uttar Pradesh,Self Employed,1231395.71,102616.31,5,Business Owners,Medium
CUST102773,Ekanta,Chad,62,Female,Married,Post Graduate,Retired,Raipur,Chhattisgarh,Retired,772415.92,64367.99,19,Retired Customers,Low
CUST102731,Warda,Rajagopalan,37,Female,Widowed,Graduate,Self Employed,Kochi,Kerala,Self Employed,1280314.09,106692.84,18,Business Owners,High
CUST100804,Yahvi,Vasa,34,Female,Single,Graduate,Salaried - Private,Coimbatore,Tamil Nadu,Employed,1439008.28,119917.36,6,Young Professionals,Medium
CUST103645,Yauvani,Pathak,46,Female,Widowed,Graduate,Freelancer,,,Self Employed,885221.17,73768.43,1,,Medium
CUST102454,Yagnesh,Rana,32,Male,Single,Diploma,Salaried - Government,Mumbai,Maharashtra,Employed,942325.55,78527.13,6,Young Professionals,Medium
CUST104598,Tara,Menon,38,Female,Married,Diploma,Salaried - Government,Bhopal,Madhya Pradesh,Employed,607840.14,50653.35,15,Business Owners,Medium
CUST103104,Amaira,Ratti,64,Female,Divorced,High School,Retired,Nashik,Maharashtra,Retired,383362.91,31946.91,10,Retired Customers,Low
CUST104875,Aarini,Prasad,30,Female,Widowed,Post Graduate,Salaried - Government,Chandigarh,Punjab,Employed,1335236.96,111269.75,,,Medium
CUST100200,Tamanna,Merchant,20,Female,Single,Post Graduate,Student,Bengaluru,Karnataka,Not Employed,117933.93,9827.83,2,Students,Medium
CUST103099,Maanav,Din,33,Male,Single,Post Graduate,Unemployed,Bengaluru,Karnataka,Not Employed,38925.21,3243.77,12,Young Professionals,Low
CUST102278,Qadim,Sachar,18,Male,Single,High School,Unemployed,Thiruvananthapuram,Kerala,Not Employed,18830.08,1569.17,1,Young Professionals,Medium
CUST103561,Ekanta,Atwal,22,Female,Divorced,Doctorate,Homemaker,Ranchi,Jharkhand,Not Employed,77533.15,6461.1,4,Young Professionals,Medium
CUST104474,Hredhaan,Ahluwalia,30,Other,Widowed,Graduate,,Mysuru,Karnataka,,877150.11,73095.84,12,Young Professionals,Medium
CUST104514,Benjamin,Sanghvi,18,Male,Single,Graduate,Student,Nagpur,Maharashtra,Not Employed,140252,11687.67,1,Students,Medium
CUST100391,Gaurika,Narayan,43,Female,Widowed,Graduate,Salaried - Government,Udaipur,Rajasthan,Employed,647723.26,53976.94,4,Business Owners,Medium
CUST101495,Alka,Bhattacharyya,28,Female,,High School,Salaried - Government,Kolkata,West Bengal,Employed,641499.7,53458.31,10,Young Professionals,Medium
CUST102695,Krishna,Dhaliwal,19,Male,Single,Post Graduate,Student,Kochi,Kerala,Not Employed,57169.28,4764.11,1,Students,Medium
CUST102027,Isaac,Mannan,45,Male,Single,Graduate,Salaried - Government,Nashik,Maharashtra,Employed,1073141.55,89428.46,8,Business Owners,Medium
CUST102568,Ekanta,Ramaswamy,27,Female,Married,Graduate,Salaried - Private,Ahmedabad,Gujarat,Employed,2062071.92,171839.33,6,Young Professionals,High
CUST100064,Aadi,Naik,37,Male,Widowed,Post Graduate,,Kochi,Kerala,Self Employed,1295279.55,107939.96,18,Business Owners,High
CUST103884,Abeer,Bir,75,Male,Single,Post Graduate,Retired,Nashik,,Retired,437321.76,36443.48,2,Retired Customers,Low
CUST102062,Gaurangi,Pathak,26,Female,Widowed,Graduate,Unemployed,Ahmedabad,Gujarat,Not Employed,66978.14,5581.51,8,Young Professionals,Medium
CUST100492,Warda,Merchant,,Female,Divorced,Post Graduate,Self Employed,Mysuru,Karnataka,,1139367.54,94947.29,10,Business Owners,High
CUST100379,Upma,Naidu,20,Female,Single,Graduate,Student,Kochi,Kerala,Not Employed,17914.6,1492.88,2,Students,Medium
CUST104859,Finn,Sarin,44,Male,Divorced,Doctorate,Salaried - Private,Bengaluru,Karnataka,Employed,1059380.57,88281.71,1,Business Owners,Medium
CUST103993,Aayush,Mistry,50,Male,Married,Post Graduate,Salaried - Private,Ludhiana,Punjab,Employed,1723399.11,143616.59,4,Business Owners,Medium
CUST104887,Gopal,Ramaswamy,45,Male,Single,Graduate,Salaried - Private,Kochi,Kerala,Employed,1794240.51,149520.04,13,Business Owners,
CUST101076,Wriddhish,Joshi,22,Male,Divorced,High School,Student,Indore,Madhya Pradesh,Not Employed,9921.06,826.75,4,Students,Medium
CUST100878,Hritik,Pandit,33,Male,Divorced,Graduate,Self Employed,Dehradun,Uttarakhand,Self Employed,1303062.68,108588.56,15,Business Owners,High
CUST100337,Arin,Bhagat,48,Male,Married,Post Graduate,Unemployed,Mumbai,Maharashtra,Not Employed,36447.51,3037.29,6,Business Owners,Low
CUST101016,Aarav,Kamdar,35,Male,Widowed,Graduate,Freelancer,Bhopal,Madhya Pradesh,Self Employed,392118.68,32676.56,17,Young Professionals,
CUST101275,Harini,Ganesan,23,Female,Divorced,Post Graduate,Salaried - Private,Surat,Gujarat,Employed,1445592.57,120466.05,5,Young Professionals,High
CUST103798,Logan,Sankaran,58,Male,Divorced,Graduate,Homemaker,Jaipur,Rajasthan,Not Employed,29919.17,2493.26,19,Business Owners,Low
CUST104551,Eiravati,Narula,67,Female,Widowed,Graduate,Retired,Bengaluru,Karnataka,Retired,541248.94,45104.08,7,Retired Customers,Low
CUST103342,Kamya,Ravi,36,Female,Widowed,Diploma,Unemployed,Bhopal,Madhya Pradesh,Not Employed,76630.75,6385.9,15,Business Owners,Low
CUST104911,Dalaja,Choudhry,23,Female,Divorced,Graduate,Student,Kanpur,Uttar Pradesh,Not Employed,71784,5982,5,Students,Medium
CUST100995,Ekalinga,Sridhar,44,Male,Married,Post Graduate,Business Owner,Chandigarh,Punjab,Self Employed,6423817.79,,15,High Net Worth Individuals,High
CUST101981,Januja,Deshpande,27,Female,Single,Graduate,Salaried - Private,Thiruvananthapuram,Kerala,Employed,923615.53,76967.96,1,Young Professionals,High
CUST104297,Ijaya,Dâ€™Alia,35,Female,Single,Diploma,Salaried - Private,Patna,Bihar,Employed,1107718.93,92309.91,10,Young Professionals,Medium
CUST100161,Falak,Sani,30,Female,Widowed,Post Graduate,Self Employed,Pune,Maharashtra,Self Employed,660663.16,55055.26,1,Young Professionals,Medium
CUST104798,Vidhi,Sidhu,33,Female,Widowed,Graduate,Salaried - Private,Surat,Gujarat,Employed,2293367.76,191113.98,15,Young Professionals,High
CUST101500,Arya,Ganguly,24,Female,Single,High School,Salaried - Government,Nagpur,Maharashtra,Employed,1085778.55,90481.55,6,Young Professionals,Medium
CUST103843,Radhika,Varughese,44,Female,Single,Post Graduate,Freelancer,Hyderabad,Telangana,Self Employed,591103.49,49258.62,18,Business Owners,Medium
CUST102613,Mugdha,Sinha,32,Female,Widowed,Graduate,Salaried - Government,Mysuru,Karnataka,Employed,625303.56,52108.63,10,Young Professionals,Medium
CUST103461,Leena,Dada,30,Female,Divorced,Post Graduate,Self Employed,Bengaluru,Karnataka,Self Employed,2021610.24,168467.52,11,Young Professionals,High
CUST101021,Amol,Mangat,30,Male,Widowed,Graduate,Salaried - Government,Ludhiana,,Employed,1026953.79,85579.48,11,Young Professionals,Medium
CUST103073,Niharika,Garg,40,Female,Married,Graduate,Self Employed,Patna,Bihar,Self Employed,1796887.12,149740.59,12,Business Owners,High
CUST103943,Nitara,Sanghvi,41,Female,Single,,Self Employed,Chandigarh,Punjab,Self Employed,2210713.03,184226.09,8,Business Owners,High
CUST101585,Riya,Dyal,45,Female,Single,Graduate,Salaried - Government,Dehradun,Uttarakhand,Employed,1511354.88,125946.24,10,Business Owners,Medium
CUST101955,Chasmum,Ganesh,22,Female,,Graduate,Student,,Assam,Not Employed,55525.26,4627.11,4,Students,Medium
CUST103152,Dipta,Prakash,32,Female,Single,Post Graduate,Self Employed,Hyderabad,Telangana,Self Employed,2476937.95,206411.5,8,Young Professionals,High
CUST100034,Nicholas,Bhalla,42,Male,Widowed,Graduate,Salaried - Private,Ludhiana,Punjab,Employed,2039400.66,169950.05,13,Business Owners,High
CUST104014,Advay,Balay,47,Male,Widowed,Post Graduate,,Chandigarh,,Employed,2167480.55,180623.38,7,Business Owners,Medium
CUST100775,Yadavi,Pillai,46,Female,Widowed,High School,Self Employed,Mysuru,Karnataka,Self Employed,2352148.02,196012.33,18,Business Owners,High
CUST102556,Rudra,Baral,,Male,Single,Post Graduate,Business Owner,Guwahati,Assam,Self Employed,8307232.24,692269.35,10,High Net Worth Individuals,High
CUST101478,Farhan,Modi,28,Male,Divorced,High School,Unemployed,Vadodara,Gujarat,Not Employed,46184.06,3848.67,10,Young Professionals,Medium
CUST101363,Pushti,Kala,,Female,Single,,Unemployed,Nagpur,Maharashtra,Not Employed,26024.43,2168.7,1,Young Professionals,Medium
CUST102612,Tanay,Bhattacharyya,34,Male,,Diploma,Salaried - Government,Kanpur,Uttar Pradesh,Employed,589089.7,49090.81,7,Young Professionals,Medium
CUST102824,Kevin,Dâ€™Alia,33,Male,Divorced,Graduate,Business Owner,Ludhiana,,Self Employed,3420463.79,285038.65,14,High Net Worth Individuals,High
CUST102041,Jackson,Basak,58,Male,Divorced,Post Graduate,,Udaipur,Rajasthan,Retired,751334.74,62611.23,3,Retired Customers,Low
CUST100241,Forum,Kashyap,58,Female,Widowed,,Retired,Indore,,Retired,773343.56,64445.3,12,Retired Customers,Low
CUST102061,Falan,Grover,45,Male,Divorced,Diploma,Salaried - Private,Mumbai,Maharashtra,Employed,1440663.64,120055.3,4,Business Owners,Medium
CUST102363,Varenya,Merchant,36,Female,Divorced,Graduate,Freelancer,Kochi,,Self Employed,982430.88,81869.24,17,Business Owners,High
CUST100600,Faras,Dugar,52,Male,Married,Graduate,Homemaker,Kanpur,Uttar Pradesh,Not Employed,51897.35,4324.78,14,Business Owners,Low
CUST102435,Ishaan,Apte,25,Male,Married,Graduate,Self Employed,Mumbai,Maharashtra,Self Employed,2480126.53,206677.21,2,Young Professionals,High
CUST102888,Sanaya,Subramaniam,23,Female,Divorced,Graduate,Salaried - Government,Vadodara,Gujarat,,919693.57,76641.13,5,Young Professionals,Medium
CUST100646,Hema,Tak,37,Female,Single,Graduate,Salaried - Private,Hyderabad,Telangana,Employed,1143490.47,95290.87,12,Business Owners,Medium
CUST103890,Anthony,Bhasin,20,Male,Single,High School,Student,Vadodara,Gujarat,Not Employed,56569.45,4714.12,2,Students,Medium
CUST103556,William,Sharma,73,Male,Married,Graduate,Retired,Hyderabad,Telangana,Retired,261504.12,21792.01,12,Retired Customers,Low
CUST103202,Harshil,Iyengar,31,Male,Divorced,Post Graduate,Salaried - Government,Vadodara,Gujarat,Employed,1077777.69,89814.81,7,Young Professionals,Medium
CUST101528,Lila,Walla,30,Female,Married,Graduate,Salaried - Government,Kochi,Kerala,Employed,1391404.55,115950.38,12,Young Professionals,Medium
CUST101267,Nirja,Dalal,58,Female,Divorced,Post Graduate,Retired,Vadodara,Gujarat,,306422.93,25535.24,2,Retired Customers,Low
CUST101899,Abha,Virk,31,Female,Single,Diploma,Salaried - Private,,Gujarat,Employed,642330.04,53527.5,13,Young Professionals,
CUST104658,Gaurav,Sangha,67,Male,Widowed,Post Graduate,Retired,Surat,Gujarat,Retired,475956.98,39663.08,7,Retired Customers,Low
CUST103005,Falan,Ahluwalia,34,Male,Divorced,Post Graduate,Salaried - Private,Chennai,Tamil Nadu,Employed,,67152.36,3,Young Professionals,Medium
CUST102734,Teerth,Oommen,30,Male,Single,Post Graduate,Salaried - Government,Bhopal,Madhya Pradesh,Employed,540536.09,45044.67,12,Young Professionals,Medium
CUST100189,Naksh,Sarin,36,Male,Widowed,High School,Self Employed,Bengaluru,Karnataka,Self Employed,1260623.43,105051.95,17,Business Owners,High
CUST101806,Maanav,Parsa,46,Male,Divorced,Post Graduate,Salaried - Private,Udaipur,Rajasthan,Employed,2369063.72,197421.98,3,Business Owners,Medium
CUST100975,Pahal,Merchant,34,Female,Divorced,High School,Salaried - Private,Surat,Gujarat,Employed,1043819.4,86984.95,4,Young Professionals,Medium
CUST102747,Varsha,Wali,32,Female,Married,Post Graduate,Freelancer,Surat,Gujarat,Self Employed,387088.36,32257.36,1,Young Professionals,Medium
CUST102047,Yoshita,Mahal,26,Female,Divorced,Post Graduate,Salaried - Private,Nagpur,Maharashtra,Employed,1719861.01,143321.75,8,Young Professionals,High
CUST102558,Aryan,Gupta,30,Male,Married,Post Graduate,Salaried - Private,Raipur,Chhattisgarh,Employed,690552.02,57546,,Young Professionals,Medium
CUST101082,Kashvi,Nagy,63,Female,Single,Graduate,Retired,Dehradun,Uttarakhand,Retired,654743.03,54561.92,15,Retired Customers,Low
CUST100474,Praneel,Merchant,58,Male,Married,Graduate,Retired,Jaipur,Rajasthan,Retired,431515.96,35959.66,16,Retired Customers,Low
CUST102904,Amaira,Khare,48,Female,Divorced,,Business Owner,Dehradun,Uttarakhand,Self Employed,10556077.92,879673.16,19,High Net Worth Individuals,High
CUST104843,Janani,Guha,69,Female,Single,Graduate,Retired,Bhubaneswar,Odisha,Retired,311624.23,25968.69,14,Retired Customers,Low
CUST104117,Robert,Kala,60,Male,Single,Post Graduate,Retired,Kolkata,West Bengal,Retired,981376.12,81781.34,6,Retired Customers,Low
CUST103385,Rishi,Anand,,Male,Single,Graduate,Self Employed,Kanpur,Uttar Pradesh,Self Employed,,92696.64,3,Business Owners,High
CUST104555,Henry,Rajagopalan,48,Male,Widowed,Post Graduate,Business Owner,Thiruvananthapuram,Kerala,Self Employed,5472948.1,456079.01,4,High Net Worth Individuals,High
CUST101184,Elijah,Bhatnagar,30,Male,Divorced,High School,Homemaker,Kanpur,Uttar Pradesh,Not Employed,66088.88,5507.41,,Young Professionals,Low
CUST102433,Owen,Saraf,19,Male,Single,,Student,Nashik,Maharashtra,Not Employed,3770.61,314.22,1,Students,Medium
CUST102391,Max,Brahmbhatt,36,Male,Divorced,High School,Salaried - Government,Hyderabad,Telangana,Employed,631320.61,52610.05,6,Business Owners,Medium
CUST100769,Arjun,Narula,41,Male,,,Salaried - Private,Surat,Gujarat,Employed,1245795.94,103816.33,5,Business Owners,Medium
CUST101685,Sanya,Bawa,53,Female,Single,Post Graduate,Self Employed,Chennai,Tamil Nadu,Self Employed,534994.43,44582.87,18,Business Owners,Medium
CUST100130,Harsh,Murthy,21,Male,Married,Post Graduate,Salaried - Government,Bhubaneswar,Odisha,Employed,595684.97,49640.41,3,Young Professionals,Medium
CUST102919,Dhruv,Atwal,18,Male,Single,High School,Student,Raipur,Chhattisgarh,Not Employed,98545.95,8212.16,1,Students,Medium
CUST103171,Ria,Sundaram,39,Female,Divorced,Graduate,,Ludhiana,Punjab,Not Employed,54040.25,4503.35,15,Business Owners,Low
CUST103444,Sanaya,Sampath,36,Female,Married,High School,Salaried - Government,Thiruvananthapuram,Kerala,Employed,711983.6,59331.97,9,Business Owners,Medium
CUST104426,Zinal,Rau,65,Female,Single,High School,,Guwahati,Assam,Retired,654167.7,54513.97,4,Retired Customers,Low
CUST100466,Maanas,Dugar,33,Male,Divorced,Diploma,Salaried - Private,Chandigarh,Punjab,Employed,977115.83,81426.32,15,Young Professionals,Medium
CUST103092,Matthew,Dara,67,Male,Single,Post Graduate,Retired,Raipur,Chhattisgarh,Retired,377094.16,31424.51,7,Retired Customers,Low
CUST103772,Dakshesh,Luthra,42,Male,Widowed,Post Graduate,Salaried - Government,Chennai,Tamil Nadu,Employed,502221.26,41851.77,4,Business Owners,Medium
CUST100860,Orinder,Rastogi,18,Male,Single,High School,Student,Nagpur,Maharashtra,Not Employed,83078.52,6923.21,1,Students,Medium
