Customer_ID,Salary_Account,Savings_Account,Credit_Card,Personal_Loan,Home_Loan,Car_Loan,Gold_Loan,Fixed_Deposit,Recurring_Deposit,Mutual_Fund,Insurance,Demat_Account,Forex_Card,Travel_Card
CUST101501,1,1,1,0,1,1,0,0,0,0,1,0,1,1
CUST102586,1,1,1,0,0,1,0,0,1,0,0,0,0,0
CUST102653,0,0,0,1,0,0,0,0,1,0,0,0,0,0
CUST101055,0,1,0,0,0,1,0,0,0,1,0,0,1,0
CUST100705,1,1,1,1,0,0,1,0,1,0,0,1,0,0
CUST100106,0,1,0,1,0,1,0,0,0,0,0,0,0,0
CUST100589,1,1,1,0,0,0,0,0,1,0,0,0,0,0
CUST102468,0,1,0,0,0,0,0,0,0,0,1,0,0,0
CUST102413,1,1,1,0,0,0,0,0,1,1,0,0,1,1
CUST101600,1,1,1,0,1,0,0,0,0,0,1,0,0,0
CUST102464,0,1,1,0,0,0,0,0,1,0,0,0,1,0
CUST100228,1,1,1,0,1,0,0,1,0,1,1,0,0,0
CUST100915,1,1,1,0,1,0,0,0,0,0,1,0,1,1
CUST100794,1,1,1,1,0,0,0,0,0,0,1,0,0,1
CUST103021,0,1,0,0,0,0,0,0,1,0,0,0,0,0
CUST103543,1,1,0,0,1,0,0,0,1,1,1,1,0,0
CUST101073,0,1,0,0,0,0,0,0,0,0,0,0,0,0
CUST103351,1,0,1,1,1,0,0,1,1,0,1,0,0,0
CUST101744,0,1,0,0,0,0,0,0,0,1,0,1,0,0
CUST101084,1,1,1,0,1,0,0,0,0,1,1,0,0,0
CUST100926,0,1,0,0,0,0,0,0,1,0,0,0,0,0
CUST103049,1,1,1,0,0,0,0,1,1,0,1,0,0,0
CUST101117,0,1,0,1,0,0,1,0,1,0,0,0,0,0
CUST100642,1,1,1,0,1,0,0,0,0,0,1,0,0,1
CUST104767,1,1,0,1,0,0,0,1,1,0,0,0,0,0
CUST100501,0,1,0,0,0,0,1,0,0,0,0,0,0,0
CUST104066,0,1,0,0,1,0,0,0,0,1,1,1,0,0
CUST100333,0,1,0,0,0,0,0,1,0,0,1,0,0,0
CUST104684,0,1,1,0,0,0,0,0,0,1,0,1,0,0
CUST100486,1,1,0,0,0,0,1,1,1,0,1,0,0,0
CUST101962,0,1,0,0,0,0,0,1,0,0,1,0,0,1
CUST100393,0,1,0,0,0,0,0,0,1,0,0,1,0,0
CUST104842,0,1,0,0,0,0,1,0,0,0,1,0,0,0
CUST104866,1,1,1,0,0,0,0,1,0,0,0,0,0,1
CUST101755,0,1,0,1,0,0,0,1,0,0,1,0,0,0
CUST102515,1,1,1,0,0,0,0,1,0,0,1,0,1,1
CUST103585,0,1,0,0,1,0,0,0,0,0,1,0,0,0
CUST104315,0,1,0,0,0,0,0,0,1,0,0,0,0,0
CUST104966,0,1,0,0,1,1,1,0,1,1,1,1,0,0
CUST102099,0,1,1,0,1,0,0,1,1,1,0,1,1,1
CUST103599,0,1,0,0,0,0,1,1,1,1,1,1,0,0
CUST104121,1,1,1,0,1,1,0,0,1,0,0,0,1,1
CUST100029,0,1,0,0,1,0,0,1,0,1,1,1,1,0
CUST100065,0,1,0,0,0,0,1,0,0,0,0,0,0,0
CUST100838,1,1,1,0,1,1,0,0,0,1,0,0,0,0
CUST103906,0,1,0,1,0,0,0,0,1,0,0,0,0,0
CUST103773,0,1,0,0,1,0,1,1,0,1,1,0,0,0
CUST104635,1,1,1,0,0,0,0,0,0,0,0,0,1,1
CUST103161,1,1,1,1,0,0,0,0,0,0,1,0,0,1
CUST102659,0,1,0,0,0,1,0,0,0,0,0,0,0,0
CUST104615,0,1,0,0,1,0,1,1,0,1,1,1,0,0
CUST104628,0,1,0,0,0,0,0,0,0,0,0,1,0,0
CUST102451,0,1,0,0,1,0,0,0,0,1,1,0,1,1
CUST102846,0,1,1,0,0,1,0,1,0,1,1,0,1,1
CUST101144,0,1,0,0,0,1,0,1,0,1,1,0,1,1
CUST103078,0,1,0,0,0,0,1,1,0,0,1,0,0,0
CUST101103,0,1,0,0,1,1,0,0,0,1,0,0,0,0
CUST100168,0,1,0,0,0,0,1,1,1,0,0,0,0,0
CUST101670,0,1,0,0,0,0,0,1,0,0,0,0,0,0
CUST102570,0,1,0,0,0,0,0,0,0,0,1,0,0,0
CUST102377,0,1,0,1,0,0,0,0,1,0,0,0,0,0
CUST104395,1,1,0,0,0,0,0,1,1,0,0,0,1,1
CUST104257,1,1,1,0,1,1,0,0,1,0,1,0,1,1
CUST103862,0,1,0,1,0,0,0,0,1,0,1,0,0,0
CUST100023,1,1,0,0,0,0,0,1,1,0,1,0,0,0
CUST102633,1,1,1,0,0,0,0,1,0,0,1,0,1,1
CUST103340,1,1,1,0,0,0,0,1,0,0,0,0,1,1
CUST102215,0,1,0,0,0,0,0,1,0,0,1,0,0,0
CUST103682,0,1,1,0,0,0,0,0,1,0,1,0,0,0
CUST104724,1,1,1,0,0,0,0,0,0,0,0,0,0,1
CUST101907,1,1,1,0,1,0,0,0,0,0,1,0,0,1
CUST100084,1,1,1,1,1,0,0,0,0,0,1,0,0,0
CUST100227,0,0,0,1,0,0,0,0,1,0,0,0,0,0
CUST100296,1,1,1,0,0,0,0,0,1,1,0,0,0,0
CUST101001,1,1,0,0,0,0,0,1,0,0,0,0,0,0
CUST102138,0,1,0,0,0,1,0,0,1,1,0,1,0,0
CUST100711,0,1,0,0,0,0,0,0,0,0,1,0,0,0
CUST102801,0,1,1,1,1,1,0,0,0,0,1,0,0,1
CUST102527,0,1,0,0,1,0,0,0,0,0,1,0,0,0
CUST103752,0,1,0,0,0,0,0,0,0,0,0,0,0,0
CUST103321,1,1,1,0,0,0,0,0,0,0,1,0,1,1
CUST103181,1,1,0,1,0,0,0,0,0,0,1,0,0,0
CUST104183,0,1,0,0,0,0,0,0,0,0,0,1,0,0
CUST101615,1,1,1,1,0,0,1,0,0,0,1,0,1,1
CUST103024,0,1,0,0,1,0,0,1,0,0,1,0,0,0
CUST101413,0,1,0,0,0,0,1,0,1,0,1,0,0,0
CUST100763,0,1,0,0,0,0,1,0,1,0,0,0,0,0
CUST100655,0,1,0,0,1,1,0,0,0,0,1,1,0,0
CUST104797,0,0,0,0,0,0,1,0,0,0,0,0,1,0
CUST103849,1,1,0,0,0,1,0,0,0,0,1,1,0,0
CUST104153,0,1,0,1,0,1,1,1,0,1,1,1,0,0
CUST100468,1,1,1,0,1,0,0,0,1,0,1,0,0,0
CUST100157,1,1,1,0,0,0,0,1,1,0,0,0,0,0
CUST101295,0,1,1,0,0,0,0,0,1,0,0,0,1,1
CUST100497,1,0,1,0,0,1,0,1,0,1,1,0,0,0
CUST104740,1,1,1,0,1,0,0,1,0,1,1,1,1,1
CUST102940,0,1,1,0,0,0,1,0,1,1,1,0,1,1
CUST103456,1,1,1,0,1,0,1,1,1,1,1,1,0,0
CUST100373,0,1,0,0,0,0,0,0,0,1,0,1,1,0
CUST100079,0,1,0,0,0,0,0,0,0,0,0,0,0,0
CUST101553,0,1,1,0,0,1,0,0,0,0,0,0,1,1
CUST101669,1,1,0,0,0,0,0,0,1,1,0,1,0,0
CUST102131,0,1,1,0,0,0,0,0,0,0,0,0,0,1
CUST104439,0,1,0,0,0,0,0,0,0,1,0,0,0,0
CUST100465,0,1,0,0,0,0,1,1,1,0,0,0,0,0
CUST100248,1,1,1,0,1,0,1,0,0,0,1,1,0,0
CUST100931,0,1,0,0,1,1,0,1,0,1,1,1,0,0
CUST101335,0,1,0,0,0,0,0,0,0,0,0,0,0,0
CUST104524,0,1,0,0,0,1,0,0,1,0,1,1,1,1
CUST101338,0,1,0,1,0,0,1,0,1,1,1,0,0,0
CUST101406,1,0,1,0,0,0,1,0,0,0,1,0,0,0
CUST101090,0,0,0,0,0,0,0,0,1,1,0,0,0,0
CUST104209,1,1,1,0,1,1,0,1,0,1,1,1,0,0
CUST100742,0,1,0,0,0,0,0,1,1,0,0,0,0,0
CUST102323,0,1,0,1,0,0,0,0,1,0,0,0,0,0
CUST103601,1,1,1,0,1,0,1,0,0,0,1,0,1,1
CUST102123,1,1,1,0,0,0,0,1,0,0,1,0,0,0
CUST102094,1,0,0,1,0,0,0,0,0,0,1,0,0,0
CUST100240,1,1,1,0,1,0,1,0,1,0,1,0,0,1
CUST102351,0,1,0,0,0,0,0,0,0,0,0,0,1,0
CUST101370,1,1,1,1,0,0,0,1,0,1,0,0,0,1
CUST101057,0,1,0,0,0,0,1,0,0,0,0,0,0,0
CUST104816,1,1,1,0,0,0,0,1,1,1,1,1,0,1
CUST100199,1,1,1,0,0,0,0,0,1,0,0,0,0,0
CUST102280,1,1,1,1,0,0,0,0,1,0,0,0,0,0
CUST104749,1,1,1,0,1,1,0,0,1,0,1,0,1,1
CUST102220,0,1,0,1,0,0,0,1,1,0,0,0,0,0
CUST104771,1,1,0,0,0,0,0,0,0,1,1,0,0,1
CUST102819,0,1,1,0,0,0,0,0,0,0,0,0,0,0
CUST103150,0,1,0,0,0,0,1,0,0,0,0,0,0,0
CUST104256,0,1,0,0,0,0,0,0,1,0,0,0,0,0
CUST103107,1,1,1,0,0,0,1,0,1,0,0,0,1,1
CUST101973,0,1,0,0,1,0,0,0,0,0,0,1,0,0
CUST101375,0,0,0,0,0,0,0,1,0,0,0,0,0,0
CUST103968,1,1,1,0,1,0,0,1,0,1,1,1,0,0
CUST104062,0,1,0,0,0,0,0,0,1,0,0,0,0,0
CUST104445,0,1,0,0,0,0,0,0,1,0,0,1,0,0
CUST103557,0,1,0,0,0,0,0,1,1,0,1,0,0,0
CUST100964,0,1,1,0,0,0,1,1,0,1,0,1,0,1
CUST100179,0,1,0,1,0,0,0,1,0,0,1,0,0,0
CUST103698,0,1,0,0,0,1,0,0,1,0,1,0,0,0
CUST103821,1,1,1,0,0,0,0,0,0,0,0,0,1,1
CUST104878,0,1,0,1,1,1,0,1,0,0,1,0,0,0
CUST103899,0,1,0,0,1,0,0,1,0,1,1,1,0,0
CUST104487,0,1,0,0,1,0,0,1,1,0,0,0,0,0
CUST103238,0,1,0,0,0,1,0,0,0,1,1,1,1,0
CUST102974,1,1,1,0,0,0,1,0,1,0,0,0,1,1
CUST103580,0,1,1,0,1,1,0,0,0,0,1,0,1,1
CUST102887,1,1,0,0,0,0,0,0,0,0,0,0,0,0
CUST102575,0,1,0,0,0,0,0,0,0,0,0,0,0,0
CUST101419,0,1,1,0,0,0,0,1,0,1,1,0,0,1
CUST103907,0,1,0,0,0,0,0,1,0,1,1,1,0,0
CUST104673,0,1,1,1,0,0,0,0,1,0,0,0,0,0
CUST104902,1,1,0,0,0,0,0,0,0,0,0,1,0,0
CUST101860,1,1,1,1,1,0,1,0,0,1,1,0,0,0
CUST100008,0,1,0,1,1,0,0,1,1,0,1,0,0,0
CUST102894,0,1,0,0,0,1,0,0,0,0,1,0,0,0
CUST102847,1,1,1,0,0,0,0,1,0,0,0,0,0,1
CUST103664,0,1,0,0,0,0,0,1,1,1,1,1,0,0
CUST100144,1,1,1,1,1,0,0,0,1,0,1,0,0,0
CUST102104,0,1,0,1,0,0,0,0,0,0,1,0,0,0
CUST103143,0,1,0,0,0,0,0,1,0,0,1,0,0,0
CUST100841,0,1,0,1,0,1,0,0,0,1,0,0,0,0
CUST101128,1,1,1,0,1,0,0,0,1,0,1,0,1,1
CUST100151,0,1,1,1,1,1,0,1,0,1,1,0,0,1
CUST103591,0,1,0,0,0,1,1,0,0,1,1,0,1,1
CUST101052,1,1,1,0,0,1,1,0,0,1,0,0,0,0
CUST101590,1,1,0,0,0,0,0,1,1,0,1,0,0,0
CUST103008,1,1,1,0,0,0,0,1,1,0,0,0,0,0
CUST102029,0,1,0,1,1,0,0,1,0,1,1,0,0,0
CUST103418,0,0,0,0,1,0,0,0,0,0,1,0,0,0
CUST101807,0,1,0,1,0,0,1,0,0,0,0,0,0,0
CUST102696,0,1,0,0,0,0,0,1,0,0,1,0,0,0
CUST103039,1,1,0,0,0,0,0,0,1,0,0,0,0,0
CUST100472,0,0,0,0,0,0,0,0,0,0,0,0,0,0
CUST103289,1,1,1,1,0,0,0,0,0,0,0,0,1,0
CUST104074,1,1,1,0,0,0,0,0,0,1,0,1,1,1
CUST103496,0,0,0,0,0,0,0,0,0,0,1,0,0,0
CUST100279,1,1,1,1,0,1,0,0,1,0,1,0,0,1
CUST101741,1,1,1,0,0,1,0,1,1,0,0,0,1,1
CUST104624,0,0,0,0,0,0,0,0,0,0,0,0,0,0
CUST102886,0,1,0,0,0,0,0,0,1,0,1,0,0,0
CUST101941,0,1,0,0,0,0,0,0,0,0,1,0,0,0
CUST100100,0,0,1,0,0,0,0,0,1,0,1,0,0,1
CUST102804,0,1,0,1,0,0,0,0,0,0,0,0,0,0
CUST103570,1,0,0,0,0,0,0,0,0,0,0,0,0,0
CUST103684,1,1,0,0,1,0,0,1,0,1,1,0,0,0
CUST103661,1,0,0,0,0,0,0,0,0,0,0,0,1,0
CUST100530,0,1,0,0,0,0,0,0,1,0,0,0,0,0
CUST101886,1,1,1,0,0,1,0,1,0,1,0,0,0,0
CUST100681,0,1,0,0,0,1,0,0,0,1,0,0,0,0
CUST103794,0,1,0,0,0,0,0,1,1,1,1,0,1,1
CUST103944,0,1,0,0,0,1,0,1,1,0,0,0,1,0
CUST104666,1,1,0,0,0,0,0,0,0,0,0,0,0,0
CUST102018,0,1,0,0,0,0,0,1,1,0,0,0,1,0
CUST101096,0,1,0,0,1,0,0,1,0,1,1,1,0,0
CUST100829,1,0,1,1,1,1,0,0,1,1,0,1,0,0
CUST102805,0,1,0,1,0,0,0,0,0,0,0,0,0,0
CUST103829,0,1,0,0,1,0,0,0,1,0,1,0,0,0
CUST104381,0,1,0,0,0,0,0,0,0,0,1,0,0,0
CUST103891,1,1,1,0,1,0,0,0,0,0,1,0,0,0
CUST100764,0,0,0,0,0,0,0,0,0,0,0,0,0,0
CUST102767,0,1,0,0,0,0,1,1,0,0,0,1,0,0
CUST104328,0,1,1,0,1,0,1,0,0,1,1,1,1,1
CUST103295,0,1,0,0,1,0,0,1,0,1,1,1,1,0
CUST102194,0,1,0,0,0,0,0,1,0,0,1,0,0,0
CUST102357,0,1,0,1,0,0,0,0,1,1,1,1,0,0
CUST103425,1,1,0,0,0,0,0,0,0,0,0,0,0,0
CUST103979,0,1,0,0,0,1,1,1,0,1,1,1,0,0
CUST100911,1,1,1,0,0,0,1,1,1,0,1,0,0,1
CUST103145,0,1,0,0,0,1,1,0,0,1,0,0,0,0
CUST100999,0,1,0,0,0,0,0,0,0,0,0,0,0,0
CUST103653,0,1,0,0,1,0,0,1,1,0,0,0,0,0
CUST102483,0,1,0,0,1,0,0,0,0,1,1,1,0,1
CUST104076,0,1,1,0,0,0,0,0,0,0,0,0,0,1
CUST102370,1,1,0,1,0,0,0,1,0,0,0,0,0,1
CUST104838,1,1,1,0,1,0,0,0,1,0,1,0,0,0
CUST100033,0,1,0,1,1,0,0,0,0,1,1,0,0,0
CUST103789,1,1,0,1,0,0,0,0,1,0,0,0,0,0
CUST101020,1,1,1,0,0,0,1,0,1,0,0,0,0,0
CUST101647,1,1,1,0,0,0,1,0,1,0,1,0,1,1
CUST100733,0,1,0,0,0,0,0,1,0,0,0,0,0,0
CUST104582,1,1,0,0,1,0,1,0,0,0,0,0,0,0
CUST103274,1,1,0,0,0,0,1,1,0,0,0,0,0,0
CUST101620,0,1,1,0,0,0,0,0,1,0,1,0,0,0
CUST103135,0,1,1,1,0,0,1,1,0,0,0,0,0,0
CUST102689,0,1,0,0,0,0,0,0,0,0,0,0,0,0
CUST102707,1,1,1,0,0,0,0,0,0,0,0,0,0,0
CUST100297,1,1,1,0,1,0,0,0,0,0,1,0,0,0
CUST102339,1,1,1,0,0,1,0,0,0,0,0,0,0,0
CUST100653,0,1,1,1,1,1,1,1,0,0,1,0,1,1
CUST103774,0,1,0,0,0,0,0,0,0,0,0,0,1,0
CUST101255,0,1,0,0,0,0,0,1,0,0,0,0,0,0
CUST104520,0,1,0,1,0,0,0,0,0,0,0,0,0,1
CUST100230,0,1,0,1,0,0,0,1,0,0,0,0,0,0
CUST103276,1,1,1,0,0,0,1,0,1,1,0,0,0,0
CUST103230,0,0,0,0,1,0,0,1,0,1,1,1,0,0
CUST100691,0,1,0,1,0,0,0,0,0,0,1,0,0,0
CUST102754,1,1,1,1,0,0,0,0,0,1,0,1,0,0
CUST104863,1,1,0,0,0,0,0,0,1,1,0,1,0,0
CUST100969,0,1,0,0,0,1,0,0,1,1,0,1,0,0
CUST100633,0,1,0,0,0,0,0,1,1,0,0,0,0,1
CUST104092,1,1,0,0,0,1,0,1,0,0,0,1,0,0
CUST104077,0,1,0,0,0,0,0,0,1,0,0,0,1,0
CUST101321,1,1,0,0,1,0,0,0,0,1,0,1,1,1
CUST101831,1,1,1,0,0,1,0,0,0,0,0,0,1,1
CUST102178,1,1,1,0,1,0,0,0,0,0,0,0,0,0
CUST101417,0,0,0,0,0,0,1,0,0,0,0,0,1,1
CUST101782,0,1,0,0,0,0,0,1,0,0,0,0,0,1
CUST104715,0,1,1,0,0,1,0,0,0,0,0,0,0,1
CUST104701,0,1,0,0,0,0,0,0,0,1,0,0,0,0
CUST104118,1,1,1,0,1,0,0,0,0,1,1,1,0,0
CUST101652,1,0,0,0,0,0,0,0,1,0,1,0,0,0
CUST101483,0,1,0,0,0,0,0,1,1,0,0,0,0,0
CUST102275,0,1,0,0,0,0,0,0,0,0,1,0,0,0
CUST100877,0,1,0,0,0,0,0,0,0,0,0,0,0,0
CUST103525,0,0,0,0,0,0,0,0,1,0,0,0,0,0
CUST102016,1,1,1,0,0,1,0,0,0,0,0,0,0,0
CUST100426,1,1,0,0,0,0,0,0,1,0,0,0,1,1
CUST100626,1,1,0,1,1,0,1,1,0,0,1,0,0,0
CUST101589,1,1,1,0,0,1,0,1,1,0,0,0,0,0
CUST102223,0,1,0,0,0,0,0,0,0,0,0,0,0,0
CUST102217,0,1,0,0,0,0,0,0,1,1,0,0,1,0
CUST104483,1,1,1,0,0,0,0,0,0,1,0,0,0,0
CUST101485,0,1,0,0,0,1,1,1,1,1,0,1,0,0
CUST101739,1,1,1,1,1,1,0,0,0,0,1,0,0,1
CUST102480,0,1,0,0,0,0,0,0,1,0,1,0,0,0
CUST102584,0,1,1,0,0,0,0,0,0,1,1,1,0,1
CUST102893,0,1,0,0,1,1,0,1,1,1,1,0,0,0
CUST100149,1,0,1,0,0,0,0,0,1,0,0,0,0,0
CUST100676,1,1,0,0,0,1,0,0,0,0,1,0,0,0
CUST101261,0,1,0,0,0,0,0,1,0,1,0,0,1,0
CUST104917,0,1,1,0,0,0,0,0,0,0,0,0,0,0
CUST100012,0,1,0,0,0,0,0,0,0,0,0,0,0,0
CUST101833,1,1,0,1,0,0,0,1,0,0,0,1,0,0
CUST103248,1,1,1,0,0,0,0,1,0,0,0,1,1,1
CUST101491,0,1,0,0,0,0,0,1,0,0,1,0,0,0
CUST102727,0,1,0,1,0,0,0,1,0,1,1,0,0,0
CUST103686,0,1,0,1,0,0,1,0,0,0,1,0,0,0
CUST101424,0,1,1,0,1,0,0,1,0,0,1,0,1,1
CUST104605,1,1,1,1,1,1,1,0,0,0,0,0,1,1
CUST104595,1,1,0,0,0,0,0,0,0,0,0,0,0,0
CUST100731,1,1,1,0,0,1,1,0,1,0,0,0,0,1
CUST101231,0,1,0,0,0,0,0,0,0,1,0,1,0,0
CUST101634,0,1,1,1,0,0,0,0,0,1,1,0,0,0
CUST103936,1,1,0,0,0,0,0,0,1,0,0,0,0,0
CUST101210,0,1,0,0,0,0,0,1,0,0,1,0,0,0
CUST103268,0,1,0,0,1,1,0,1,0,1,1,0,0,0
CUST101934,1,1,1,1,1,0,0,0,0,0,1,0,0,0
CUST100553,0,1,0,0,0,0,0,0,0,0,1,0,0,0
CUST100491,0,0,0,0,0,0,1,0,1,0,0,0,0,1
CUST102962,1,1,0,1,0,0,1,1,0,0,1,0,0,0
CUST102329,1,1,1,1,0,0,1,0,0,0,0,0,0,0
CUST102195,0,1,0,0,0,1,0,0,1,0,0,0,0,0
CUST103064,0,1,0,1,0,0,0,0,1,0,0,0,0,0
CUST100657,1,1,1,0,1,1,0,0,0,0,1,0,1,1
CUST102374,0,1,0,1,0,0,0,0,0,0,1,1,0,0
CUST102225,1,1,1,0,1,0,1,0,1,1,1,1,0,1
CUST104264,0,1,1,1,1,0,0,1,0,1,0,1,0,0
CUST101170,0,1,0,0,0,0,0,0,0,1,0,0,0,0
CUST100132,1,1,0,0,0,0,0,1,1,0,1,1,0,0
CUST100471,0,1,0,0,1,1,0,1,0,1,1,1,0,0
CUST103225,0,1,0,0,0,1,0,0,0,0,0,1,0,0
CUST101405,0,1,0,0,0,1,1,0,1,1,1,0,0,0
CUST102876,1,1,1,0,0,0,0,0,0,1,0,1,0,1
CUST104504,0,1,0,0,1,0,0,0,0,0,1,0,0,0
CUST104692,0,1,0,0,0,0,1,0,0,1,1,0,0,0
CUST102826,0,1,0,0,0,0,1,1,0,0,0,0,0,0
CUST100287,0,1,0,1,0,0,0,0,0,0,0,0,0,0
CUST101869,1,1,0,0,0,0,0,0,0,0,0,0,0,0
CUST103114,0,1,0,0,0,0,0,0,0,0,0,0,0,0
CUST103625,0,1,1,0,0,0,0,1,0,0,1,0,1,0
CUST102312,0,0,0,1,0,0,0,0,0,0,1,0,0,0
CUST104923,0,1,0,0,1,1,1,1,0,0,1,1,0,1
CUST101618,0,1,0,0,0,0,0,1,1,1,1,1,0,0
CUST100994,1,1,1,0,0,0,0,1,0,0,0,0,0,0
CUST101803,0,0,0,0,0,0,0,0,0,0,1,0,0,0
CUST102642,0,0,0,0,0,0,0,0,0,0,0,0,0,0
CUST104802,1,1,1,0,0,0,1,1,0,1,0,0,1,1
CUST103535,0,1,0,1,1,0,0,1,0,0,1,0,0,0
CUST104831,0,1,0,0,1,1,0,1,0,0,1,0,0,0
CUST103911,0,1,1,0,0,1,0,0,0,1,1,1,0,1
CUST102107,0,1,0,1,0,0,1,0,1,0,1,0,0,0
CUST103044,0,1,0,0,0,0,0,1,1,1,0,0,0,0
CUST100416,0,1,0,0,1,1,0,0,0,1,1,0,0,0
CUST100977,1,1,1,0,0,0,0,1,0,1,0,0,0,0
CUST102417,0,1,0,1,1,0,0,0,0,0,0,0,0,0
CUST100505,0,1,0,0,0,0,0,1,1,0,1,0,0,0
CUST104152,1,1,0,0,0,1,0,1,1,0,0,0,0,1
CUST104255,0,1,0,1,0,0,0,1,0,0,0,0,0,0
CUST103941,0,1,1,0,0,1,1,1,0,0,0,0,0,0
CUST100414,1,1,1,0,1,0,0,0,1,1,0,0,0,0
CUST104148,0,1,0,1,0,0,0,1,1,0,0,0,0,0
CUST101183,0,1,1,0,0,1,0,0,1,0,0,0,0,0
CUST100485,1,0,1,0,0,0,0,0,1,0,0,0,0,0
CUST100893,1,0,1,0,1,0,0,1,0,1,1,1,1,1
CUST100805,0,1,0,0,0,0,0,0,0,0,1,0,0,0
CUST100555,1,1,1,0,0,0,0,0,1,0,0,0,0,0
CUST103825,1,0,1,0,0,0,0,0,1,0,1,0,1,1
CUST101197,1,0,1,0,1,0,0,1,0,1,1,1,0,0
CUST104253,0,1,0,0,0,0,0,0,0,0,0,0,0,0
CUST104058,0,1,1,0,1,0,1,0,1,1,1,1,1,1
CUST101293,1,1,0,1,0,0,0,1,0,0,1,0,0,0
CUST102221,0,1,0,1,0,1,0,0,0,0,0,0,0,0
CUST103504,1,1,0,0,0,0,0,0,0,0,1,0,0,0
CUST103654,0,1,0,0,0,0,1,1,1,1,0,1,1,1
CUST104758,0,1,1,1,0,0,0,1,0,1,0,0,0,0
CUST103006,0,1,0,1,0,0,0,0,1,0,0,0,0,0
CUST102093,0,1,1,1,0,0,0,0,1,0,0,0,1,1
CUST102187,1,1,1,1,0,0,0,0,0,0,0,0,0,0
CUST103036,0,1,0,1,1,0,0,0,0,0,1,0,0,0
CUST103918,0,1,0,1,1,0,0,0,1,1,1,0,0,0
CUST101272,1,1,1,0,0,0,0,1,0,0,0,0,1,1
CUST100290,1,1,0,0,0,1,0,0,1,0,0,0,0,0
CUST104827,0,1,0,0,0,0,1,0,0,0,0,0,0,0
CUST100252,0,1,0,0,1,0,0,1,0,1,1,0,0,0
CUST103245,0,1,0,0,0,1,0,0,1,0,0,0,0,0
CUST100350,0,1,1,0,1,1,0,0,1,0,1,0,1,1
CUST101187,0,0,0,0,1,0,0,1,1,1,1,1,1,1
CUST101961,0,1,0,0,0,0,0,0,1,1,1,0,0,0
CUST100422,1,1,0,0,1,1,1,0,1,0,1,0,0,0
CUST100090,0,0,1,0,0,0,0,0,1,0,0,0,0,0
CUST103729,1,1,1,0,0,1,0,0,0,1,0,0,1,1
CUST102236,1,1,1,0,1,0,0,0,0,0,1,0,0,1
CUST100670,0,1,0,0,0,0,0,0,0,0,1,0,0,0
CUST103040,1,1,1,1,0,1,0,0,1,0,1,0,1,1
CUST100026,0,1,0,0,0,0,0,0,0,1,1,0,1,1
CUST100429,0,0,0,0,1,0,0,0,0,0,1,0,0,0
CUST100683,1,1,0,0,0,0,0,0,1,0,0,0,0,0
CUST104463,1,1,1,1,0,0,0,1,1,0,0,0,0,1
CUST103945,0,1,0,0,1,0,1,0,1,0,1,0,0,0
CUST103523,0,1,0,0,0,0,0,0,0,0,0,0,0,0
CUST101541,0,1,0,0,0,0,1,0,0,0,1,0,0,0
CUST102031,0,1,1,0,1,0,1,0,0,0,1,0,0,0
CUST102232,0,0,1,0,1,0,0,1,1,0,1,0,0,1
CUST104120,0,1,0,0,0,0,0,1,0,0,0,0,0,0
CUST103235,0,1,0,0,0,0,0,1,0,1,0,0,0,0
CUST100254,0,1,1,0,1,0,0,1,1,0,1,0,0,0
CUST101029,0,1,1,1,0,0,0,0,1,0,0,0,0,0
CUST104392,1,1,0,0,1,0,0,1,0,0,1,0,0,0
CUST103800,0,1,0,0,1,0,0,0,1,0,1,0,0,0
CUST104310,1,1,1,1,0,0,0,0,1,0,1,0,0,0
CUST102509,0,1,0,0,0,0,0,0,0,0,0,0,0,0
CUST102292,0,1,1,1,1,0,0,1,0,1,1,1,0,0
CUST101323,0,1,0,1,0,0,0,0,0,1,1,0,0,0
CUST101550,0,1,0,1,0,0,0,0,1,0,1,0,0,0
CUST104647,1,1,1,1,0,1,0,1,1,0,0,0,0,0
CUST100315,0,1,0,1,0,0,0,1,0,0,1,0,0,0
CUST101242,0,1,1,0,0,1,0,0,0,0,0,0,1,1
CUST102450,1,1,1,1,0,0,0,0,1,0,0,0,0,0
CUST101578,0,1,0,0,0,0,0,0,1,0,1,0,0,0
CUST104625,1,0,1,0,1,0,0,0,1,1,1,1,1,1
CUST103116,1,1,1,0,0,0,0,0,0,0,1,1,0,1
CUST100069,0,1,0,0,0,0,0,0,0,0,0,0,0,0
CUST100859,1,0,1,0,0,0,0,1,1,1,0,0,0,0
CUST102753,1,1,1,0,0,0,0,0,1,0,0,0,0,0
CUST101632,0,1,0,0,1,1,0,0,1,0,1,1,0,0
CUST101650,0,1,0,0,0,0,0,0,1,0,0,1,0,0
CUST103860,1,1,1,1,0,0,0,0,1,0,1,0,0,0
CUST103106,0,1,0,0,0,0,0,0,1,0,0,0,0,0
CUST101074,0,1,1,0,0,1,1,1,0,1,1,0,0,0
CUST104001,0,0,0,0,1,1,0,1,0,1,1,1,0,0
CUST100787,1,1,1,0,0,0,0,1,0,1,1,0,1,1
CUST102605,0,1,1,0,1,0,1,1,1,0,1,0,0,1
CUST103630,0,1,1,1,0,1,0,0,0,0,1,0,0,0
CUST102121,0,1,0,0,1,0,0,0,0,1,1,0,0,1
CUST101874,1,1,1,0,1,0,0,1,0,0,0,0,0,0
CUST100811,0,1,0,0,1,1,0,0,0,0,0,0,0,0
CUST100387,1,1,1,0,1,0,1,0,1,0,1,0,0,0
CUST102882,0,1,0,0,0,0,0,0,0,0,1,0,0,0
CUST101175,0,0,0,0,0,0,0,0,1,0,0,1,0,1
CUST103197,0,1,0,0,0,0,0,0,0,0,1,0,0,0
CUST102623,0,1,0,0,0,0,0,1,1,0,0,0,1,0
CUST101351,0,1,0,0,0,0,0,0,1,0,1,0,1,0
CUST100410,0,1,0,0,0,1,0,0,0,0,0,0,0,0
CUST104212,1,1,1,0,1,0,0,1,1,1,1,0,0,0
CUST100109,0,1,0,0,0,0,0,1,1,0,0,0,0,0
CUST104995,1,1,1,0,0,0,0,0,1,0,0,0,1,1
CUST103429,1,1,1,0,1,0,0,0,0,0,1,0,1,1
CUST102809,1,1,1,0,0,0,0,0,0,1,1,0,1,1
CUST102594,1,1,0,0,0,0,1,0,0,0,1,0,0,0
CUST102836,0,1,0,0,0,0,0,0,0,0,0,0,0,0
CUST102372,0,1,0,1,1,0,0,1,0,1,1,1,0,0
CUST101235,1,1,0,0,1,1,0,0,0,0,1,0,0,0
CUST102146,0,1,0,1,0,0,0,1,1,0,0,0,0,0
CUST104975,0,1,0,1,0,0,1,0,1,0,0,0,0,0
CUST100599,0,1,0,0,0,0,0,0,1,1,1,0,0,0
CUST101434,0,1,0,0,1,1,0,0,0,1,1,1,1,1
CUST104996,0,1,1,0,0,0,0,0,0,0,1,0,0,0
CUST100538,0,1,0,0,1,0,0,1,1,0,1,0,0,0
CUST100721,0,0,0,1,0,0,1,0,0,1,1,0,0,0
CUST104410,0,1,1,0,0,0,1,1,1,0,0,0,0,0
CUST101872,1,1,1,1,0,0,0,0,0,0,1,0,1,1
CUST102845,1,1,1,0,1,1,0,0,1,1,1,1,0,0
CUST102053,1,1,0,0,1,1,1,0,0,0,1,0,0,0
CUST102907,0,1,0,0,0,0,0,1,0,0,0,0,0,0
CUST102254,0,0,0,0,0,0,0,0,1,0,0,0,0,0
CUST103912,1,1,1,0,0,0,0,0,1,1,0,0,1,1
CUST100177,0,1,0,0,0,0,0,0,0,0,0,0,0,0
CUST102890,1,1,0,0,0,0,0,0,0,0,0,0,0,0
CUST103673,0,1,1,0,0,1,0,0,0,1,0,1,0,0
CUST100080,0,1,0,0,1,1,1,1,0,1,1,0,0,0
CUST102561,0,0,0,0,0,1,0,0,1,0,0,0,0,0
CUST101723,0,1,1,0,0,0,0,1,1,0,0,0,1,1
CUST101617,1,1,1,0,0,0,0,0,1,0,0,0,1,1
CUST101654,0,1,0,0,0,0,1,1,0,0,0,0,1,0
CUST102328,0,1,0,0,0,0,0,1,0,0,0,0,0,0
CUST104613,0,1,0,0,0,0,0,0,0,0,0,0,0,0
CUST100221,0,1,0,0,0,0,0,0,0,0,0,0,0,0
CUST100093,0,1,0,0,1,0,0,1,0,0,1,0,0,0
CUST102609,1,1,1,0,0,1,0,0,1,1,1,1,0,0
CUST103382,0,1,0,0,0,0,0,1,0,0,1,0,0,0
CUST104415,1,1,1,0,1,0,0,1,0,1,1,1,0,0
CUST101397,0,1,0,1,0,0,0,1,1,0,1,0,0,0
CUST104686,1,1,0,0,0,0,0,1,0,0,0,0,0,0
CUST101292,0,1,1,1,0,0,0,0,0,0,0,0,1,1
CUST102164,0,1,0,1,0,1,0,0,0,1,0,0,0,0
CUST102939,1,1,0,0,0,1,1,1,0,1,0,1,0,1
CUST103668,0,1,0,1,0,0,1,0,0,0,1,0,0,0
CUST100812,0,0,0,1,1,0,0,0,0,0,1,0,0,0
CUST101258,0,1,1,0,1,0,0,1,0,1,1,1,1,1
CUST100889,0,1,0,0,1,0,0,0,0,1,1,1,0,0
CUST101451,1,1,1,0,0,0,1,0,0,0,0,0,1,1
CUST103316,0,1,1,1,0,0,0,0,0,0,0,0,0,0
CUST102559,0,1,0,0,0,0,0,1,1,0,0,0,0,0
CUST103574,0,1,0,0,0,0,1,0,0,0,1,0,0,0
CUST102680,0,1,0,1,0,0,0,1,1,0,0,0,0,0
CUST104651,0,1,1,0,0,0,0,1,0,1,1,1,1,1
CUST104811,0,1,0,0,1,1,0,0,1,1,1,0,0,0
CUST104679,1,1,1,0,0,0,0,0,1,0,0,0,0,0
CUST102964,0,1,0,0,0,0,0,0,0,0,0,0,0,0
CUST102672,1,1,0,0,1,0,1,0,1,0,1,1,0,0
CUST100561,1,0,1,0,0,0,0,1,1,0,1,0,1,1
CUST102778,1,1,1,0,0,0,0,1,1,0,0,0,0,0
CUST102948,0,1,0,0,0,0,0,0,0,1,1,0,0,0
CUST102817,0,1,0,0,0,0,0,1,0,0,0,0,0,0
CUST102758,1,1,1,1,1,0,0,1,0,0,0,0,0,1
CUST101756,0,1,1,0,0,0,0,1,0,1,1,1,0,0
CUST100724,1,1,1,0,0,0,1,0,1,0,0,0,0,1
CUST100219,0,1,0,0,0,0,0,0,0,1,1,1,0,0
CUST104139,0,1,0,0,0,1,0,0,0,1,0,1,0,0
CUST103957,0,1,0,0,0,0,1,0,0,0,1,0,0,0
CUST101588,0,1,0,0,0,0,0,1,0,1,0,0,1,1
CUST103347,0,1,0,1,0,0,0,0,0,0,0,0,0,0
CUST103970,1,1,0,0,0,0,1,0,0,0,0,0,0,0
CUST104707,1,0,1,0,0,1,0,1,0,1,0,0,0,0
CUST100043,0,1,0,1,1,1,0,1,1,1,1,0,0,0
CUST103001,1,1,1,0,0,1,1,0,0,0,0,0,0,0
CUST100210,0,1,0,0,1,0,1,0,0,0,1,0,0,0
CUST100677,1,1,1,1,1,0,0,1,0,1,1,0,1,1
CUST100354,0,1,0,0,0,0,0,0,0,0,1,0,0,0
CUST101433,1,1,1,0,0,0,0,0,0,0,1,0,0,1
CUST100949,0,1,1,0,0,1,1,1,0,1,0,1,1,1
CUST102843,0,1,0,0,0,1,1,0,0,0,1,0,0,0
CUST100577,1,1,1,0,1,0,0,0,1,1,1,1,0,0
CUST103928,1,0,1,1,1,0,0,0,1,1,0,0,0,0
CUST100544,0,0,0,1,0,0,0,0,0,0,1,0,0,0
CUST100367,1,1,1,1,0,0,0,0,0,0,0,0,0,0
CUST101612,1,1,1,0,0,0,0,1,0,1,0,1,0,1
CUST103550,0,1,0,0,0,0,1,0,0,1,1,1,0,0
CUST103716,0,0,0,0,1,0,0,1,1,1,1,1,0,1
CUST103779,0,1,1,0,0,0,1,1,1,1,1,0,1,1
CUST100135,0,1,0,0,0,0,0,0,0,0,0,0,0,0
CUST104480,0,1,1,0,1,0,0,0,0,0,1,0,0,0
CUST101437,1,1,1,0,0,0,1,0,0,0,0,0,0,0
CUST100047,0,1,1,0,1,0,0,0,1,1,1,0,1,1
CUST101360,0,1,0,0,1,0,0,0,0,1,1,0,0,0
CUST100734,1,1,1,0,1,1,0,1,0,0,1,0,0,0
CUST101534,0,1,0,0,0,0,0,1,1,1,1,0,1,0
CUST102004,1,1,1,0,1,0,1,1,0,1,1,1,0,1
CUST103795,1,0,1,0,0,0,0,1,0,0,1,0,0,1
CUST102519,1,1,0,0,1,0,0,0,0,0,0,0,0,0
CUST101972,0,0,0,0,0,0,0,1,0,0,0,0,0,0
CUST100996,0,1,1,0,1,0,0,1,0,1,1,0,1,1
CUST100061,0,1,0,0,1,1,0,1,1,1,1,1,0,0
CUST101108,0,1,0,1,0,0,1,1,1,0,1,0,0,0
CUST102405,1,1,1,1,0,0,1,1,0,0,0,0,0,1
CUST100095,0,1,0,0,0,0,0,1,0,1,1,0,1,1
CUST100478,0,1,0,0,0,0,0,0,0,0,1,0,0,0
CUST104359,1,1,0,0,0,1,0,0,0,0,0,0,1,1
CUST104112,0,1,0,0,0,0,0,0,1,0,0,0,0,0
CUST103707,1,0,1,1,0,0,0,0,1,0,1,0,1,1
CUST101101,0,0,0,0,0,0,0,0,1,0,1,0,0,0
CUST102746,0,1,0,1,0,1,0,0,1,0,0,0,0,0
CUST102170,0,1,0,0,1,1,0,1,0,0,1,0,0,0
CUST100322,1,0,1,1,0,0,0,1,0,1,0,0,0,1
CUST104254,1,1,0,0,0,0,0,0,0,1,0,0,1,0
CUST103142,1,1,1,0,0,0,0,1,0,0,1,1,0,0
CUST103537,1,1,1,1,0,0,0,0,0,0,0,0,0,0
CUST104925,1,1,0,0,0,0,0,1,1,1,0,0,0,0
CUST102924,0,0,0,0,0,0,0,0,1,0,1,0,0,0
CUST101149,0,1,0,0,1,0,0,0,0,0,1,0,0,0
CUST103617,0,1,0,0,1,1,0,1,0,1,0,1,0,0
CUST100291,0,1,0,0,0,1,0,0,1,0,0,0,0,0
CUST103749,0,1,1,0,1,0,0,0,0,0,1,0,0,0
CUST103586,0,1,0,0,1,1,0,0,0,0,1,0,0,0
CUST100533,1,1,1,0,0,0,0,0,1,0,1,0,1,1
CUST103607,0,1,1,0,1,0,0,1,0,1,1,1,0,1
CUST102648,1,1,0,1,0,0,0,0,0,0,1,0,0,0
CUST104810,1,1,0,1,0,1,0,0,0,0,0,0,0,0
CUST101983,0,1,1,0,0,0,0,0,0,0,0,0,0,0
CUST102932,0,0,0,0,0,0,0,0,1,0,0,0,0,0
CUST101536,0,1,0,1,0,0,0,0,0,0,0,0,0,0
CUST104534,0,1,1,0,1,1,0,1,0,1,1,0,0,1
CUST104172,1,1,1,0,0,0,0,1,1,0,0,0,0,0
CUST103360,1,1,0,0,0,0,0,0,0,0,1,0,0,0
CUST103665,0,0,1,0,1,1,1,1,1,1,1,0,1,1
CUST104005,1,1,1,1,0,0,0,0,1,0,0,0,0,0
CUST103626,0,1,0,0,1,0,1,1,1,1,1,1,0,1
CUST100586,0,1,0,0,0,1,0,1,1,0,0,0,0,0
CUST103256,0,1,0,0,0,0,0,1,0,1,0,1,0,0
CUST102298,0,1,0,0,0,0,0,0,0,0,1,0,0,0
CUST103988,0,1,0,0,0,0,0,0,1,0,1,0,0,0
CUST100584,0,0,0,0,0,0,0,0,1,1,0,0,0,0
CUST102423,0,1,0,0,0,1,0,0,0,0,0,0,0,0
CUST101391,1,1,0,0,0,0,0,1,1,1,1,1,0,0
CUST104525,0,1,0,0,0,0,0,1,1,0,0,0,0,0
CUST104920,1,1,1,0,0,0,0,0,0,0,1,0,0,0
CUST104800,0,0,0,0,0,0,0,0,1,0,1,0,0,1
CUST103240,0,1,0,0,0,0,0,0,1,0,1,0,0,0
CUST104281,0,1,0,1,1,0,0,1,0,1,1,0,1,1
CUST103338,0,1,0,0,0,0,0,0,0,0,0,0,0,0
CUST103220,1,1,1,0,0,0,1,0,1,0,0,0,1,1
CUST102111,0,1,0,0,0,0,0,0,0,0,0,0,0,0
CUST101174,1,1,0,1,0,0,0,0,0,0,0,0,1,0
CUST104862,0,0,0,0,0,1,0,0,0,0,0,0,0,0
CUST103811,1,1,1,0,0,1,0,1,1,1,0,1,1,1
CUST101867,0,1,1,0,0,0,0,0,0,1,0,0,0,1
CUST102614,0,0,0,1,1,0,1,1,1,0,1,1,0,0
CUST103866,0,1,0,0,0,0,0,1,1,0,0,0,1,0
CUST104885,0,1,0,0,1,1,0,0,0,0,1,0,0,1
CUST103778,1,0,1,0,1,1,0,1,1,0,0,0,0,1
CUST103846,0,0,1,0,1,0,0,1,0,1,1,1,0,0
CUST102416,0,1,0,0,0,0,1,0,0,0,1,0,0,0
CUST100070,0,1,1,0,0,0,0,1,0,1,1,0,0,0
CUST104880,0,1,0,1,0,0,0,1,1,1,1,0,1,1
CUST101126,1,1,1,0,1,0,0,0,0,0,1,0,0,1
CUST104024,0,1,0,0,1,1,1,1,0,0,1,0,0,0
CUST103250,0,1,0,0,0,1,0,0,0,0,1,1,0,0
CUST103901,1,1,1,0,0,0,0,1,0,0,1,0,0,0
CUST101095,1,0,1,0,0,0,0,0,0,0,0,1,1,1
CUST104545,0,1,0,1,0,1,1,1,0,0,0,0,0,0
CUST101212,0,1,1,0,0,0,0,0,0,0,0,0,0,1
CUST103921,0,1,0,0,0,0,1,0,1,0,1,0,0,0
CUST101425,0,1,0,0,0,0,1,0,0,0,0,0,0,0
CUST103066,0,1,0,0,1,0,0,1,1,1,1,0,1,0
CUST104519,0,1,0,0,0,0,0,0,1,0,1,0,1,0
CUST102100,0,1,0,0,1,1,0,1,0,1,1,1,0,1
CUST100807,1,1,0,0,1,1,0,1,1,0,1,0,0,0
CUST104743,0,1,0,0,0,0,0,0,0,0,1,0,0,0
CUST103750,0,1,1,1,0,0,0,0,0,1,0,1,1,1
CUST101362,1,1,1,0,1,0,0,0,0,1,1,0,1,1
CUST102317,1,0,0,0,1,0,0,0,0,0,0,0,0,0
CUST104581,1,1,1,0,0,1,1,0,1,0,1,0,1,1
CUST104741,0,1,0,0,0,0,0,0,0,0,0,0,0,0
CUST101025,0,1,0,0,0,0,0,1,1,0,1,0,0,1
CUST103109,0,1,0,1,0,0,0,0,1,0,1,0,0,0
CUST102110,0,1,0,0,0,0,1,0,0,0,0,0,0,0
CUST101041,1,1,1,0,0,0,1,0,0,0,0,0,0,0
CUST101876,0,1,0,0,1,1,0,1,1,0,1,0,0,0
CUST100881,0,1,0,0,0,0,0,0,1,0,0,0,0,0
CUST104299,0,1,0,0,0,0,0,1,0,0,1,0,0,0
CUST101192,0,1,0,1,0,1,0,0,0,0,0,0,0,0
CUST104587,0,1,0,1,1,0,0,0,0,0,1,0,1,0
CUST104510,0,1,1,1,0,0,0,1,1,0,0,0,0,1
CUST103670,1,0,0,1,1,0,0,1,0,0,1,0,0,0
CUST100624,0,1,0,0,1,0,0,0,1,0,0,0,0,0
CUST102796,0,1,0,0,0,1,0,1,0,0,1,0,0,0
CUST104291,0,1,0,0,0,0,0,0,0,0,0,0,0,0
CUST104968,0,1,0,1,0,0,1,0,0,1,1,0,0,0
CUST100233,1,1,1,0,1,1,0,0,0,0,1,0,0,0
CUST104566,0,1,0,1,0,0,0,0,1,1,1,1,1,0
CUST101662,1,1,1,1,0,0,0,0,0,0,0,0,1,1
CUST100415,0,1,0,0,0,1,1,0,1,1,0,0,0,0
CUST104246,0,1,0,0,0,1,1,0,0,1,0,1,0,0
CUST102173,1,1,1,0,0,0,0,1,1,0,0,0,0,1
CUST101456,0,1,0,0,0,0,0,1,0,0,0,0,0,0
CUST100746,0,0,0,0,0,0,0,1,0,0,0,0,0,0
CUST100017,0,1,1,0,0,0,0,0,1,0,1,0,1,1
CUST101200,0,1,0,0,0,0,0,1,1,0,0,0,0,0
CUST101699,0,1,0,1,0,0,0,1,0,0,0,0,0,0
CUST103253,1,1,0,1,1,0,0,1,0,0,1,0,0,0
CUST100596,1,1,1,1,0,1,0,0,1,1,0,1,1,1
CUST103226,1,1,1,1,1,0,0,1,0,1,1,1,1,1
CUST104405,1,1,1,0,0,0,0,0,1,0,0,0,0,1
CUST104719,0,0,0,0,1,1,0,0,1,0,1,0,0,0
CUST101505,1,1,1,0,1,0,0,0,1,0,1,0,0,1
CUST101412,1,1,0,0,1,0,0,0,0,0,1,0,0,0
CUST101965,1,1,1,0,0,0,0,0,0,0,1,0,0,0
CUST100371,1,1,0,0,1,0,0,0,0,0,1,0,0,0
CUST101340,0,1,0,0,0,0,0,1,0,0,1,0,0,0
CUST100598,0,1,0,0,0,0,0,0,0,0,1,1,0,0
CUST100238,0,1,0,0,0,0,0,1,1,1,0,1,0,0
CUST103400,1,1,1,0,1,0,0,0,0,1,0,1,1,1
CUST102067,1,1,0,0,0,0,0,1,0,0,0,0,0,0
CUST100810,0,1,0,0,0,0,0,0,0,0,0,0,0,0
CUST101094,1,1,1,0,0,1,0,0,1,1,0,0,1,1
CUST104324,0,1,1,0,0,1,0,1,0,1,0,1,0,1
CUST104760,0,1,0,1,0,0,1,0,0,0,0,0,0,0
CUST103676,0,1,1,0,0,0,1,0,0,0,0,0,0,1
CUST103464,0,1,0,0,0,0,1,1,0,0,1,0,0,0
CUST103103,0,1,0,0,0,1,1,0,1,1,0,0,1,0
CUST102749,0,1,0,1,0,0,0,0,1,0,1,0,0,0
CUST102295,0,0,0,0,0,1,0,1,0,1,1,1,1,1
CUST104192,0,1,0,0,0,1,1,1,0,0,0,0,0,0
CUST103708,0,1,1,0,0,0,0,1,0,1,0,0,1,1
CUST103018,0,1,0,1,0,1,0,0,0,1,0,0,0,0
CUST104252,0,1,0,1,0,0,0,0,1,0,0,0,0,0
CUST100803,1,1,1,0,1,0,0,0,1,1,1,1,0,1
CUST104190,1,0,0,1,0,0,1,1,1,0,0,0,0,0
CUST103705,0,1,0,1,0,0,0,0,0,0,0,0,0,0
CUST100751,0,1,1,0,1,0,0,1,0,1,1,0,0,0
CUST104644,0,1,0,1,0,0,0,0,0,0,0,0,0,0
CUST102531,0,1,0,0,0,0,0,0,0,0,0,0,0,0
CUST100621,1,1,1,0,1,1,0,1,0,0,1,0,0,1
CUST102297,1,1,1,0,1,1,0,0,0,0,1,0,1,1
CUST103828,0,1,1,1,0,0,0,0,0,0,1,1,0,0
CUST100566,1,0,1,0,0,0,0,1,1,1,1,1,0,0
CUST101135,0,1,0,0,0,0,0,1,1,0,0,0,0,0
CUST101204,1,1,1,0,0,0,0,1,0,1,0,0,0,0
CUST101047,0,1,0,0,1,0,0,1,0,1,0,0,0,0
CUST100051,0,1,0,0,0,0,0,1,0,1,1,1,0,0
CUST103651,0,1,0,0,0,0,0,0,0,0,0,0,0,0
CUST101044,1,1,1,0,0,0,1,0,1,0,1,0,0,0
CUST102181,1,1,1,1,0,0,0,1,0,0,0,0,1,1
CUST102688,1,1,1,1,1,0,0,0,0,0,1,0,1,1
CUST100534,0,1,1,0,0,0,0,0,0,0,0,0,0,1
CUST103184,1,1,1,0,0,1,0,0,1,0,1,0,0,0
CUST103857,1,1,1,0,1,0,0,0,0,0,1,0,0,1
CUST100443,0,1,1,0,0,1,0,1,0,1,1,0,0,1
CUST103604,1,0,1,1,0,0,0,0,0,0,0,0,0,0
CUST100195,1,1,1,0,0,0,0,0,1,0,1,1,0,0
CUST101115,0,0,0,0,0,0,0,0,0,1,1,0,1,1
CUST100765,0,0,0,0,0,0,0,1,0,0,0,0,0,0
CUST101945,0,1,0,0,1,1,0,1,0,1,1,0,0,0
CUST103247,0,1,0,1,0,0,0,0,0,0,1,0,0,0
CUST103002,0,1,0,0,0,0,0,0,0,0,0,0,1,0
CUST101432,0,1,1,0,1,1,1,0,0,0,1,0,0,1
CUST104200,0,1,0,0,0,1,0,0,0,1,1,1,0,0
CUST103095,0,1,0,0,0,0,1,0,0,0,0,1,0,0
CUST102922,0,1,0,0,0,0,0,1,0,0,1,0,0,0
CUST100644,1,1,1,1,1,0,0,1,0,1,0,0,0,0
CUST101049,0,1,0,1,1,0,1,1,1,0,1,0,0,0
CUST103745,0,1,0,0,0,0,1,1,0,0,0,0,0,0
CUST104093,0,1,0,0,0,0,0,0,0,0,0,0,0,0
CUST104403,0,1,1,0,1,1,0,1,0,1,1,1,0,0
CUST100120,1,1,0,0,0,0,0,0,0,0,0,1,0,0
CUST102052,0,1,0,0,0,0,0,0,0,0,0,0,0,0
CUST104258,0,1,0,1,0,0,1,0,0,1,0,0,0,0
CUST104888,0,1,0,0,0,0,0,0,1,1,1,1,0,0
CUST104334,0,1,1,0,0,1,0,0,1,0,0,0,1,1
CUST104691,1,1,1,0,1,1,0,1,0,1,1,1,1,0
CUST100134,0,1,0,0,1,0,1,0,0,0,1,0,0,1
CUST102460,0,1,0,0,0,0,0,1,1,0,1,0,0,0
CUST101954,0,1,0,1,0,0,0,0,0,0,0,0,0,0
CUST102463,0,1,0,0,1,1,0,1,0,1,1,1,0,0
CUST100184,1,0,0,0,0,1,0,0,0,0,1,0,0,0
CUST101392,0,1,0,0,0,0,0,0,0,0,0,0,0,0
CUST102276,1,1,1,1,0,0,0,1,1,1,1,0,0,0
CUST100511,1,0,1,0,0,0,0,0,0,0,0,0,0,0
CUST104729,0,1,0,0,1,0,0,0,1,0,0,0,0,0
CUST104054,0,1,0,0,0,0,0,0,0,0,0,1,0,0
CUST103137,0,1,0,0,0,1,0,1,1,0,0,0,1,0
CUST102669,0,1,0,0,0,0,0,0,0,0,1,0,0,0
CUST104773,0,1,0,0,0,0,0,0,0,0,0,0,0,0
CUST104861,0,1,1,0,0,0,1,1,0,0,1,0,0,0
CUST102117,1,1,0,0,1,0,0,0,0,1,1,1,0,0
CUST100251,0,1,1,0,0,1,0,1,0,1,0,0,0,1
CUST103526,0,1,0,0,0,1,0,0,1,0,0,0,0,0
CUST103559,0,1,1,1,0,0,0,0,0,0,0,0,1,1
CUST104011,1,0,1,0,0,0,1,0,0,1,1,0,0,0
CUST101507,0,1,1,1,0,0,0,0,1,0,1,1,0,0
CUST100122,1,1,1,0,0,1,0,0,1,0,0,0,0,1
CUST104259,0,1,0,0,0,0,0,0,1,0,0,0,0,0
CUST103333,0,1,1,1,0,1,1,0,0,0,0,0,1,1
CUST101871,1,1,0,1,0,0,0,1,0,0,0,0,0,0
CUST103692,0,1,0,0,1,1,0,1,1,0,1,0,0,0
CUST100567,0,1,0,0,0,0,0,0,0,0,0,0,0,0
CUST101371,1,1,1,0,1,1,0,1,0,1,1,1,0,1
CUST103185,0,0,0,0,0,0,0,0,0,0,0,0,0,0
CUST103955,1,1,1,1,1,0,0,0,0,0,1,0,1,1
CUST101056,0,1,0,1,1,0,0,0,0,0,1,0,0,0
CUST100856,0,1,0,1,0,0,0,0,0,0,0,0,0,0
CUST103838,0,1,0,0,0,0,1,0,0,1,1,0,1,1
CUST102860,0,1,0,0,0,0,0,0,0,0,0,0,0,0
CUST104769,0,1,0,0,1,0,0,1,0,1,1,1,0,0
CUST100776,0,1,0,0,0,0,1,0,0,0,0,0,0,0
CUST100720,1,1,0,0,1,0,1,0,1,0,1,0,0,0
CUST102710,1,1,1,0,0,0,0,1,0,0,0,0,0,0
CUST102654,1,1,1,1,0,0,0,1,0,1,0,1,1,1
CUST104877,0,1,0,0,0,0,0,1,0,0,0,0,0,0
CUST100602,1,1,1,0,0,1,0,0,1,0,0,0,1,1
CUST103822,0,1,0,1,0,0,0,1,0,0,0,0,0,0
CUST101244,0,1,1,0,1,0,0,0,0,0,1,1,0,1
CUST104845,1,0,1,0,0,0,1,0,0,0,0,0,0,0
CUST104841,0,1,0,0,0,0,0,1,0,0,0,0,0,0
CUST100318,0,1,0,0,0,0,0,0,0,0,0,0,0,1
CUST100828,0,1,0,1,1,0,0,0,0,1,1,1,0,1
CUST103263,0,1,0,0,1,0,0,0,1,1,1,1,0,0
CUST100274,0,1,0,0,0,0,1,0,0,0,0,0,0,0
CUST102664,0,1,1,0,0,0,0,0,0,0,1,0,1,1
CUST100549,1,1,1,0,0,0,0,1,1,0,1,0,0,0
CUST103641,0,0,0,0,0,0,1,0,0,0,0,0,0,0
CUST104053,1,1,1,0,0,0,1,0,0,0,0,0,0,0
CUST104892,0,1,0,0,1,1,0,0,1,0,1,0,0,0
CUST102934,1,0,1,0,0,0,0,0,0,0,1,0,0,0
CUST100605,0,1,1,0,1,0,0,1,1,0,1,0,1,1
CUST100896,0,1,1,0,0,0,0,0,0,0,1,0,1,1
CUST100527,0,1,0,0,1,1,0,0,0,1,1,1,0,0
CUST104607,1,1,1,0,1,0,0,0,0,1,0,0,0,0
CUST102347,1,1,1,0,0,0,0,0,0,1,0,0,0,1
CUST103439,0,0,0,0,0,0,0,1,1,0,0,0,0,1
CUST104998,0,1,0,0,0,0,0,1,0,0,1,1,0,0
CUST104826,0,1,1,1,0,0,1,1,0,0,0,1,1,1
CUST103922,0,1,1,0,0,0,1,1,0,1,0,1,1,1
CUST100298,0,1,0,0,0,0,0,1,0,0,0,1,0,0
CUST102119,0,1,0,0,0,0,0,0,1,0,0,0,0,0
CUST102536,0,1,0,1,0,0,0,1,0,1,0,0,0,0
CUST104203,0,0,0,0,0,0,0,0,1,1,0,0,0,0
CUST103254,0,1,0,0,0,0,0,1,0,0,1,1,0,0
CUST103725,0,1,0,0,0,0,0,1,0,0,1,1,0,0
CUST101260,0,1,0,0,0,0,0,0,0,1,1,0,0,1
CUST101558,0,1,1,0,0,0,0,0,0,0,0,0,0,0
CUST103269,1,1,1,0,1,0,0,0,0,0,1,0,0,0
CUST104046,0,1,1,0,0,0,0,0,1,1,0,1,0,0
CUST100756,0,1,0,1,0,0,0,0,0,0,1,0,0,0
CUST101010,0,1,0,0,0,0,0,0,0,0,1,0,1,1
CUST102794,1,0,1,0,0,0,0,0,0,1,0,0,0,1
CUST102905,0,1,0,1,0,1,0,0,0,0,1,0,0,0
CUST101870,1,0,1,1,0,0,1,0,0,1,0,1,0,1
CUST102229,1,1,0,0,0,0,0,0,1,0,0,0,0,0
CUST101173,0,1,0,0,0,0,0,0,0,0,1,0,1,0
CUST101832,0,1,0,1,0,0,1,0,0,0,1,0,0,0
CUST100376,0,1,0,0,0,0,1,0,0,0,1,0,0,1
CUST103853,0,1,1,1,1,1,0,0,1,0,0,0,1,1
CUST103616,0,1,0,1,0,0,1,1,0,1,0,1,0,0
CUST100798,0,1,0,1,0,1,0,1,1,1,1,1,0,0
CUST100378,1,1,0,0,1,1,0,1,0,0,0,0,0,0
CUST101158,1,1,1,0,1,0,0,0,1,0,1,1,1,1
CUST103819,0,1,0,0,0,1,0,1,0,1,0,0,0,0
CUST102792,0,1,0,0,0,0,0,1,0,1,1,1,1,1
CUST102240,0,1,0,0,0,0,0,0,0,0,0,0,0,0
CUST104035,1,1,0,0,0,0,0,0,0,0,1,0,0,0
CUST102662,1,1,0,0,0,1,0,0,1,0,1,0,0,0
CUST104012,1,1,0,1,1,1,0,1,0,0,0,0,0,0
CUST102957,0,0,0,0,0,0,1,0,1,0,0,0,0,0
CUST103927,1,1,1,0,1,1,0,0,0,0,0,0,1,1
CUST101038,0,1,1,0,0,0,0,1,0,0,1,0,0,0
CUST103259,0,1,0,1,0,0,0,0,0,0,0,0,0,0
CUST101344,0,1,0,0,0,0,0,0,0,0,0,0,0,0
CUST102505,0,1,0,1,0,0,0,1,0,0,1,0,0,0
CUST101721,0,1,0,0,0,0,1,0,0,0,0,0,1,0
CUST104663,1,1,1,0,0,0,0,1,1,0,1,0,0,0
CUST100175,0,1,1,0,0,1,0,0,0,0,0,0,0,0
CUST104893,0,1,0,1,0,0,0,0,1,0,0,0,0,0
CUST101909,0,1,0,0,0,0,0,1,0,0,1,0,0,0
CUST100045,1,1,1,0,0,0,0,0,0,0,1,0,0,1
CUST103409,0,1,0,0,0,0,0,1,1,0,0,0,0,0
CUST104674,1,0,1,0,0,1,0,0,0,0,0,0,1,1
CUST101075,0,1,1,0,0,0,0,0,0,1,0,1,0,0
CUST102829,0,1,0,0,0,0,1,0,0,0,1,0,0,0
CUST101504,1,1,1,0,0,0,0,0,0,0,1,0,0,0
CUST102309,1,1,1,1,1,0,0,1,0,0,1,0,0,0
CUST101436,0,1,0,0,1,0,0,0,1,0,1,0,0,0
CUST102418,1,1,1,0,1,0,0,0,1,1,1,1,0,0
CUST103986,0,0,0,1,0,0,1,0,0,0,0,0,0,0
CUST103098,1,1,1,0,1,0,0,0,0,0,0,0,1,0
CUST104588,0,1,0,0,0,0,1,0,0,0,0,0,0,0
CUST100283,0,1,0,0,0,0,0,1,0,0,1,0,0,0
CUST104918,1,1,1,0,0,0,0,0,1,0,0,0,0,0
CUST100842,0,1,0,0,0,0,0,0,1,0,0,0,0,0
CUST101513,0,1,0,0,1,0,0,0,1,0,1,0,0,0
CUST101168,0,0,0,0,0,1,0,0,1,1,1,0,0,0
CUST101592,0,1,0,0,0,1,0,0,0,0,0,1,0,0
CUST103460,1,1,1,0,1,0,0,1,1,0,0,0,0,0
CUST103165,0,1,0,0,0,0,0,0,0,0,0,0,0,0
CUST102284,0,1,0,1,1,1,1,1,0,0,0,0,1,0
CUST103575,0,1,0,0,0,0,0,0,0,0,0,0,0,0
CUST104870,0,1,0,1,1,1,0,0,0,1,0,0,0,0
CUST102305,0,1,1,0,0,0,0,0,0,1,0,0,0,1
CUST100952,0,1,0,1,0,0,0,0,0,0,0,1,1,0
CUST104942,0,1,1,0,0,0,1,1,0,0,1,0,0,0
CUST103053,0,1,0,0,0,0,0,0,0,0,0,0,0,0
CUST104559,0,1,0,0,0,0,1,0,1,0,1,1,0,0
CUST102685,0,1,0,0,0,1,1,0,1,1,0,1,0,0
CUST101489,0,1,0,0,0,0,0,0,1,1,0,0,0,0
CUST100927,0,1,0,0,0,0,0,0,1,0,1,0,0,0
CUST101209,0,1,0,0,1,0,1,1,0,1,1,1,0,0
CUST103973,0,1,0,1,0,0,0,0,1,0,0,0,0,0
CUST103545,1,1,1,0,0,0,0,0,1,1,1,1,1,1
CUST104361,0,1,0,0,0,0,0,1,1,0,1,0,0,0
CUST101921,0,1,0,0,1,0,1,0,1,0,1,0,0,0
CUST100351,1,1,0,0,0,0,0,0,0,1,0,1,0,0
CUST104898,0,1,0,1,1,0,0,0,1,0,0,0,0,0
CUST103393,1,1,1,0,0,0,0,1,0,0,1,0,0,0
CUST102721,1,1,1,0,0,0,0,1,1,0,0,0,1,1
CUST104981,1,0,1,0,0,0,0,0,1,0,0,0,0,0
CUST100718,1,1,1,0,1,0,0,1,1,0,1,0,0,0
CUST102702,0,1,0,0,0,0,0,0,0,0,0,0,0,0
CUST102722,1,1,1,0,0,0,0,0,0,0,0,0,0,0
CUST104561,0,0,0,1,0,0,0,0,1,0,1,0,0,0
CUST100308,0,1,0,0,0,0,0,1,0,0,0,0,0,0
CUST101675,0,1,0,0,0,0,0,0,0,1,0,1,1,1
CUST100833,0,1,1,0,1,0,0,1,0,1,1,0,0,1
CUST100366,0,1,0,0,0,0,0,0,0,0,0,1,1,1
CUST104506,0,1,0,0,0,0,0,0,0,0,0,0,0,0
CUST102078,0,1,0,0,0,1,0,0,1,1,0,1,0,0
CUST104038,1,1,0,1,0,0,0,1,1,0,0,0,0,0
CUST104846,1,1,1,1,0,0,0,0,0,0,0,0,0,0
CUST104479,0,1,1,0,1,1,0,0,0,1,1,0,1,1
CUST101746,0,0,0,0,0,0,0,1,0,1,1,0,0,0
CUST100019,1,1,0,0,1,0,0,1,1,0,1,0,0,0
CUST101322,0,1,0,0,0,1,0,0,0,1,1,1,1,0
CUST103567,0,1,1,1,0,0,0,0,0,0,0,0,0,0
CUST102521,1,1,1,0,1,0,0,0,0,0,1,0,0,0
CUST100218,0,1,0,0,0,1,0,1,0,1,1,1,0,0
CUST101487,0,0,0,1,0,0,1,0,1,0,0,0,0,0
CUST100438,0,1,0,0,1,1,0,0,0,0,1,1,0,0
CUST104174,0,1,0,1,1,1,0,0,1,0,1,0,0,0
CUST102750,0,1,0,0,0,0,0,0,1,0,0,0,0,0
CUST103288,0,1,0,0,0,0,0,0,1,0,1,0,0,0
CUST103433,0,0,0,0,0,1,0,0,0,1,1,1,0,0
CUST102525,1,1,0,0,0,0,0,0,0,0,1,0,0,0
CUST104650,0,1,0,0,1,0,0,0,1,0,1,1,0,0
CUST103688,1,1,1,1,0,0,1,0,0,0,0,0,1,1
CUST102763,0,1,0,0,0,0,0,0,0,0,1,0,0,0
CUST100802,0,0,0,0,0,0,0,0,0,0,0,0,0,0
CUST102997,1,1,1,0,1,1,0,0,1,0,1,0,1,1
CUST102228,0,1,0,0,1,0,0,0,0,1,1,1,0,0
CUST104785,0,1,0,0,0,0,0,0,1,0,0,0,0,0
CUST102077,1,1,0,0,1,0,0,0,1,0,1,0,0,0
CUST100582,0,1,0,0,1,1,0,0,1,0,1,0,1,0
CUST100203,1,1,1,0,0,1,0,0,0,0,1,0,0,1
CUST104346,1,1,1,0,1,1,0,0,0,0,1,0,1,1
CUST103478,0,1,0,0,0,0,0,1,0,0,0,0,0,0
CUST102929,0,1,0,0,0,0,1,1,0,1,1,0,0,0
CUST103085,0,1,1,0,1,0,0,0,0,0,1,0,0,0
CUST101018,0,1,0,0,1,0,0,1,0,0,1,0,1,0
CUST101583,1,1,0,1,1,0,0,1,1,1,0,1,0,0
CUST101032,1,1,1,0,0,0,0,1,1,0,0,0,0,0
CUST101718,1,1,1,0,0,0,0,0,0,1,1,0,0,0
CUST101281,0,0,0,0,0,0,0,1,0,0,1,0,1,1
CUST102498,0,1,0,0,0,0,0,0,0,1,0,0,0,0
CUST103350,0,1,0,0,0,1,0,0,0,0,0,0,0,0
CUST100517,0,1,0,1,0,0,0,0,0,0,0,0,0,0
CUST101747,0,1,0,0,0,0,1,0,0,0,1,0,0,0
CUST104652,1,1,1,1,1,0,0,1,1,1,1,1,0,0
CUST103732,0,1,1,0,0,0,0,1,1,0,0,0,0,0
CUST100668,0,1,0,1,0,0,0,0,1,1,0,0,0,1
CUST104059,0,1,0,0,1,1,0,0,1,1,1,1,0,0
CUST103026,0,1,0,1,0,0,0,0,0,1,1,1,0,0
CUST104932,1,1,1,0,0,0,0,0,0,0,0,1,0,0
CUST103286,0,1,1,0,0,1,0,1,0,0,1,0,0,0
CUST102650,0,1,0,0,0,0,0,0,0,0,0,0,0,0
CUST104453,1,1,1,0,0,0,0,1,0,0,1,0,0,0
CUST103192,1,1,0,0,0,0,0,0,0,0,0,0,0,0
CUST102124,1,1,1,0,0,1,0,0,1,0,0,1,0,0
CUST103375,1,1,1,0,0,0,0,0,1,0,1,0,0,0
CUST103392,0,0,0,1,0,0,1,0,1,0,0,0,0,0
CUST103485,0,0,0,0,0,0,0,0,0,0,0,0,0,0
CUST100759,0,1,1,0,0,0,0,0,0,0,1,0,1,1
CUST103379,0,1,0,0,0,0,0,0,1,0,1,0,0,0
CUST104440,0,1,0,0,0,1,1,1,0,1,1,0,0,0
CUST102526,0,1,0,0,0,0,1,1,0,0,0,0,0,1
CUST104858,0,1,1,0,0,0,0,0,0,0,1,0,0,1
CUST100907,1,1,0,0,1,0,0,0,1,0,1,0,0,0
CUST102683,1,1,0,1,0,0,0,0,1,0,0,0,1,1
CUST100214,1,1,1,0,0,0,0,0,1,0,0,0,1,1
CUST103331,1,1,0,0,0,0,0,0,0,0,0,0,0,0
CUST104458,1,1,1,0,1,0,0,0,0,0,1,0,0,0
CUST100693,1,1,1,0,0,0,1,0,0,0,1,0,0,1
CUST101503,0,1,0,0,0,0,0,0,1,0,1,0,0,0
CUST102414,1,1,1,0,1,0,0,1,0,1,1,1,0,1
CUST102118,1,1,1,0,0,0,0,0,0,0,0,0,1,1
CUST103858,0,1,0,0,0,0,0,1,1,0,0,0,0,0
CUST102462,0,1,0,1,0,0,0,0,1,0,1,0,0,0
CUST103635,1,0,1,0,0,0,0,0,1,0,0,0,0,0
CUST104105,0,1,0,0,0,0,0,1,0,0,1,0,0,0
CUST104478,0,1,1,0,0,0,0,1,0,1,1,1,1,1
CUST100196,1,1,1,0,0,0,1,0,0,0,0,0,1,1
CUST104667,0,1,1,0,0,1,0,0,0,0,1,0,0,0
CUST101543,0,1,0,0,0,0,0,1,0,0,0,0,0,0
CUST101330,0,1,0,0,0,0,1,0,1,0,0,0,0,0
CUST100879,0,1,0,0,0,1,0,1,0,0,0,0,1,0
CUST104502,0,1,0,0,1,0,1,1,1,0,1,0,0,0
CUST103501,1,0,0,0,0,0,0,1,1,1,0,1,0,0
CUST103894,1,1,1,0,0,1,0,0,1,1,0,0,0,1
CUST104990,0,1,0,1,0,0,1,1,0,0,0,1,0,0
CUST100887,0,1,0,0,0,0,0,0,1,0,0,1,0,0
CUST101345,1,1,1,0,0,0,0,0,0,0,0,0,0,0
CUST100068,1,1,0,1,0,1,0,0,0,1,1,1,0,0
CUST104210,0,1,0,0,0,0,0,0,1,0,1,0,0,1
CUST101815,0,1,0,0,0,0,1,0,0,0,0,0,0,0
CUST100568,0,1,0,0,0,0,0,0,1,0,0,0,0,0
CUST102167,1,1,1,0,0,0,0,1,0,1,0,0,0,0
CUST100096,0,1,0,0,0,0,0,1,0,0,1,0,0,0
CUST104181,0,1,1,0,0,1,0,1,1,0,0,1,1,1
CUST103353,1,1,0,0,1,0,1,0,1,0,1,0,0,0
CUST100139,0,1,0,0,0,1,0,0,0,0,0,0,0,0
CUST104954,1,1,0,1,0,0,1,0,0,0,0,0,0,0
CUST102602,1,1,1,1,1,0,0,1,0,0,0,1,1,1
CUST104023,0,1,0,1,0,1,0,1,1,0,1,0,0,0
CUST104772,0,1,0,0,0,0,0,0,1,0,0,0,0,0
CUST101606,0,1,0,0,1,1,0,0,1,0,1,0,0,0
CUST101629,1,1,0,0,0,0,0,0,1,1,1,0,1,0
CUST101539,1,1,1,1,0,0,0,0,0,0,1,0,0,0
CUST101694,0,1,0,0,1,0,1,0,1,0,1,0,0,1
CUST102059,0,1,0,0,0,0,1,0,0,0,1,0,0,0
CUST100463,1,1,1,0,1,0,0,1,0,1,1,0,0,1
CUST102330,1,1,0,0,0,0,0,1,1,0,0,0,0,0
CUST103043,0,0,0,0,0,0,0,0,0,0,0,0,0,0
CUST104734,0,1,1,1,0,0,0,1,1,0,0,0,0,0
CUST100594,1,1,1,0,0,0,0,0,0,0,0,0,0,0
CUST103814,0,1,0,0,0,0,0,0,0,0,1,0,0,0
CUST100625,1,1,1,1,0,1,0,0,0,1,1,1,0,1
CUST100450,0,1,1,1,1,0,1,0,1,1,1,1,0,1
CUST101499,0,1,0,0,0,0,0,0,1,0,0,0,1,0
CUST102456,0,1,0,1,0,0,0,1,0,1,0,0,0,0
CUST104722,1,1,0,0,1,1,0,1,0,0,1,0,0,0
CUST102984,0,1,0,1,1,1,0,1,0,1,1,1,0,1
CUST101569,0,0,0,0,0,0,1,1,0,0,0,0,0,0
CUST101034,0,1,0,1,0,0,0,0,1,0,1,0,0,0
CUST103518,0,1,0,0,0,0,0,0,0,0,0,0,0,0
CUST101557,1,1,1,0,1,0,1,0,0,1,1,1,0,1
CUST103624,1,1,1,1,1,1,0,0,0,0,0,0,0,0
CUST104664,0,1,0,0,1,0,0,1,0,1,1,0,0,0
CUST100150,1,1,1,0,0,0,1,0,0,0,1,0,0,0
CUST101420,1,1,1,1,0,0,1,0,0,0,1,0,1,1
CUST102011,0,1,0,0,0,0,0,0,0,0,1,0,0,0
CUST102686,0,1,0,0,0,1,0,0,1,0,0,0,0,0
CUST101786,0,1,1,0,0,0,0,0,1,0,1,0,0,1
CUST100088,0,0,0,1,0,0,0,0,0,0,0,0,0,0
CUST100457,1,1,1,0,0,0,0,0,0,1,0,1,0,0
CUST101305,0,1,0,0,0,0,0,0,0,0,0,0,0,0
CUST102925,1,1,1,0,0,1,1,0,1,1,0,1,0,0
CUST103270,0,1,1,0,0,0,0,0,0,1,0,0,0,1
CUST103227,0,1,1,0,1,0,0,0,1,0,1,0,0,1
CUST101988,0,1,0,0,1,1,1,1,0,1,1,0,0,0
CUST103754,1,1,1,1,0,0,0,0,1,0,0,0,1,1
CUST103646,0,1,0,0,0,0,1,0,0,0,1,0,0,0
CUST100831,0,1,0,0,1,0,0,0,0,0,1,0,1,1
CUST100239,0,1,0,0,0,0,1,1,0,0,0,1,0,0
CUST104681,1,1,1,0,1,0,0,1,1,1,1,0,0,1
CUST103022,0,1,1,0,1,0,0,1,0,1,1,1,0,0
CUST103148,0,1,0,0,0,0,1,0,0,0,0,0,0,0
CUST101946,0,1,1,0,1,1,0,0,0,0,1,0,1,1
CUST102775,0,0,0,0,0,1,0,0,0,0,1,0,0,0
CUST100192,0,1,1,0,0,0,0,0,1,0,0,0,0,0
CUST104849,1,1,1,0,1,0,0,0,0,0,1,0,0,0
CUST104939,0,0,0,1,0,0,0,0,0,0,0,0,0,0
CUST100944,1,1,1,0,1,1,0,0,1,0,1,1,0,0
CUST101268,1,1,1,1,1,0,0,0,0,1,1,0,1,1
CUST104231,0,1,0,0,1,0,0,0,0,1,1,0,0,0
CUST102307,0,1,0,1,0,0,0,0,1,1,1,1,0,0
CUST104424,1,1,1,0,0,0,0,0,1,1,1,0,1,1
CUST104711,0,1,1,0,1,1,0,1,0,0,0,0,0,1
CUST102313,0,1,1,0,0,0,0,0,0,1,0,0,0,1
CUST103214,0,1,0,1,0,0,0,1,0,1,0,0,0,0
CUST102732,1,1,1,0,0,0,0,0,0,0,0,0,0,0
CUST101926,1,1,0,0,0,0,1,1,1,0,1,0,0,0
CUST104227,0,1,0,0,0,0,0,0,1,0,0,0,0,0
CUST104676,1,1,1,0,0,1,0,0,0,1,0,1,0,1
CUST100800,0,1,1,0,0,0,1,1,1,0,1,0,1,1
CUST103671,0,1,0,0,0,1,0,1,0,1,1,0,0,0
CUST104193,1,1,0,0,0,0,0,0,0,0,0,0,0,0
CUST102968,0,1,1,1,1,1,0,1,0,0,1,0,0,1
CUST104793,1,1,1,1,0,0,1,0,0,0,0,0,0,0
CUST104368,0,1,0,0,0,0,0,1,0,0,0,0,0,0
CUST102776,1,1,0,1,0,0,0,1,0,0,0,0,0,0
CUST102970,0,1,1,0,1,1,1,1,0,1,1,1,0,0
CUST103867,1,1,1,1,0,1,0,1,1,1,0,0,1,1
CUST101743,0,1,1,0,1,0,0,0,0,1,1,1,0,1
CUST103948,1,1,0,1,0,0,0,1,0,0,1,0,0,0
CUST103802,0,1,0,0,0,0,1,0,1,0,0,0,0,0
CUST102024,0,1,1,0,0,0,0,1,1,1,1,1,0,0
CUST102274,1,1,1,0,0,0,0,0,0,0,0,0,0,0
CUST100099,0,1,0,0,0,0,0,0,1,0,1,0,0,0
CUST104921,0,1,1,0,1,0,1,0,0,0,1,0,0,1
CUST103407,0,1,1,1,0,0,0,0,1,0,1,0,1,1
CUST104245,1,1,0,1,0,0,0,0,1,0,0,0,0,0
CUST104619,1,0,1,0,0,0,0,0,0,0,0,0,1,0
CUST104916,1,1,0,0,0,0,0,0,0,0,0,0,0,0
CUST100191,0,0,0,0,1,0,0,1,1,0,1,0,0,0
CUST104696,0,1,1,0,0,0,0,0,1,0,0,0,0,0
CUST101784,0,1,1,0,0,0,1,0,1,0,0,0,0,0
CUST101532,0,1,0,0,1,1,1,1,0,1,1,1,0,0
CUST102834,1,1,1,0,1,0,1,1,1,1,1,0,0,1
CUST104444,1,1,1,0,0,0,0,0,0,1,1,1,1,1
CUST104915,0,1,0,1,0,0,1,0,1,0,1,0,0,0
CUST101598,0,1,0,0,0,0,0,0,0,0,1,0,0,0
CUST101779,0,1,0,0,0,0,0,0,1,0,0,0,0,0
CUST104900,1,1,1,0,0,0,0,0,0,1,1,1,0,0
CUST102574,1,1,0,0,0,0,0,0,0,0,0,0,0,0
CUST103398,0,1,0,1,0,0,0,0,1,0,1,0,0,0
CUST103975,0,0,0,0,0,0,0,0,1,1,0,0,0,0
CUST103770,1,1,1,0,0,0,0,1,1,0,0,0,1,1
CUST100166,1,1,0,0,0,0,0,0,1,0,1,0,0,0
CUST101751,1,1,0,0,0,1,0,1,0,1,0,0,0,0
CUST101479,0,1,0,0,0,0,0,1,0,1,1,1,0,0
CUST101024,1,1,1,1,0,0,0,0,0,0,1,0,0,1
CUST101788,1,1,1,0,0,0,0,0,0,0,0,0,0,0
CUST102264,1,1,1,0,0,0,0,1,1,1,0,1,0,0
CUST102473,1,1,1,0,1,1,0,1,1,0,1,0,1,1
CUST101822,0,1,1,1,1,0,1,0,0,0,1,0,0,1
CUST101220,0,1,0,0,0,0,0,0,0,0,0,0,0,0
CUST101666,1,1,1,0,0,0,0,0,0,0,0,0,1,1
CUST102960,1,1,1,0,0,1,0,0,0,0,0,0,0,0
CUST100152,0,1,0,0,0,1,1,1,0,1,1,0,0,0
CUST102534,0,1,0,0,1,1,0,1,0,1,1,1,1,0
CUST104688,0,1,1,0,0,0,0,0,0,0,0,0,0,0
CUST101978,1,1,0,1,1,0,0,0,1,0,1,0,0,0
CUST101469,0,1,0,0,0,0,0,0,0,0,0,0,0,0
CUST102807,1,0,1,1,0,0,0,0,1,1,1,0,0,0
CUST102512,1,1,1,0,1,1,1,1,1,0,1,0,0,1
CUST102943,0,1,0,0,1,0,1,1,0,0,0,0,0,0
CUST102980,0,1,0,0,0,0,0,0,0,1,0,0,0,0
CUST104822,0,1,0,0,0,0,0,1,0,0,0,0,0,0
CUST103017,1,1,1,0,1,0,0,0,0,0,1,0,0,0
CUST101566,1,1,1,0,1,0,1,0,0,1,1,1,1,1
CUST100031,1,1,0,1,0,0,1,0,0,0,0,0,0,0
CUST100937,0,1,1,0,0,1,1,0,0,0,1,0,0,1
CUST101215,0,1,0,0,0,0,0,1,1,0,0,0,0,0
CUST101937,1,0,0,0,0,0,0,0,1,0,0,0,0,0
CUST101129,0,1,0,1,0,1,0,0,0,0,0,0,0,0
CUST100309,1,1,0,0,0,1,0,1,0,0,1,0,0,0
CUST104901,0,1,0,0,1,1,1,0,1,1,1,0,1,1
CUST102168,1,1,0,1,1,1,1,1,1,1,1,1,0,0
CUST103113,0,1,0,0,0,0,0,0,1,0,1,0,0,0
CUST100495,0,1,0,0,1,0,0,0,0,0,1,0,0,0
CUST100205,0,1,0,0,0,0,0,0,0,0,0,0,0,0
CUST102673,0,1,0,0,1,1,0,0,1,0,1,0,1,0
CUST103357,0,1,0,0,0,0,0,1,0,0,0,1,0,0
CUST103830,0,1,0,0,0,0,0,0,0,0,0,0,0,0
CUST100305,0,1,0,0,1,0,0,0,1,0,0,0,0,0
CUST103793,0,1,0,1,0,0,0,1,1,0,0,0,0,0
CUST102201,1,1,1,0,0,0,0,0,0,0,0,0,1,1
CUST101061,0,1,0,0,1,0,0,1,1,1,1,0,1,1
CUST100843,0,1,0,0,0,0,1,1,0,0,0,0,0,0
CUST103872,0,1,1,0,1,0,0,0,1,0,1,0,0,0
CUST102251,1,1,0,0,0,0,0,1,0,0,0,0,0,0
CUST100211,0,1,0,0,1,0,0,0,0,0,1,0,0,1
CUST103997,1,0,1,0,0,1,0,1,0,1,0,1,0,0
CUST100679,1,0,1,1,0,0,0,0,0,0,0,1,1,1
CUST100565,0,1,0,0,1,0,0,1,0,0,1,0,0,0
CUST103290,1,1,1,1,0,0,0,1,1,1,1,1,0,1
CUST104354,1,1,1,0,0,1,0,0,1,1,0,0,0,0
CUST100680,1,1,1,0,0,0,0,0,1,0,1,0,0,0
CUST100180,1,0,0,0,0,0,0,0,0,0,0,0,0,0
CUST104279,1,0,0,0,0,0,1,0,0,0,0,0,0,0
CUST102495,0,1,0,1,1,0,0,0,1,0,1,0,0,0
CUST102316,0,1,1,1,0,0,0,1,1,0,1,0,0,0
CUST104273,0,1,0,0,1,1,1,1,1,1,1,1,1,1
CUST100278,1,1,1,0,0,0,0,0,0,0,1,0,0,0
CUST103683,0,1,1,0,0,0,0,1,0,1,1,1,0,1
CUST104762,1,1,1,0,1,1,0,0,1,0,1,0,0,0
CUST100432,0,1,0,0,1,1,0,1,1,0,1,0,0,1
CUST100289,0,1,0,1,0,0,1,0,1,0,0,0,0,0
CUST101027,0,1,0,0,0,1,1,0,0,0,0,0,0,0
CUST100535,0,1,0,0,1,0,1,0,0,0,1,0,0,0
CUST103631,0,1,0,0,1,0,0,1,0,0,1,0,0,0
CUST100188,1,1,1,0,1,0,0,0,1,0,1,1,0,0
CUST102174,1,1,1,0,0,0,0,0,1,0,0,0,1,1
CUST103915,1,1,1,0,1,1,1,1,1,1,1,0,0,1
CUST101862,0,1,1,0,0,0,0,1,1,0,1,0,0,0
CUST100270,0,1,0,0,1,0,0,0,0,0,1,0,0,0
CUST101728,0,1,0,0,1,1,0,1,1,0,1,0,0,0
CUST104075,0,1,0,0,1,0,0,0,0,0,1,0,0,0
CUST102157,0,0,0,0,0,0,0,1,0,0,1,0,0,0
CUST103931,0,1,0,0,1,0,0,0,1,0,1,0,0,0
CUST100111,0,1,1,0,1,0,0,0,0,1,1,0,0,1
CUST102384,0,1,0,0,1,0,0,0,0,1,1,1,0,0
CUST100220,0,1,0,1,0,1,0,0,0,0,1,0,0,0
CUST100627,0,1,0,0,0,0,0,0,0,0,0,0,0,0
CUST101181,0,1,0,0,1,0,1,0,1,0,1,1,0,0
CUST103381,0,1,1,0,0,0,1,1,0,1,1,1,0,1
CUST102422,0,1,0,1,0,0,0,0,0,0,0,0,0,0
CUST100790,0,1,0,0,0,0,0,0,0,0,0,0,0,0
CUST104275,1,1,1,1,1,1,0,0,1,0,1,0,1,1
CUST100461,1,0,1,0,0,0,0,0,1,0,0,0,1,1
CUST104402,0,1,0,0,0,1,0,1,0,0,1,0,0,0
CUST100551,0,1,0,0,1,1,0,1,0,1,1,0,0,0
CUST103129,1,1,1,1,0,0,1,0,1,0,1,1,0,1
CUST101444,0,1,0,1,0,0,0,0,0,0,1,0,0,0
CUST100198,1,1,1,0,0,0,0,0,0,0,1,0,0,0
CUST102589,1,1,1,1,0,1,0,1,0,0,0,0,0,0
CUST100402,1,1,1,0,0,0,0,0,1,1,0,0,0,1
CUST103959,0,1,0,0,0,0,0,0,0,0,0,0,0,0
CUST104189,0,1,0,0,0,0,0,1,0,0,0,0,0,0
CUST104763,0,1,0,1,0,0,1,0,0,1,0,1,0,0
CUST102095,0,1,0,0,0,0,0,0,0,1,0,1,0,0
CUST102900,0,0,0,0,0,0,0,1,1,0,0,0,0,0
CUST104462,1,1,1,0,1,0,0,1,0,0,1,0,0,0
CUST100650,0,1,0,0,0,0,0,0,1,0,0,0,0,0
CUST100708,0,1,0,0,1,1,1,1,1,1,1,0,0,0
CUST101480,1,1,1,1,0,1,0,0,1,0,0,0,0,0
CUST104414,0,1,0,0,1,0,0,0,0,1,1,0,0,0
CUST103065,0,1,1,0,0,0,0,0,0,1,1,1,1,1
CUST102395,1,1,0,1,0,0,0,0,0,0,0,0,0,0
CUST101769,0,1,0,0,0,0,0,0,0,0,1,0,0,0
CUST100314,0,1,1,0,0,0,0,0,0,0,0,0,0,0
CUST103761,1,0,1,0,1,1,0,0,0,1,1,0,1,1
CUST104909,1,1,1,0,1,0,0,1,0,1,1,0,0,1
CUST100113,1,1,0,0,0,1,0,0,1,0,0,0,0,0
CUST100960,0,1,1,0,0,0,0,1,0,0,0,0,0,0
CUST102910,1,1,1,0,0,0,0,1,0,1,0,0,1,1
CUST103405,0,1,0,0,1,1,1,1,0,1,1,1,0,0
CUST101623,0,1,0,0,0,0,0,0,0,0,0,0,0,0
CUST103322,0,1,0,0,0,0,1,1,0,1,1,0,0,0
CUST104999,1,1,1,1,1,1,1,0,1,0,0,0,0,0
CUST101818,1,1,1,0,0,0,0,1,1,0,0,0,0,0
CUST103194,0,1,0,0,0,1,1,1,0,1,1,1,0,0
CUST103007,0,1,0,0,0,0,0,0,0,0,0,0,0,0
CUST103414,0,1,0,0,0,1,0,0,0,0,0,0,0,0
CUST104528,0,1,0,1,0,0,0,0,1,0,1,0,0,0
CUST101897,0,1,0,1,0,1,0,0,0,0,0,0,0,0
CUST101918,0,1,0,0,0,0,0,1,1,0,0,0,0,0
CUST101270,0,1,0,0,0,1,0,1,0,1,1,1,0,0
CUST104176,0,1,0,0,1,1,0,0,0,1,1,1,0,0
CUST104962,0,1,0,0,1,0,0,0,1,0,1,0,0,0
CUST104883,0,1,0,0,0,0,0,0,0,0,1,0,1,1
CUST104094,1,1,0,0,1,1,0,0,1,1,1,1,0,0
CUST103159,0,1,0,0,0,0,1,1,0,1,0,0,1,1
CUST101813,0,1,0,0,1,0,0,1,0,0,1,0,0,0
CUST102426,1,1,1,0,0,0,0,1,1,0,0,0,0,1
CUST103950,0,1,0,0,0,1,0,1,0,1,0,1,0,0
CUST104428,0,1,1,0,0,1,0,0,0,0,0,0,0,0
CUST102142,0,1,0,1,1,1,0,0,0,1,1,0,0,0
CUST101626,1,1,1,0,0,1,0,1,1,1,0,0,0,0
CUST100789,0,1,0,0,1,0,0,1,0,1,1,0,1,1
CUST103786,0,1,0,0,0,0,1,1,1,1,1,0,0,0
CUST101864,0,1,0,0,0,0,1,1,0,0,1,0,0,0
CUST102865,0,0,0,0,1,1,0,0,0,0,1,0,0,0
CUST100871,0,1,1,0,0,0,0,1,1,0,1,0,0,1
CUST103271,0,1,1,0,0,0,1,0,0,0,0,0,0,1
CUST103833,1,1,0,0,0,0,0,1,1,0,0,1,0,0
CUST100073,1,1,1,0,0,1,0,1,0,1,0,0,1,1
CUST101752,0,1,0,0,0,1,0,1,0,1,1,0,0,0
CUST101421,0,1,0,0,1,0,0,0,0,0,1,0,0,0
CUST104221,0,1,0,0,0,0,1,1,0,1,1,1,0,1
CUST104693,0,1,0,0,0,0,0,0,0,0,0,1,0,0
CUST104369,1,1,0,0,0,0,0,0,1,0,1,0,0,0
CUST104575,0,1,0,0,1,0,0,0,1,1,1,0,0,0
CUST103809,1,1,1,0,0,0,0,0,0,0,0,1,0,0
CUST102244,0,1,0,0,0,0,0,0,1,0,0,0,0,0
CUST103047,0,1,0,0,1,0,0,0,0,0,1,0,0,0
CUST102445,0,1,0,0,0,0,0,0,0,0,1,0,0,0
CUST100494,0,1,0,1,0,0,0,1,1,0,0,0,0,0
CUST103130,0,1,0,0,0,0,0,0,0,0,0,0,0,0
CUST104321,1,1,1,0,0,0,0,1,0,0,1,0,0,0
CUST104397,1,1,1,1,0,0,0,0,0,1,1,1,0,0
CUST101164,0,1,0,0,0,0,0,0,0,0,0,0,0,0
CUST103734,0,0,1,1,0,0,0,1,1,0,1,0,0,0
CUST101730,0,1,0,0,0,0,1,0,0,0,1,0,0,0
CUST104812,0,1,0,0,0,1,0,1,0,1,0,0,0,0
CUST102402,1,1,1,0,1,1,0,0,0,0,1,0,0,1
CUST103403,1,1,0,0,1,0,0,0,0,0,1,0,0,0
CUST100618,1,1,1,1,0,0,0,1,0,0,0,0,0,0
CUST101697,1,1,1,0,0,0,0,0,0,0,0,0,1,1
CUST103593,0,1,1,0,0,0,0,0,1,0,0,0,0,0
CUST101957,1,1,1,0,0,1,0,1,1,0,0,0,0,0
CUST101221,0,0,0,0,0,0,0,0,1,0,1,0,0,0
CUST102073,0,1,0,0,0,0,0,0,1,1,1,0,0,0
CUST103410,0,1,0,1,0,0,0,0,0,1,0,0,0,0
CUST100869,0,1,0,0,0,0,0,0,0,0,1,0,0,0
CUST102718,1,1,1,0,0,0,0,0,0,0,1,0,0,0
CUST101042,0,1,0,1,0,0,1,0,1,0,0,0,0,0
CUST101361,1,1,0,0,0,1,1,0,0,0,0,0,0,0
CUST100356,1,1,0,0,0,1,0,0,1,0,0,1,0,0
CUST101162,0,1,0,0,0,0,1,0,0,0,0,0,0,0
CUST102765,0,1,0,0,0,0,0,0,0,0,0,0,0,0
CUST103252,0,1,0,0,0,0,0,0,0,0,0,0,0,0
CUST101438,0,0,0,0,1,0,0,0,1,0,1,0,0,0
CUST103603,1,1,1,0,0,0,0,1,0,1,0,0,0,1
CUST104940,0,1,0,1,0,0,0,0,0,1,0,0,0,0
CUST104593,1,1,1,0,1,0,0,0,1,0,1,0,0,0
CUST103639,0,0,1,0,0,0,0,0,1,0,1,0,0,0
CUST101253,0,1,1,0,1,0,0,0,0,0,1,0,0,1
CUST103365,1,1,1,1,0,0,0,0,0,1,0,0,0,0
CUST100332,0,1,0,0,0,0,1,0,0,0,1,0,0,0
CUST103694,0,1,1,1,0,0,1,0,0,0,0,0,1,1
CUST103568,1,1,1,1,0,0,1,0,1,0,0,0,0,0
CUST102728,0,1,1,0,0,0,0,1,0,1,1,1,0,0
CUST103667,0,1,0,1,0,0,0,0,0,0,0,0,0,0
CUST101630,0,0,0,0,0,0,0,0,1,0,1,0,0,0
CUST101116,1,0,1,0,0,1,0,1,1,1,0,0,0,1
CUST101849,0,0,0,0,0,1,0,1,0,0,1,0,0,0
CUST103554,1,1,1,0,0,0,0,0,0,0,1,0,1,1
CUST103153,0,1,0,0,0,0,0,1,0,0,0,0,0,0
CUST103265,0,1,0,1,1,1,0,0,0,1,0,1,1,0
CUST101665,1,1,0,0,0,0,1,1,1,0,0,0,0,0
CUST100445,1,1,1,0,1,0,0,0,1,1,0,1,0,1
CUST102245,0,1,0,1,0,0,1,0,1,0,0,0,0,0
CUST100452,0,0,1,0,0,0,1,1,0,0,1,0,0,0
CUST101551,0,1,0,1,0,1,0,0,1,0,1,0,0,0
CUST104434,1,1,0,0,0,0,0,0,1,1,0,0,0,0
CUST102954,1,1,0,0,1,0,0,1,0,1,1,0,0,0
CUST100014,1,1,0,0,0,0,0,1,0,0,1,0,0,0
CUST103628,1,1,1,1,0,0,0,1,1,0,0,1,1,1
CUST100945,0,1,0,0,0,1,0,1,0,0,1,0,1,1
CUST100247,0,1,0,0,0,0,0,0,0,0,0,0,0,0
CUST104697,0,1,1,0,0,0,0,1,0,0,1,0,1,1
CUST100360,0,1,0,0,0,0,0,1,1,0,0,0,0,0
CUST104656,0,1,0,0,0,0,0,0,1,1,1,0,0,0
CUST101614,1,1,1,0,0,0,0,1,1,0,1,0,0,0
CUST102303,1,1,1,0,0,0,0,0,0,0,0,0,0,1
CUST104141,1,1,1,0,0,0,0,0,0,0,1,0,1,1
CUST103168,1,1,1,0,1,0,0,1,0,0,1,0,0,1
CUST102478,0,1,0,1,1,0,0,1,1,0,1,0,0,0
CUST104214,1,1,0,1,0,0,0,0,1,0,0,0,0,0
CUST104180,0,1,0,0,0,0,1,1,0,1,1,0,0,0
CUST104884,0,1,0,0,0,0,0,0,0,0,1,0,0,0
CUST103163,0,1,0,0,0,1,0,0,0,0,0,0,0,0
CUST100490,0,1,1,0,0,1,1,0,0,0,0,0,0,1
CUST100862,0,1,0,0,1,1,0,0,1,0,1,1,0,0
CUST101740,1,1,0,1,0,0,0,0,1,0,1,0,0,0
CUST104099,0,1,0,0,0,0,0,0,1,0,0,1,1,0
CUST104385,0,1,0,0,1,0,0,1,1,0,1,1,0,0
CUST102447,0,0,0,0,0,0,0,0,0,0,1,0,0,0
CUST104230,0,1,0,0,0,0,0,0,0,1,0,1,0,0
CUST100506,0,1,0,1,0,0,0,0,0,1,1,1,0,0
CUST102677,0,1,0,0,0,0,0,0,0,0,0,0,0,0
CUST102995,0,1,0,0,0,0,0,0,0,0,0,0,0,0
CUST101942,0,1,0,0,1,0,0,1,0,1,1,1,0,0
CUST101222,0,1,0,1,0,0,0,0,0,0,1,0,1,1
CUST101113,1,1,1,0,1,0,0,0,1,0,1,0,0,0
CUST101905,0,1,0,0,0,0,1,1,0,0,0,0,0,0
CUST103423,0,1,0,0,0,1,0,1,0,0,1,0,0,0
CUST101877,0,1,0,0,0,0,0,0,0,0,0,0,0,0
CUST104672,0,1,0,0,0,0,0,0,0,0,1,0,0,0
CUST100433,1,1,0,0,0,0,0,0,0,0,0,0,0,0
CUST102364,1,1,1,0,0,0,0,1,0,0,0,0,1,1
CUST103154,0,1,0,0,1,1,0,1,1,1,1,1,0,0
CUST102835,1,0,1,0,1,0,0,1,0,1,1,0,1,1
CUST102092,0,1,0,1,1,0,0,1,0,1,1,1,0,1
CUST103010,0,1,1,0,1,1,0,0,0,0,1,0,0,0
CUST103162,0,0,1,0,0,0,0,0,0,0,1,0,0,1
CUST102945,1,1,0,1,0,0,1,1,1,0,0,0,0,0
CUST103916,1,1,1,1,0,0,0,1,1,0,0,1,0,0
CUST102916,0,1,0,0,0,0,1,0,1,0,0,0,0,0
CUST101102,0,1,0,0,0,0,0,1,0,1,1,1,0,0
CUST101448,0,1,1,1,0,0,1,1,0,0,0,0,0,0
CUST101720,0,1,0,0,0,1,0,0,1,1,0,1,0,1
CUST104518,0,1,0,0,0,0,0,0,1,0,1,1,0,0
CUST103842,0,1,1,1,0,0,0,0,0,0,1,0,0,1
CUST100156,1,1,1,1,1,0,0,1,0,0,1,0,1,1
CUST102978,0,1,0,0,0,1,0,1,0,1,1,0,0,0
CUST101773,0,1,0,0,0,0,0,0,0,0,1,0,0,0
CUST100615,0,1,0,0,0,1,0,0,1,0,0,0,0,0
CUST100643,1,0,1,0,1,1,0,0,0,1,1,1,1,1
CUST101935,1,1,1,1,1,0,1,0,0,0,0,0,0,0
CUST104277,0,1,1,1,0,0,0,0,1,0,0,0,1,1
CUST101068,0,1,1,0,1,1,0,0,0,1,1,0,1,1
CUST104454,0,1,0,0,0,0,0,1,1,0,0,0,0,0
CUST104154,1,1,1,0,0,0,0,0,1,0,1,1,0,1
CUST104239,1,1,1,0,1,1,0,0,0,1,1,1,0,1
CUST104868,0,1,0,0,0,1,0,1,0,0,1,0,0,0
CUST100330,1,1,1,0,1,0,0,0,0,1,1,1,0,1
CUST102057,0,1,0,1,0,0,0,0,0,0,1,0,0,0
CUST102646,0,1,1,0,0,0,1,0,1,0,0,0,1,1
CUST102191,1,1,1,0,0,0,0,0,0,0,0,0,1,1
CUST100622,0,1,1,1,1,0,0,0,0,0,1,0,0,0
CUST101595,1,1,1,0,1,0,1,0,1,1,0,0,0,1
CUST102915,0,1,0,0,0,0,0,1,1,0,0,0,0,0
CUST104821,1,1,1,0,0,0,0,0,0,0,1,0,0,0
CUST103898,0,1,0,1,1,1,0,1,0,1,1,1,0,0
CUST101919,1,1,0,0,0,0,0,1,0,0,0,0,0,0
CUST104173,0,1,0,0,0,1,0,1,0,0,0,0,0,0
CUST104477,0,1,0,0,1,0,0,0,0,0,1,0,0,0
CUST100755,0,1,0,0,0,0,0,0,0,0,0,0,0,0
CUST100518,1,1,0,0,0,0,0,0,0,1,0,0,0,0
CUST103803,0,1,0,0,0,0,0,0,1,1,0,0,0,1
CUST100032,1,0,0,0,0,0,0,0,1,0,1,0,0,0
CUST102937,1,1,0,0,0,0,0,0,0,0,0,0,0,0
CUST101157,0,0,0,0,0,0,1,0,0,0,0,0,0,0
CUST100744,1,1,1,1,1,0,1,0,0,1,1,0,1,1
CUST101497,1,1,1,1,0,0,0,1,0,1,1,1,0,0
CUST103459,1,1,0,1,0,0,0,1,0,0,0,0,0,0
CUST103755,1,1,1,1,1,0,0,0,1,1,1,0,0,1
CUST102591,0,1,0,0,0,0,0,0,1,0,1,0,0,0
CUST100783,1,1,1,1,0,0,0,0,1,0,1,0,0,1
CUST103493,1,1,1,1,0,0,1,0,1,0,1,0,1,1
CUST102949,0,1,1,0,0,1,0,1,1,0,0,1,1,1
CUST100229,0,1,0,0,0,1,0,0,0,0,0,0,0,0
CUST100857,0,1,0,1,0,1,1,1,0,0,1,0,0,0
CUST102266,0,1,0,0,0,1,0,1,0,0,0,0,0,0
CUST104274,0,1,1,0,1,1,0,0,1,0,1,1,1,1
CUST100408,1,1,0,1,0,0,0,0,0,0,0,0,0,0
CUST100170,1,1,1,0,0,1,0,0,0,1,0,0,0,1
CUST100540,1,1,1,0,1,0,0,0,0,1,1,0,0,1
CUST102210,1,1,1,1,1,0,0,1,0,0,1,0,0,0
CUST102304,0,1,0,0,0,0,1,1,1,0,1,0,0,0
CUST102567,1,1,1,1,0,0,0,0,0,0,1,0,0,0
CUST100613,0,1,0,0,1,1,0,1,0,1,1,0,0,0
CUST102101,0,1,0,1,1,0,0,1,0,0,1,0,1,0
CUST101808,0,1,0,0,0,0,0,0,0,0,1,0,0,0
CUST103438,1,1,1,0,1,1,0,1,0,0,1,0,1,1
CUST101161,1,0,1,0,0,0,0,1,0,1,0,0,0,0
CUST104225,0,1,0,0,1,0,0,0,1,0,1,0,0,0
CUST103119,0,1,0,1,0,0,1,0,0,0,1,0,0,0
CUST103652,0,1,0,1,1,0,0,1,0,0,1,0,0,0
CUST101610,0,1,1,1,1,0,1,0,0,1,1,1,0,0
CUST101932,1,1,1,0,0,0,0,0,0,1,1,0,0,0
CUST103027,0,1,0,0,0,0,0,0,0,0,0,0,0,0
CUST100564,1,1,1,0,0,0,0,1,0,0,0,0,0,0
CUST103571,0,1,1,0,1,0,0,1,0,1,1,1,1,1
CUST104247,1,1,0,0,0,0,0,1,0,1,1,1,0,0
CUST102388,1,1,1,1,0,0,0,0,1,0,0,0,1,1
CUST101471,0,1,1,0,1,0,0,1,0,1,1,0,1,1
CUST102630,1,1,0,0,0,0,1,0,0,0,0,0,0,0
CUST101835,0,1,0,1,1,1,1,1,0,0,1,1,0,1
CUST104928,1,1,0,0,0,0,0,0,0,0,1,0,0,0
CUST103475,0,1,0,0,0,0,0,0,0,0,0,0,0,0
CUST101533,1,1,1,1,0,0,0,0,1,1,0,0,1,1
CUST104327,0,1,0,0,0,1,0,0,0,1,0,0,0,0
CUST102484,0,1,0,0,0,0,1,1,0,1,1,1,0,0
CUST104207,1,1,1,0,0,0,0,1,1,0,0,0,0,1
CUST101172,0,1,0,1,0,0,0,1,0,0,0,0,0,0
CUST101427,0,1,0,1,0,0,0,1,1,0,0,0,0,0
CUST100325,1,1,1,1,0,0,1,0,0,0,0,0,1,1
CUST101051,1,1,0,1,1,0,0,0,1,0,1,0,0,0
CUST103319,1,1,1,0,1,1,0,1,1,1,1,1,1,1
CUST104721,0,1,0,0,1,0,0,0,0,0,1,1,0,0
CUST103864,0,1,0,0,1,1,0,1,0,0,1,0,0,0
CUST102603,1,1,1,0,0,1,0,0,0,1,1,1,0,0
CUST101738,0,1,0,0,1,0,1,1,0,1,1,1,1,0
CUST101196,1,1,1,0,1,0,0,0,0,0,1,0,0,1
CUST100620,0,1,0,0,0,0,0,0,0,0,1,0,0,0
CUST101374,1,1,1,0,0,0,0,1,0,0,1,0,0,0
CUST102879,0,1,1,0,0,1,0,1,0,1,1,1,1,1
CUST101189,1,1,1,0,0,1,0,1,0,1,0,1,0,0
CUST100328,1,1,0,0,0,0,0,0,0,0,0,1,0,0
CUST100648,0,1,0,0,0,0,0,0,0,0,1,0,0,0
CUST100897,1,1,1,0,0,0,0,0,0,0,0,0,0,0
CUST103882,0,1,0,0,0,0,0,0,1,0,0,0,0,0
CUST101123,0,1,0,0,0,0,0,0,0,0,1,0,0,0
CUST101891,0,1,0,0,0,0,0,1,0,0,1,0,0,0
CUST104643,0,1,0,1,0,0,1,1,1,0,0,0,0,0
CUST104791,0,1,0,0,1,0,0,1,0,1,1,0,0,0
CUST104529,0,1,0,0,0,0,1,0,0,0,0,0,0,0
CUST104234,0,1,0,0,0,1,1,1,0,0,0,0,0,0
CUST101593,1,1,0,1,0,0,0,0,1,0,0,0,0,0
CUST103312,1,1,1,0,0,0,0,0,0,0,1,0,0,0
CUST102547,0,1,1,0,0,1,0,1,1,1,1,1,1,1
CUST101545,0,1,1,0,0,1,1,0,1,0,0,0,0,1
CUST104336,0,1,0,0,1,0,0,1,1,1,1,0,0,0
CUST101023,0,1,0,0,0,1,0,0,1,1,1,0,0,0
CUST101971,0,1,1,0,0,1,0,1,0,0,1,0,0,0
CUST104988,0,1,0,0,0,0,1,1,0,0,1,0,1,0
CUST101714,0,1,0,1,0,0,0,0,0,0,0,0,0,0
CUST101717,1,1,1,0,0,1,0,0,0,0,0,0,1,1
CUST101477,1,1,1,0,0,0,0,0,1,0,0,1,0,0
CUST100809,0,1,0,1,0,0,0,0,0,0,0,1,0,0
CUST102850,1,1,1,1,0,0,0,0,0,0,1,0,0,0
CUST100978,0,1,0,0,0,0,0,0,0,0,0,0,0,0
CUST104687,1,1,1,0,0,0,0,0,0,0,0,0,0,0
CUST104895,0,1,0,0,0,0,0,0,1,0,0,0,0,0
CUST101684,1,1,1,0,0,1,0,1,0,0,1,0,0,0
CUST104660,0,1,1,0,0,0,0,0,1,0,1,0,1,1
CUST101514,0,1,0,0,1,0,1,1,0,1,1,0,1,0
CUST102404,0,1,0,1,1,1,0,0,0,1,0,1,1,1
CUST102021,0,0,0,0,0,0,0,0,1,0,0,0,0,0
CUST104553,1,1,1,1,1,0,0,0,1,0,0,0,0,1
CUST101767,0,1,1,0,1,1,1,1,0,1,1,1,1,1
CUST100174,1,1,1,0,0,1,0,0,1,0,0,0,0,0
CUST101554,0,1,0,0,1,1,0,1,0,1,1,0,1,1
CUST104215,0,1,1,0,1,1,0,1,0,1,1,1,0,0
CUST101482,0,1,1,0,0,0,0,1,0,0,1,0,0,0
CUST104461,0,1,1,0,0,0,0,0,0,0,0,0,0,1
CUST100217,0,0,0,0,0,0,1,1,0,1,0,1,0,0
CUST103914,0,1,0,0,0,0,0,0,0,0,0,1,0,0
CUST103720,0,1,0,0,0,0,0,1,0,0,0,0,0,0
CUST100690,0,0,0,0,1,0,0,1,0,1,1,1,1,1
CUST102577,0,1,1,0,0,1,0,0,1,1,0,1,1,1
CUST102233,0,1,0,0,0,0,0,1,0,1,1,1,1,0
CUST102238,0,1,0,0,1,0,0,0,0,0,1,0,0,0
CUST101106,0,1,0,0,0,0,0,0,0,0,0,0,0,0
CUST101789,1,1,0,0,1,0,0,0,0,1,1,1,1,0
CUST103188,0,0,0,0,0,0,0,0,0,0,0,0,0,0
CUST102436,0,1,0,0,0,0,0,0,0,0,0,0,0,0
CUST100611,0,1,0,0,0,0,1,0,0,0,0,0,0,0
CUST103660,0,1,1,0,0,1,0,1,0,0,0,0,0,1
CUST103711,0,1,0,0,1,0,0,1,1,1,1,1,0,0
CUST100576,0,1,0,1,0,0,0,1,0,0,0,0,0,0
CUST102063,1,1,1,0,1,0,0,0,0,0,1,0,0,0
CUST104435,1,1,0,0,1,1,1,1,1,0,1,0,0,0
CUST101180,0,1,0,0,0,0,0,0,0,0,0,0,0,0
CUST100888,0,1,1,1,1,1,0,1,0,1,1,1,1,0
CUST103128,0,1,0,0,0,0,0,1,0,0,0,0,0,0
CUST101732,0,1,0,1,0,0,0,1,0,0,1,0,0,0
CUST102663,0,1,0,1,0,0,0,1,0,0,0,0,0,0
CUST100817,0,1,0,0,0,0,0,1,0,0,1,0,0,0
CUST103277,1,1,1,1,1,0,0,1,1,0,1,1,0,0
CUST101859,0,1,0,1,0,0,0,1,1,0,0,0,1,1
CUST100208,1,1,1,0,0,0,0,0,0,1,1,0,0,0
CUST100293,0,1,0,0,0,0,0,0,0,0,1,0,0,0
CUST101119,0,1,1,0,0,0,0,0,0,0,0,0,0,0
CUST102213,0,1,0,1,0,0,0,0,1,0,0,0,0,0
CUST101609,0,1,0,0,0,0,0,0,1,0,0,0,0,0
CUST101264,1,1,1,0,1,0,0,1,0,0,1,0,0,0
CUST100990,0,1,0,0,1,0,0,1,0,0,1,0,0,0
CUST104197,0,1,0,0,0,0,0,0,1,0,1,1,1,0
CUST101616,1,1,0,0,0,0,0,1,0,0,0,0,0,0
CUST100353,0,1,0,0,0,0,1,1,0,0,0,0,0,0
CUST104557,0,1,0,0,0,1,0,1,1,1,1,0,0,0
CUST102022,1,1,1,0,0,0,0,0,0,0,1,0,0,0
CUST103690,0,0,0,0,0,0,0,0,1,1,0,1,0,0
CUST102555,0,1,0,0,0,0,0,0,0,1,0,0,0,1
CUST103048,0,0,0,1,0,0,0,0,1,0,0,0,0,0
CUST101228,1,1,1,0,1,0,0,0,0,0,1,0,1,1
CUST100259,1,1,1,1,0,0,0,0,0,1,0,1,0,0
CUST101519,0,1,0,0,0,0,0,1,0,0,1,0,0,0
CUST101777,1,1,1,0,1,0,0,1,0,1,1,0,1,1
CUST104739,1,1,1,1,1,0,0,0,0,1,1,1,0,1
CUST101770,0,1,0,0,0,0,0,0,1,0,1,0,0,0
CUST104353,1,1,1,0,0,0,0,0,0,0,0,0,0,0
CUST100052,0,1,0,0,0,0,0,1,0,0,0,0,0,0
CUST103473,1,1,1,0,1,1,0,1,0,0,1,0,0,1
CUST104683,1,1,1,0,0,0,0,1,1,0,0,0,0,1
CUST104411,1,1,1,0,0,1,0,0,0,0,0,0,0,0
CUST102409,0,1,0,0,0,0,0,0,0,0,0,0,0,0
CUST102787,1,1,0,1,0,1,1,0,1,0,0,0,0,0
CUST102344,0,1,0,0,0,1,0,1,0,1,0,1,0,0
CUST101033,0,1,0,1,0,0,1,0,0,0,1,0,0,0
CUST101097,1,1,1,0,0,1,0,1,0,1,0,0,1,1
CUST100543,1,1,1,0,0,0,0,1,0,0,0,0,0,0
CUST101046,0,1,0,0,1,0,0,1,0,0,1,0,0,0
CUST101894,0,1,1,0,0,1,0,0,0,0,0,0,1,1
CUST104376,0,1,0,0,1,0,1,1,0,0,1,1,0,0
CUST100030,0,0,0,1,0,0,1,0,0,0,1,0,0,0
CUST100725,0,1,0,1,0,0,0,0,0,0,0,0,0,0
CUST104961,1,1,1,0,0,0,0,1,0,0,1,0,0,0
CUST104718,1,1,1,1,0,0,0,0,0,0,0,0,0,0
CUST103903,1,1,1,0,0,1,0,0,0,0,0,1,0,0
CUST101426,0,1,0,0,0,0,0,0,0,1,1,1,0,0
CUST102497,1,1,1,0,0,1,0,1,0,0,1,0,1,1
CUST100436,1,1,1,0,0,0,0,0,0,1,1,0,0,0
CUST102470,1,1,1,0,0,0,0,0,0,0,1,0,0,0
CUST100912,1,1,1,0,0,0,0,0,1,1,0,0,0,0
CUST104222,0,0,0,0,1,0,0,0,0,0,1,1,0,0
CUST104352,0,1,1,0,1,0,0,1,0,0,1,0,1,1
CUST104512,0,1,0,0,1,1,1,0,0,1,0,0,0,0
CUST104443,0,1,0,0,0,0,0,1,0,0,0,0,0,0
CUST102287,0,1,1,1,0,0,0,0,1,1,0,0,0,0
CUST104597,0,1,0,0,0,1,0,0,0,1,1,1,0,0
CUST101238,0,1,0,0,1,0,0,0,0,0,1,0,0,0
CUST100903,0,1,0,0,0,0,1,0,0,0,0,0,0,0
CUST103620,1,1,0,1,1,1,0,1,1,0,1,0,0,0
CUST103231,0,1,0,0,0,0,0,0,0,0,0,0,0,0
CUST102859,1,1,1,0,1,1,0,1,0,0,1,0,0,0
CUST100507,1,1,1,0,1,1,1,1,0,1,1,1,0,0
CUST103221,0,1,0,1,0,0,1,0,1,0,0,0,0,0
CUST100183,1,1,1,1,0,0,0,1,1,0,0,0,0,1
CUST101564,0,1,0,0,0,0,0,0,1,0,0,0,0,0
CUST102704,0,1,0,0,0,0,0,1,0,1,0,1,0,0
CUST100321,1,1,1,0,1,0,0,1,0,1,1,0,0,0
CUST103563,1,0,1,1,0,0,0,0,0,0,0,0,1,1
CUST101538,1,1,1,0,1,1,0,1,0,0,1,0,0,0
CUST101837,1,1,1,1,0,0,0,1,0,0,0,0,0,0
CUST102380,0,1,0,0,1,1,0,0,0,1,1,0,0,0
CUST101912,0,1,1,1,0,1,0,0,0,0,1,0,1,1
CUST101840,1,0,0,0,0,0,0,0,0,1,1,0,0,0
CUST102115,1,0,1,0,1,0,0,0,0,0,1,0,0,0
CUST104437,0,1,1,0,0,1,0,1,0,0,0,0,0,0
CUST101146,0,1,0,0,1,0,0,0,0,1,1,0,0,0
CUST102486,1,1,1,0,0,1,0,0,1,0,0,0,0,1
CUST100044,1,0,1,0,1,1,0,1,1,1,1,0,1,1
CUST102154,1,1,1,0,0,0,0,0,0,0,0,1,0,0
CUST101526,0,1,0,1,0,1,0,0,1,0,0,0,0,0
CUST104855,0,0,0,0,0,0,0,0,1,0,0,0,1,0
CUST101378,1,1,0,0,0,0,0,0,0,0,1,0,0,0
CUST101765,1,1,1,0,0,0,0,0,1,1,0,0,0,1
CUST103012,1,1,1,1,0,0,0,0,1,0,1,0,0,0
CUST100413,0,1,0,1,1,0,0,1,0,0,0,0,0,0
CUST104284,1,1,1,0,1,0,0,0,1,0,1,0,0,0
CUST101407,0,1,1,0,0,0,0,0,0,0,0,1,0,0
CUST101658,1,1,1,0,1,1,0,0,1,1,1,0,0,0
CUST100801,0,1,1,1,0,0,0,0,0,1,0,1,0,1
CUST101288,1,1,1,0,1,0,1,0,0,1,1,1,0,0
CUST102182,0,1,0,0,0,0,0,0,0,0,0,0,0,0
CUST102588,0,1,0,0,0,0,1,1,0,1,1,0,0,0
CUST102615,0,1,0,0,1,0,0,0,0,0,1,0,0,0
CUST102318,0,1,0,0,1,0,0,1,0,1,1,1,0,0
CUST100256,0,0,0,0,1,0,0,1,1,0,1,0,1,1
CUST104541,0,1,1,1,0,0,0,1,0,0,0,0,0,0
CUST101729,0,1,0,1,0,0,0,0,0,0,0,0,0,0
CUST101151,0,0,0,0,0,1,0,1,1,0,1,0,0,0
CUST104144,0,1,0,0,1,1,0,1,0,0,1,0,0,0
CUST100647,1,1,1,1,0,0,1,0,1,0,0,0,0,0
CUST102908,0,0,0,0,0,0,0,1,0,0,1,0,0,0
CUST101702,0,1,0,0,0,0,1,0,0,0,1,0,0,0
CUST101881,0,1,0,0,0,0,0,0,1,0,0,0,0,0
CUST103768,0,1,0,0,0,0,1,0,1,0,0,0,0,0
CUST101315,0,1,0,0,1,0,0,0,0,0,1,0,0,0
CUST102269,1,1,0,0,0,0,1,0,0,0,1,0,0,0
CUST101966,0,1,0,0,0,0,1,0,0,1,0,0,0,0
CUST102465,1,1,1,0,0,0,0,0,1,0,0,1,0,1
CUST103855,0,1,1,1,0,0,1,0,0,0,1,0,1,1
CUST101350,1,0,1,0,0,0,0,0,1,0,1,0,0,0
CUST103296,1,1,1,1,0,1,0,0,1,0,0,0,0,0
CUST100112,1,1,0,0,0,1,0,0,1,0,0,0,0,0
CUST103133,0,1,0,0,0,1,0,1,0,0,0,0,0,0
CUST100263,0,1,0,0,0,1,0,0,0,0,1,0,0,0
CUST101393,0,1,0,0,0,1,0,0,0,0,1,0,0,0
CUST101878,1,1,1,0,0,1,0,0,1,0,0,0,0,0
CUST101186,0,1,0,0,0,0,1,0,0,0,0,0,0,0
CUST103071,0,1,1,0,0,1,0,0,0,1,0,1,1,1
CUST100056,0,1,0,0,0,1,1,1,1,1,0,1,0,0
CUST101309,0,1,0,1,0,0,0,0,0,0,0,0,1,1
CUST100695,0,1,0,0,0,1,0,0,0,1,0,1,0,0
CUST102952,0,1,0,0,1,0,0,1,1,1,1,0,0,0
CUST101726,0,0,1,0,0,0,0,1,0,1,0,1,0,1
CUST102091,1,1,1,0,1,1,0,0,1,0,1,0,0,0
CUST103869,0,1,0,0,0,0,0,1,0,0,1,1,0,0
CUST100319,0,1,0,0,0,0,0,1,0,0,0,0,1,0
CUST104320,1,1,1,1,0,0,0,1,1,0,0,1,0,0
CUST100682,0,1,0,0,0,0,1,1,1,1,0,1,0,1
CUST103841,1,1,1,0,1,0,0,0,1,0,1,0,0,1
CUST103213,0,1,0,0,1,0,0,1,0,0,1,0,0,0
CUST102002,0,1,0,1,0,0,1,1,0,0,1,0,0,0
CUST104782,0,1,0,0,0,1,1,1,1,0,0,0,0,0
CUST104150,0,1,0,1,0,0,0,1,0,1,1,0,0,1
CUST100286,1,1,1,0,0,0,0,1,1,0,1,0,0,0
CUST101888,1,1,1,0,0,0,1,0,0,0,1,0,1,1
CUST102337,0,1,0,0,0,1,0,0,0,0,0,0,0,0
CUST102520,0,1,0,1,0,0,0,0,1,1,0,0,0,0
CUST102277,0,0,0,0,1,0,0,1,0,0,1,0,0,0
CUST102127,0,1,0,0,1,1,0,0,0,0,1,0,0,0
CUST103499,0,1,0,0,0,0,0,0,0,1,0,1,0,0
CUST104211,1,0,1,0,0,1,0,1,0,1,0,0,0,0
CUST102083,0,1,1,0,0,0,0,0,0,0,0,0,1,1
CUST100736,0,1,0,0,1,0,0,0,0,0,1,0,0,0
CUST104801,1,1,0,0,0,0,0,0,0,1,0,0,0,0
CUST100336,0,1,1,0,1,1,0,0,1,1,1,0,0,1
CUST102596,0,1,0,1,1,0,1,1,1,0,1,1,0,0
CUST102771,1,1,1,1,1,1,0,0,0,0,1,0,1,1
CUST103704,1,1,1,0,1,1,0,1,0,1,1,1,1,1
CUST104404,0,1,0,0,0,0,1,0,0,0,0,0,0,0
CUST101071,1,1,1,0,0,0,0,0,1,1,0,1,0,0
CUST102290,1,1,1,0,0,0,0,0,0,0,0,0,0,0
CUST101672,0,1,0,0,0,0,0,0,0,0,0,1,0,0
CUST104083,0,1,0,0,0,0,0,1,0,0,1,0,0,0
CUST104250,0,1,0,0,0,0,0,0,0,0,1,0,0,0
CUST104113,1,1,0,0,0,0,0,0,0,0,0,0,0,0
CUST104408,0,1,0,0,0,1,0,1,0,0,1,0,0,1
CUST103366,1,1,1,0,0,0,1,0,1,0,0,0,0,1
CUST101488,1,1,1,1,0,1,0,0,0,0,0,0,0,0
CUST100498,1,1,1,0,0,1,1,1,1,0,0,0,0,1
CUST104382,1,1,1,0,0,0,1,0,1,1,0,1,1,1
CUST103479,0,0,0,0,0,0,0,1,0,0,1,0,1,1
CUST102581,0,1,0,1,0,0,0,0,0,0,1,0,0,0
CUST103123,1,1,0,0,1,0,0,1,0,0,1,1,0,0
CUST102921,0,1,0,0,0,0,0,1,1,1,0,0,1,0
CUST104377,1,1,0,0,1,0,0,1,0,1,1,1,0,0
CUST102644,0,0,0,0,0,1,0,1,1,0,0,0,0,0
CUST104286,0,1,0,0,0,0,0,0,0,0,1,1,0,0
CUST104040,1,1,0,0,0,0,0,0,1,1,0,0,0,1
CUST102034,0,1,0,0,0,0,0,0,0,0,0,0,0,0
CUST101022,1,1,1,0,0,1,0,1,1,0,0,0,0,1
CUST102282,0,1,1,0,0,0,0,0,0,0,1,0,0,0
CUST104886,0,1,0,0,0,0,0,1,1,1,0,0,0,0
CUST104219,1,1,1,0,0,0,0,1,0,0,0,1,1,1
CUST103063,1,1,0,0,0,1,0,0,0,0,0,0,0,0
CUST104365,0,1,0,0,0,0,0,0,0,0,1,0,0,0
CUST100665,0,1,0,0,0,0,0,0,1,0,0,0,0,0
CUST103932,0,1,0,1,0,0,0,1,0,0,0,0,0,0
CUST102638,0,1,0,0,0,0,0,0,1,0,1,0,1,0
CUST103176,1,1,1,1,1,0,0,0,0,0,1,0,1,1
CUST104265,0,1,0,0,1,1,0,1,0,0,1,0,0,0
CUST103121,0,1,1,0,1,0,0,1,0,1,1,1,1,1
CUST101017,0,1,0,0,0,0,0,0,1,0,0,0,1,1
CUST100557,1,1,1,0,1,0,0,0,0,0,1,0,0,0
CUST102399,0,1,0,0,0,0,0,1,0,0,1,0,1,1
CUST101207,0,1,0,0,0,1,0,1,0,0,1,0,1,1
CUST102005,1,1,1,0,0,0,0,1,0,0,1,0,0,0
CUST102656,1,1,1,1,1,1,0,1,0,0,1,0,1,1
CUST102135,0,1,0,0,0,0,0,1,1,0,1,0,0,0
CUST101510,0,1,0,0,0,0,0,1,0,1,0,1,0,0
CUST101736,1,1,1,0,1,0,0,0,0,0,1,0,0,0
CUST100245,0,1,1,0,0,0,1,0,0,1,0,0,1,1
CUST101163,0,1,0,0,0,0,0,1,0,0,1,0,0,0
CUST103362,1,0,1,0,0,0,0,0,0,0,0,0,1,1
CUST100266,0,1,0,0,1,0,0,1,0,1,1,1,0,0
CUST102366,0,1,0,0,0,0,0,0,0,0,1,0,0,0
CUST101114,0,1,0,0,0,0,0,1,1,0,0,1,0,0
CUST100063,0,1,1,0,0,0,0,0,0,0,0,0,0,0
CUST102592,0,1,1,0,0,0,0,0,1,0,0,0,0,0
CUST102788,1,0,0,0,0,0,0,0,1,0,0,0,0,0
CUST102757,1,1,1,1,0,0,0,0,0,0,0,0,0,0
CUST103011,0,1,0,0,1,0,0,0,1,0,1,0,0,0
CUST103076,0,1,0,0,0,1,0,0,0,1,1,0,0,0
CUST102998,1,1,1,1,1,0,0,0,0,0,1,1,0,1
CUST102815,1,1,0,0,0,1,0,0,0,0,0,0,0,0
CUST102259,0,1,0,0,0,0,0,1,0,0,1,0,0,0
CUST104958,0,1,0,0,0,0,0,0,1,0,1,0,0,0
CUST103204,0,1,0,1,0,0,1,1,1,0,0,0,0,0
CUST101237,0,1,0,0,0,0,1,0,0,0,1,0,0,0
CUST100103,0,1,1,0,0,0,0,0,1,0,1,0,0,0
CUST102643,1,1,0,1,0,0,0,0,1,1,0,0,0,0
CUST100272,0,1,0,0,1,1,0,1,1,0,1,0,0,0
CUST100508,0,1,0,0,0,0,0,1,0,1,1,1,0,0
CUST102226,1,1,0,0,1,0,0,1,0,0,1,0,1,1
CUST104933,1,1,1,0,0,0,0,0,1,0,0,1,1,1
CUST102441,0,0,0,1,0,0,0,0,0,0,0,1,0,0
CUST100865,1,1,0,1,0,0,0,0,1,0,1,0,0,0
CUST103326,1,1,1,0,1,0,0,0,1,0,1,1,0,0
CUST100908,0,1,0,1,0,0,1,0,0,0,0,0,0,0
CUST102114,1,1,0,1,0,0,0,0,1,1,0,0,0,1
CUST103896,0,1,0,1,1,0,0,0,1,0,0,0,0,0
CUST101627,0,1,0,0,1,1,0,0,0,0,0,0,0,0
CUST102873,0,0,0,0,0,0,0,0,0,0,0,0,0,0
CUST101522,1,1,0,0,0,0,0,1,1,0,0,1,0,0
CUST100835,1,1,1,0,0,1,0,0,0,0,0,0,0,0
CUST100358,1,0,1,1,0,0,0,0,1,0,0,0,0,1
CUST100138,0,1,1,0,0,0,0,1,0,0,1,0,1,1
CUST100299,0,1,0,0,0,0,0,1,0,0,0,0,0,0
CUST101556,0,1,1,0,1,1,0,1,1,1,1,0,0,0
CUST101003,1,1,1,1,0,0,1,0,1,0,1,0,0,0
CUST100382,0,1,0,0,0,0,0,1,1,0,0,0,0,0
CUST100941,1,1,1,1,0,1,0,0,0,1,0,1,0,0
CUST104446,0,1,0,1,0,0,0,1,0,0,0,0,1,1
CUST104854,0,1,0,0,0,0,0,1,1,0,1,0,0,0
CUST100761,0,1,0,0,0,0,0,0,1,0,0,0,0,0
CUST101705,0,1,0,0,0,0,0,1,0,1,1,0,0,0
CUST101873,0,1,1,0,1,1,1,0,0,1,1,1,1,1
CUST102550,1,0,0,0,0,1,0,0,1,0,0,0,0,1
CUST102086,1,1,0,0,1,0,0,1,1,0,1,0,0,0
CUST102197,1,1,1,0,1,1,0,1,1,1,1,0,0,1
CUST100898,1,1,1,0,0,0,0,1,1,0,0,0,0,1
CUST103999,0,1,0,0,1,1,0,1,1,1,1,1,1,1
CUST103615,0,1,1,0,0,0,0,0,0,0,0,0,0,0
CUST101402,0,1,1,0,0,0,0,0,0,0,0,0,1,1
CUST103873,0,1,0,1,0,0,1,0,0,0,0,1,0,0
CUST103785,1,1,1,0,1,0,0,1,0,0,1,0,0,0
CUST104386,0,1,0,0,0,0,1,0,0,0,1,0,0,0
CUST102955,0,1,0,0,0,0,0,0,0,0,0,0,0,0
CUST101512,0,1,0,0,1,1,0,1,0,1,1,1,0,0
CUST101188,0,1,1,0,0,1,0,1,1,0,1,1,0,0
CUST102989,0,1,0,0,0,0,0,0,1,1,1,0,0,0
CUST102080,0,1,0,0,0,0,0,0,0,0,0,1,0,0
CUST104983,1,1,1,0,0,0,0,0,1,1,0,1,0,0
CUST103437,0,1,0,0,1,1,1,1,0,1,1,0,0,0
CUST100108,1,1,0,0,1,0,0,0,1,0,1,0,0,0
CUST104698,1,1,1,1,0,0,0,1,1,0,1,0,0,1
CUST102827,0,0,0,0,0,0,1,0,0,1,1,0,0,0
CUST104747,1,1,1,0,1,0,1,1,0,1,1,0,0,0
CUST100058,0,1,0,0,1,1,1,1,1,1,1,1,1,0
CUST100076,0,1,0,0,0,0,0,0,0,0,0,0,0,0
CUST100796,0,1,0,1,0,0,0,0,1,0,0,0,0,0
CUST100368,0,1,0,1,0,1,0,1,0,1,1,1,0,0
CUST104905,1,1,0,0,0,1,1,1,0,1,1,1,0,0
CUST100785,0,1,0,0,0,0,1,1,0,1,1,0,1,1
CUST102088,1,1,0,1,0,0,0,1,0,0,0,0,0,0
CUST102314,0,1,0,0,1,0,0,0,0,0,1,0,0,0
CUST103384,0,1,0,0,0,0,0,0,1,0,0,0,0,0
CUST103605,0,1,0,1,0,1,1,0,0,0,0,0,0,0
CUST104111,0,1,0,0,0,0,0,1,1,0,0,0,1,0
CUST101902,0,0,0,0,0,0,1,1,0,0,1,0,0,0
CUST101703,0,1,0,1,1,0,1,0,1,0,1,0,0,0
CUST100121,0,1,0,0,1,0,0,0,0,1,1,0,0,0
CUST101844,0,1,0,0,0,0,0,0,1,0,1,0,0,0
CUST102369,0,1,0,0,0,1,0,1,1,1,1,1,1,0
CUST103728,1,1,1,0,1,0,0,1,0,1,1,0,0,1
CUST100910,0,1,0,0,0,0,0,0,1,0,1,0,0,0
CUST100124,0,1,0,1,0,0,1,0,0,0,0,0,0,0
CUST102572,1,1,1,1,1,0,0,1,0,1,1,0,0,1
CUST101586,1,1,1,0,0,1,0,0,0,0,0,0,0,0
CUST101257,0,1,0,0,1,1,0,1,1,0,1,0,0,0
CUST103441,1,1,1,0,1,0,1,0,1,0,1,0,0,0
CUST103480,0,1,0,0,0,0,0,0,0,1,0,1,0,0
CUST104108,0,1,0,0,0,0,0,1,1,0,0,0,0,0
CUST101178,1,1,1,0,0,0,0,0,1,0,1,0,1,1
CUST103463,1,1,1,1,1,0,1,1,0,1,0,1,1,0
CUST103469,0,1,1,0,1,1,1,1,1,1,1,0,0,0
CUST103467,1,1,0,0,0,0,0,0,1,0,1,0,0,0
CUST102103,0,1,0,0,0,0,1,0,0,0,0,0,0,0
CUST100442,1,1,1,0,0,1,0,1,0,0,1,0,0,1
CUST102227,1,1,1,1,0,0,1,0,1,1,0,1,0,1
CUST104416,0,1,1,0,0,0,0,0,0,1,0,0,0,1
CUST100925,1,1,1,0,0,0,0,1,0,0,1,0,0,0
CUST104020,0,1,0,0,0,0,0,1,0,0,0,0,0,0
CUST102145,1,1,0,0,0,1,0,0,0,0,0,0,0,0
CUST104770,0,1,0,0,1,1,0,1,1,0,1,0,0,0
CUST101411,0,1,1,0,1,1,0,0,0,0,1,0,1,1
CUST103466,0,1,0,0,0,0,0,1,0,1,1,0,0,1
CUST102072,0,1,0,0,0,0,0,0,0,0,0,0,0,0
CUST101509,0,1,1,0,1,0,0,0,1,1,1,1,1,1
CUST101227,0,1,1,1,1,1,1,0,1,1,1,0,1,1
CUST104072,1,1,0,0,1,0,0,0,0,1,1,1,0,0
CUST102585,0,1,0,0,1,0,0,1,0,0,1,0,0,0
CUST104450,1,1,1,0,0,0,0,0,1,0,0,0,1,1
CUST102951,0,1,1,1,1,1,0,1,0,1,1,0,1,1
CUST103885,0,1,0,1,0,0,0,0,0,0,0,0,0,0
CUST100324,1,0,1,1,0,1,0,0,0,0,1,0,0,1
CUST103977,0,1,0,0,0,0,0,1,0,1,0,1,1,0
CUST103576,0,1,0,0,0,0,0,0,1,0,0,0,1,0
CUST102211,0,1,0,0,0,0,0,0,0,0,0,0,0,0
CUST103298,0,1,1,0,1,0,0,1,0,0,1,0,0,1
CUST103035,1,1,1,1,0,1,0,1,0,0,1,0,1,1
CUST101498,1,1,1,1,1,0,0,0,1,0,1,0,1,1
CUST101502,0,1,0,1,0,0,1,1,0,0,0,0,0,0
CUST101006,1,1,1,1,1,1,0,0,0,1,1,1,0,0
CUST104179,0,1,0,0,1,0,0,1,0,0,1,0,1,1
CUST103013,0,1,0,1,0,0,0,1,1,0,0,0,0,0
CUST103516,1,1,1,0,0,0,1,0,0,1,0,0,0,0
CUST101467,1,1,1,1,0,0,0,0,0,1,0,1,0,0
CUST101225,1,1,1,0,1,0,0,0,1,1,1,1,0,0
CUST103167,1,1,1,0,0,1,0,0,0,0,1,0,0,0
CUST102267,0,1,0,1,0,0,0,0,0,1,0,1,0,0
CUST103808,0,1,0,0,0,0,0,0,0,0,1,0,0,0
CUST101216,1,1,1,0,0,0,0,0,1,1,1,0,0,0
CUST103976,0,1,0,1,0,0,0,1,0,0,1,0,1,1
CUST104584,0,1,1,1,0,0,0,1,0,0,1,0,0,0
CUST100420,0,1,0,1,0,0,0,0,1,1,0,0,0,0
CUST103422,0,1,0,0,0,0,0,1,0,1,1,1,1,0
CUST100006,1,1,1,0,0,1,0,1,1,0,0,0,0,0
CUST100932,0,1,0,0,0,0,0,0,1,1,0,1,0,0
CUST101691,0,1,0,1,0,0,0,0,1,0,0,0,0,1
CUST100439,1,1,1,1,0,0,0,1,0,0,0,0,0,1
CUST101313,0,1,0,0,0,0,0,0,0,0,1,0,0,0
CUST100678,1,1,1,0,0,0,0,0,1,0,0,0,0,0
CUST101943,0,1,0,1,0,0,1,1,0,0,0,0,0,0
CUST104610,0,1,0,0,1,1,1,1,0,1,0,1,0,0
CUST103303,0,1,0,0,0,0,0,1,0,0,1,0,0,0
CUST102268,0,1,0,1,0,0,0,0,1,0,0,0,0,0
CUST104633,0,1,1,0,0,1,0,1,1,0,1,0,1,1
CUST104080,0,1,0,0,1,1,0,0,0,1,1,1,1,1
CUST102518,1,1,1,0,0,1,0,1,1,0,0,0,1,1
CUST102439,0,1,0,0,0,1,0,1,1,0,0,0,0,0
CUST104037,0,1,0,0,0,0,1,0,1,0,1,0,0,0
CUST101893,0,0,0,0,1,1,1,1,0,1,1,0,0,0
CUST104244,0,1,0,1,0,0,0,1,0,0,0,0,0,0
CUST104829,1,1,1,0,0,0,0,0,1,0,0,0,0,0
CUST102640,1,1,1,0,0,0,0,0,0,0,0,0,0,1
CUST100194,0,1,0,0,0,1,0,0,1,0,0,0,1,1
CUST101474,1,1,1,0,1,0,0,0,1,0,1,0,0,0
CUST104616,1,1,0,0,1,0,0,0,1,1,1,1,0,0
CUST101211,0,1,0,1,1,1,1,1,0,1,0,1,0,0
CUST102438,0,1,0,0,0,1,0,0,0,0,0,0,0,0
CUST101657,0,1,0,0,0,1,0,1,0,1,1,0,1,1
CUST102700,1,1,1,0,0,0,0,0,1,0,1,0,0,0
CUST103082,0,0,0,0,0,0,0,0,0,0,0,0,0,0
CUST102705,0,1,0,0,0,0,0,0,0,0,0,0,0,0
CUST104226,0,1,1,0,1,0,0,0,1,1,1,0,0,0
CUST102842,0,1,0,0,0,1,0,0,0,1,1,0,1,0
CUST102302,0,1,0,1,0,0,0,1,1,0,1,0,0,0
CUST101130,0,1,0,0,0,0,1,1,0,1,0,1,1,0
CUST101461,1,1,0,0,1,0,0,0,1,1,1,1,0,0
CUST100276,0,1,1,0,1,0,0,1,1,1,1,0,0,0
CUST102222,1,0,1,0,0,0,1,0,1,0,0,0,0,1
CUST102331,1,1,0,1,0,0,0,1,0,1,0,0,0,0
CUST104322,1,1,1,0,1,0,0,0,1,0,1,0,0,0
CUST101302,1,0,1,0,0,0,0,1,0,0,1,0,1,1
CUST102517,1,1,1,0,1,0,0,1,0,0,1,0,0,0
CUST100222,0,1,1,0,0,0,0,1,0,0,0,0,0,1
CUST102036,1,1,0,0,0,1,0,0,1,0,0,0,0,0
CUST101924,0,1,0,0,1,1,0,0,1,0,1,0,0,0
CUST100573,0,1,1,0,0,0,0,0,0,0,1,0,1,1
CUST101236,1,1,1,0,0,0,0,0,0,1,0,1,0,0
CUST103544,1,1,1,0,0,1,1,1,0,1,0,1,0,0
CUST102133,1,1,1,0,1,0,0,0,0,0,1,0,1,1
CUST101334,1,1,1,0,1,1,0,0,0,0,1,0,1,1
CUST102457,1,1,1,0,1,0,0,0,0,1,1,1,1,1
CUST100418,1,1,0,0,0,0,0,0,1,1,0,1,0,0
CUST104914,0,1,1,0,0,1,0,0,0,0,0,0,1,1
CUST101104,0,1,1,0,0,0,0,1,0,1,0,1,1,1
CUST100257,0,1,0,1,1,0,0,1,1,0,1,0,0,0
CUST100295,0,1,0,0,0,0,0,0,1,0,0,0,0,0
CUST102361,1,0,1,1,1,0,0,0,1,0,1,0,0,0
CUST100386,0,1,0,1,0,0,0,1,1,0,0,0,0,0
CUST103308,1,1,1,0,0,1,0,0,1,1,0,1,1,1
CUST104013,0,1,0,1,0,0,0,1,0,1,0,0,0,0
CUST102231,1,1,0,1,1,1,0,0,0,0,1,0,0,0
CUST102554,1,1,1,0,0,0,0,0,1,1,0,0,1,1
CUST104335,1,1,1,0,0,0,0,0,1,0,0,0,0,0
CUST103515,1,1,1,0,0,0,0,0,0,0,1,0,0,1
CUST101839,1,1,0,1,0,0,1,1,1,0,0,0,0,0
CUST104384,1,1,1,0,0,0,0,1,0,0,0,0,0,0
CUST101563,0,1,0,0,1,1,1,1,0,0,1,0,1,1
CUST102015,0,1,1,1,1,1,0,1,0,1,1,1,1,1
CUST101400,1,0,1,0,0,0,0,1,0,0,0,0,0,0
CUST100712,0,0,0,0,0,1,0,0,0,0,0,0,1,0
CUST102420,0,1,0,0,0,0,0,1,0,0,0,0,0,0
CUST102619,1,1,1,0,0,0,0,0,0,1,0,0,0,0
CUST100209,1,0,1,0,0,0,0,0,1,0,1,0,0,1
CUST104944,1,1,1,0,0,0,0,1,0,1,0,0,1,1
CUST101289,0,1,0,0,1,0,0,1,1,1,0,0,1,1
CUST100449,1,1,0,0,0,0,0,0,1,0,0,0,0,0
CUST104091,1,1,0,0,0,0,0,1,1,0,0,0,0,0
CUST102569,1,1,1,0,0,0,0,1,1,0,0,0,1,1
CUST101820,0,1,0,0,0,0,0,0,0,1,1,0,0,0
CUST100958,0,1,0,0,0,0,0,0,0,1,1,1,0,0
CUST101793,1,1,1,0,0,0,1,0,0,0,0,0,1,1
CUST104786,1,1,1,0,0,0,0,0,1,0,1,0,1,1
CUST100654,0,1,0,0,0,0,1,0,1,0,0,0,1,1
CUST102407,1,1,0,0,1,1,0,0,1,0,1,0,1,0
CUST103852,1,1,1,0,0,0,0,0,1,1,1,1,0,0
CUST101995,1,1,1,0,1,0,0,1,0,0,1,0,0,0
CUST101760,1,1,0,0,0,1,0,0,0,0,0,0,0,0
CUST102354,0,1,0,0,0,0,0,1,0,0,0,0,0,0
CUST102741,1,1,1,0,0,1,0,0,0,0,0,0,1,1
CUST102617,1,1,0,0,0,0,0,0,1,1,1,0,0,0
CUST100411,1,1,0,0,0,0,0,0,0,0,0,1,0,0
CUST101774,0,1,1,0,1,1,0,1,1,1,1,1,0,1
CUST103978,1,1,1,0,0,0,0,0,0,0,0,0,0,1
CUST102186,1,1,1,0,1,0,0,0,0,0,1,0,0,0
CUST102379,0,1,1,0,0,0,0,0,1,0,0,0,1,1
CUST103963,0,1,0,1,0,0,1,0,1,0,0,0,0,0
CUST104311,0,0,0,0,0,0,0,0,1,1,0,0,0,0
CUST104774,0,1,1,0,1,0,1,0,0,0,1,0,1,1
CUST103702,0,1,0,0,0,0,0,0,1,1,0,1,0,0
CUST103972,0,1,0,0,0,0,1,0,0,0,0,0,0,0
CUST104765,1,1,0,0,0,1,0,1,1,0,0,0,0,0
CUST103558,0,1,0,0,1,0,0,1,0,1,1,1,0,0
CUST104110,1,1,1,1,0,0,0,0,1,1,1,0,0,0
CUST103497,0,1,0,0,0,1,0,1,0,0,0,0,0,0
CUST103765,0,1,1,0,0,1,0,0,1,0,1,0,0,0
CUST100430,0,1,1,0,1,0,1,0,1,0,1,0,0,0
CUST104484,1,1,1,1,0,1,0,0,0,0,0,0,0,0
CUST102321,0,1,0,1,0,0,0,0,0,0,1,0,0,0
CUST101366,1,1,1,0,0,0,0,0,0,0,0,0,0,0
CUST101992,0,0,0,0,0,0,1,0,0,0,0,0,1,0
CUST102851,1,1,0,0,0,0,0,1,0,0,0,0,1,0
CUST101176,1,1,0,0,0,0,0,0,0,0,0,1,0,0
CUST103528,0,1,0,0,0,0,1,0,1,1,0,0,0,0
CUST101476,0,1,1,0,0,1,0,1,0,1,1,0,0,0
CUST103740,1,1,1,0,0,0,0,1,1,0,0,0,1,1
CUST102045,0,1,0,1,1,0,0,1,0,1,1,1,0,0
CUST100102,1,1,1,0,1,0,0,1,0,0,1,1,1,0
CUST104331,0,0,0,0,0,0,0,0,0,0,0,0,0,0
CUST102992,0,1,1,0,1,0,1,0,0,1,1,1,1,1
CUST101263,0,1,0,0,0,0,0,1,0,1,0,1,0,0
CUST102881,0,1,0,0,0,0,1,0,1,0,1,0,1,1
CUST103138,1,1,0,0,1,1,0,0,0,0,1,1,0,0
CUST103622,1,1,1,0,0,0,0,0,1,0,1,0,0,0
CUST103203,1,1,1,1,0,0,0,0,0,0,0,0,1,1
CUST104278,0,1,0,0,0,0,0,0,0,0,1,0,0,0
CUST103299,0,1,0,0,0,0,0,0,1,0,0,0,0,1
CUST104993,0,1,1,0,0,0,0,0,0,1,1,0,0,0
CUST103633,1,1,1,1,0,1,0,1,0,0,1,0,1,1
CUST101643,1,1,0,0,0,1,0,0,0,0,1,0,0,0
CUST104505,0,1,0,0,0,0,0,0,0,0,0,0,0,0
CUST100000,1,1,1,0,0,0,0,0,0,0,0,0,0,0
CUST101580,0,1,0,0,1,0,0,1,0,1,1,0,0,0
CUST104422,1,1,0,0,0,0,0,0,1,0,0,0,0,0
CUST104116,0,1,0,1,0,0,0,0,0,0,0,0,0,0
CUST101356,1,1,0,0,0,0,0,0,0,0,0,0,0,0
CUST104201,0,1,0,0,1,0,0,0,1,0,1,0,0,0
CUST104574,0,1,0,1,0,1,0,0,0,0,1,0,0,0
CUST103733,1,1,1,0,0,1,0,0,0,0,0,0,0,0
CUST102025,0,1,0,0,0,0,1,0,0,0,0,0,0,0
CUST102218,0,1,1,0,1,0,1,1,0,1,1,0,0,0
CUST100396,1,1,1,1,0,0,0,0,0,0,0,0,0,0
CUST104941,1,1,1,0,1,1,0,1,1,1,0,0,0,0
CUST101064,1,1,0,1,0,0,0,0,0,0,1,0,0,0
CUST103080,0,1,1,0,0,0,0,0,0,0,1,0,0,1
CUST102153,1,1,1,1,0,1,0,1,0,0,1,0,0,0
CUST100818,0,1,0,1,0,1,0,0,0,1,1,1,0,0
CUST101812,1,1,1,0,1,0,0,1,1,0,1,0,0,1
CUST102552,0,1,0,0,1,0,0,0,0,1,1,0,0,0
CUST101552,0,1,0,0,1,0,0,0,0,1,1,1,0,0
CUST104047,1,0,1,0,0,0,0,0,1,1,1,0,0,0
CUST100816,0,1,0,0,0,0,0,0,0,0,0,0,0,0
CUST101572,0,0,0,1,0,0,1,1,0,1,1,0,0,0
CUST104552,1,1,1,0,0,1,0,0,1,1,1,0,0,0
CUST101800,0,1,0,0,1,0,0,0,0,1,1,0,0,0
CUST104287,0,1,0,0,0,0,1,0,0,1,1,1,0,0
CUST100381,1,1,1,0,0,0,0,0,1,0,0,0,0,0
CUST102874,1,1,1,0,0,0,0,0,1,1,0,0,0,0
CUST104347,0,1,0,0,1,0,1,1,0,1,1,1,0,0
CUST104626,0,1,0,0,1,0,1,1,0,1,1,1,0,0
CUST103503,0,1,0,1,0,0,0,1,0,0,1,0,0,0
CUST102311,1,1,1,1,0,1,1,0,0,0,1,0,1,1
CUST101780,0,1,0,0,0,0,0,1,0,1,1,0,0,0
CUST102726,1,1,0,1,0,0,0,0,0,0,0,0,0,0
CUST102437,1,1,0,0,0,0,0,0,1,0,1,0,0,0
CUST102333,1,1,0,1,0,0,0,0,1,0,0,0,0,0
CUST100864,0,1,1,0,0,0,0,0,0,1,1,1,0,1
CUST103638,1,1,0,1,0,0,0,1,0,0,0,0,0,0
CUST103164,0,1,1,1,1,1,0,0,0,0,0,0,0,1
CUST100554,0,1,0,1,0,0,0,0,0,0,1,0,0,0
CUST101159,0,1,0,0,0,0,0,0,0,0,1,0,0,0
CUST101213,1,1,1,0,0,0,0,0,0,0,0,1,0,0
CUST103760,0,1,0,0,0,0,0,0,1,0,0,0,0,0
CUST104213,0,1,0,0,0,0,0,0,0,0,0,0,0,0
CUST100048,0,1,0,0,0,0,0,0,0,1,0,1,0,0
CUST102367,1,1,0,0,0,0,0,0,0,1,1,0,1,0
CUST100700,0,1,0,0,0,0,0,0,1,0,1,0,0,0
CUST100652,0,1,1,1,0,0,0,0,1,0,0,0,0,1
CUST103933,0,0,1,0,1,0,0,0,0,0,1,0,1,1
CUST104409,1,1,1,1,1,0,0,1,0,1,1,1,0,0
CUST103311,0,1,0,0,0,1,0,0,0,0,1,0,1,1
CUST100748,1,1,1,0,0,0,0,0,0,1,0,0,1,1
CUST101455,1,1,0,0,0,1,0,0,0,0,0,0,0,0
CUST104195,0,0,0,1,0,1,0,0,0,1,0,1,1,1
CUST102389,0,1,0,1,0,1,0,1,0,0,0,0,1,0
CUST103494,0,0,0,0,0,0,0,1,0,0,1,0,0,0
CUST100866,1,1,1,1,0,1,1,0,0,0,0,0,0,1
CUST100752,0,1,1,1,0,0,0,1,0,0,1,0,1,1
CUST101644,0,1,0,0,1,0,0,1,0,0,1,0,1,1
CUST100092,1,1,1,1,0,0,0,0,0,0,0,0,0,0
CUST104824,1,1,1,0,0,0,0,1,0,1,1,1,0,1
CUST103101,0,1,1,0,0,1,0,1,1,1,0,0,0,0
CUST102432,0,1,0,0,1,0,1,1,0,0,1,0,0,0
CUST102629,1,1,1,0,0,0,0,0,0,0,0,0,0,0
CUST101490,0,0,0,0,0,0,0,0,1,0,0,0,0,0
CUST102895,1,1,1,0,0,0,0,0,1,0,0,0,0,0
CUST102177,0,1,0,0,0,0,0,0,0,0,0,0,1,1
CUST100729,1,1,0,1,0,0,0,0,0,0,1,0,0,0
CUST104759,0,1,0,0,1,1,1,0,0,0,1,0,0,0
CUST102471,0,1,0,1,0,0,0,1,0,1,0,1,0,0
CUST102242,0,1,1,1,0,1,0,1,0,1,0,1,0,1
CUST101936,1,1,0,1,0,0,0,1,0,0,1,0,0,1
CUST101745,1,1,0,0,1,1,0,1,0,0,1,0,0,0
CUST104746,1,1,0,0,0,0,0,0,1,1,1,0,0,0
CUST104373,0,1,1,1,0,0,0,1,0,0,0,0,1,1
CUST103491,0,1,0,0,1,0,0,0,0,1,1,0,0,0
CUST101110,1,1,0,0,0,0,0,0,0,0,0,0,0,0
CUST103337,0,1,0,0,1,0,0,0,0,1,0,1,0,0
CUST104032,0,1,0,1,0,0,1,0,1,1,1,0,0,0
CUST104471,0,0,0,0,0,0,0,0,1,1,0,0,0,0
CUST104157,1,1,1,0,1,1,0,0,0,0,1,1,0,1
CUST100346,1,1,1,0,1,0,0,0,0,0,0,0,0,1
CUST101185,1,1,1,0,0,0,1,0,1,1,0,1,0,0
CUST104006,0,1,0,0,1,0,0,0,1,0,1,0,0,0
CUST101515,0,1,0,1,0,1,0,0,0,0,1,0,0,0
CUST104669,0,1,1,1,1,0,0,0,1,1,1,0,0,0
CUST100578,1,1,1,0,0,0,0,1,0,1,0,1,0,1
CUST101964,0,1,0,0,0,0,1,0,1,0,1,0,0,0
CUST100075,0,1,1,1,1,0,0,1,1,0,1,1,0,1
CUST101429,1,1,0,0,0,1,0,0,0,0,1,1,0,0
CUST103712,0,1,0,0,1,1,0,0,0,0,0,0,0,0
CUST104430,0,1,1,1,1,1,0,0,0,0,1,0,0,0
CUST102751,0,1,0,0,0,0,0,0,0,1,0,0,0,1
CUST104952,1,1,0,0,1,1,1,0,0,0,1,0,0,0
CUST101846,1,1,1,1,0,0,0,0,0,1,1,0,0,1
CUST100131,0,1,0,0,1,1,0,1,0,0,1,0,0,0
CUST100178,0,1,0,0,1,0,1,0,0,0,1,0,0,0
CUST102899,0,1,0,0,0,0,0,0,0,0,1,0,0,0
CUST104466,0,1,1,1,1,0,0,0,0,1,1,1,0,0
CUST104194,0,1,0,1,0,0,1,1,0,0,1,0,0,0
CUST102522,0,0,0,0,0,0,0,1,0,0,0,0,0,0
CUST101842,1,1,1,1,0,0,0,0,0,0,0,0,0,1
CUST102098,0,1,1,0,0,0,0,1,0,0,0,0,1,1
CUST103949,1,1,1,0,1,1,0,1,1,0,1,0,1,1
CUST102373,0,1,0,0,0,0,0,1,0,0,1,0,1,0
CUST100604,0,1,0,0,0,1,0,0,1,0,0,0,0,0
CUST102627,0,1,0,1,1,0,0,1,0,1,1,0,0,0
CUST100025,0,1,1,0,1,0,0,1,0,1,1,0,0,0
CUST100658,0,1,0,0,0,0,0,0,0,0,1,0,0,0
CUST104977,1,1,1,0,0,0,0,1,1,0,0,0,0,1
CUST103317,0,0,0,0,0,0,0,0,1,0,0,0,0,0
CUST103868,0,1,0,1,0,0,0,1,0,1,1,1,0,0
CUST100173,1,1,0,1,0,1,0,1,0,1,0,1,0,1
CUST101611,1,1,1,0,0,1,0,0,1,0,0,0,1,1
CUST100437,1,1,1,0,1,1,0,0,0,1,1,0,1,1
CUST100331,1,1,0,0,0,0,0,0,1,0,0,0,0,0
CUST103100,0,1,0,1,0,1,0,1,1,0,1,0,0,0
CUST101454,0,1,1,1,0,0,0,1,0,1,0,1,1,1
CUST100342,0,1,0,0,0,1,0,1,0,0,0,1,0,0
CUST103209,1,0,0,1,0,0,0,0,1,0,1,0,1,1
CUST104576,1,1,1,0,1,1,0,0,1,1,1,0,1,1
CUST101088,0,1,0,0,0,0,0,0,0,0,0,0,0,0
CUST100479,0,0,0,0,0,0,1,0,0,0,0,0,0,0
CUST100727,0,1,1,0,0,0,0,0,0,0,0,0,1,1
CUST103783,1,1,0,0,0,0,0,1,0,0,1,0,0,0
CUST100976,0,1,0,0,0,0,0,0,0,1,0,0,0,0
CUST103784,1,1,0,0,0,0,0,1,1,1,0,0,0,0
CUST102977,1,1,0,0,0,0,0,0,1,0,0,0,0,0
CUST101928,0,1,0,0,0,0,0,1,1,0,0,0,0,0
CUST101468,1,1,1,0,0,0,0,0,1,0,0,0,1,1
CUST101224,0,1,0,1,0,1,0,0,1,0,0,0,0,0
CUST102856,0,1,0,0,0,0,0,0,0,0,0,0,0,0
CUST101952,1,1,1,0,0,0,0,0,1,0,0,0,0,0
CUST104830,1,1,1,0,1,0,0,1,1,1,1,1,1,1
CUST104500,1,1,1,1,0,0,0,0,1,0,1,0,0,0
CUST101892,0,1,0,1,0,0,0,1,1,1,0,1,0,0
CUST101299,0,1,0,0,0,1,0,1,0,1,1,0,0,1
CUST102990,0,1,1,0,1,1,0,1,0,1,1,1,1,1
CUST104599,0,1,0,0,0,0,0,0,0,1,0,1,0,0
CUST100660,0,1,0,0,0,0,0,0,1,0,0,0,0,0
CUST104577,0,1,0,0,0,0,0,1,0,1,1,0,0,0
CUST104073,0,1,0,1,0,0,1,0,1,1,0,1,0,0
CUST102784,0,1,0,0,0,0,0,0,0,0,0,0,0,0
CUST104937,1,0,1,1,0,1,0,0,1,0,0,0,0,0
CUST103827,1,1,1,0,0,1,0,0,0,1,0,1,1,1
CUST102714,0,1,0,0,0,0,0,1,0,0,0,0,0,0
CUST104657,0,1,1,0,0,0,0,1,0,1,0,0,0,0
CUST100267,0,1,0,0,0,0,0,1,0,0,0,0,1,0
CUST104442,0,0,0,0,0,1,1,1,1,0,1,0,0,0
CUST104959,1,1,1,0,0,0,1,0,1,1,1,0,1,1
CUST103372,1,1,0,0,0,1,0,0,1,0,0,0,0,0
CUST103595,1,1,0,0,0,0,0,1,0,0,0,0,0,0
CUST104316,1,1,1,1,1,1,1,0,1,0,1,0,0,0
CUST103722,1,1,1,0,0,1,1,1,0,0,1,0,0,1
CUST103406,0,1,0,1,1,0,0,0,0,0,0,0,1,0
CUST101278,0,1,1,0,0,0,0,0,0,0,0,0,1,1
CUST104640,1,1,1,0,1,0,0,1,0,1,1,1,1,1
CUST103917,0,1,0,0,0,1,0,0,1,0,0,0,0,0
CUST102678,0,0,1,1,0,0,0,0,1,0,1,0,0,0
CUST101621,0,1,0,0,0,0,0,1,0,0,0,0,0,0
CUST104103,0,1,0,0,0,0,0,0,0,0,0,0,0,0
CUST102857,1,1,1,1,1,0,1,0,1,0,1,0,1,1
CUST101896,0,1,0,0,0,0,0,0,1,1,0,0,0,0
CUST103924,0,0,0,1,0,1,0,0,1,1,0,0,0,0
CUST103014,0,1,1,0,0,0,0,1,0,1,1,1,1,1
CUST104438,0,1,0,0,0,0,1,0,0,0,0,0,0,0
CUST100067,0,1,0,0,0,0,0,0,1,0,1,0,0,0
CUST102042,1,1,1,0,1,0,0,0,1,0,1,0,0,1
CUST102580,1,1,1,0,0,0,0,0,0,0,0,0,0,0
CUST103782,1,1,1,0,0,0,0,0,1,0,1,0,0,0
CUST103790,1,1,0,0,0,0,0,0,0,0,0,0,0,0
CUST100820,1,1,0,0,0,0,0,0,1,1,0,1,0,0
CUST101226,1,1,1,0,0,0,1,1,0,0,0,0,1,1
CUST102991,1,1,1,1,0,0,0,0,0,1,0,0,0,0
CUST103132,0,1,0,1,0,0,0,0,1,0,1,0,0,0
CUST102743,0,1,0,0,0,0,1,0,0,0,0,0,0,0
CUST104457,0,1,0,1,0,0,0,0,0,0,0,1,0,0
CUST104269,0,0,1,1,1,0,0,0,0,1,1,0,1,1
CUST103349,0,1,1,0,0,0,0,1,0,1,1,0,1,1
CUST101143,1,1,0,1,0,1,0,1,1,0,0,0,1,0
CUST100397,0,1,0,0,0,0,0,0,1,0,1,0,0,0
CUST102906,0,1,1,0,0,0,1,1,0,0,0,0,0,0
CUST104301,0,1,0,1,0,0,0,1,1,0,1,0,0,0
CUST102759,1,1,1,0,0,0,0,0,0,0,0,0,1,0
CUST101398,1,1,1,0,1,1,0,0,1,1,1,0,1,1
CUST101659,0,0,0,0,1,0,0,1,1,1,1,1,0,0
CUST100979,1,1,1,1,1,0,0,0,0,0,1,0,0,0
CUST101298,0,1,0,0,0,0,0,0,0,1,0,0,0,0
CUST103555,0,1,0,0,0,1,0,1,0,0,1,0,0,0
CUST100082,0,1,0,0,1,0,0,1,1,0,1,0,0,0
CUST104507,0,1,0,0,0,0,1,0,0,0,1,0,1,0
CUST102458,1,0,1,1,0,0,0,1,0,0,0,1,0,0
CUST103739,0,1,0,0,0,0,0,0,0,0,0,0,0,0
CUST103781,0,1,0,1,1,0,0,0,0,1,1,1,0,0
CUST102288,0,1,1,1,0,0,0,0,1,1,0,0,1,1
CUST100423,0,1,0,0,0,0,0,1,0,0,1,0,0,0
CUST104339,1,1,1,0,0,0,1,1,0,0,0,0,0,0
CUST101904,0,1,0,0,0,0,0,1,0,0,0,0,0,0
CUST104538,0,1,0,0,0,1,1,1,0,1,0,1,0,0
CUST103352,0,1,0,0,0,0,1,1,1,1,1,1,0,1
CUST103102,0,1,0,0,0,0,0,0,1,0,1,0,0,0
CUST101565,1,1,1,1,0,0,0,0,0,0,0,0,0,0
CUST103355,1,1,1,0,0,0,0,0,0,0,1,0,1,1
CUST100839,0,1,0,0,0,0,0,0,0,0,1,0,0,0
CUST100500,0,1,0,0,1,1,0,1,0,1,1,0,0,1
CUST100141,1,1,1,0,0,0,0,0,1,1,1,1,1,1
CUST101377,1,1,1,0,1,1,0,0,0,0,1,1,0,1
CUST103697,1,1,1,0,0,1,0,0,0,0,1,0,0,1
CUST102144,1,1,1,0,1,1,0,0,0,0,1,0,0,0
CUST101138,0,1,0,0,0,0,0,1,0,0,1,0,0,0
CUST102927,1,0,1,0,1,0,0,0,0,1,1,0,0,1
CUST101787,0,1,0,1,0,1,1,1,0,1,1,0,0,0
CUST103484,0,1,1,0,0,1,0,0,1,1,0,1,1,1
CUST100550,1,1,1,0,0,0,0,0,1,0,1,0,0,0
CUST104906,1,1,1,1,0,0,0,1,1,1,0,0,0,1
CUST102019,1,1,1,0,1,1,0,0,0,0,1,0,0,0
CUST100948,1,1,1,0,0,1,0,0,0,1,1,1,0,0
CUST102600,0,1,0,0,0,1,0,0,0,0,0,0,0,0
CUST100532,0,1,0,0,0,1,0,0,0,0,0,0,1,1
CUST101829,0,1,0,1,0,0,0,0,1,0,1,0,0,0
CUST102917,0,1,0,0,0,0,0,0,0,0,0,0,0,0
CUST104418,1,1,0,1,0,1,0,1,1,0,0,1,0,1
CUST103871,0,1,1,0,0,0,0,0,1,0,0,0,0,1
CUST101602,1,1,1,0,0,1,0,0,0,0,0,0,1,1
CUST100639,1,1,0,1,0,0,0,0,0,0,0,1,0,0
CUST104832,1,1,1,0,0,0,1,1,0,0,1,0,0,1
CUST100967,1,0,1,1,1,0,0,0,1,1,1,1,1,1
CUST104237,0,1,1,0,0,0,0,1,0,0,1,1,0,0
CUST102697,0,0,0,0,0,0,0,1,0,0,0,0,0,0
CUST101683,1,0,1,1,0,0,0,0,0,0,0,0,0,0
CUST104470,1,1,1,0,0,0,1,1,1,0,0,0,0,0
CUST102342,0,0,0,1,0,1,0,0,0,0,0,0,1,0
CUST100155,1,1,1,1,0,1,0,0,0,0,0,0,0,0
CUST102487,0,1,0,0,0,0,0,0,0,0,1,0,0,0
CUST104641,1,0,1,0,0,0,1,1,0,1,0,1,0,0
CUST101089,1,1,1,0,1,0,0,0,0,1,1,0,0,0
CUST102655,0,0,1,0,0,0,0,0,0,0,0,0,0,0
CUST104240,0,1,0,0,0,0,0,0,1,1,0,0,0,0
CUST100288,0,1,0,0,0,0,0,0,1,0,1,0,0,0
CUST100930,1,1,1,0,1,1,0,1,1,1,1,0,0,0
CUST102535,0,1,1,0,1,0,0,1,0,1,1,1,0,0
CUST104028,1,1,1,0,1,0,0,0,1,1,1,1,1,1
CUST103371,0,1,0,0,0,0,1,1,0,0,0,0,0,0
CUST104621,0,1,0,0,0,0,1,1,1,1,0,0,0,0
CUST103291,0,1,1,0,1,0,1,1,0,0,0,0,1,1
CUST100942,1,1,1,0,0,0,1,0,0,1,0,0,1,1
CUST103859,0,1,0,0,0,1,0,0,0,1,1,1,0,0
CUST104662,1,1,1,0,0,0,1,0,0,0,0,0,0,0
CUST101698,0,1,0,1,0,0,0,1,0,0,1,0,0,0
CUST104708,0,0,1,0,0,0,0,0,0,0,1,1,0,0
CUST103200,0,1,0,0,0,0,0,1,0,0,0,0,0,0
CUST104601,0,1,0,1,0,0,1,0,1,0,1,0,0,0
CUST104608,1,1,1,0,0,0,0,0,0,0,0,1,0,0
CUST100985,1,1,1,0,0,0,0,0,0,0,0,0,0,1
CUST103318,0,1,1,0,0,0,0,0,0,0,0,0,0,1
CUST102867,1,0,1,0,1,1,0,0,1,1,1,0,1,0
CUST104056,0,1,0,0,1,0,0,0,0,1,1,0,0,0
CUST104777,1,1,1,0,0,0,0,1,1,0,0,0,0,1
CUST100981,0,1,0,0,0,0,0,1,1,0,0,0,0,0
CUST102492,1,1,1,1,0,1,0,1,1,0,0,0,0,0
CUST103792,0,1,0,0,0,0,0,1,0,0,0,0,0,0
CUST103548,0,1,0,1,0,0,1,0,0,1,0,0,0,0
CUST102942,0,1,1,0,0,0,0,1,0,1,1,0,0,0
CUST103527,1,1,1,0,1,0,0,1,1,1,1,0,1,1
CUST103845,0,1,0,0,0,0,0,0,0,0,0,0,0,0
CUST101457,0,1,0,0,1,0,1,1,0,1,1,0,1,0
CUST101395,1,1,1,1,0,1,0,0,0,1,0,1,0,0
CUST100264,1,1,1,0,0,0,0,0,0,0,0,0,0,1
CUST104095,1,1,1,0,1,0,0,0,1,0,0,0,0,0
CUST100929,0,0,1,1,1,1,0,1,1,0,0,0,0,1
CUST104871,0,1,0,0,1,0,0,1,1,1,1,0,0,0
CUST102692,1,1,1,1,0,0,0,0,0,0,0,0,0,0
CUST100246,0,1,0,0,1,1,0,1,0,1,1,0,0,0
CUST103589,1,1,1,0,1,0,0,1,0,1,0,0,0,0
CUST101758,0,1,0,0,1,1,1,0,1,1,1,1,0,0
CUST104865,1,1,1,0,0,0,0,0,0,0,0,0,0,1
CUST102810,0,1,0,1,0,1,0,0,0,0,1,0,0,0
CUST100923,1,1,1,0,0,0,0,0,0,1,1,0,0,0
CUST102880,1,1,0,0,0,0,0,0,1,0,0,0,0,0
CUST100268,0,0,0,0,0,0,0,0,1,0,0,0,0,0
CUST100669,0,1,1,0,1,0,1,1,0,1,1,0,0,0
CUST104475,0,1,0,0,1,0,1,1,0,1,1,1,0,0
CUST101910,0,1,0,0,0,0,0,0,1,0,0,0,0,0
CUST102985,1,1,0,1,0,0,0,0,0,0,0,1,0,0
CUST101152,1,1,1,0,0,1,0,0,1,0,0,0,0,0
CUST104817,0,1,0,0,0,0,0,1,1,0,0,0,0,0
CUST103455,0,1,0,0,0,1,0,1,0,0,0,0,1,1
CUST104241,0,1,1,0,1,0,0,0,0,1,1,1,1,1
CUST104549,1,1,1,0,1,0,0,1,0,0,1,0,0,1
CUST102172,1,1,1,1,0,0,0,0,1,1,0,1,0,0
CUST104515,0,1,1,0,0,1,0,1,0,1,0,1,1,1
CUST101915,1,1,1,0,0,0,0,1,1,1,0,1,0,0
CUST100612,1,1,1,1,0,0,0,0,0,0,0,0,0,0
CUST102406,0,1,0,0,0,0,1,0,1,0,1,0,0,0
CUST104205,1,1,1,0,1,0,0,0,1,0,0,0,0,0
CUST101898,0,1,0,0,0,0,0,1,1,0,0,1,0,0
CUST101649,1,1,1,0,0,0,1,0,1,0,0,0,0,1
CUST102607,0,1,0,0,0,0,0,1,0,0,1,0,0,0
CUST100258,0,1,1,0,1,0,1,0,1,0,1,1,1,1
CUST100847,0,1,0,0,0,0,0,0,0,0,0,0,1,0
CUST104251,0,1,0,1,0,0,0,0,1,0,1,0,0,0
CUST101233,0,1,0,1,0,0,0,1,0,1,1,1,0,0
CUST101127,1,0,0,0,1,0,0,1,0,0,0,0,0,0
CUST101967,1,1,0,1,0,0,0,0,1,0,1,0,0,0
CUST100558,0,1,0,0,0,0,0,0,0,0,0,0,1,0
CUST103905,0,1,0,0,0,0,0,1,0,1,0,1,1,0
CUST100484,0,1,0,1,0,0,0,0,1,0,0,0,0,0
CUST101320,0,1,0,0,0,0,0,1,0,0,1,0,0,0
CUST103404,0,1,0,1,1,0,0,1,0,1,1,0,0,0
CUST100007,1,1,1,1,0,0,0,0,0,0,1,0,1,1
CUST103279,0,1,0,0,1,0,1,0,0,0,1,0,0,0
CUST103189,1,1,0,0,0,0,0,0,1,0,0,1,0,0
CUST101450,0,1,0,1,0,1,0,1,1,0,0,0,1,1
CUST103980,1,1,1,0,0,0,0,0,0,1,0,1,0,0
CUST101814,0,1,1,1,0,0,1,0,0,0,1,0,0,0
CUST100773,0,1,0,1,0,0,0,0,0,0,1,0,0,0
CUST101011,0,1,0,0,0,1,0,0,1,0,0,0,0,0
CUST102818,0,1,0,0,0,0,0,0,0,0,0,0,0,0
CUST103275,1,1,0,1,0,0,0,0,0,0,0,0,0,0
CUST101991,1,1,1,0,0,0,0,0,0,0,1,0,0,0
CUST101277,0,1,0,1,1,0,1,1,0,1,1,1,0,0
CUST101783,0,1,0,0,1,0,0,0,1,0,1,0,0,0
CUST103105,0,1,0,0,0,0,0,0,0,0,0,0,0,0
CUST100446,1,0,1,1,1,0,0,0,1,0,1,0,0,1
CUST100880,0,1,0,1,0,0,1,1,1,1,0,0,0,0
CUST104459,1,1,1,0,1,0,0,0,0,0,1,0,0,0
CUST100781,0,1,0,0,0,0,0,0,0,0,1,0,0,0
CUST101749,0,1,0,0,0,0,0,1,0,0,0,0,0,0
CUST103388,0,1,1,0,0,0,0,0,0,0,0,0,0,1
CUST104881,0,1,0,0,0,0,0,0,0,1,0,0,0,0
CUST100883,0,1,0,0,0,0,0,1,0,1,1,1,0,0
CUST102944,1,0,1,1,0,0,0,1,1,0,0,0,0,0
CUST101091,1,0,0,0,0,0,0,0,1,0,0,0,0,0
CUST104783,0,1,0,0,0,0,0,0,0,0,0,0,0,0
CUST100531,0,1,1,0,0,0,0,0,0,0,0,0,0,1
CUST104022,0,1,0,0,0,1,1,0,1,0,0,0,0,0
CUST104421,0,1,0,0,1,1,0,1,0,0,1,1,0,0
CUST104098,0,1,1,1,0,0,0,1,0,0,0,0,0,0
CUST101727,0,1,0,0,0,0,1,1,0,1,1,1,1,1
CUST100610,0,1,0,0,0,0,0,0,1,0,0,0,0,0
CUST100570,1,0,0,1,0,0,0,0,1,1,0,0,1,0
CUST102671,0,1,0,0,0,1,0,0,0,1,0,0,0,0
CUST103718,1,1,1,0,0,0,0,0,1,0,0,0,0,0
CUST100343,0,1,1,1,0,1,0,1,1,1,1,0,0,0
CUST103000,0,1,0,0,0,0,0,0,1,0,0,0,0,0
CUST103139,0,1,0,0,1,0,0,1,0,1,1,0,0,0
CUST100434,0,1,0,0,0,0,1,0,1,1,0,0,0,0
CUST101903,0,1,0,0,0,1,0,1,0,0,1,0,0,0
CUST103804,1,1,1,0,0,0,0,1,0,0,1,0,1,1
CUST104776,0,1,0,0,1,0,0,1,0,1,1,0,0,0
CUST102069,1,1,1,0,0,0,0,0,1,0,0,0,0,0
CUST101537,0,0,0,1,0,1,0,1,1,0,0,0,0,0
CUST102252,0,1,0,0,0,0,0,1,0,1,0,0,0,0
CUST102346,1,1,1,0,0,0,0,0,1,0,0,0,1,1
CUST101517,0,0,0,0,0,0,0,0,1,0,0,0,0,0
CUST100965,1,1,1,0,0,1,1,1,1,1,0,0,0,1
CUST104406,0,1,0,1,0,1,0,0,0,0,0,0,0,0
CUST100528,0,1,1,0,0,0,0,1,0,0,0,0,0,0
CUST100176,0,1,0,0,0,0,0,0,0,1,1,0,0,0
CUST103482,0,0,0,1,0,0,1,0,0,0,1,0,0,0
CUST102543,0,1,0,1,0,0,0,0,0,0,1,0,0,0
CUST104935,0,1,1,0,0,1,0,0,1,0,0,0,0,0
CUST100572,0,1,0,0,0,0,0,0,0,0,0,0,0,0
CUST102299,0,1,0,0,1,1,0,1,0,1,1,1,0,0
CUST103508,1,1,0,0,1,1,1,0,1,1,1,1,0,0
CUST102459,1,1,1,1,1,0,0,0,1,0,1,0,0,0
CUST103609,1,1,1,0,0,0,1,0,0,0,0,0,0,0
CUST104554,1,1,1,0,1,0,0,1,1,0,1,0,1,1
CUST102208,0,1,0,0,1,0,0,1,1,1,1,0,0,0
CUST104720,0,1,0,1,1,0,0,0,1,0,1,0,1,1
CUST102755,0,1,0,0,0,0,0,1,0,0,0,0,0,0
CUST100383,0,1,0,0,0,0,0,1,0,1,1,0,0,0
CUST100852,0,1,0,0,0,0,0,0,1,0,0,0,0,0
CUST101880,0,1,0,0,0,0,1,0,0,1,0,0,0,0
CUST100370,0,1,1,1,0,0,0,1,1,0,0,1,0,1
CUST102378,0,1,0,0,0,1,0,0,1,0,0,0,1,1
CUST104323,0,1,0,0,1,1,0,1,0,0,1,0,1,1
CUST101105,1,1,1,0,1,0,0,1,0,1,1,1,1,1
CUST103413,1,1,0,1,0,0,0,1,0,0,1,0,0,0
CUST103946,1,1,1,1,1,0,0,1,0,1,1,0,0,1
CUST101336,0,1,0,0,0,0,0,0,1,1,0,1,0,0
CUST102189,0,1,0,0,0,0,0,0,1,0,0,0,0,0
CUST104594,0,1,0,0,1,1,0,0,1,0,1,0,0,0
CUST102319,0,1,0,0,0,0,0,0,0,0,0,0,0,0
CUST104705,0,0,0,0,1,0,0,1,0,1,1,0,1,0
CUST103710,0,1,0,0,0,1,1,1,0,0,0,1,0,0
CUST104848,0,1,1,1,0,1,0,1,0,1,0,1,1,1
CUST101171,1,0,1,1,0,0,0,1,1,0,0,0,0,1
CUST104325,1,1,0,1,0,0,1,0,0,1,0,0,0,0
CUST102694,1,0,1,0,1,0,0,0,0,0,1,0,0,0
CUST101422,1,1,1,0,0,0,1,1,0,0,0,0,0,0
CUST102341,0,1,0,1,0,1,0,0,0,0,0,0,1,1
CUST102651,0,1,0,1,0,0,1,1,0,1,0,0,1,1
CUST104155,0,1,0,0,1,0,0,1,0,1,1,0,1,0
CUST101464,1,1,1,0,0,0,0,0,1,0,0,0,0,0
CUST100874,0,1,1,0,1,0,0,1,1,1,1,1,1,1
CUST103339,0,1,1,1,0,0,0,1,0,1,1,0,1,0
CUST104340,0,1,0,0,0,0,0,1,0,0,1,0,0,0
CUST101251,0,1,0,0,0,0,1,0,1,0,0,0,0,0
CUST102348,0,1,0,0,0,0,0,0,1,0,0,0,0,0
CUST100840,0,1,0,0,1,0,0,0,0,1,0,1,0,0
CUST104568,1,1,1,1,0,0,1,0,0,0,1,0,0,0
CUST100581,0,1,0,0,0,0,0,0,0,0,0,0,0,0
CUST100204,1,0,1,0,1,0,0,0,1,0,1,0,0,1
CUST101641,1,1,1,0,0,0,1,0,0,0,0,0,0,1
CUST102014,0,1,0,0,0,0,0,0,1,0,1,0,0,0
CUST100905,0,1,0,0,0,0,0,0,0,0,0,0,0,0
CUST100631,1,1,1,0,0,0,0,0,1,0,0,0,0,0
CUST103364,0,1,0,0,0,0,0,1,0,0,1,0,0,0
CUST101974,0,1,0,0,0,1,1,1,0,0,0,0,0,0
CUST100162,0,0,0,1,0,0,0,0,0,0,0,0,0,0
CUST103172,0,1,0,0,1,0,0,1,0,0,1,0,0,0
CUST103612,0,1,0,0,0,0,0,0,0,0,0,0,0,0
CUST104675,0,1,1,0,0,1,0,1,1,1,1,1,1,0
CUST100617,1,1,1,1,1,0,0,0,1,0,1,0,1,1
CUST104068,0,1,0,0,0,0,0,1,1,0,0,1,0,0
CUST101431,1,1,1,1,0,0,1,0,0,0,0,0,0,0
CUST100547,0,1,1,0,0,0,0,0,0,0,0,0,0,1
CUST103334,0,1,0,0,0,0,1,0,1,0,1,0,1,0
CUST104546,0,0,0,0,0,0,0,1,1,0,0,0,0,0
CUST104223,0,1,1,0,1,1,0,1,0,1,1,1,1,1
CUST102387,0,1,0,1,0,0,0,0,0,0,0,0,0,0
CUST104243,0,1,0,0,0,0,0,1,1,0,1,0,1,1
CUST103995,1,1,1,0,0,0,0,1,0,0,0,0,0,0
CUST104065,1,1,1,0,0,0,0,0,0,0,0,0,1,1
CUST101861,1,1,1,0,1,0,0,0,0,0,1,0,1,1
CUST100640,1,1,1,0,1,0,0,0,0,0,1,0,0,0
CUST103902,1,1,1,1,1,0,0,1,0,0,1,0,0,0
CUST100637,1,1,1,0,1,1,1,1,0,1,1,1,0,0
CUST104262,1,1,0,0,0,1,0,0,0,0,1,0,0,1
CUST103910,1,1,1,0,1,0,0,1,0,1,1,0,0,0
CUST102986,0,0,0,0,0,0,0,1,0,0,0,0,1,0
CUST102096,0,1,1,0,0,0,0,1,0,0,1,0,0,0
CUST104611,0,1,1,0,0,0,0,0,0,1,1,0,1,1
CUST103075,0,1,1,0,1,1,1,1,0,1,1,0,1,1
CUST103674,0,1,0,0,0,0,0,0,0,0,0,0,0,0
CUST102841,0,1,1,0,0,0,0,1,0,1,0,1,0,1
CUST100921,1,1,1,1,0,1,0,0,1,0,0,0,0,1
CUST100546,1,1,1,0,0,0,0,0,0,1,1,1,0,0
CUST103666,1,1,1,0,1,0,0,0,0,0,1,0,0,1
CUST101900,0,1,0,0,0,0,0,0,1,0,1,0,0,0
CUST102028,0,1,0,0,0,0,1,0,0,0,1,0,0,0
CUST102301,1,1,0,0,0,0,0,0,0,0,0,1,0,0
CUST101885,0,1,0,0,0,0,0,0,1,1,0,0,0,0
CUST101642,0,1,0,1,1,0,0,0,1,0,0,1,0,1
CUST103509,0,1,1,0,1,0,0,1,1,1,1,0,0,0
CUST104809,0,1,0,0,0,0,1,0,0,0,1,0,0,0
CUST102097,0,1,0,0,0,0,0,1,0,0,0,0,0,0
CUST104357,0,1,0,0,0,0,0,0,0,0,1,0,0,0
CUST103788,0,1,1,1,0,0,0,0,0,0,1,1,1,1
CUST104494,1,0,1,0,0,0,0,1,0,0,0,0,0,0
CUST104967,1,1,0,0,0,0,0,0,1,0,0,1,0,0
CUST100836,1,1,1,1,0,0,0,0,1,0,1,1,1,1
CUST100601,0,1,0,0,0,0,0,1,0,1,1,1,0,0
CUST102184,1,1,1,0,1,0,0,0,1,0,1,0,0,0
CUST103865,1,1,1,1,0,0,0,1,1,0,1,0,1,1
CUST102481,0,1,0,0,0,0,0,1,0,1,0,0,1,1
CUST104307,1,1,1,0,0,0,0,0,0,1,0,0,0,0
CUST101582,1,1,1,0,1,1,0,1,0,1,0,1,0,1
CUST104266,0,1,0,0,1,1,1,1,0,1,1,0,0,0
CUST102533,0,1,1,1,1,1,0,1,1,0,0,0,0,0
CUST102725,1,1,1,0,0,0,0,0,1,0,0,0,0,1
CUST101070,0,1,0,0,0,0,0,1,0,0,1,0,1,0
CUST101775,0,1,0,1,0,0,0,0,0,0,0,0,0,0
CUST104808,1,1,1,0,0,1,0,0,0,0,0,0,0,0
CUST101283,0,1,0,1,1,1,0,0,0,1,1,1,1,1
CUST103050,1,1,0,1,0,1,0,1,0,0,0,1,0,1
CUST104753,0,1,0,0,0,0,0,0,1,0,1,0,0,0
CUST101836,0,1,0,0,1,1,0,1,0,1,0,1,0,0
CUST104242,0,1,1,0,1,1,0,0,1,1,0,0,0,1
CUST101019,0,1,1,0,0,0,0,0,0,0,1,0,0,0
CUST104133,0,1,1,0,1,0,0,1,0,1,1,1,0,1
CUST101326,0,1,1,1,0,0,0,0,0,1,0,0,0,0
CUST100475,1,1,1,0,0,0,0,0,1,1,1,0,0,0
CUST104271,0,1,1,0,0,1,0,0,0,1,0,1,1,1
CUST101651,0,1,1,0,0,0,1,1,0,1,1,1,1,1
CUST103998,1,1,1,0,0,0,0,0,0,1,0,0,1,0
CUST104467,0,1,0,0,0,1,0,1,0,0,0,0,0,0
CUST102610,0,1,0,1,0,0,0,0,0,0,0,0,0,0
CUST102476,1,1,0,1,0,0,1,0,0,0,0,0,0,0
CUST102583,0,0,0,0,0,0,0,0,0,0,0,0,0,0
CUST101373,0,0,0,0,0,0,0,0,0,0,0,0,0,0
CUST100739,0,1,0,1,0,0,0,1,0,0,0,0,0,0
CUST103618,0,1,0,0,0,0,0,0,1,0,0,0,0,0
CUST102440,0,0,0,0,0,0,0,0,1,0,0,0,0,0
CUST100867,0,1,0,0,0,1,0,1,1,0,0,0,1,0
CUST101140,0,1,0,0,0,0,0,0,0,0,1,0,0,0
CUST100997,0,1,0,0,0,0,0,0,1,0,1,0,0,0
CUST101337,0,1,0,0,0,1,1,1,1,0,1,0,0,0
CUST100541,0,1,0,1,1,1,0,0,1,1,1,1,0,0
CUST101099,1,1,1,0,1,0,0,1,0,0,1,0,0,1
CUST101132,1,1,1,0,1,0,0,1,0,1,1,0,0,0
CUST104064,0,1,1,0,0,0,0,0,1,0,0,0,0,1
CUST102715,1,1,1,0,1,1,1,1,0,1,1,1,0,0
CUST102258,0,1,1,1,0,0,0,0,1,0,0,1,0,0
CUST104750,1,1,1,0,0,0,0,1,1,0,0,1,0,0
CUST100059,0,1,0,0,1,1,0,1,0,1,1,1,0,0
CUST102883,0,1,1,0,1,0,1,0,0,0,1,0,0,0
CUST101938,1,1,1,0,0,0,0,0,1,0,0,0,1,1
CUST102576,0,1,0,1,0,0,0,0,1,0,1,0,1,1
CUST104936,0,1,0,1,1,1,0,0,0,0,1,0,0,0
CUST101078,0,1,0,0,1,1,0,0,0,1,1,1,0,0
CUST103249,1,0,0,0,0,0,0,0,0,0,1,1,0,0
CUST103127,1,1,1,0,1,0,0,0,0,1,1,1,0,0
CUST102488,1,1,1,0,0,0,0,1,1,0,0,0,0,0
CUST100940,0,1,1,0,1,0,0,0,0,1,1,0,0,1
CUST101080,0,0,0,0,0,0,0,1,0,0,0,0,0,0
CUST100187,0,1,0,1,0,0,0,0,0,1,1,0,0,0
CUST102634,0,0,0,0,0,1,0,0,1,0,0,0,1,1
CUST102085,1,1,1,0,0,0,0,0,0,0,0,0,0,1
CUST102249,0,1,0,1,0,0,0,0,0,0,0,0,0,0
CUST104890,1,1,1,0,0,1,1,0,1,0,0,0,0,0
CUST102023,1,1,1,1,0,0,0,0,1,0,0,0,0,0
CUST103539,1,1,1,0,0,0,0,1,0,0,0,0,0,0
CUST104048,1,1,1,1,1,0,0,0,0,0,0,0,0,0
CUST103606,1,0,0,0,1,0,0,0,0,1,1,1,0,0
CUST100226,0,1,0,0,1,0,1,1,0,1,1,0,0,0
CUST104847,0,1,0,0,0,0,0,0,0,0,0,0,0,0
CUST101929,1,1,0,0,1,0,0,0,1,1,0,1,0,0
CUST103055,0,1,0,0,0,0,0,0,1,0,0,0,0,0
CUST104489,1,1,1,0,0,0,0,0,0,0,0,0,0,0
CUST101404,0,1,0,0,1,1,0,0,0,0,1,0,0,0
CUST102179,0,1,0,0,0,0,0,1,0,0,0,1,0,1
CUST100697,1,1,1,0,1,0,0,0,1,0,0,0,0,1
CUST101124,1,1,1,0,0,0,0,0,1,1,0,1,1,1
CUST103361,0,0,0,0,1,1,0,1,0,0,1,0,0,0
CUST104135,1,1,1,0,0,0,0,1,0,0,0,0,0,0
CUST101778,0,1,1,1,1,0,0,0,0,0,1,0,0,1
CUST102858,0,1,0,1,1,0,0,0,0,0,1,0,0,0
CUST101037,0,1,0,0,0,0,0,0,0,0,1,0,0,0
CUST104456,0,1,0,1,0,0,0,1,0,0,1,0,1,1
CUST102256,0,1,0,0,0,0,0,1,0,0,0,0,0,0
CUST100313,1,1,1,0,1,1,0,0,1,0,1,0,0,0
CUST102281,0,1,0,0,0,0,1,0,1,1,0,1,0,0
CUST101416,0,1,0,0,1,1,0,1,1,1,1,1,1,1
CUST101036,1,1,1,1,1,1,0,0,0,0,1,0,0,1
CUST102159,0,1,0,0,0,0,0,0,0,0,1,0,0,0
CUST104163,1,1,1,0,0,0,0,0,0,0,0,0,0,0
CUST101754,1,1,0,0,1,0,0,0,1,0,1,0,0,0
CUST103112,0,1,0,1,1,1,0,1,1,0,1,0,0,0
CUST102813,1,1,1,1,0,0,0,0,0,0,0,0,1,1
CUST102698,0,1,0,0,0,0,0,1,0,1,1,0,0,0
CUST103207,0,1,0,0,0,0,1,0,0,1,1,0,0,0
CUST104350,1,1,1,0,0,0,0,0,0,0,0,0,0,0
CUST103431,1,1,1,0,0,0,0,0,0,0,1,0,0,1
CUST101506,0,1,0,0,0,0,0,0,1,0,0,0,0,0
CUST101923,0,1,0,0,1,0,0,1,0,1,0,0,0,0
CUST100448,0,1,0,0,0,0,0,0,0,0,0,0,0,0
CUST104128,0,1,1,0,1,1,0,0,0,1,1,0,0,0
CUST102528,1,1,1,0,1,0,0,0,0,0,1,0,0,0
CUST104969,1,1,1,0,0,1,0,0,0,0,0,0,0,1
CUST102789,1,1,0,0,1,0,0,0,0,0,0,0,0,0
CUST100361,0,1,1,0,0,0,1,0,0,0,1,0,1,1
CUST102183,1,1,1,1,0,0,0,1,0,1,0,0,0,0
CUST101134,1,1,0,0,0,0,0,0,1,0,0,0,0,0
CUST103880,1,1,1,0,0,1,0,0,1,0,0,0,0,0
CUST102155,0,1,0,1,0,0,1,0,0,0,0,0,0,0
CUST101830,1,1,1,0,0,0,0,0,0,0,0,0,0,0
CUST101053,0,1,1,0,1,0,0,1,0,1,1,1,0,1
CUST100022,0,1,0,1,0,0,0,1,0,0,1,0,0,0
CUST102066,0,1,1,1,0,0,0,0,1,0,1,0,0,0
CUST101653,0,1,0,0,0,0,0,0,0,0,1,0,0,0
CUST102587,1,0,1,0,0,0,0,1,0,0,0,0,1,1
CUST103210,0,1,0,0,0,1,0,0,0,1,0,0,0,0
CUST104302,1,1,1,0,0,0,0,0,0,0,1,0,0,0
CUST104036,0,1,0,1,0,0,1,0,0,0,1,0,0,0
CUST102325,0,1,0,1,0,0,0,1,1,0,0,0,0,0
CUST100460,0,1,0,0,0,0,0,0,0,0,1,0,0,0
CUST101067,0,1,0,0,0,1,1,0,0,0,0,0,0,0
CUST100087,0,1,0,0,0,0,0,1,1,0,1,0,0,0
CUST101430,1,1,1,1,0,0,0,0,0,0,0,0,1,1
CUST102647,1,1,1,0,0,0,0,0,0,0,1,0,0,0
CUST100282,0,1,0,1,0,0,0,1,0,1,0,0,0,1
CUST100462,0,1,0,1,0,0,1,1,0,0,0,0,0,0
CUST100212,0,1,0,1,0,0,0,0,1,0,0,0,0,0
CUST102499,0,1,0,0,1,0,0,0,0,0,1,0,0,0
CUST101368,0,1,0,0,0,0,0,0,1,0,0,0,0,0
CUST100234,1,1,0,0,0,0,1,0,1,0,0,0,0,0
CUST102770,1,1,0,1,0,1,0,0,0,0,0,0,0,0
CUST100597,0,1,0,0,0,0,0,0,0,0,1,0,0,1
CUST104420,1,1,1,0,0,0,0,1,0,0,0,0,0,0
CUST102250,0,1,0,0,0,0,0,1,0,0,0,0,1,1
CUST104031,0,1,1,0,1,0,0,1,0,0,0,0,1,1
CUST102283,1,1,0,0,0,0,0,0,1,1,0,1,0,0
CUST100662,0,1,0,0,0,0,0,1,1,0,1,0,0,0
CUST104963,0,1,1,0,0,1,1,1,0,1,1,0,0,1
CUST102285,0,1,0,1,0,0,0,1,1,0,1,0,0,0
CUST104716,1,1,0,1,0,0,0,0,1,0,1,0,0,0
CUST103193,0,1,1,0,1,0,0,0,1,0,1,0,0,1
CUST102503,0,1,0,0,0,0,0,0,0,0,1,0,0,0
CUST104043,1,1,1,0,1,0,0,0,1,0,1,0,0,0
CUST100779,1,1,0,0,1,0,0,1,0,1,1,1,0,0
CUST104019,0,1,0,0,0,0,0,1,0,0,0,0,0,0
CUST103426,1,1,0,0,1,0,0,0,0,1,1,0,0,0
CUST104306,0,1,0,1,0,0,0,0,0,0,0,0,0,0
CUST103196,0,0,0,0,0,0,0,0,0,0,1,0,0,0
CUST104835,1,1,1,0,0,0,0,1,0,1,0,0,1,1
CUST100685,0,1,0,0,0,0,0,1,1,0,0,0,0,0
CUST103169,1,1,1,0,0,0,1,1,0,0,0,0,0,0
CUST103926,1,1,1,0,0,0,0,0,0,0,0,0,1,1
CUST103434,0,1,0,1,1,1,1,1,0,1,1,1,0,0
CUST102171,0,1,1,0,0,0,0,1,0,1,1,1,1,1
CUST103689,0,1,1,0,0,1,0,0,0,0,0,1,1,1
CUST101850,1,0,0,0,0,0,0,0,1,0,0,0,1,0
CUST100487,0,1,0,1,0,0,0,1,1,1,0,0,0,0
CUST101688,1,1,1,0,0,0,0,1,1,0,1,0,0,0
CUST102230,0,1,0,0,0,0,0,1,0,1,1,1,0,0
CUST103264,1,1,1,0,1,0,0,1,0,0,1,0,1,1
CUST102320,1,1,1,1,0,0,0,1,0,0,0,0,1,1
CUST100782,1,1,0,0,0,0,1,0,1,0,0,0,0,0
CUST100521,0,0,1,0,0,0,0,0,1,0,1,0,0,0
CUST100522,0,1,0,1,0,0,0,1,1,0,0,0,1,0
CUST102837,0,1,0,0,0,1,0,0,1,0,0,0,0,1
CUST104539,1,1,0,0,0,1,0,1,0,0,1,1,0,0
CUST102398,1,1,0,0,1,0,0,0,0,0,1,0,0,0
CUST102207,0,1,1,0,0,1,1,1,0,0,1,0,0,0
CUST103477,0,1,1,1,1,0,0,0,0,1,1,0,0,1
CUST103552,0,1,0,0,1,1,0,0,0,1,1,0,0,0
CUST104087,0,1,1,0,0,0,0,0,0,1,0,1,0,1
CUST102822,0,1,1,1,1,0,0,0,1,1,1,1,1,1
CUST101511,1,1,1,0,1,0,0,0,0,0,0,0,1,1
CUST101882,0,1,0,0,0,0,0,0,0,0,0,0,0,0
CUST100651,0,1,0,0,0,0,0,0,0,1,0,1,0,0
CUST104930,1,1,1,0,0,0,0,0,1,0,0,0,0,0
CUST103089,0,1,0,0,1,0,0,0,0,1,1,1,0,0
CUST100369,0,1,0,0,0,0,0,1,1,0,1,0,0,0
CUST104997,1,1,1,0,1,0,0,1,1,0,1,0,0,1
CUST100118,0,0,0,1,0,0,1,1,1,0,0,0,0,0
CUST103320,0,1,0,0,0,0,0,1,0,0,0,0,0,0
CUST103034,1,1,0,0,1,0,0,1,1,0,1,0,0,0
CUST102216,0,0,0,0,0,0,1,1,0,0,0,0,0,0
CUST103542,1,1,1,0,1,1,0,0,1,1,1,0,1,1
CUST101613,0,1,1,0,1,1,0,0,0,1,1,1,1,0
CUST103151,1,1,1,0,1,0,0,0,0,1,1,1,1,1
CUST100962,0,1,0,0,0,0,1,0,0,0,0,0,0,0
CUST102510,1,1,1,0,1,0,1,0,1,1,1,1,0,0
CUST103831,0,1,1,1,0,0,0,1,0,0,0,1,0,0
CUST102823,0,1,0,0,0,0,0,0,0,0,1,0,0,0
CUST104343,0,1,0,0,0,0,0,1,1,0,0,0,0,0
CUST103032,1,1,0,0,0,0,1,1,0,0,1,0,0,0
CUST102415,0,1,0,0,0,0,0,1,1,0,0,0,0,0
CUST104654,1,1,1,1,0,1,0,1,0,0,0,0,0,0
CUST104236,1,1,0,0,0,0,0,1,0,0,0,0,0,0
CUST102185,1,1,1,0,0,0,0,0,0,0,0,0,0,0
CUST103669,0,1,0,0,1,1,0,1,0,0,1,0,0,0
CUST102037,1,1,1,0,0,1,0,0,0,0,0,1,0,0
CUST104362,1,1,1,0,1,1,0,0,1,0,1,0,0,0
CUST100772,0,1,1,0,0,0,0,1,0,1,0,0,0,1
CUST101284,0,1,0,0,1,0,0,1,0,0,1,1,0,0
CUST104603,0,1,0,0,0,0,1,0,0,1,0,1,0,0
CUST104794,1,1,1,1,0,1,1,1,0,1,1,0,0,0
CUST101414,0,1,0,1,1,0,0,1,0,1,1,1,0,0
CUST101234,0,1,0,0,0,0,0,0,1,0,0,0,0,0
CUST102699,0,1,0,0,0,0,1,0,0,0,1,0,0,0
CUST100435,0,1,0,0,0,0,0,1,1,0,0,0,0,0
CUST101674,1,1,0,1,0,0,0,0,1,0,0,0,0,0
CUST100365,1,1,1,0,0,0,0,1,0,1,0,0,0,0
CUST102649,1,1,0,0,0,0,0,0,1,0,0,0,0,0
CUST100231,1,1,1,0,0,1,0,0,1,1,1,1,0,0
CUST104267,0,1,0,0,0,0,0,0,0,0,1,0,0,0
CUST104041,1,1,1,1,0,0,0,0,0,0,1,1,1,1
CUST104399,1,1,1,0,0,0,0,0,1,0,0,0,0,1
CUST100407,1,1,1,0,1,0,0,0,0,0,1,0,0,0
CUST102090,1,1,1,0,1,1,0,0,0,0,1,0,0,0
CUST100086,0,1,0,0,0,0,1,0,0,1,0,0,1,1
CUST100844,0,1,0,0,0,0,0,0,0,0,1,0,0,0
CUST101031,1,1,1,0,1,0,0,0,1,0,1,0,1,1
CUST102855,0,1,1,0,1,1,0,1,0,1,1,1,0,1
CUST104109,1,1,1,1,0,0,0,1,0,0,0,0,0,0
CUST104396,0,1,0,0,0,0,0,0,1,0,0,1,0,0
CUST103893,1,1,1,0,0,0,1,0,0,0,1,0,0,0
CUST102658,0,1,0,1,0,0,0,0,1,0,0,0,0,0
CUST100855,0,1,0,1,0,0,0,1,0,0,0,0,0,0
CUST100078,1,1,1,0,0,0,0,0,0,0,0,0,0,1
CUST102247,1,1,1,0,0,1,0,0,0,1,0,0,0,0
CUST104570,1,1,0,0,0,0,1,0,0,0,0,0,0,0
CUST103656,0,1,1,0,0,0,0,0,1,0,0,0,0,0
CUST104151,0,0,0,0,0,1,0,0,0,0,1,0,0,0
CUST103378,1,1,0,0,0,0,0,0,1,0,1,0,0,0
CUST102279,0,1,1,0,0,0,0,1,1,0,0,0,0,0
CUST102598,0,1,1,0,1,1,1,0,0,0,1,0,0,0
CUST104159,1,1,1,0,0,1,1,0,1,0,0,0,1,1
CUST103870,1,1,1,1,0,0,0,1,0,0,0,0,0,1
CUST103428,0,1,0,0,0,1,0,1,0,1,1,1,0,0
CUST102176,0,1,0,0,0,0,0,0,1,0,1,0,0,0
CUST100424,0,1,0,0,0,1,0,0,1,1,0,0,0,0
CUST100392,1,1,0,0,0,0,1,1,0,0,0,1,1,1
CUST104726,1,1,1,0,0,0,0,0,1,0,0,0,0,0
CUST103693,1,1,1,0,0,0,0,1,1,1,1,1,0,0
CUST100104,1,1,0,0,0,1,0,0,0,0,0,0,0,0
CUST103994,0,1,1,1,0,0,0,0,0,0,1,0,1,1
CUST104412,1,0,1,0,0,0,0,0,0,0,0,0,0,1
CUST101948,0,1,1,1,0,0,0,0,0,0,1,0,0,0
CUST101459,0,0,0,0,0,0,0,0,0,0,0,0,0,0
CUST103257,0,1,0,0,0,0,0,1,0,0,0,0,0,0
CUST102803,0,1,1,0,0,0,1,0,0,1,1,1,1,1
CUST102706,0,0,0,0,0,0,0,0,0,0,0,0,0,0
CUST104789,0,1,1,0,0,1,1,0,1,1,0,0,1,1
CUST101587,1,1,1,0,1,0,0,1,1,1,1,1,0,0
CUST103659,0,1,1,1,0,1,0,0,1,1,1,1,0,1
CUST101731,0,0,0,0,0,0,0,0,0,0,0,0,0,0
CUST104764,0,1,0,0,0,0,0,0,0,0,1,0,1,1
CUST104224,1,1,1,1,0,0,0,0,1,0,1,1,0,0
CUST103681,0,1,0,0,1,0,0,0,0,0,1,0,0,0
CUST101791,1,1,1,0,0,0,0,0,0,0,1,0,0,0
CUST102355,0,1,1,0,0,1,0,1,0,0,1,0,0,1
CUST101940,1,1,1,0,0,0,0,0,1,0,0,0,1,0
CUST100702,0,1,0,0,1,0,0,1,0,0,0,0,1,1
CUST102442,0,1,0,1,0,1,0,1,0,0,0,0,0,0
CUST104375,1,1,0,0,0,0,0,1,1,0,0,1,0,0
CUST100496,1,1,1,0,1,1,1,0,0,0,1,0,0,1
CUST100464,0,0,0,0,0,0,0,1,0,0,0,0,0,0
CUST104071,1,1,0,0,1,0,0,0,0,0,1,1,0,0
CUST104333,0,1,0,0,0,1,1,1,0,0,1,0,0,0
CUST100172,1,1,1,0,0,0,0,0,1,0,0,0,1,0
CUST104943,0,1,1,0,0,0,0,0,1,0,0,0,0,0
CUST104796,0,1,0,0,0,0,0,0,0,0,1,0,0,0
CUST102540,1,1,0,0,0,0,0,0,0,0,0,0,0,0
CUST103262,0,1,0,1,0,1,0,1,0,1,1,0,1,0
CUST104680,0,1,1,1,0,0,0,0,0,0,1,0,1,1
CUST102260,1,1,0,0,0,0,1,0,1,1,0,1,0,0
CUST102112,0,1,0,0,0,0,0,0,0,0,1,1,0,0
CUST100900,0,0,0,0,1,0,1,0,0,0,1,0,0,0
CUST101446,0,1,0,0,0,0,0,0,0,0,1,0,0,0
CUST103573,1,1,1,1,0,0,1,0,0,0,0,0,0,0
CUST100741,0,1,0,0,0,0,1,1,0,0,0,0,1,0
CUST102293,0,1,0,0,1,0,0,0,1,0,1,0,0,0
CUST102452,0,0,0,0,0,0,1,0,1,1,0,0,0,0
CUST102622,0,1,0,0,0,0,0,0,0,0,0,0,0,0
CUST104078,0,1,0,0,0,0,0,0,1,0,1,0,0,0
CUST101206,0,1,0,0,0,1,0,1,0,0,0,0,0,0
CUST100509,1,1,0,1,0,0,0,0,1,1,0,1,0,0
CUST102620,0,1,0,1,0,0,1,0,1,1,0,0,0,0
CUST102802,1,1,1,0,0,0,0,0,0,0,1,0,0,1
CUST103313,0,1,0,0,0,0,0,1,0,1,0,0,0,0
CUST101549,1,1,1,0,0,0,0,1,1,0,0,0,0,1
CUST104563,1,1,1,1,1,0,0,0,0,1,1,1,0,1
CUST102202,0,1,1,0,1,0,0,1,0,0,1,0,1,0
CUST102566,0,1,0,0,0,0,0,0,0,1,1,0,0,0
CUST103892,0,1,0,1,0,0,0,0,0,1,0,1,0,0
CUST102044,1,1,1,0,1,0,1,0,0,1,1,1,0,1
CUST100767,0,1,0,0,0,0,0,0,1,0,0,0,0,0
CUST104872,0,1,0,0,1,0,0,1,1,0,1,0,0,0
CUST103738,1,1,1,1,1,0,0,0,1,0,1,0,1,1
CUST100421,0,1,1,0,1,0,0,0,0,0,1,0,0,0
CUST100123,1,1,1,0,0,1,0,0,0,1,0,1,0,0
CUST104162,0,1,0,0,0,1,0,1,1,0,1,0,0,1
CUST102628,1,1,1,1,0,0,0,1,1,0,0,0,0,0
CUST100819,0,1,0,1,0,0,1,1,0,1,0,0,0,0
CUST101403,0,1,0,0,0,0,0,0,1,0,0,0,0,0
CUST101382,0,0,0,0,0,0,1,0,1,0,0,0,0,0
CUST102148,0,1,0,1,0,0,0,1,0,0,1,0,1,1
CUST101575,0,1,0,0,0,0,0,0,0,0,0,0,0,0
CUST101638,0,1,0,0,0,0,1,1,1,1,1,1,0,0
CUST101795,0,1,1,0,0,0,1,0,0,0,0,0,0,0
CUST104815,1,1,1,0,0,0,1,1,1,0,1,0,0,0
CUST100399,1,1,1,0,0,0,0,0,1,0,0,0,0,0
CUST102310,0,1,0,1,0,0,1,0,0,0,0,0,0,0
CUST100882,0,1,0,1,0,0,0,1,0,0,0,0,0,1
CUST104973,1,1,1,0,0,0,0,0,0,0,0,0,0,0
CUST102897,0,1,0,1,1,0,0,0,1,0,1,0,0,0
CUST101352,0,1,0,0,0,0,0,0,0,0,1,0,1,0
CUST102742,1,0,0,0,0,0,0,0,1,0,1,0,0,0
CUST104550,0,1,0,0,0,0,0,0,0,0,0,0,0,0
CUST102130,0,1,0,0,0,1,0,0,0,0,0,0,0,0
CUST100982,0,1,0,0,1,1,1,0,1,0,1,0,0,0
CUST100456,1,1,1,0,0,1,0,0,1,1,0,0,0,0
CUST104119,0,0,0,0,0,0,0,0,1,0,1,0,0,0
CUST101079,1,1,0,0,0,0,0,1,0,1,1,1,0,0
CUST101950,1,1,1,0,0,0,0,1,0,0,0,0,0,0
CUST104314,1,1,1,0,0,0,0,0,1,0,0,1,1,1
CUST100689,1,1,0,1,0,0,0,0,0,0,0,0,0,0
CUST102429,0,1,0,0,0,0,0,1,1,0,0,0,1,0
CUST100641,1,1,1,0,1,0,0,0,0,0,1,0,1,0
CUST102392,1,1,1,0,1,0,0,0,0,0,1,0,0,0
CUST101953,1,1,0,0,0,0,1,1,1,0,1,0,0,0
CUST102748,1,1,1,1,0,0,0,1,1,0,0,0,1,1
CUST104313,0,1,0,1,0,1,0,0,0,0,0,0,0,0
CUST103435,0,1,0,0,0,0,0,0,0,1,1,0,0,0
CUST103336,0,0,0,0,0,0,0,0,0,0,0,0,0,0
CUST104766,0,1,0,0,0,1,0,1,0,0,0,0,1,0
CUST103370,0,1,0,0,0,0,0,1,0,1,1,1,0,0
CUST101884,0,1,0,1,0,1,0,1,0,0,1,0,0,0
CUST100389,1,1,1,0,0,0,0,0,0,0,1,0,0,0
CUST102494,1,1,0,0,0,0,0,1,1,0,0,0,0,0
CUST103878,0,1,0,0,1,1,1,1,1,0,1,0,0,0
CUST103856,0,1,0,0,0,0,0,1,1,1,0,1,0,0
CUST100845,0,1,0,0,0,0,1,0,0,0,1,0,1,0
CUST100542,0,0,0,0,0,0,1,0,1,0,0,0,0,0
CUST100091,1,0,1,0,0,0,0,0,1,0,0,0,0,1
CUST103889,1,1,1,0,1,1,1,1,0,0,1,0,1,1
CUST101979,0,1,0,0,0,0,1,1,0,1,1,0,1,0
CUST102812,1,1,0,0,0,0,0,1,0,0,0,1,0,0
CUST104082,0,1,1,1,0,1,0,0,1,1,0,0,0,1
CUST102902,0,1,1,0,1,1,0,0,0,0,1,1,0,0
CUST102529,0,1,0,0,1,0,0,0,0,1,1,1,0,0
CUST101676,1,1,1,0,0,0,0,0,0,0,1,0,1,1
CUST101048,0,0,0,0,0,0,0,0,0,0,1,0,0,0
CUST101960,1,1,1,1,0,1,0,0,0,0,0,0,0,0
CUST102530,1,1,1,0,0,0,0,0,1,0,1,0,1,1
CUST103992,0,1,0,0,0,0,0,1,0,1,0,0,0,0
CUST100237,0,1,1,0,1,1,0,1,0,1,1,1,0,0
CUST103097,0,1,0,0,0,0,0,0,0,0,0,0,0,0
CUST103488,0,1,0,1,0,0,0,0,0,0,0,0,0,0
CUST101133,1,1,1,0,0,0,0,0,1,0,1,0,0,0
CUST101805,1,0,0,1,0,0,1,0,0,0,0,0,0,0
CUST104317,1,1,1,1,0,1,0,0,1,0,0,1,0,0
CUST100163,0,1,0,0,0,0,0,1,0,0,0,0,0,0
CUST103492,0,1,0,0,1,0,0,0,1,0,1,0,0,0
CUST104709,0,1,0,0,1,1,0,1,0,1,1,0,0,0
CUST104630,1,1,1,1,0,0,0,0,1,1,0,1,1,1
CUST103453,1,1,0,1,0,1,0,0,1,1,1,1,0,0
CUST103199,0,0,0,0,0,0,0,0,0,0,0,0,0,0
CUST103634,0,1,0,0,1,0,0,0,0,0,1,0,0,0
CUST103939,1,1,1,1,0,1,0,0,1,1,0,0,0,0
CUST101811,1,1,1,0,0,1,0,0,0,0,1,0,0,1
CUST103649,1,1,0,0,1,0,1,0,1,0,1,0,0,0
CUST104049,0,1,0,0,1,0,0,1,0,0,1,0,0,0
CUST101428,1,1,0,0,1,0,0,1,0,0,1,0,0,0
CUST103613,1,1,1,0,1,0,0,1,0,0,1,0,0,0
CUST103131,0,0,0,0,0,0,1,0,0,0,0,1,0,0
CUST103396,0,1,1,1,0,0,1,0,1,1,0,1,0,1
CUST104460,0,1,0,0,0,0,0,0,0,0,0,0,0,0
CUST104649,0,1,1,0,0,0,1,1,0,1,1,0,0,1
CUST102820,0,0,0,1,1,0,0,0,0,0,1,0,0,0
CUST101452,0,0,0,1,0,0,1,0,1,0,0,0,0,0
CUST100593,0,1,0,0,0,0,1,0,0,1,0,0,0,0
CUST100041,1,1,1,1,0,0,0,0,1,0,0,0,0,1
CUST100560,0,1,0,0,1,1,0,1,0,0,0,0,0,0
CUST103273,1,1,1,0,0,0,0,1,0,0,1,1,0,1
CUST103244,0,1,0,1,0,0,0,1,0,0,0,0,0,0
CUST100243,0,1,0,0,0,0,0,1,0,1,0,0,0,0
CUST101339,1,1,1,0,1,0,0,0,0,0,0,0,0,0
CUST102780,1,1,1,0,1,0,1,1,0,0,1,0,0,0
CUST103187,1,1,1,0,0,0,0,0,0,0,0,0,0,0
CUST103799,0,1,0,0,0,0,1,0,0,0,1,0,0,0
CUST101442,1,1,1,1,0,0,0,0,0,0,0,0,0,1
CUST100261,0,1,1,1,1,0,1,0,1,0,0,0,0,0
CUST102764,1,1,1,0,0,1,0,0,0,0,0,0,0,0
CUST101689,1,1,1,0,0,1,0,1,0,0,0,0,0,0
CUST101725,0,1,0,0,0,0,0,0,0,0,0,0,0,0
CUST104792,0,1,0,0,0,0,0,0,0,0,0,0,0,0
CUST100834,1,1,1,0,0,0,0,1,0,0,1,0,0,0
CUST101866,1,1,1,0,0,0,0,1,1,0,0,1,0,0
CUST102496,0,1,0,0,0,0,0,0,1,0,0,0,0,0
CUST102010,1,1,1,1,0,1,0,0,0,0,1,0,0,0
CUST100340,0,1,0,0,0,0,1,1,0,0,0,1,0,0
CUST102988,0,1,1,0,1,0,0,1,0,1,1,0,0,0
CUST101601,0,1,0,0,0,0,0,0,0,0,0,0,0,0
CUST103875,0,0,0,0,0,0,0,0,1,0,0,0,0,0
CUST104694,0,1,1,0,1,1,0,1,0,0,1,0,0,1
CUST100480,1,0,1,0,0,0,0,0,1,1,0,0,0,1
CUST102825,1,1,0,0,1,0,0,0,1,1,0,0,0,0
CUST104329,1,1,1,1,0,0,0,1,1,0,0,1,0,0
CUST103540,1,1,1,0,1,1,0,0,1,0,0,0,1,0
CUST104638,0,0,0,0,0,0,0,0,0,0,0,0,0,0
CUST103046,1,0,0,1,0,0,0,1,0,0,0,0,0,0
CUST103990,1,1,1,0,0,0,0,0,1,0,0,0,0,0
CUST101766,0,1,0,1,0,0,1,0,0,0,0,0,0,0
CUST104473,0,1,0,0,1,0,0,1,1,0,1,0,0,0
CUST102453,1,1,1,0,0,1,0,0,1,0,0,0,0,0
CUST102877,1,1,1,0,1,0,0,1,0,0,1,0,0,0
CUST103815,0,1,0,0,0,0,0,1,1,0,1,0,0,0
CUST104016,0,1,0,0,0,0,0,0,1,0,0,0,0,0
CUST104677,1,1,1,0,0,0,0,0,1,0,0,0,0,0
CUST103679,0,1,0,0,1,0,0,0,0,0,1,0,0,0
CUST101271,0,1,0,0,0,1,1,0,0,0,1,0,0,0
CUST103077,0,0,0,0,0,0,0,0,0,0,0,0,0,0
CUST104501,0,1,0,0,0,0,0,0,0,0,0,0,0,0
CUST103094,0,1,0,0,0,0,0,1,0,0,0,0,0,0
CUST104653,1,1,1,1,0,0,0,0,0,0,1,0,1,1
CUST100347,0,1,0,0,1,0,1,1,0,1,1,0,0,0
CUST103881,1,0,1,1,0,1,0,0,0,0,0,0,1,1
CUST104623,0,1,1,1,0,0,0,0,0,0,0,0,0,0
CUST102562,0,1,0,0,0,0,0,0,0,1,0,1,0,0
CUST104590,1,1,1,0,0,0,0,1,1,1,0,1,0,0
CUST101423,0,1,0,1,0,1,0,1,0,1,1,1,0,0
CUST100656,0,1,0,1,0,1,0,0,0,1,0,1,0,0
CUST102102,1,1,1,0,1,0,0,1,0,1,1,1,1,1
CUST100632,0,1,0,0,0,0,0,0,0,0,1,0,0,0
CUST102892,1,1,1,0,0,0,0,1,1,0,1,0,0,0
CUST102493,0,1,0,0,0,0,0,0,0,0,1,0,0,0
CUST102665,1,1,1,0,0,1,0,0,1,0,0,0,0,0
CUST104015,0,1,0,0,0,0,0,0,0,0,1,0,0,0
CUST103662,0,1,0,1,1,1,0,1,0,0,1,0,0,0
CUST103307,0,1,1,1,0,0,1,0,1,0,0,0,1,1
CUST103096,0,1,0,0,0,0,0,0,0,0,0,0,0,0
CUST103919,1,1,1,0,1,0,0,0,0,0,0,0,0,0
CUST102500,0,1,0,0,0,0,0,0,1,1,0,0,0,0
CUST101465,0,1,0,0,0,0,0,0,0,1,0,0,0,0
CUST102833,1,1,1,1,0,0,0,0,1,0,0,0,0,0
CUST100115,1,1,1,0,1,0,0,0,1,1,1,1,1,0
CUST101821,1,1,1,1,0,0,0,0,0,0,0,0,0,0
CUST101494,1,1,1,0,1,1,0,1,1,0,1,1,1,1
CUST102401,1,1,0,0,0,1,1,0,1,0,0,0,0,0
CUST101232,0,1,0,0,0,0,0,0,1,0,0,0,0,0
CUST102661,1,1,1,0,0,1,1,0,0,0,0,0,0,0
CUST104100,0,1,0,0,0,0,0,0,0,0,1,0,0,0
CUST104573,0,1,0,1,1,1,0,0,1,1,1,0,0,0
CUST101153,0,1,1,0,1,1,1,0,0,1,1,0,1,1
CUST103848,0,1,0,1,1,1,0,0,0,1,1,1,0,0
CUST100057,1,1,0,0,0,0,0,1,0,0,0,0,0,0
CUST104104,1,1,0,1,0,0,0,0,0,0,0,0,0,0
CUST104288,1,1,1,0,0,0,0,0,0,0,1,0,0,0
CUST104945,0,0,0,0,0,0,0,0,0,0,0,0,0,0
CUST101735,0,1,1,0,0,0,0,0,1,0,1,0,1,1
CUST102196,0,1,0,0,0,0,0,1,0,0,0,0,0,0
CUST103553,1,0,0,1,0,1,0,0,0,0,0,0,0,0
CUST102475,0,0,0,0,0,0,0,0,1,0,0,0,0,0
CUST102564,0,1,1,1,0,0,1,1,0,0,0,0,0,0
CUST103158,0,1,0,0,0,0,0,1,0,0,0,0,0,0
CUST104034,0,1,1,0,1,0,0,1,0,1,1,0,1,1
CUST103655,1,1,1,0,0,0,1,1,1,0,0,0,1,1
CUST100707,1,1,1,0,1,0,1,1,1,1,1,0,0,1
CUST104280,0,1,0,0,0,1,0,1,0,1,0,1,0,0
CUST101093,0,1,0,0,0,0,0,1,0,0,1,0,0,0
CUST104839,0,1,0,0,0,0,1,1,0,1,0,0,0,0
CUST101376,0,1,0,1,0,0,1,0,0,0,0,0,0,0
CUST104913,1,1,0,0,1,1,0,1,1,0,1,1,0,0
CUST100072,1,1,1,0,1,1,0,1,1,1,1,1,1,1
CUST101922,1,1,1,0,0,0,0,0,0,1,0,1,0,0
CUST103173,1,1,1,1,1,1,0,0,0,1,1,0,0,0
CUST101764,1,1,1,1,0,0,0,0,0,0,0,0,1,1
CUST100743,1,1,1,0,0,1,0,0,0,1,0,0,0,0
CUST104318,0,1,0,0,0,0,0,0,0,0,1,0,0,0
CUST101005,1,1,1,0,0,1,0,0,0,1,0,0,0,0
CUST102668,1,1,1,0,1,1,0,1,1,0,1,0,0,1
CUST101190,0,1,1,0,1,0,0,1,0,1,1,1,0,1
CUST104631,1,0,1,0,1,0,0,1,1,0,1,0,0,0
CUST102601,0,1,1,0,1,0,0,1,0,0,1,0,1,1
CUST101125,1,1,1,1,1,1,0,0,0,0,1,0,0,1
CUST101241,0,1,0,0,0,0,0,0,0,0,1,0,0,0
CUST104606,0,1,0,0,0,0,0,0,0,0,0,0,0,0
CUST104130,0,1,0,1,0,0,0,1,1,0,1,0,0,0
CUST103442,1,1,1,1,0,0,1,0,1,0,0,0,0,0
CUST100998,0,1,0,1,1,0,0,0,0,1,0,1,0,0
CUST103386,0,1,0,0,1,0,1,1,0,1,1,0,0,0
CUST102684,0,1,0,1,0,0,0,0,0,0,0,1,0,1
CUST101577,0,1,0,0,1,0,1,1,1,0,1,0,1,1
CUST104790,0,1,0,0,0,0,1,1,0,1,0,0,0,0
CUST101826,0,0,0,0,0,0,0,1,0,1,1,0,1,0
CUST103292,0,1,0,0,1,0,1,0,0,1,1,1,0,0
CUST104989,0,1,0,0,0,0,0,0,0,0,0,0,0,0
CUST103536,0,1,0,0,0,0,1,0,0,0,0,0,0,0
CUST100440,1,0,0,0,0,0,0,0,1,1,0,1,0,0
CUST104951,0,1,0,0,0,0,1,1,0,0,1,0,0,0
CUST101100,1,0,0,0,0,1,0,0,0,0,0,0,0,0
CUST104010,0,0,0,0,0,0,0,0,0,0,0,0,1,1
CUST103058,0,1,0,0,1,1,0,0,0,0,1,0,0,0
CUST100649,1,1,0,0,0,1,0,1,0,1,1,0,0,0
CUST101546,0,1,0,0,1,0,1,1,0,1,1,0,0,1
CUST104756,0,1,0,0,0,1,0,0,0,0,0,0,0,0
CUST103560,0,1,0,0,0,0,0,1,0,1,0,1,0,0
CUST103886,0,1,1,0,1,0,0,0,1,1,1,1,1,1
CUST103741,0,1,0,0,0,0,1,1,0,1,0,0,0,0
CUST100630,0,1,0,0,0,1,0,0,0,0,0,0,0,0
CUST100672,0,1,1,0,0,0,0,1,0,0,0,0,1,1
CUST101249,0,1,0,0,0,0,0,0,1,0,1,0,0,0
CUST100482,0,0,0,1,0,0,0,1,0,1,0,1,0,0
CUST101584,1,1,1,1,0,0,0,0,0,0,0,0,1,1
CUST103074,0,1,0,0,0,0,0,0,0,0,1,1,0,0
CUST104627,0,1,0,0,0,0,0,0,1,1,0,1,0,0
CUST103038,0,1,0,0,0,0,0,1,0,0,0,0,0,0
CUST101462,1,1,1,0,0,0,0,0,0,1,1,1,0,0
CUST103929,0,1,0,0,0,0,0,0,1,0,1,0,0,0
CUST103621,0,0,0,0,0,0,0,0,0,0,1,0,0,0
CUST102578,1,1,0,0,0,0,0,0,0,1,1,0,0,0
CUST103801,0,1,1,1,1,0,1,1,1,1,1,1,0,1
CUST100049,0,1,1,0,0,0,0,0,0,0,0,0,0,1
CUST104289,0,1,0,0,1,0,0,1,0,1,1,1,1,0
CUST103344,1,1,0,1,0,0,0,0,1,0,1,0,0,0
CUST100858,0,1,1,0,0,0,0,1,1,0,1,0,0,1
CUST101072,0,1,0,0,1,0,0,0,0,0,1,0,0,0
CUST100719,1,1,1,0,1,0,0,1,0,0,1,1,0,0
CUST103717,1,1,1,0,0,0,0,0,1,0,0,0,1,1
CUST102631,0,0,0,0,0,1,0,0,1,1,0,0,0,0
CUST104873,1,1,0,1,0,0,1,1,1,0,0,0,0,0
CUST101660,0,1,0,0,0,0,0,0,1,0,0,0,0,0
CUST101656,1,1,1,0,1,1,0,0,0,1,1,1,0,0
CUST102425,0,1,0,0,0,0,0,0,0,1,1,0,0,0
CUST103524,0,1,0,1,1,1,0,1,0,0,1,0,0,0
CUST104229,1,1,0,1,0,0,0,0,1,0,0,1,0,0
CUST104974,0,1,0,0,1,1,0,1,0,0,0,0,0,0
CUST103309,0,1,0,1,0,0,0,0,0,1,1,1,1,0
CUST104476,1,1,0,0,0,0,1,0,1,0,0,0,0,0
CUST103305,0,1,1,0,0,0,0,0,0,0,0,0,0,0
CUST104751,1,1,1,0,1,0,0,1,1,0,1,0,1,1
CUST104126,0,1,0,0,0,0,0,0,1,0,1,0,1,1
CUST102606,0,1,1,0,0,0,0,0,0,0,1,0,0,0
CUST101385,1,1,1,0,0,0,1,0,0,0,1,0,1,1
CUST103835,1,1,0,0,1,0,0,1,0,1,0,1,0,0
CUST101399,1,1,1,0,1,0,0,1,0,0,0,1,1,1
CUST101195,0,1,0,0,0,0,0,0,0,0,1,0,0,0
CUST101408,1,1,1,0,0,0,0,1,0,1,0,0,0,0
CUST103824,0,1,1,0,0,0,1,0,0,0,1,0,0,1
CUST101798,1,1,0,0,0,0,0,0,0,0,1,0,0,0
CUST101475,0,1,0,0,0,1,0,0,1,0,0,0,0,0
CUST104965,1,1,0,1,0,0,0,0,1,0,0,0,0,0
CUST100035,1,1,0,0,0,1,0,0,0,0,1,0,0,0
CUST103541,1,1,0,0,0,0,0,0,0,0,0,0,1,1
CUST102345,1,1,1,1,0,0,0,0,1,0,0,1,0,0
CUST104678,1,1,0,0,0,1,0,1,0,0,0,1,0,0
CUST102359,0,0,1,0,0,0,0,1,0,0,0,0,0,0
CUST102206,0,1,0,0,0,0,1,1,1,1,1,1,0,0
CUST103767,0,1,0,0,1,1,0,1,0,1,1,0,0,0
CUST101286,1,1,1,0,0,0,1,0,0,1,0,1,0,1
CUST100349,0,1,0,1,0,0,0,0,1,0,1,0,0,0
CUST102137,0,1,1,0,0,0,0,0,0,0,0,0,1,1
CUST102691,1,1,0,0,0,1,0,1,0,1,0,1,0,1
CUST104560,0,1,1,1,1,1,1,0,0,0,1,0,0,0
CUST103967,0,1,1,1,0,0,0,0,0,1,0,0,1,1
CUST101681,0,1,0,1,0,0,1,1,0,0,1,1,0,0
CUST104834,0,1,0,0,0,0,0,1,0,0,0,0,0,0
CUST101443,0,1,0,0,0,0,0,0,0,0,0,0,0,0
CUST103243,1,1,1,0,0,0,0,0,1,0,0,0,0,0
CUST101671,0,1,1,0,0,1,0,0,0,1,1,1,0,1
CUST103836,0,1,0,0,0,0,0,0,1,0,1,0,0,0
CUST101179,1,1,0,0,0,0,0,1,0,0,0,0,1,1
CUST102798,1,1,0,0,1,1,0,0,1,0,1,0,0,0
CUST101692,1,1,1,0,1,1,1,0,1,0,1,0,0,0
CUST103956,0,1,1,0,0,0,0,0,1,1,0,0,0,1
CUST100372,1,1,1,0,1,0,1,0,0,0,1,0,0,1
CUST103610,1,1,0,0,0,0,1,0,0,0,0,0,0,0
CUST101916,1,0,1,0,0,0,0,0,1,0,0,0,0,0
CUST101357,0,1,0,1,0,0,0,0,1,0,0,0,0,1
CUST101825,1,1,1,0,0,0,0,0,0,0,0,1,0,0
CUST100786,0,1,1,1,0,0,0,0,0,0,1,0,0,0
CUST100469,0,1,1,0,0,0,1,0,1,1,1,1,0,1
CUST100140,0,1,0,0,0,0,0,1,1,0,0,0,0,0
CUST100788,0,1,0,1,1,1,0,1,1,1,1,0,0,0
CUST100323,1,1,1,0,0,0,0,0,0,0,0,0,0,0
CUST100050,0,1,0,0,0,0,0,0,1,0,0,0,0,0
CUST100714,1,1,1,0,1,1,0,0,1,0,1,0,0,0
CUST104889,0,1,1,0,1,0,0,0,1,0,1,0,1,1
CUST102840,1,1,1,1,0,0,0,0,0,0,1,1,0,1
CUST102446,0,1,1,0,1,0,0,0,0,1,1,0,0,1
CUST104813,0,0,0,0,0,0,0,0,1,0,0,0,1,1
CUST104419,0,1,0,0,0,0,0,0,1,0,0,0,0,0
CUST104596,0,0,1,0,0,0,1,0,0,0,0,0,0,0
CUST103015,1,1,0,0,0,0,1,0,1,0,0,0,0,0
CUST102666,1,1,0,0,0,1,0,0,1,0,1,0,0,0
CUST100406,1,1,0,0,0,0,0,0,1,0,1,0,0,0
CUST103724,1,1,1,0,0,0,0,1,0,0,1,0,1,1
CUST101004,1,1,1,0,0,0,0,0,1,0,0,0,1,1
CUST103787,1,1,1,0,1,1,0,0,1,1,1,1,0,0
CUST100890,1,1,1,0,1,1,0,0,0,0,1,1,0,0
CUST102411,0,1,0,0,1,1,0,1,0,0,1,0,0,0
CUST102545,0,1,0,1,0,0,0,0,1,0,0,0,0,0
CUST104833,1,1,1,0,1,0,0,0,1,0,1,0,1,1
CUST102390,0,1,0,0,0,0,0,1,0,1,1,1,0,0
CUST103940,0,1,0,0,0,0,0,0,1,0,0,0,0,0
CUST100042,0,1,0,1,0,1,0,0,0,1,0,0,0,0
CUST102830,0,1,0,0,0,0,0,1,1,1,0,0,0,0
CUST103965,0,0,0,0,1,1,0,0,1,0,1,0,0,0
CUST100303,0,0,0,1,0,0,0,0,0,0,0,0,0,0
CUST104513,1,1,0,0,0,0,0,1,1,0,0,0,0,0
CUST103747,0,0,0,0,0,0,0,0,0,0,0,0,0,0
CUST100664,1,1,1,0,1,0,0,0,0,0,1,0,0,1
CUST101177,1,1,1,0,0,0,0,0,1,0,0,0,0,0
CUST102676,0,1,0,0,0,0,1,1,0,0,0,0,0,0
CUST101947,0,1,1,1,0,0,0,1,0,0,0,1,0,0
CUST102501,1,1,1,0,1,1,0,0,1,0,1,0,0,0
CUST101473,1,1,0,0,0,0,0,1,0,0,1,0,0,0
CUST103483,1,1,1,0,1,0,0,0,1,0,1,1,0,0
CUST103520,1,1,1,0,0,0,1,0,1,1,0,0,1,1
CUST102132,0,1,0,0,1,0,0,0,1,0,1,0,0,0
CUST101026,0,1,0,1,1,0,0,0,1,0,1,0,0,0
CUST100961,0,1,1,0,1,1,1,0,0,0,1,0,0,0
CUST102889,0,1,1,0,1,0,0,1,1,1,1,0,1,1
CUST103134,1,1,1,0,1,1,0,1,1,0,1,0,0,0
CUST102009,1,1,0,0,0,0,0,0,0,0,0,0,1,1
CUST102149,0,1,1,0,1,0,0,0,0,1,1,1,1,0
CUST103323,0,1,0,0,1,0,0,1,1,1,1,0,0,0
CUST102338,0,1,0,0,0,0,1,1,0,0,1,0,0,0
CUST103888,0,1,0,0,1,0,0,1,0,1,1,0,0,1
CUST100304,1,1,0,1,0,0,1,0,1,0,1,0,1,0
CUST101440,1,1,1,0,1,1,0,1,0,0,1,0,0,0
CUST101496,0,1,1,0,0,0,1,1,0,1,1,1,1,1
CUST102652,0,1,0,0,1,1,0,0,0,1,1,0,0,0
CUST102875,0,1,0,1,0,1,0,0,0,0,1,0,0,0
CUST100916,0,1,1,0,0,0,0,0,0,0,0,0,1,1
CUST104182,0,1,0,0,0,0,0,0,1,0,0,0,0,0
CUST103721,0,1,0,1,0,0,0,1,1,0,0,0,0,0
CUST102772,1,1,1,1,0,0,0,0,1,0,0,0,0,0
CUST101624,0,1,0,0,0,0,0,0,0,0,1,0,0,0
CUST103837,0,1,0,0,0,0,0,1,0,0,0,0,0,0
CUST100821,0,1,0,1,0,0,0,0,1,0,0,0,0,0
CUST103964,1,1,1,0,0,0,0,0,1,1,0,1,1,1
CUST101354,0,1,0,0,0,1,0,0,1,0,0,0,0,0
CUST104497,0,1,0,0,0,0,0,0,0,1,1,1,0,0
CUST100850,0,1,0,1,1,0,0,0,0,1,1,1,1,1
CUST101000,1,1,1,0,1,1,0,0,0,0,1,1,1,1
CUST103377,0,1,0,0,0,1,0,1,0,0,1,0,0,0
CUST100018,1,1,1,1,0,0,0,1,1,0,0,0,0,0
CUST101637,1,1,0,0,0,0,0,0,0,0,0,0,0,0
CUST101667,1,1,1,0,1,0,0,1,0,0,1,0,0,0
CUST100493,0,1,0,0,0,0,0,1,0,0,0,0,0,0
CUST101347,1,0,1,0,1,1,0,0,1,0,1,0,0,0
CUST103727,0,1,0,1,0,0,0,1,0,0,0,0,0,0
CUST104825,0,1,0,0,0,0,0,1,0,0,1,0,0,0
CUST103614,0,1,0,0,0,0,0,0,0,0,1,0,0,0
CUST103481,0,0,0,0,1,1,0,1,1,1,1,1,0,0
CUST100687,0,1,0,1,0,0,0,0,0,1,0,1,1,0
CUST103731,0,1,0,0,0,0,0,0,0,0,0,0,0,0
CUST101608,0,1,0,0,0,0,1,0,0,0,0,0,0,0
CUST104084,1,1,1,0,1,0,0,1,1,0,1,0,1,1
CUST103402,1,1,0,1,0,0,0,0,1,0,0,0,0,0
CUST101009,0,1,1,0,0,0,0,0,1,1,0,0,0,0
CUST102408,1,1,1,1,1,0,0,0,0,0,1,0,0,1
CUST101092,0,1,1,0,1,1,0,1,1,0,1,0,0,1
CUST101327,0,0,1,0,1,0,0,0,0,0,1,0,1,1
CUST101677,1,1,1,0,1,0,0,1,0,1,1,0,0,0
CUST101999,1,1,1,0,0,0,0,0,1,0,0,1,1,0
CUST101310,1,1,0,0,0,0,0,1,0,0,0,0,0,0
CUST103258,0,1,1,0,0,0,1,0,0,0,0,0,0,1
CUST101987,1,1,1,0,0,0,0,0,1,1,0,0,0,0
CUST103648,0,1,1,0,1,0,0,0,1,1,1,1,0,1
CUST100344,0,1,1,1,0,0,1,0,0,0,0,0,1,1
CUST104482,0,1,0,1,1,0,0,1,1,1,1,1,1,0
CUST100986,1,1,1,0,0,0,1,0,0,0,0,1,0,0
CUST104544,1,1,0,0,0,1,0,0,0,0,0,0,0,0
CUST103807,0,1,0,0,0,0,0,0,0,0,0,1,1,0
CUST104523,0,1,0,0,1,0,1,1,0,1,1,0,0,0
CUST104002,0,0,0,0,0,0,0,0,0,0,0,0,0,0
CUST103091,1,1,0,0,0,0,0,0,0,0,0,0,0,0
CUST103961,1,1,0,0,0,0,0,0,0,0,0,0,0,0
CUST101142,1,1,1,1,0,0,0,0,1,0,0,0,0,0
CUST102358,0,1,0,0,0,0,0,0,0,0,1,0,0,0
CUST101198,0,1,0,0,1,0,0,1,0,1,1,0,0,0
CUST100085,0,1,0,0,0,0,0,0,0,0,1,0,1,1
CUST101518,0,1,0,0,0,0,0,0,0,0,0,1,0,0
CUST100516,1,1,1,0,0,1,0,1,0,0,0,0,0,0
CUST101381,0,1,0,0,0,0,0,1,0,0,0,0,0,0
CUST102716,1,1,1,0,0,1,0,1,0,0,0,0,1,1
CUST103084,0,1,0,0,1,0,0,0,0,0,0,0,0,0
CUST101014,0,1,0,0,1,1,0,0,0,0,1,0,0,0
CUST100128,0,1,0,0,1,0,0,1,1,1,0,0,0,0
CUST101364,0,1,0,0,0,0,0,0,0,0,0,1,0,0
CUST103623,1,1,1,0,0,1,0,0,1,1,1,0,0,0
CUST104970,1,1,1,0,1,0,0,0,1,1,0,0,0,0
CUST100891,0,1,0,0,0,0,1,0,0,1,1,1,0,0
CUST102793,1,1,1,0,1,0,0,0,0,0,1,0,0,0
CUST104238,1,1,0,1,1,1,0,0,0,1,1,0,1,0
CUST101359,0,1,1,0,0,1,0,0,1,1,0,0,0,0
CUST100307,0,1,0,0,1,1,1,1,0,1,0,0,0,0
CUST101661,0,1,0,0,0,0,0,0,1,0,1,0,0,0
CUST102431,0,1,0,0,0,0,0,0,0,0,0,0,0,0
CUST103934,1,1,1,0,0,1,0,0,0,0,0,0,0,1
CUST101317,1,1,1,0,1,0,0,1,0,0,0,0,1,1
CUST104303,0,1,1,0,0,0,0,0,1,0,0,0,0,0
CUST102474,1,0,1,0,1,0,0,0,1,0,1,0,0,0
CUST102542,1,0,1,1,0,0,0,0,0,0,0,1,1,1
CUST101246,0,0,0,1,0,0,1,0,0,0,0,0,1,0
CUST101208,0,1,0,0,1,0,0,1,0,1,1,1,1,1
CUST100216,1,1,1,0,0,1,0,1,0,1,0,1,1,1
CUST104292,1,1,1,0,0,0,0,1,0,1,0,1,0,0
CUST103062,1,1,1,1,0,0,1,1,1,0,0,0,1,0
CUST101239,0,1,0,0,0,0,0,0,0,0,1,0,0,1
CUST102289,0,1,0,0,0,0,0,1,0,0,0,0,0,0
CUST102740,0,1,0,0,0,0,1,1,1,1,0,0,0,0
CUST100275,0,1,0,1,0,0,1,0,0,1,1,1,0,0
CUST100489,0,0,0,0,0,0,0,0,1,0,0,0,0,0
CUST101035,1,0,1,0,0,1,0,0,1,0,1,0,0,0
CUST101229,0,1,0,0,1,0,0,0,1,0,0,1,1,1
CUST104585,0,1,0,0,0,1,0,1,1,0,0,0,0,0
CUST101008,1,1,1,0,0,0,0,0,0,0,0,1,0,0
CUST104689,0,1,1,0,0,0,0,1,1,1,0,1,1,1
CUST104026,0,1,0,1,0,0,0,0,1,1,0,0,0,0
CUST103182,1,1,0,0,0,0,0,0,1,1,0,0,0,0
CUST102532,0,0,1,0,0,0,0,0,0,0,1,0,1,1
CUST104169,0,1,0,0,1,0,0,0,0,1,1,0,0,0
CUST101058,1,1,1,0,1,0,0,0,0,1,1,1,0,0
CUST102166,0,1,0,0,0,0,0,0,0,1,0,0,0,0
CUST104578,1,1,1,0,0,0,0,0,0,0,0,0,0,1
CUST100281,1,0,0,0,0,0,0,0,0,0,0,0,0,0
CUST103565,1,1,0,0,0,1,0,1,0,0,0,0,1,1
CUST101316,1,1,0,0,0,1,0,0,0,0,1,0,0,0
CUST104978,1,1,1,0,1,0,0,0,0,0,1,0,0,0
CUST100968,1,1,1,1,0,0,0,0,1,0,1,0,0,1
CUST103126,0,1,1,0,0,1,0,1,0,1,0,1,0,0
CUST103920,0,1,1,0,1,1,1,1,0,0,1,1,0,1
CUST103166,0,1,0,0,0,0,0,0,0,1,1,0,0,0
CUST103519,0,1,0,0,1,0,0,1,1,1,1,1,0,0
CUST100619,0,1,0,1,0,0,0,1,1,1,1,1,0,0
CUST103346,0,1,0,0,0,0,0,0,1,0,1,0,0,0
CUST101742,1,1,1,1,0,0,1,0,1,0,0,0,0,0
CUST101390,0,1,0,0,0,0,0,1,1,0,0,0,0,0
CUST104050,0,0,0,0,0,0,0,1,0,0,0,0,0,0
CUST101847,0,1,0,0,0,0,0,0,0,0,1,0,0,0
CUST101579,0,0,0,1,0,0,1,0,0,1,0,1,0,0
CUST101655,0,1,1,0,1,1,0,1,0,1,1,1,0,0
CUST102352,1,1,1,0,1,0,0,0,1,0,0,0,0,0
CUST102212,1,1,1,0,0,0,0,1,1,0,0,0,0,0
CUST102020,0,1,0,0,0,0,0,0,1,0,0,0,0,0
CUST104972,0,1,1,0,1,0,0,1,0,1,1,0,1,1
CUST101956,0,1,0,0,0,0,0,1,1,0,1,0,0,0
CUST101307,0,1,0,0,0,0,0,0,1,0,0,0,1,0
CUST102003,0,1,0,0,0,0,0,0,0,0,0,0,0,0
CUST104455,0,1,0,1,0,0,0,0,0,0,0,0,0,0
CUST100575,0,1,0,0,0,0,0,0,0,0,0,0,0,0
CUST104089,1,1,1,0,0,0,0,0,1,1,0,1,0,1
CUST104319,1,1,1,0,1,0,0,0,1,0,1,0,0,1
CUST104436,1,1,1,0,0,0,1,0,0,1,0,1,1,0
CUST101706,0,1,0,0,0,0,1,1,0,0,0,0,0,0
CUST103742,0,1,0,1,0,1,0,0,1,1,1,1,0,0
CUST103470,0,1,0,0,0,0,0,0,0,0,1,0,0,0
CUST101280,1,1,0,1,0,0,0,0,0,1,0,0,0,0
CUST100861,1,1,1,1,0,0,0,0,0,0,0,0,1,1
CUST104145,0,1,0,0,0,0,0,1,0,0,0,0,1,0
CUST101801,1,0,1,1,0,0,0,0,1,1,1,0,0,0
CUST101628,0,1,1,0,1,0,0,1,0,0,1,0,0,0
CUST101993,1,1,0,0,0,0,0,1,1,0,0,0,0,0
CUST102639,0,1,0,0,1,0,0,1,0,0,1,0,0,0
CUST100269,0,0,0,1,0,0,0,0,0,0,1,0,0,0
CUST100629,1,1,1,0,1,0,1,0,1,1,1,1,0,1
CUST103081,0,1,1,1,0,0,1,0,0,0,0,0,1,1
CUST102334,1,1,1,0,0,0,0,0,0,1,0,0,1,1
CUST102966,0,1,0,0,0,0,0,1,0,0,0,0,0,0
CUST100300,1,1,0,0,1,1,0,0,1,0,1,0,0,0
CUST100459,1,1,0,0,0,0,0,0,0,0,0,0,0,0
CUST101447,0,1,1,1,0,0,1,1,0,0,0,0,0,1
CUST101472,0,1,0,0,1,0,0,0,1,0,1,0,0,0
CUST102046,0,1,0,1,0,1,0,0,0,1,0,0,1,0
CUST104228,0,1,0,0,0,0,0,0,0,0,0,0,0,0
CUST103764,1,1,1,1,0,0,0,0,1,0,0,0,0,0
CUST102113,0,1,0,1,1,0,1,0,0,0,1,0,0,0
CUST100027,0,1,0,1,0,0,0,0,0,1,0,1,0,0
CUST103839,0,1,0,1,0,0,0,0,1,0,0,0,0,0
CUST104522,0,1,0,0,0,1,0,0,1,0,1,0,0,1
CUST100837,0,1,0,0,0,0,0,0,0,0,1,0,0,0
CUST103826,1,1,0,0,0,0,0,0,0,0,1,0,0,0
CUST102008,0,1,0,1,0,0,1,0,0,0,0,0,0,0
CUST104907,0,0,0,0,1,1,0,1,0,1,1,1,0,0
CUST100503,0,1,0,0,0,0,1,0,0,0,1,0,0,0
CUST103206,0,1,0,0,0,0,0,1,0,0,1,0,1,0
CUST104304,0,1,1,0,1,1,0,0,0,1,1,0,0,1
CUST100380,1,1,0,0,1,0,0,0,1,0,0,0,0,0
CUST101851,0,1,0,0,0,0,0,0,1,0,1,0,0,0
CUST101525,0,1,1,1,0,0,0,0,0,1,0,0,0,1
CUST102365,0,1,0,0,0,0,0,0,0,0,0,0,0,0
CUST104147,0,1,0,0,0,0,0,1,0,0,1,0,1,0
CUST103052,0,1,0,0,1,0,0,1,0,0,1,0,0,0
CUST102884,1,1,1,0,0,1,0,0,1,1,0,1,0,0
CUST102340,1,1,0,1,0,0,0,1,0,0,0,1,0,0
CUST100374,0,1,0,0,0,0,0,1,1,1,1,0,0,0
CUST103260,1,1,1,0,1,0,1,0,1,0,1,0,1,1
CUST102381,0,1,0,0,0,1,0,1,0,0,0,0,0,0
CUST104309,1,1,1,1,0,1,0,0,0,0,1,0,0,0
CUST100939,1,1,1,0,1,0,0,0,0,0,1,0,0,1
CUST104198,1,1,1,1,0,0,0,0,0,0,0,0,0,0
CUST104165,0,1,0,1,0,0,0,0,1,0,0,0,0,0
CUST102799,1,1,0,0,0,0,0,1,1,0,1,0,0,0
CUST102147,0,1,0,0,0,0,0,1,1,1,1,0,0,0
CUST103817,0,1,0,0,0,1,0,0,1,0,0,0,0,0
CUST104540,1,1,0,0,0,0,0,0,0,0,0,0,0,0
CUST104216,0,1,0,0,0,0,0,0,0,0,1,0,0,0
CUST102068,1,1,1,0,0,1,0,0,0,0,1,0,0,0
CUST100529,0,1,0,0,0,0,1,1,0,0,0,0,0,0
CUST104604,1,1,1,0,0,0,0,0,0,0,0,0,0,0
CUST100636,1,1,1,0,1,0,0,0,0,0,1,0,0,0
CUST101269,1,1,1,1,0,0,0,0,0,1,0,1,0,0
CUST100185,0,1,0,1,0,0,0,1,0,0,1,0,0,0
CUST104349,1,1,1,1,0,0,0,0,0,0,0,0,0,1
CUST103179,1,1,0,0,0,0,0,0,0,0,1,0,0,0
CUST103454,1,1,0,0,0,0,0,1,1,0,0,0,0,0
CUST101797,1,1,0,0,0,0,0,0,1,0,1,0,0,0
CUST102979,0,1,0,0,0,1,1,1,1,1,1,0,1,0
CUST101441,0,1,0,0,0,0,1,1,0,1,1,1,0,0
CUST103427,0,1,0,0,0,0,0,1,1,0,1,0,0,0
CUST104874,0,1,1,0,0,0,0,0,1,0,0,0,0,0
CUST101535,0,1,1,0,0,1,1,0,0,0,1,1,0,1
CUST103443,0,1,0,0,0,1,0,1,0,0,0,0,0,1
CUST101273,1,1,1,0,0,0,0,0,0,0,1,0,0,0
CUST102467,0,1,0,0,0,0,0,1,0,1,1,0,0,0
CUST100607,1,1,0,0,0,0,0,1,0,0,1,1,0,0
CUST103513,0,1,0,0,0,0,0,0,1,1,1,0,0,0
CUST101712,0,1,0,0,0,0,1,0,0,0,0,0,1,1
CUST102199,0,1,1,0,1,0,0,1,1,1,1,0,1,1
CUST100955,0,1,0,1,0,0,0,0,0,1,0,0,0,0
CUST102579,1,1,1,1,0,0,0,0,1,1,0,0,0,0
CUST103897,1,1,1,0,0,0,0,0,0,0,0,0,0,0
CUST104425,0,1,0,0,1,0,0,0,1,0,0,0,0,0
CUST103380,0,1,0,0,0,0,0,1,0,0,0,0,0,0
CUST103685,1,1,1,1,0,0,1,0,0,1,0,1,0,0
CUST100403,0,1,0,0,1,0,0,1,0,0,1,0,0,0
CUST102071,0,1,0,0,1,0,1,0,1,1,1,1,0,0
CUST104755,1,1,1,0,0,0,0,0,1,0,1,0,0,1
CUST101977,0,1,1,0,1,1,0,1,0,1,1,0,1,0
CUST100158,0,1,1,0,0,0,0,0,0,1,0,0,0,1
CUST101748,0,1,1,0,0,1,0,1,1,1,1,0,1,1
CUST102909,0,1,1,1,0,0,0,0,0,1,1,1,1,1
CUST103534,0,1,0,1,1,1,0,1,0,1,1,0,0,0
CUST100902,0,1,0,0,0,0,0,0,1,0,0,0,0,0
CUST100352,0,1,1,0,0,1,0,1,0,1,0,1,0,0
CUST101230,0,0,0,0,0,0,0,0,0,0,0,0,0,0
CUST104670,0,1,0,1,0,0,0,1,1,1,0,1,0,0
CUST102140,0,1,0,1,0,0,0,1,0,0,0,0,0,0
CUST100444,0,1,1,1,0,1,0,0,0,1,0,0,0,0
CUST104948,1,1,1,0,0,0,1,0,1,0,0,0,0,0
CUST100754,1,1,1,0,0,0,1,0,1,1,0,1,0,0
CUST101737,0,1,1,1,0,1,1,1,0,0,0,0,0,0
CUST102971,1,1,1,0,0,0,0,0,0,0,0,0,1,1
CUST104979,0,1,0,0,0,1,0,0,1,0,1,0,0,0
CUST102920,1,1,0,0,0,1,1,0,0,0,0,0,0,0
CUST100311,1,1,1,0,0,0,0,1,1,0,0,1,0,0
CUST100548,1,1,1,0,0,0,1,0,0,0,0,0,1,1
CUST104052,0,1,0,1,1,0,0,1,0,0,1,0,1,0
CUST104761,1,1,0,0,0,0,0,1,0,0,0,0,0,0
CUST101989,0,1,1,0,0,0,0,0,0,0,1,0,1,1
CUST100306,0,1,1,1,0,1,0,0,0,1,1,1,0,1
CUST102335,0,1,0,1,0,0,1,0,1,0,0,0,0,0
CUST100694,0,1,0,0,0,1,0,0,0,0,0,0,0,0
CUST102356,1,1,1,0,1,1,0,0,0,1,1,1,0,1
CUST101927,1,1,1,1,1,1,0,0,1,1,0,1,0,1
CUST100684,0,1,0,0,0,1,0,0,0,1,0,0,0,0
CUST100749,0,1,0,1,0,0,0,1,0,0,1,0,0,0
CUST104008,0,1,0,0,0,0,0,0,0,1,0,1,0,0
CUST101266,0,0,0,0,0,0,0,0,0,0,1,0,0,0
CUST103285,1,1,1,0,1,0,0,0,0,1,1,1,1,1
CUST103529,0,1,0,0,0,0,0,1,0,1,1,1,0,0
CUST104423,0,1,0,0,1,0,0,1,0,0,1,0,0,0
CUST103984,1,1,1,0,0,1,0,1,1,0,1,0,0,0
CUST103083,0,1,0,1,0,1,0,0,0,1,0,0,0,0
CUST103061,0,1,1,0,0,0,0,0,0,0,1,0,1,1
CUST103025,1,1,1,0,0,0,0,1,0,0,1,0,1,1
CUST100970,0,1,0,0,0,0,0,0,1,0,0,0,0,0
CUST100013,0,1,0,0,1,0,0,1,0,1,1,1,0,0
CUST100873,1,1,1,1,0,0,0,0,1,0,1,0,0,1
CUST100808,1,1,1,0,0,0,0,1,1,0,0,0,0,0
CUST103198,0,0,0,1,0,0,0,0,0,0,1,0,0,0
CUST100514,1,1,1,1,0,0,0,0,0,1,1,1,0,0
CUST104472,0,1,0,0,0,0,0,0,0,0,0,1,0,0
CUST100409,1,0,1,0,0,0,1,0,1,1,1,0,0,1
CUST103408,0,1,0,0,0,0,0,0,0,0,0,0,0,0
CUST104342,0,1,0,0,0,0,0,0,0,0,1,0,0,0
CUST100207,1,1,1,1,0,0,0,0,1,1,1,1,1,1
CUST103691,0,1,0,0,0,0,0,0,0,0,0,0,0,0
CUST100458,0,0,1,0,1,0,0,0,1,0,1,0,1,1
CUST103471,0,1,0,0,1,1,1,1,0,0,1,0,0,1
CUST102430,0,1,0,0,0,0,0,1,0,0,0,0,1,0
CUST103657,0,1,0,0,0,0,1,0,1,0,1,0,0,1
CUST100110,1,1,1,1,1,0,0,0,0,0,1,0,0,0
CUST104589,0,1,0,0,0,0,0,1,0,0,0,0,1,0
CUST104044,1,1,1,0,0,0,1,1,1,0,0,0,0,0
CUST101883,0,1,0,0,0,0,0,0,1,0,0,0,0,0
CUST101713,0,0,0,0,0,1,0,0,1,0,0,0,0,0
CUST103958,1,1,1,0,0,0,0,1,1,1,1,1,0,1
CUST103399,0,0,0,0,0,0,0,1,0,1,1,1,1,1
CUST100552,0,1,0,0,0,0,0,0,1,0,0,0,0,0
CUST101439,0,1,0,0,0,0,0,0,0,1,0,1,1,1
CUST102270,1,1,0,0,0,0,0,0,1,1,1,1,0,0
CUST103144,1,1,1,1,0,0,1,0,0,0,0,0,0,0
CUST102821,1,1,1,0,0,0,0,0,0,0,1,0,0,0
CUST104781,1,1,0,0,1,0,0,0,0,0,1,0,0,0
CUST101925,0,1,0,0,1,0,0,0,0,0,1,0,1,1
CUST100634,1,1,1,0,0,0,0,0,0,1,1,0,0,0
CUST104805,1,1,1,0,0,0,1,1,1,1,0,1,0,0
CUST100316,0,0,0,0,0,0,0,1,0,0,1,0,0,0
CUST104217,0,1,1,1,1,0,0,1,1,0,1,0,0,0
CUST104699,0,1,0,0,0,0,0,1,0,0,0,0,0,0
CUST101328,1,1,0,0,0,0,0,1,1,0,1,0,0,0
CUST100427,1,0,1,0,0,0,0,0,0,0,1,0,0,0
CUST104374,1,1,1,0,1,1,0,1,0,1,1,0,0,1
CUST100105,0,1,0,0,0,0,0,1,0,0,0,0,0,0
CUST103041,1,1,1,1,0,1,0,0,0,1,0,0,1,1
CUST100142,0,1,1,0,0,0,0,0,1,0,0,0,0,0
CUST102169,1,1,1,0,0,0,0,0,1,1,0,0,0,0
CUST103458,0,1,0,1,0,0,0,1,0,0,0,0,0,0
CUST100089,1,1,1,0,0,1,0,0,0,0,1,0,0,0
CUST102918,0,1,1,0,0,0,0,0,1,0,1,0,0,1
CUST103237,0,1,0,1,0,0,0,1,0,1,0,0,0,0
CUST102241,1,1,1,0,1,0,0,0,1,0,1,0,0,1
CUST103174,0,0,0,0,0,1,1,0,0,0,1,0,0,0
CUST103412,1,1,1,1,0,0,0,1,1,1,0,1,1,0
CUST102163,0,1,1,0,1,0,1,0,0,1,1,0,0,0
CUST102636,0,1,0,0,1,0,1,1,0,0,1,0,0,0
CUST101949,1,1,1,1,1,0,0,1,1,0,1,0,0,0
CUST101768,0,1,0,0,0,1,0,0,0,1,0,0,0,0
CUST104290,0,1,1,0,1,1,0,1,0,0,1,0,0,1
CUST102272,1,1,1,1,1,0,0,1,0,1,1,1,0,1
CUST100001,0,1,0,1,0,0,0,1,0,1,0,1,0,0
CUST103282,0,1,1,0,0,0,0,0,0,0,1,0,0,0
CUST104957,1,1,1,1,0,0,0,0,0,0,0,0,0,1
CUST101951,1,1,1,0,1,0,0,0,0,0,1,0,0,0
CUST100935,1,1,1,1,1,0,0,1,0,0,1,0,0,0
CUST104296,0,1,1,1,1,0,1,1,0,0,1,0,0,0
CUST102720,0,1,1,0,0,1,0,1,0,0,0,0,1,1
CUST104447,0,0,0,0,0,0,0,0,0,0,0,0,0,0
CUST101109,0,1,1,0,0,1,0,1,0,1,0,1,0,0
CUST103960,1,1,1,0,1,0,0,1,1,1,1,1,1,1
CUST100591,1,1,1,1,0,0,0,0,0,1,0,0,1,1
CUST101695,0,1,0,0,0,0,0,0,0,0,0,0,0,0
CUST103450,0,1,0,0,0,0,0,0,0,0,1,0,0,0
CUST102936,0,1,0,1,0,0,0,1,1,1,1,0,0,0
CUST104204,0,0,0,0,0,0,1,0,1,0,0,0,1,1
CUST103411,0,0,0,0,0,0,1,1,0,0,0,0,1,1
CUST101576,0,1,0,0,0,0,1,0,0,1,0,0,0,0
CUST103954,0,1,0,0,0,1,0,0,1,0,1,0,0,0
CUST100213,0,1,1,1,0,0,0,1,0,1,1,0,0,0
CUST100778,0,1,0,0,0,0,1,1,0,0,1,0,0,0
CUST101415,1,1,0,0,0,0,0,0,0,0,0,0,0,1
CUST103759,0,1,0,0,0,1,1,0,0,0,0,0,0,0
CUST102043,0,1,0,0,0,0,1,1,1,0,0,0,1,0
CUST102848,0,1,0,0,0,0,0,1,1,1,0,0,0,0
CUST104537,0,1,0,1,1,0,1,1,0,1,1,1,0,0
CUST103505,0,1,0,0,1,0,0,0,0,0,1,0,0,0
CUST103813,1,1,1,1,1,0,0,1,0,0,0,0,1,1
CUST101567,0,1,0,0,1,0,1,0,1,0,1,1,0,0
CUST100165,1,1,0,1,0,0,0,0,1,0,0,0,0,0
CUST104714,0,1,0,0,1,0,1,0,1,0,1,0,0,0
CUST104272,1,1,0,1,0,0,1,0,1,0,0,0,1,0
CUST104926,1,1,1,1,1,0,0,0,0,0,0,0,0,0
CUST101343,1,1,1,0,1,0,0,0,1,0,1,0,1,1
CUST102013,0,1,0,0,0,1,0,0,0,0,0,0,0,0
CUST100273,1,1,1,0,0,1,0,1,0,0,0,0,0,1
CUST100071,1,1,1,0,0,0,0,0,1,0,0,1,0,0
CUST103887,0,1,1,1,0,0,1,0,0,1,0,0,1,1
CUST101087,1,1,0,0,1,0,0,1,1,1,1,1,0,0
CUST100394,0,1,0,0,0,0,0,0,1,0,0,0,0,0
CUST100583,0,1,0,1,0,0,0,0,1,1,0,0,0,0
CUST101367,0,1,0,0,1,1,0,0,0,1,1,1,0,0
CUST104987,0,1,0,0,0,1,0,1,0,1,1,1,0,0
CUST104088,0,1,0,1,0,1,0,0,1,0,0,0,0,0
CUST102548,0,1,1,0,1,1,1,0,0,0,1,0,1,1
CUST101013,0,0,0,0,0,1,0,0,1,1,0,0,0,1
CUST104897,0,0,0,1,0,0,0,0,0,0,0,0,1,1
CUST103003,1,1,1,0,1,0,0,1,0,0,1,0,0,1
CUST104788,0,1,1,0,1,0,0,1,1,0,1,0,0,0
CUST104407,1,1,1,0,0,0,0,0,0,0,1,0,1,1
CUST103532,0,1,0,0,1,0,0,0,0,0,1,1,0,0
CUST101763,0,1,0,0,0,0,0,1,0,0,1,0,0,0
CUST101875,0,1,0,0,0,0,0,1,0,0,0,0,0,0
CUST101259,0,1,0,1,0,1,1,1,1,0,1,0,0,0
CUST104530,0,0,0,0,1,0,0,1,1,0,1,0,0,0
CUST102253,0,1,1,0,0,0,0,0,0,0,0,0,0,0
CUST102781,1,1,0,0,0,0,0,0,0,1,0,1,0,1
CUST103592,0,1,0,0,0,1,0,0,0,0,0,0,0,0
CUST100526,1,1,1,0,0,1,1,0,0,0,0,0,0,0
CUST104263,0,1,1,0,0,0,0,1,0,0,1,0,0,0
CUST102946,0,1,0,0,0,0,0,1,0,1,1,1,1,0
CUST100377,1,1,1,0,0,0,0,0,1,0,0,0,0,0
CUST101559,1,1,1,0,0,0,0,0,1,0,0,0,1,1
CUST103820,0,1,0,0,0,0,0,0,0,0,1,0,0,0
CUST101963,1,1,1,0,0,0,0,0,0,1,0,1,0,1
CUST104732,0,1,0,0,0,0,1,1,0,0,1,0,0,0
CUST100348,1,1,1,1,0,0,0,0,1,0,0,0,1,1
CUST102434,1,0,1,1,0,0,0,1,0,1,0,0,0,0
CUST102246,0,1,1,0,0,0,0,0,0,0,0,0,0,1
CUST104166,1,1,1,1,0,0,0,0,1,0,0,0,0,0
CUST101709,0,1,1,0,1,0,0,1,0,1,1,0,0,1
CUST101050,0,1,0,0,1,0,0,1,0,0,0,0,0,0
CUST100590,0,1,0,0,0,0,1,0,0,0,1,0,0,0
CUST100519,0,1,1,0,0,0,0,1,1,0,1,0,0,0
CUST104752,1,1,0,1,0,0,0,1,0,1,0,0,0,0
CUST104308,1,0,1,0,1,0,0,0,0,0,1,0,0,0
CUST102477,0,1,0,0,0,0,1,1,0,0,0,0,0,0
CUST101083,0,1,0,0,0,0,0,0,0,0,1,0,0,0
CUST103588,1,1,0,0,0,0,0,0,0,0,1,0,1,0
CUST104778,1,1,0,0,0,0,0,0,0,0,0,0,0,0
CUST104509,1,1,0,0,0,0,0,1,1,0,0,0,0,0
CUST101294,0,1,0,0,0,0,0,0,1,0,0,0,0,0
CUST101809,1,1,1,0,1,1,0,0,0,0,1,0,0,0
CUST100791,0,1,0,0,0,0,0,0,1,0,1,0,0,1
CUST100792,0,1,0,1,0,0,0,0,0,0,0,1,0,0
CUST104114,1,0,1,0,0,0,0,0,0,0,0,0,0,0
CUST101855,0,1,0,0,0,0,0,1,0,0,1,0,0,0
CUST104757,0,1,1,0,0,0,0,0,0,0,1,0,1,1
CUST101980,1,1,1,0,0,0,0,1,1,1,0,1,1,1
CUST103233,1,1,0,0,1,0,0,0,1,0,1,0,0,0
CUST103908,1,1,1,0,0,0,0,0,0,0,1,0,0,0
CUST104984,0,1,0,0,0,0,0,0,0,0,0,0,0,0
CUST103328,0,1,0,0,1,0,0,1,1,0,1,0,0,0
CUST101530,1,1,1,1,0,1,0,1,0,1,1,0,0,0
CUST101410,1,1,1,0,0,0,0,0,0,1,0,0,0,0
CUST104294,0,1,0,0,0,0,0,0,0,0,0,0,1,1
CUST104648,1,1,0,0,0,0,0,1,0,1,1,1,0,0
CUST100083,0,1,1,0,1,0,0,1,0,1,1,0,0,1
CUST100868,0,1,0,0,0,0,0,0,0,1,1,1,0,0
CUST102350,0,1,1,0,0,0,1,1,0,1,1,1,0,1
CUST100020,0,1,0,0,0,0,0,0,0,0,0,0,0,0
CUST103424,0,1,0,0,0,1,0,1,0,0,0,0,0,0
CUST102795,1,0,1,0,0,0,1,0,1,0,1,0,0,0
CUST104572,0,1,1,0,0,1,1,1,0,1,1,0,1,0
CUST101562,1,1,1,0,0,0,0,0,0,1,1,1,0,1
CUST103093,1,1,1,0,0,0,0,1,1,1,1,0,0,0
CUST103155,0,1,0,1,0,0,0,0,0,0,0,0,0,0
CUST100973,1,1,0,1,0,0,0,0,0,0,0,0,0,0
CUST101710,0,1,0,0,0,1,0,1,0,1,1,0,0,0
CUST103201,0,1,0,0,1,1,0,0,1,0,1,0,0,0
CUST104371,0,1,0,0,1,0,0,0,0,0,1,0,0,0
CUST104819,0,1,0,0,0,0,0,1,1,1,1,0,0,0
CUST101098,0,1,0,0,0,1,0,0,0,0,0,1,0,0
CUST104161,0,1,0,0,0,0,1,1,0,1,0,0,0,0
CUST102844,0,0,1,1,1,1,1,0,0,0,1,0,1,1
CUST100886,1,1,1,0,0,0,0,0,0,0,1,0,0,0
CUST104931,0,0,0,1,0,1,1,0,1,1,1,0,0,0
CUST103678,0,1,0,0,1,0,0,1,1,0,1,1,1,1
CUST104580,0,1,0,0,0,1,0,0,0,1,0,1,0,0
CUST103566,0,1,0,1,0,0,0,0,0,0,0,0,0,0
CUST104401,0,1,0,0,1,0,0,1,0,1,1,1,0,0
CUST100515,0,0,1,0,0,0,0,1,1,0,1,0,1,0
CUST104620,1,0,1,0,0,1,0,0,0,0,1,0,0,1
CUST100737,0,0,0,0,0,0,0,0,0,0,1,0,0,1
CUST101453,0,1,0,0,1,0,0,0,0,0,1,1,0,0
CUST103971,0,1,1,0,1,1,1,0,0,0,1,1,1,1
CUST104700,1,1,1,1,0,0,0,1,1,0,0,1,0,0
CUST102506,1,1,1,1,1,0,0,0,0,1,1,1,0,1
CUST102994,0,1,0,0,0,0,0,1,0,0,0,0,0,0
CUST102126,0,1,1,0,1,0,0,1,1,1,1,0,0,0
CUST102926,0,1,0,1,1,0,1,1,0,0,1,0,0,1
CUST104745,0,1,0,0,1,1,0,0,0,0,1,0,0,0
CUST100906,1,1,0,0,1,1,0,0,1,0,1,0,0,0
CUST103647,0,1,0,0,0,0,0,0,0,1,0,1,1,1
CUST101030,1,1,0,0,0,0,1,0,0,0,1,0,1,1
CUST102507,0,1,0,0,0,0,0,0,0,0,1,0,0,0
CUST102428,1,1,0,1,0,1,0,0,1,0,1,0,0,0
CUST100947,0,1,0,0,0,1,0,1,0,0,0,1,0,0
CUST103806,0,1,0,0,1,0,0,0,1,0,1,0,0,0
CUST104754,0,1,0,0,0,0,0,1,0,0,1,0,0,0
CUST100715,1,1,1,0,0,0,0,0,1,1,1,1,0,0
CUST104055,0,0,0,0,0,0,1,0,0,0,0,0,0,0
CUST100686,0,1,1,0,1,0,0,1,0,1,1,0,0,0
CUST100703,1,1,1,0,1,0,0,0,0,1,1,0,0,0
CUST103341,1,1,0,0,0,1,0,0,0,1,0,0,0,0
CUST102353,1,0,1,0,0,0,0,0,1,0,0,0,0,0
CUST102257,0,0,0,1,1,0,0,1,0,1,1,1,1,1
CUST103551,1,1,1,0,0,0,0,0,0,0,1,0,0,1
CUST100473,1,1,1,1,0,1,0,0,0,1,0,1,0,1
CUST100021,0,1,0,0,0,1,0,0,1,0,0,0,0,0
CUST102752,1,0,1,1,0,0,0,1,1,1,0,1,1,1
CUST100885,0,1,0,0,0,0,0,0,1,0,1,0,0,0
CUST102448,0,0,1,0,1,1,0,0,1,0,1,0,0,0
CUST100917,1,1,1,0,1,0,0,1,0,0,1,0,0,0
CUST103757,0,1,0,1,0,1,0,0,0,1,0,0,0,0
CUST103751,1,1,1,0,0,0,0,1,0,1,0,1,0,1
CUST102239,1,1,1,0,0,0,0,0,0,0,0,0,0,0
CUST103844,1,1,1,1,0,0,0,0,1,0,0,0,0,0
CUST103395,0,1,0,0,0,1,0,0,1,0,0,0,0,0
CUST101265,1,1,1,0,1,0,0,1,0,0,0,0,0,0
CUST100483,0,1,0,0,1,1,0,0,0,1,1,0,0,0
CUST104337,0,0,0,0,0,0,1,1,1,0,1,1,0,0
CUST102963,0,1,0,0,0,0,0,1,0,0,0,0,0,0
CUST101219,1,1,1,0,1,1,0,0,0,1,1,0,1,1
CUST100277,0,1,0,0,1,0,1,1,0,1,1,1,0,0
CUST100988,0,1,0,0,0,0,0,1,0,0,0,0,0,0
CUST102084,0,1,0,0,0,0,0,1,1,0,0,0,0,0
CUST101245,0,1,0,0,0,0,0,0,0,0,1,0,0,0
CUST102382,0,1,0,0,0,0,0,1,0,1,1,1,1,0
CUST100571,1,1,1,0,0,0,1,0,0,1,0,0,1,1
CUST101435,1,0,1,0,0,0,0,0,1,0,0,0,0,0
CUST100993,0,1,0,0,1,0,0,1,0,0,1,0,1,1
CUST103930,1,1,1,0,1,0,0,1,1,0,1,0,0,0
CUST103447,0,1,0,0,0,0,0,1,0,0,0,0,0,0
CUST100585,0,1,1,0,0,0,1,0,0,0,0,0,0,0
CUST103658,1,1,1,1,0,0,0,0,0,0,0,0,1,0
CUST102514,1,1,1,1,0,0,0,0,1,0,1,0,0,0
CUST101349,0,1,1,0,0,0,0,0,0,1,1,0,1,1
CUST101007,1,1,1,1,0,0,0,0,0,1,0,0,0,1
CUST100674,1,1,1,0,0,0,0,0,0,0,0,0,0,0
CUST102412,0,1,0,0,0,1,0,1,0,1,0,0,0,0
CUST102903,1,0,1,1,0,0,1,0,0,1,0,0,0,1
CUST100447,0,0,0,0,0,0,0,0,1,0,0,0,0,0
CUST103834,0,1,0,0,0,0,0,0,0,0,0,0,0,0
CUST103758,1,1,1,0,0,0,0,1,0,0,0,0,0,0
CUST103703,0,1,1,0,0,0,0,1,0,1,1,1,0,1
CUST100359,0,1,0,0,1,0,1,0,0,1,1,1,0,0
CUST102064,0,0,0,1,0,0,0,0,1,0,1,0,0,0
CUST104449,0,1,1,0,0,0,0,0,0,0,0,0,0,0
CUST103810,0,1,0,0,0,0,0,0,0,0,0,0,0,0
CUST101690,0,1,1,1,1,0,0,0,1,0,1,0,1,1
CUST104326,0,1,0,0,0,0,0,1,0,1,0,1,0,0
CUST101548,0,1,1,0,0,0,0,0,0,0,0,0,1,1
CUST101247,0,1,0,0,0,0,1,0,0,0,0,0,0,0
CUST101985,0,1,0,1,0,0,0,1,0,0,0,0,0,0
CUST100294,0,1,0,1,1,1,1,0,0,1,1,1,0,0
CUST101547,0,0,1,0,0,1,0,0,0,1,0,1,0,0
CUST102012,1,1,1,0,0,1,0,0,1,1,0,0,1,1
CUST100588,0,0,0,1,0,0,0,0,1,0,1,0,0,0
CUST103329,0,1,1,0,1,1,0,0,1,0,1,0,0,1
CUST102403,0,1,0,0,0,0,0,0,1,0,0,0,0,0
CUST102129,0,1,1,0,0,1,0,1,0,1,1,1,0,0
CUST104388,0,1,0,1,0,0,1,0,0,0,0,0,0,0
CUST102410,0,1,0,0,0,1,0,0,0,0,1,0,0,0
CUST102719,0,1,0,1,0,0,0,0,0,0,0,0,0,0
CUST100425,0,1,0,0,0,1,0,0,0,0,0,0,0,0
CUST102582,1,1,0,0,0,0,0,0,0,1,1,0,0,0
CUST101054,1,1,1,0,0,0,0,0,1,0,0,0,0,1
CUST103966,0,1,0,0,0,0,0,1,0,0,1,0,0,0
CUST104562,1,1,1,0,1,0,0,1,1,0,1,0,0,0
CUST100556,0,1,1,0,0,0,0,1,1,0,0,0,1,1
CUST104358,0,1,0,0,0,0,0,0,1,0,0,0,0,0
CUST103938,0,1,0,0,0,0,0,1,0,1,1,0,0,0
CUST104712,0,1,0,1,1,1,0,1,0,0,1,0,0,0
CUST102469,1,1,1,0,0,0,1,1,1,0,1,0,0,0
CUST104710,0,1,0,0,0,0,0,0,1,0,1,0,0,0
CUST100355,1,1,1,0,0,1,0,1,1,1,0,1,0,0
CUST101193,0,1,0,1,0,0,0,1,0,1,0,1,0,0
CUST101716,0,1,1,1,0,0,0,1,0,0,0,0,1,1
CUST103416,1,1,1,0,0,0,0,0,0,0,1,0,1,1
CUST102604,0,1,0,0,0,1,0,1,0,0,0,0,0,0
CUST104129,1,1,1,0,0,1,1,0,1,0,0,0,0,0
CUST102828,1,1,1,0,0,0,1,0,1,0,0,0,0,0
CUST101704,0,1,0,0,0,0,0,0,0,0,1,0,0,0
CUST102863,0,1,0,0,0,0,0,0,1,0,0,0,0,0
CUST102618,0,1,0,1,1,1,0,0,1,1,1,1,0,0
CUST102400,0,1,0,0,0,0,0,0,1,0,1,0,0,0
CUST102139,0,1,0,0,0,0,0,0,0,0,0,0,0,0
CUST103239,1,1,1,0,0,1,1,0,0,0,0,0,0,0
CUST102383,0,1,0,0,0,1,1,1,0,0,1,0,0,0
CUST103218,1,1,1,0,0,0,0,1,0,0,0,1,0,0
CUST103935,0,1,0,0,0,0,0,0,0,0,0,0,0,0
CUST101285,0,1,0,0,0,0,0,0,0,0,0,0,0,0
CUST103796,0,1,0,0,1,1,0,1,1,0,1,0,0,0
CUST104894,1,1,1,0,0,1,0,0,0,1,0,1,0,1
CUST104468,1,1,0,0,1,1,0,0,1,0,1,1,0,0
CUST102087,0,1,0,0,0,0,0,1,1,1,1,0,1,1
CUST101889,0,0,1,1,0,0,0,1,0,0,0,0,0,0
CUST104622,1,1,0,0,0,0,0,1,1,1,0,0,1,1
CUST101591,0,1,0,0,0,0,1,1,0,1,1,1,0,0
CUST101346,0,1,0,0,0,0,1,0,0,0,0,0,0,0
CUST104431,0,1,0,0,0,0,0,0,0,0,1,0,0,0
CUST102162,0,1,0,0,1,0,0,0,0,0,1,0,0,0
CUST102396,0,1,0,0,0,0,0,0,1,0,0,0,0,0
CUST104768,1,0,1,0,1,0,0,0,1,1,1,0,1,1
CUST102271,0,1,0,1,0,0,0,0,0,1,0,0,0,0
CUST104490,1,1,1,0,1,0,0,0,0,1,1,1,0,0
CUST103111,1,1,0,0,0,0,0,0,0,0,0,0,0,0
CUST101137,0,1,0,0,0,0,1,1,0,0,0,0,0,0
CUST103895,0,1,0,0,0,0,0,0,0,0,0,0,1,1
CUST100972,1,1,1,0,0,0,0,0,0,0,0,0,0,0
CUST100795,0,0,0,0,0,0,0,1,1,0,1,0,0,0
CUST103020,1,1,1,0,0,0,0,1,1,1,0,0,0,0
CUST101711,0,1,0,0,0,0,0,0,1,0,1,0,1,0
CUST103387,1,1,0,0,1,0,0,0,1,0,1,0,0,0
CUST100036,0,1,0,0,1,1,1,1,1,0,1,0,0,0
CUST100453,1,1,1,1,1,0,0,0,1,0,1,0,0,0
CUST100913,0,1,0,0,0,1,0,0,1,0,1,0,0,0
CUST104081,0,1,0,0,0,0,0,1,0,0,0,0,1,0
CUST101199,0,1,0,0,0,0,0,0,0,0,1,0,0,0
CUST101274,0,1,0,0,0,0,0,0,0,1,0,0,0,0
CUST102375,0,1,0,1,0,0,0,1,1,0,0,0,0,0
CUST100037,0,1,0,0,0,0,0,0,0,0,0,0,0,0
CUST100974,1,1,1,1,0,0,0,1,1,0,0,0,0,0
CUST103195,0,0,0,0,0,0,1,0,0,0,0,0,0,0
CUST100983,0,1,0,1,0,1,0,0,1,0,0,0,0,0
CUST103904,1,1,1,0,1,0,0,0,1,0,0,1,0,1
CUST104069,1,1,1,0,1,1,0,1,1,1,1,1,0,0
CUST101418,1,1,1,0,0,0,1,0,0,0,0,0,1,1
CUST103332,1,1,1,0,0,0,0,1,1,0,0,0,0,1
CUST101560,0,1,0,0,0,0,0,0,0,0,0,0,0,0
CUST100039,0,1,1,0,0,1,0,1,0,1,1,1,0,1
CUST101486,0,1,0,0,0,0,0,0,0,0,0,0,0,0
CUST103883,0,1,0,0,0,0,0,0,1,0,1,0,0,0
CUST100169,0,1,0,1,0,0,0,1,0,1,1,1,0,0
CUST101355,0,1,0,0,1,0,1,1,0,0,1,0,0,0
CUST102785,1,0,1,0,0,0,1,0,1,0,1,0,1,0
CUST103632,0,1,0,0,0,0,0,0,0,0,0,0,1,1
CUST104748,0,1,0,0,0,0,0,0,0,0,0,0,0,0
CUST104004,0,1,0,0,0,0,0,0,0,1,1,0,0,0
CUST102682,0,1,0,0,0,0,0,1,0,1,1,0,0,0
CUST104704,0,1,0,0,0,1,0,0,1,0,0,1,0,0
CUST104025,0,1,1,0,1,1,0,1,0,1,1,1,1,1
CUST101640,1,1,0,0,0,0,0,0,1,0,1,0,0,0
CUST101290,0,0,0,0,0,0,0,0,1,0,1,0,0,0
CUST101380,0,1,0,0,0,0,0,0,0,0,0,0,1,0
CUST101933,1,0,0,0,0,0,0,0,1,0,1,0,0,0
CUST100579,1,1,1,1,0,0,0,1,0,0,0,0,1,1
CUST104220,1,1,1,0,1,0,0,0,0,1,1,1,0,1
CUST103160,1,1,0,0,0,0,0,0,0,1,0,0,0,0
CUST102030,0,1,0,0,0,0,0,1,1,0,0,1,0,0
CUST100892,0,1,1,0,0,1,1,0,1,1,0,0,1,1
CUST103951,0,1,0,0,0,0,0,1,0,0,1,0,0,0
CUST100780,1,1,1,0,0,0,0,1,0,0,0,0,0,0
CUST100159,1,0,1,0,0,0,0,0,1,1,1,1,1,1
CUST100002,0,1,1,0,0,0,0,0,0,1,1,0,1,0
CUST102263,1,1,1,0,0,1,0,0,1,0,1,1,0,0
CUST103216,0,1,0,0,1,1,0,0,0,0,0,0,0,0
CUST102109,0,1,0,1,0,0,0,1,1,0,1,0,0,0
CUST100849,0,1,0,0,1,0,0,0,0,0,1,0,1,1
CUST102737,1,1,1,1,0,0,0,1,1,1,0,1,0,0
CUST102466,0,0,0,0,1,0,0,1,0,0,1,0,0,0
CUST103650,1,1,1,0,0,1,0,0,1,0,0,0,1,1
CUST101596,0,1,0,0,0,0,1,0,0,0,1,0,0,0
CUST101776,0,1,0,0,0,0,0,0,0,0,1,0,0,0
CUST101913,0,1,0,0,0,1,1,1,1,1,0,1,0,0
CUST101043,1,1,0,1,0,1,0,0,0,0,1,0,0,0
CUST104713,0,1,0,0,0,0,0,0,1,1,0,1,0,0
CUST101544,1,1,1,0,0,0,0,1,0,0,0,0,0,1
CUST102736,1,1,1,0,1,0,0,1,0,1,1,1,1,1
CUST103706,0,1,0,0,0,0,1,1,0,1,1,0,1,0
CUST104617,0,1,1,0,0,0,0,1,1,0,0,0,1,1
CUST100053,0,1,0,0,0,0,1,1,0,1,1,0,0,0
CUST101796,1,1,1,1,1,1,0,0,0,0,0,0,0,0
CUST101911,0,1,0,1,0,0,0,0,0,0,0,0,0,0
CUST102306,1,1,0,1,1,0,0,1,0,0,1,1,0,0
CUST102553,1,1,1,0,0,1,0,1,0,1,0,1,1,1
CUST102800,0,1,0,0,0,1,0,0,1,0,0,0,0,0
CUST104086,1,1,1,0,0,1,0,1,0,1,0,0,1,1
CUST104127,0,1,0,0,0,1,0,0,0,0,0,0,0,0
CUST100824,0,1,0,0,0,0,0,1,1,0,0,0,0,0
CUST104733,0,1,0,0,0,0,0,0,1,0,0,0,0,0
CUST103178,0,1,0,1,1,0,0,1,1,1,1,1,0,0
CUST103401,1,1,1,1,1,0,0,0,1,0,1,0,0,0
CUST101389,0,1,0,0,0,0,0,0,0,0,0,0,0,0
CUST103564,1,1,1,0,0,0,0,1,0,0,1,0,0,0
CUST104876,0,1,0,0,0,0,0,0,1,0,0,0,0,0
CUST100884,0,1,0,0,0,0,0,1,0,1,1,0,0,0
CUST103805,1,1,1,0,0,0,1,0,0,0,0,0,0,0
CUST101607,0,0,0,0,1,0,0,1,0,0,1,0,0,0
CUST101594,1,1,0,0,0,0,0,0,0,0,0,0,0,0
CUST100771,1,1,1,0,1,0,0,0,0,1,1,1,0,0
CUST102611,0,1,0,0,1,1,0,0,0,0,1,0,1,0
CUST104661,0,0,1,0,1,1,0,0,0,1,1,1,1,1
CUST102273,0,1,0,0,1,1,0,1,0,1,1,1,0,0
CUST101868,0,1,0,0,1,0,1,1,1,1,1,1,0,0
CUST101085,0,1,0,0,1,1,1,1,0,1,1,1,0,0
CUST100010,1,1,1,1,0,0,0,0,1,0,0,0,0,1
CUST103611,0,1,0,1,0,1,1,0,0,1,0,0,0,0
CUST101325,1,1,1,0,0,0,0,0,0,0,0,0,1,0
CUST103390,0,1,1,1,1,0,0,0,1,0,0,0,0,1
CUST101463,0,1,0,0,0,0,0,0,1,0,1,0,0,0
CUST100806,1,1,1,0,0,0,0,1,0,0,1,0,0,1
CUST104260,0,1,0,1,1,1,0,0,0,1,1,1,0,0
CUST103985,0,0,0,0,0,0,0,0,1,1,1,0,0,0
CUST103771,1,1,1,0,1,1,0,0,1,0,1,0,1,1
CUST102108,0,1,0,1,0,0,0,1,0,1,1,0,0,0
CUST104235,1,1,1,0,0,0,0,0,0,0,0,0,1,1
CUST104956,1,1,1,0,1,1,0,1,0,1,1,0,0,1
CUST102234,0,1,0,0,1,1,0,0,1,0,1,0,0,0
CUST103211,1,0,1,0,1,0,0,0,0,0,1,0,0,0
CUST100963,0,1,1,0,0,0,1,0,0,0,0,0,0,0
CUST103415,0,0,0,0,0,0,0,0,0,0,0,0,0,0
CUST103753,1,1,1,0,0,1,0,0,1,0,0,0,1,1
CUST100398,0,1,1,0,0,0,0,0,0,0,0,0,0,0
CUST102632,0,0,0,0,0,0,0,0,0,0,0,0,0,0
CUST104851,1,1,1,1,0,0,0,0,1,1,1,1,0,0
CUST102996,1,1,0,0,0,0,0,0,0,0,0,0,0,0
CUST100704,0,1,0,0,1,1,0,1,0,0,1,0,0,0
CUST100431,0,1,0,0,0,0,0,0,0,0,0,0,0,0
CUST100292,0,0,0,0,1,0,0,1,0,1,1,0,1,1
CUST104867,0,1,0,0,0,0,0,0,0,0,0,0,0,0
CUST100145,1,1,0,0,0,0,0,0,1,0,1,0,0,0
CUST104393,0,1,0,0,1,0,0,1,0,0,1,0,0,0
CUST102033,1,1,0,0,0,0,0,0,1,0,0,0,0,0
CUST104283,0,1,0,0,0,0,0,0,0,0,0,0,0,0
CUST101165,1,1,1,0,1,1,0,0,1,0,1,0,0,0
CUST103500,0,1,0,0,0,0,1,0,0,0,0,0,0,0
CUST102050,0,1,0,0,0,0,0,1,1,1,0,0,0,0
CUST102624,1,1,1,1,0,1,0,1,1,0,0,0,0,0
CUST104378,0,1,0,0,0,0,0,1,0,0,0,0,0,0
CUST100339,1,1,1,1,0,0,0,1,0,0,1,0,1,1
CUST103879,0,0,0,1,0,0,1,1,0,1,1,1,0,0
CUST104632,0,0,0,0,1,0,0,0,0,1,1,0,0,0
CUST102973,0,1,0,1,1,0,0,1,1,1,1,1,0,0
CUST100265,0,1,1,0,0,0,0,0,0,0,1,0,1,1
CUST102424,0,1,0,0,1,1,0,0,0,0,1,0,0,0
CUST101262,1,1,1,0,0,0,0,0,1,0,0,0,0,0
CUST101771,1,0,1,1,1,1,0,0,0,0,1,0,0,1
CUST103511,0,1,0,0,0,0,0,1,0,0,0,0,0,0
CUST100271,0,1,1,0,1,1,0,1,0,1,1,0,1,1
CUST100696,1,1,1,0,0,1,0,1,0,0,0,0,1,1
CUST100747,0,1,1,0,0,0,1,0,0,1,0,0,1,1
CUST100244,1,1,1,0,0,0,1,0,1,0,0,0,0,0
CUST100317,0,1,0,1,0,0,1,1,0,0,0,0,0,0
CUST100476,0,1,1,0,0,0,1,1,0,0,0,0,0,0
CUST102032,0,1,0,0,0,0,0,0,0,1,0,0,0,0
CUST100957,0,0,1,0,0,0,1,1,0,0,1,0,0,0
CUST103816,1,1,1,0,0,0,0,1,1,0,1,0,0,0
CUST100813,1,1,0,0,0,0,0,1,1,0,1,1,1,0
CUST104532,1,1,0,0,0,0,0,0,1,0,0,0,0,0
CUST101914,1,1,1,0,0,0,0,0,0,0,0,0,0,0
CUST104602,0,1,0,1,1,0,1,0,1,1,1,1,1,0
CUST103487,0,1,0,1,0,0,1,0,1,0,0,0,0,0
CUST101297,1,1,1,0,0,0,0,0,0,0,1,0,1,1
CUST104030,1,1,0,1,0,0,0,0,1,1,1,0,1,1
CUST101804,0,1,0,0,1,0,0,1,0,1,1,0,0,0
CUST100758,1,1,1,1,0,0,0,0,1,0,0,0,0,1
CUST100250,1,1,1,1,0,0,0,0,1,1,0,0,1,1
CUST102461,0,0,0,0,0,0,0,0,0,1,1,1,0,0
CUST100545,1,1,1,1,0,1,0,1,1,1,1,1,1,1
CUST103241,0,1,0,0,0,1,0,0,0,0,1,0,0,0
CUST100738,1,1,1,0,1,1,0,1,0,0,1,0,0,1
CUST100310,1,1,1,0,0,0,0,0,0,1,0,0,1,1
CUST103780,0,1,0,0,0,0,1,0,0,0,0,0,0,0
CUST102941,1,1,1,0,0,0,0,0,0,1,1,1,0,1
CUST101131,1,1,1,0,1,0,0,0,1,0,1,0,0,0
CUST101449,0,1,1,0,1,0,0,1,1,1,1,1,0,1
CUST104919,1,1,0,0,0,0,1,0,1,0,0,0,0,0
CUST100015,1,1,0,0,1,0,1,0,0,0,1,0,1,0
CUST103232,0,1,0,0,0,0,0,0,0,0,1,0,0,0
CUST102769,0,1,0,0,1,0,0,0,0,0,1,0,0,0
CUST103468,1,1,1,0,0,0,0,0,0,0,1,0,0,1
CUST100920,0,1,1,0,0,0,1,1,1,0,0,0,1,1
CUST103029,0,1,0,0,0,0,0,0,0,1,0,0,0,0
CUST101372,0,1,1,0,1,0,1,1,0,1,1,0,0,1
CUST103587,0,1,0,0,0,0,0,0,0,0,0,0,0,0
CUST102544,1,1,1,0,0,0,0,0,1,0,0,0,1,1
CUST103598,1,1,1,0,1,0,0,0,0,0,1,0,0,1
CUST100038,0,1,0,0,0,0,0,1,0,0,0,0,0,0
CUST100363,0,1,1,0,1,0,0,0,0,1,1,0,0,1
CUST104101,0,1,0,0,0,0,0,1,0,0,0,0,0,0
CUST100182,0,1,0,0,0,0,0,0,1,0,0,0,0,0
CUST103033,1,1,0,1,0,1,0,0,0,0,0,0,0,0
CUST102983,0,0,0,0,0,0,0,0,0,1,0,0,0,0
CUST101194,0,1,0,0,1,0,0,0,1,0,1,0,0,0
CUST102852,0,1,1,1,1,1,1,1,1,1,1,1,0,1
CUST104542,0,1,0,0,0,0,0,0,0,0,1,0,0,0
CUST101121,1,1,1,0,1,1,0,0,0,0,1,0,0,0
CUST102235,1,1,0,0,0,0,0,0,1,0,0,1,0,0
CUST102667,1,1,1,0,1,0,0,1,0,0,1,0,1,1
CUST103699,1,1,1,0,0,0,0,1,1,0,1,0,0,0
CUST103223,0,1,0,0,0,0,0,0,0,0,0,0,0,0
CUST101182,0,0,0,0,0,1,0,1,0,0,1,0,0,0
CUST104184,0,1,0,0,0,0,0,0,0,0,0,0,0,1
CUST104293,0,1,0,0,0,0,0,1,1,1,0,1,0,0
CUST100614,0,1,1,0,0,0,1,1,0,0,0,0,1,1
CUST104908,1,1,1,0,1,0,0,0,0,1,1,1,0,0
CUST101466,0,1,0,0,1,1,0,0,0,0,0,0,0,0
CUST100401,1,1,1,1,0,1,0,1,1,1,0,1,1,1
CUST103042,0,0,0,0,1,0,0,0,0,0,1,1,0,1
CUST100934,0,1,0,0,0,0,0,1,0,0,0,0,0,0
CUST102419,0,1,0,0,0,0,1,0,0,0,0,0,0,0
CUST104860,0,1,0,0,0,0,1,0,1,0,0,0,0,0
CUST104910,0,1,0,1,0,0,0,1,0,0,0,0,0,0
CUST102641,1,1,1,0,0,1,0,0,1,0,1,0,0,1
CUST104017,0,1,0,0,0,0,0,0,0,0,1,0,0,0
CUST100726,0,1,0,0,1,0,0,1,0,1,1,1,0,0
CUST100826,0,1,0,0,0,0,0,0,0,0,1,0,0,0
CUST101521,1,1,1,1,0,0,0,0,1,0,1,0,0,1
CUST104856,0,0,0,0,1,0,0,0,1,1,1,0,0,0
CUST102930,0,0,1,0,1,0,1,1,0,0,1,0,1,1
CUST100136,0,1,0,0,0,1,1,1,0,0,0,0,0,0
CUST103590,0,1,0,0,1,0,1,1,1,0,1,0,0,0
CUST100628,0,1,0,0,0,0,0,1,0,0,0,0,1,0
CUST100334,0,0,0,0,1,1,0,0,0,1,1,0,0,0
CUST100390,0,1,0,1,1,1,0,0,1,0,1,0,0,0
CUST104387,0,1,0,0,0,0,0,1,1,0,1,0,0,0
CUST104904,1,1,1,0,0,0,0,1,1,1,0,0,0,0
CUST103832,0,0,1,0,0,0,0,0,1,0,0,0,0,0
CUST101817,0,1,1,1,0,0,1,1,1,0,0,0,0,1
CUST100400,1,1,0,0,0,1,0,0,0,0,0,1,0,0
CUST100710,0,1,0,0,1,0,1,1,0,1,1,0,0,0
CUST101039,1,1,1,1,1,1,0,0,0,0,1,0,1,1
CUST103989,0,1,0,0,0,0,0,0,0,0,0,0,0,0
CUST103359,0,1,1,0,1,1,0,0,0,1,1,1,0,1
CUST100046,0,1,1,0,0,0,0,0,0,0,0,0,1,1
CUST101561,1,1,1,0,1,1,0,1,0,1,1,0,0,0
CUST104799,0,1,0,0,0,0,0,1,1,0,0,0,0,0
CUST103642,1,1,0,1,1,1,0,0,0,0,1,0,0,0
CUST103726,0,1,0,0,1,0,0,0,1,0,1,0,0,0
CUST104982,1,1,1,0,1,0,0,1,0,1,1,1,0,0
CUST101112,0,1,0,0,0,1,0,0,0,0,1,0,0,0
CUST102513,0,1,0,0,0,0,1,0,0,0,1,0,0,0
CUST103608,0,1,0,1,0,0,1,0,0,0,0,0,0,0
CUST101223,0,1,0,1,0,0,0,0,0,0,0,0,0,0
CUST104060,1,1,0,0,1,0,0,0,0,0,1,0,1,0
CUST103023,0,1,0,0,0,0,0,0,0,0,1,0,0,0
CUST102421,1,1,1,1,0,0,0,0,0,0,0,0,0,0
CUST101508,1,1,1,1,0,0,0,0,1,0,1,0,0,0
CUST101750,0,1,0,0,0,0,0,1,0,0,0,1,1,1
CUST104837,1,1,0,1,0,0,0,0,1,0,1,0,0,0
CUST104096,0,0,0,0,0,0,0,0,0,0,0,1,0,0
CUST101799,0,1,0,0,1,0,1,1,0,1,1,1,1,1
CUST100338,0,0,0,1,0,0,0,0,0,1,0,0,1,0
CUST100215,0,1,0,1,0,0,0,0,0,0,0,0,0,0
CUST103663,0,1,0,0,1,1,0,1,1,1,1,1,0,0
CUST101341,0,1,0,0,0,1,0,0,0,1,1,0,0,1
CUST100011,0,1,0,0,1,0,0,0,0,0,1,0,0,1
CUST101520,0,1,0,0,1,1,0,0,1,1,1,1,0,0
CUST103640,0,1,0,0,0,0,0,0,0,1,1,1,0,1
CUST103937,1,1,0,0,1,0,0,1,1,1,1,0,0,0
CUST104427,0,1,0,1,0,1,0,0,1,0,0,0,0,0
CUST103004,1,1,1,1,0,0,0,0,1,0,1,0,0,0
CUST102864,0,1,0,0,0,0,0,0,0,1,0,0,0,0
CUST103115,0,1,0,0,0,0,0,0,1,0,1,0,0,0
CUST104840,1,1,1,1,0,1,0,0,0,0,0,0,1,1
CUST102322,0,1,1,0,0,0,0,1,0,1,1,1,1,1
CUST102571,0,1,0,0,0,0,0,0,1,0,0,0,0,0
CUST102913,0,1,0,0,1,0,1,1,0,0,1,0,0,0
CUST100101,1,1,1,0,1,0,0,0,0,0,1,0,0,0
CUST103549,0,1,0,1,0,0,0,1,1,0,0,0,0,0
CUST101458,0,1,0,0,0,1,0,0,1,1,0,1,0,0
CUST100171,1,1,1,1,0,0,0,0,1,0,1,0,0,0
CUST100107,0,1,1,1,1,0,0,0,0,0,1,0,0,1
CUST104196,0,1,0,0,1,0,0,0,0,1,0,0,1,0
CUST103569,1,1,1,1,0,1,0,0,0,0,1,0,0,0
CUST104991,0,1,0,0,0,0,0,0,0,1,0,0,0,0
CUST104295,0,1,0,0,0,0,0,0,0,1,1,1,0,0
CUST104063,0,1,1,0,0,0,0,0,1,0,0,1,0,0
CUST103861,0,1,0,0,0,0,0,0,0,0,0,0,0,0
CUST104122,0,1,0,1,0,0,0,0,0,1,1,0,0,0
CUST104629,0,1,1,1,0,1,0,0,0,0,0,0,0,0
CUST100060,0,1,0,0,0,0,0,1,1,1,1,1,0,0
CUST101240,1,1,0,1,0,1,0,1,1,0,0,0,0,0
CUST104637,0,1,0,1,0,0,0,0,1,0,0,0,0,0
CUST101040,1,1,1,1,1,0,0,0,1,0,1,0,0,1
CUST104187,0,1,0,1,0,0,0,0,1,1,1,0,0,0
CUST102760,1,1,1,1,1,1,0,0,0,0,1,0,0,0
CUST102120,0,1,0,0,0,0,0,0,0,0,0,0,0,0
CUST101524,0,1,0,0,0,0,0,1,0,0,1,0,0,0
CUST103521,1,1,1,1,1,0,0,0,0,1,1,0,0,0
CUST100153,1,1,1,0,0,0,0,1,1,0,1,0,0,0
CUST102248,0,1,0,0,1,1,1,1,0,1,1,0,1,1
CUST100481,0,1,0,0,0,0,0,0,0,0,1,0,0,0
CUST104233,1,1,1,0,0,1,0,0,0,0,1,0,0,0
CUST104305,0,1,0,0,1,1,0,1,0,1,1,1,1,1
CUST103578,1,1,1,0,1,1,0,1,0,1,1,1,1,1
CUST104125,0,1,0,0,0,1,0,0,0,0,1,0,0,0
CUST103562,1,1,1,0,0,1,0,0,1,0,0,0,1,1
CUST103315,1,1,1,1,1,1,0,0,0,1,1,1,1,1
CUST101762,0,1,1,0,0,1,0,1,1,1,0,0,0,0
CUST103538,0,0,0,1,0,1,0,0,0,0,1,0,0,0
CUST104803,0,1,0,0,0,0,0,0,0,0,1,0,0,0
CUST100750,1,1,1,0,0,1,0,0,0,1,1,1,1,1
CUST103619,1,1,1,0,0,0,0,0,1,0,0,0,0,0
CUST101785,1,1,1,0,1,0,0,0,0,0,1,1,0,0
CUST104270,1,1,1,0,0,1,0,0,1,0,0,0,0,0
CUST103383,1,1,1,0,0,0,0,0,1,0,1,0,1,1
CUST104348,0,0,0,0,1,0,0,1,1,1,1,1,1,0
CUST100405,1,1,1,0,0,0,1,0,0,1,0,1,1,1
CUST100757,1,0,1,0,0,1,0,0,0,0,0,0,0,0
CUST102711,0,1,0,1,1,1,0,0,0,0,0,0,1,1
CUST102670,1,1,1,0,0,1,0,1,1,0,1,0,1,1
CUST103983,1,1,0,0,0,0,0,0,1,0,0,0,0,0
CUST100097,1,1,1,1,0,0,0,0,0,1,0,0,0,1
CUST101333,0,0,0,0,0,0,0,0,1,0,0,0,0,0
CUST104451,0,1,0,0,0,0,0,1,1,0,0,0,1,0
CUST102791,1,1,1,0,0,0,0,0,0,0,0,0,0,1
CUST102854,0,1,1,1,0,0,0,1,0,0,0,0,0,1
CUST100186,0,1,0,0,0,0,0,0,1,0,0,0,0,0
CUST104003,0,1,0,0,0,1,1,1,1,1,0,1,0,0
CUST102723,1,1,1,0,0,0,1,0,0,0,0,0,0,0
CUST103583,1,1,1,0,0,0,0,0,1,1,0,1,1,1
CUST102058,0,1,1,0,1,0,0,0,1,1,1,0,0,1
CUST101319,0,1,0,0,0,0,0,0,0,1,1,1,1,1
CUST100148,1,1,1,0,0,0,0,0,1,0,1,0,0,0
CUST100028,0,1,0,0,1,0,1,1,0,1,0,0,0,0
CUST104140,0,0,0,0,0,0,0,0,0,0,0,0,0,0
CUST104009,0,0,0,0,0,0,0,0,0,0,1,1,0,1
CUST103363,0,1,0,0,0,0,1,1,1,0,0,0,0,0
CUST100692,0,0,0,1,1,0,1,0,0,1,0,1,0,0
CUST102866,1,1,1,0,1,0,0,0,1,1,1,0,0,0
CUST103776,1,1,1,1,0,0,0,0,1,0,0,0,0,0
CUST101386,0,1,0,0,0,0,0,0,0,0,0,0,0,1
CUST101845,0,1,0,0,0,0,0,1,0,0,1,0,0,0
CUST104730,1,0,1,0,0,0,0,1,0,0,0,1,1,1
CUST100129,1,1,1,0,0,0,0,0,1,1,1,0,1,1
CUST101599,1,1,1,0,0,0,0,0,1,1,0,0,1,1
CUST103629,0,1,0,0,0,0,0,1,0,0,0,0,1,1
CUST104503,0,1,1,1,0,0,0,0,0,1,0,1,0,0
CUST100701,1,1,1,1,0,0,0,1,0,0,1,0,0,0
CUST103982,0,1,0,1,0,0,1,0,0,0,0,0,0,0
CUST103028,0,1,1,0,1,0,0,0,0,1,1,0,1,1
CUST102969,0,1,0,1,1,0,1,0,1,0,1,0,0,0
CUST104356,1,1,0,0,0,0,1,1,0,1,1,1,0,0
CUST101708,1,1,1,0,1,0,1,0,0,0,0,0,1,1
CUST102953,0,1,0,0,1,0,1,1,0,1,1,0,1,0
CUST100454,0,1,0,0,1,1,0,0,1,0,1,0,0,0
CUST102868,1,1,1,0,1,0,1,0,0,0,1,0,0,0
CUST102040,1,1,1,0,0,0,0,0,0,0,1,0,0,1
CUST101772,0,1,1,1,0,0,0,0,0,0,0,0,0,1
CUST102315,0,1,1,0,0,0,1,1,0,1,1,1,0,1
CUST100609,1,1,1,0,0,1,1,0,1,0,0,0,0,0
CUST100167,0,1,1,0,1,0,1,0,0,1,1,0,0,1
CUST100730,0,1,0,0,0,1,0,1,0,1,1,1,0,0
CUST104248,0,1,0,0,1,0,0,1,1,1,1,0,1,1
CUST103358,0,0,0,0,0,0,0,0,1,0,1,0,0,0
CUST102074,0,1,0,0,1,0,0,0,0,0,1,0,0,0
CUST104039,0,1,0,0,0,1,0,0,1,1,0,0,0,0
CUST103700,0,1,0,0,1,0,0,1,1,0,1,0,0,0
CUST101622,0,1,1,0,0,0,0,1,0,0,1,0,0,0
CUST100587,0,1,0,1,0,0,0,0,1,0,0,0,0,0
CUST101401,0,1,0,0,0,0,1,0,0,0,0,0,0,0
CUST103045,0,1,0,0,0,0,0,1,0,0,0,0,0,0
CUST103224,1,0,1,0,1,0,0,1,0,1,0,0,1,1
CUST101700,1,1,1,1,1,0,0,0,0,1,1,1,1,1
CUST103088,1,1,0,0,1,0,0,0,1,0,1,0,0,0
CUST104390,1,0,1,0,0,0,0,0,1,1,1,0,1,1
CUST102981,1,1,1,0,0,0,0,0,1,0,0,0,1,1
CUST100040,0,1,0,0,0,0,0,0,0,0,0,0,0,0
CUST101379,0,1,0,0,0,0,0,1,1,0,0,0,0,0
CUST102089,0,1,0,1,0,0,0,0,0,0,0,0,0,0
CUST102175,1,1,1,0,0,0,1,0,0,0,1,0,0,0
CUST103217,0,1,1,0,0,1,0,0,0,1,0,1,0,0
CUST102885,1,1,1,0,1,1,0,0,0,1,1,1,0,1
CUST100074,0,1,0,1,0,0,0,0,0,0,0,0,0,0
CUST103909,0,1,0,0,1,1,0,0,0,0,1,0,0,0
CUST104964,1,1,1,0,0,1,0,1,1,1,0,1,0,0
CUST102657,1,1,0,0,0,0,0,0,1,0,0,0,0,0
CUST103180,0,0,0,0,0,0,0,0,1,0,0,0,0,0
CUST102076,0,1,0,0,1,0,1,1,0,1,1,1,0,0
CUST100441,0,1,0,0,1,0,0,0,1,1,0,0,0,0
CUST104051,0,1,0,1,0,0,0,1,0,0,1,0,0,0
CUST102051,0,0,0,0,0,0,1,1,0,0,0,0,0,0
CUST102541,1,1,1,1,0,1,0,0,0,0,1,0,1,1
CUST103306,0,1,0,0,1,0,1,0,0,0,1,0,0,0
CUST101301,1,1,1,0,0,1,0,0,1,0,0,0,0,0
CUST101781,1,1,0,0,0,0,1,1,0,0,0,0,0,0
CUST104814,0,1,1,0,0,1,0,0,0,0,0,0,0,0
CUST103430,0,1,0,0,0,0,1,1,0,1,1,0,1,1
CUST101304,1,1,1,0,0,0,0,0,1,0,0,0,0,1
CUST100236,1,1,0,0,0,0,0,1,0,0,1,0,0,0
CUST102599,0,1,0,0,0,0,0,0,0,0,1,0,0,0
CUST100520,0,1,0,1,0,0,0,0,1,0,0,0,0,1
CUST102573,1,1,1,1,0,0,1,1,0,0,0,1,1,1
CUST103280,1,1,1,0,0,0,1,0,0,0,0,0,1,1
CUST103186,1,1,1,0,1,1,0,0,1,1,1,1,0,0
CUST102768,0,0,0,0,0,0,0,0,0,0,0,0,0,0
CUST100735,1,1,1,1,0,0,0,1,0,0,0,0,0,0
CUST104703,0,1,0,1,0,0,0,1,1,1,0,1,0,0
CUST104929,0,0,0,0,0,0,0,0,0,0,1,0,0,0
CUST102106,1,1,1,1,0,0,0,0,1,1,1,0,0,0
CUST102679,1,1,0,0,1,1,0,0,1,1,0,1,0,0
CUST103229,0,1,0,0,0,1,0,1,0,0,1,0,0,0
CUST102761,0,1,0,0,0,0,0,0,1,0,0,0,0,0
CUST100592,0,1,0,0,1,0,0,1,1,1,1,1,0,0
CUST101303,0,1,0,0,0,0,0,0,0,0,1,0,1,0
CUST101387,1,1,1,0,0,0,0,0,1,0,0,1,1,1
CUST104695,0,1,0,1,1,0,1,0,0,0,1,0,0,0
CUST104526,0,1,0,0,0,0,0,0,1,1,1,0,1,1
CUST103947,1,1,1,0,0,0,0,0,0,0,1,0,0,0
CUST101890,0,1,1,0,0,1,0,0,1,0,1,0,0,0
CUST102987,0,1,0,0,0,0,1,1,1,1,1,0,0,0
CUST104924,0,1,1,0,1,1,0,0,0,1,1,0,0,0
CUST103297,1,0,1,0,0,0,0,1,1,1,0,1,0,1
CUST100904,1,1,1,1,1,0,0,0,0,0,1,0,0,0
CUST104609,0,1,0,0,0,0,0,0,0,0,1,0,0,0
CUST101279,1,1,1,0,1,0,0,0,0,1,1,0,1,1
CUST100933,0,0,1,0,0,0,1,1,0,1,1,1,0,0
CUST104899,0,1,0,0,0,0,0,1,0,1,0,0,0,0
CUST102308,0,1,0,1,0,0,0,1,0,0,0,0,0,0
CUST101555,0,1,0,0,0,0,0,1,0,1,0,1,0,0
CUST104533,1,1,1,1,0,0,0,0,0,0,1,0,0,1
CUST103190,0,1,1,1,0,0,0,0,1,1,0,1,0,0
CUST104441,0,1,0,0,0,0,0,0,0,1,0,0,0,0
CUST100706,1,1,1,0,1,0,0,0,1,1,0,0,0,0
CUST104690,1,1,0,0,0,1,0,0,0,0,0,0,0,0
CUST103070,0,1,0,0,0,1,0,0,0,1,1,0,0,0
CUST100745,0,1,0,0,0,0,0,0,0,1,0,0,0,0
CUST103594,1,0,1,0,0,0,0,1,0,1,0,1,1,1
CUST101939,0,1,1,0,0,0,0,0,0,0,1,0,0,0
CUST104400,0,0,0,0,0,0,0,0,1,0,0,0,0,0
CUST102862,1,1,1,0,0,0,0,0,0,0,0,0,0,0
CUST103996,0,1,0,0,0,1,0,0,0,1,1,1,0,0
CUST100513,1,1,1,0,0,0,0,1,0,1,0,1,0,0
CUST100081,0,1,0,0,0,0,0,0,0,1,1,0,0,0
CUST104976,1,1,1,1,0,1,1,0,1,1,0,1,0,1
CUST101308,1,1,1,0,0,0,0,0,0,0,1,0,0,0
CUST104614,0,1,1,0,1,0,0,0,1,1,1,0,1,1
CUST100914,1,0,1,1,0,1,0,0,0,0,1,0,0,0
CUST103452,1,1,1,0,0,0,0,0,1,1,1,0,0,1
CUST103695,1,1,1,0,0,1,1,0,1,0,0,0,0,1
CUST104804,1,1,1,0,1,1,0,0,0,1,0,1,0,1
CUST103156,0,1,0,0,1,1,0,0,0,0,1,0,0,1
CUST102198,0,1,0,1,0,0,0,0,0,0,0,0,0,0
CUST104232,1,1,1,0,0,0,0,0,0,0,1,0,0,0
CUST100774,0,1,1,0,1,1,1,0,0,0,1,0,0,1
CUST100329,1,1,1,0,0,0,0,0,0,0,1,0,1,1
CUST102054,0,1,1,0,0,0,0,0,1,0,0,0,0,0
CUST102001,1,1,1,0,0,0,0,1,1,0,0,0,0,1
CUST100943,0,1,0,1,1,0,1,1,0,1,1,1,1,1
CUST100822,0,1,0,0,0,0,0,0,1,0,1,1,0,0
CUST104527,0,0,0,1,0,0,1,1,0,1,0,1,0,0
CUST100909,1,1,1,1,1,1,0,1,1,0,1,0,1,1
CUST102516,0,1,0,0,0,0,0,1,1,0,0,0,0,0
CUST100181,1,1,0,1,0,0,0,0,0,0,0,0,0,0
CUST100164,1,1,0,1,0,0,1,0,0,0,0,0,0,0
CUST101523,1,1,1,1,0,1,0,0,1,0,0,0,0,0
CUST100451,0,1,0,0,0,1,0,1,1,0,0,0,0,0
CUST102538,0,1,0,0,0,0,0,0,0,0,1,0,0,0
CUST104137,1,1,1,0,0,0,1,1,1,1,0,1,0,1
CUST104775,0,1,0,1,0,0,0,0,0,0,0,0,0,0
CUST101311,1,1,1,0,0,0,0,1,0,1,0,0,0,1
CUST103149,1,0,0,0,0,0,0,0,1,0,0,0,0,0
CUST101111,0,1,0,0,0,0,0,0,1,0,0,0,0,0
CUST104547,1,1,1,1,0,0,0,1,0,1,0,1,1,0
CUST104085,0,1,0,0,0,0,0,0,0,1,1,0,0,0
CUST103489,0,0,0,0,1,0,1,1,1,1,1,1,0,0
CUST101287,0,1,0,1,1,0,0,1,0,1,1,0,0,0
CUST104177,0,1,0,0,0,0,0,1,1,1,1,0,1,1
CUST104645,0,1,0,1,0,0,1,0,0,1,0,1,0,0
CUST103680,1,1,1,0,0,0,0,0,1,0,0,0,0,0
CUST104511,1,1,0,1,0,0,1,0,0,0,0,0,0,1
CUST104168,0,1,0,0,0,0,0,1,0,0,0,0,1,0
CUST103300,1,1,1,0,0,0,0,0,0,0,0,0,1,1
CUST103310,0,1,0,0,0,1,0,0,0,0,0,0,0,0
CUST104556,0,1,0,0,0,0,0,1,0,0,0,0,0,0
CUST103125,0,1,0,0,1,0,0,1,0,0,1,0,0,1
CUST100327,0,1,1,1,1,0,0,1,1,1,1,0,0,0
CUST101790,0,1,0,0,0,0,0,0,1,0,0,0,0,0
CUST102490,1,1,1,1,0,0,0,1,1,0,0,0,1,1
CUST102006,1,1,1,0,0,0,0,1,0,1,1,1,0,0
CUST102007,1,1,0,0,0,0,0,0,0,0,0,0,0,0
CUST101858,1,0,0,1,0,0,1,0,0,0,0,0,0,0
CUST104685,1,0,1,0,0,0,0,0,1,0,0,0,0,0
CUST100312,1,1,1,0,1,0,0,1,0,1,1,1,1,1
CUST100832,1,1,1,0,0,1,1,0,0,1,0,1,0,1
CUST103079,0,1,0,0,0,0,0,0,0,0,0,0,0,0
CUST104717,1,1,1,0,0,0,0,0,0,0,1,0,0,1
CUST103462,0,1,0,0,1,0,0,0,0,1,1,1,0,0
CUST101201,1,1,0,0,0,1,0,0,0,0,0,0,0,0
CUST104391,0,1,0,0,0,0,0,0,0,0,1,0,0,0
CUST103547,0,1,0,1,0,0,0,1,0,0,1,0,0,0
CUST104922,0,1,0,0,0,0,1,0,1,1,0,0,0,0
CUST102134,0,0,0,0,1,1,0,1,0,1,1,0,0,0
CUST103451,0,1,0,1,0,0,0,0,0,0,0,0,0,0
CUST102209,0,1,0,1,0,0,0,1,0,0,0,1,0,0
CUST101901,0,1,0,0,0,0,1,1,1,1,0,0,0,0
CUST101481,0,1,0,0,0,1,0,1,0,0,0,1,0,0
CUST100777,0,1,0,0,0,0,1,0,1,0,0,0,0,0
CUST100799,1,1,0,0,0,0,0,0,1,0,1,0,0,0
CUST103714,1,1,0,0,0,0,0,0,0,0,0,0,0,0
CUST103942,1,1,1,1,0,0,1,0,1,0,0,0,0,0
CUST100054,1,1,1,0,0,0,0,0,0,0,0,1,0,1
CUST102972,0,1,1,0,1,0,0,0,0,0,1,0,1,0
CUST103335,1,1,1,0,1,0,0,0,1,1,0,0,0,1
CUST101920,0,1,0,0,0,0,0,0,1,1,0,0,0,0
CUST103715,1,1,0,1,1,1,0,1,1,0,1,0,0,0
CUST104646,1,0,1,0,0,0,1,0,1,0,1,0,0,0
CUST100946,0,1,0,1,0,0,0,0,0,0,0,0,1,0
CUST101701,0,1,0,0,0,0,0,0,0,0,0,0,0,0
CUST103293,0,1,0,1,0,0,0,0,0,0,0,0,1,0
CUST102161,0,1,1,1,1,0,0,0,1,0,1,0,0,0
CUST101136,1,1,0,1,1,1,0,0,0,0,0,0,0,0
CUST100987,0,1,0,0,0,0,0,1,0,1,1,0,0,0
CUST102549,0,1,0,0,0,0,0,0,0,0,0,0,0,0
CUST100193,0,1,0,0,0,0,0,0,1,0,1,1,0,0
CUST103057,0,1,0,0,0,0,0,0,1,0,0,0,1,1
CUST103246,0,1,0,0,0,0,0,0,1,0,1,0,0,0
CUST101394,0,1,0,0,0,0,0,0,0,0,0,0,1,0
CUST102637,0,1,0,0,1,0,0,1,0,1,1,0,0,0
CUST100768,0,1,0,0,0,0,0,0,0,1,1,1,0,0
CUST104702,0,1,0,0,0,0,0,0,1,0,0,0,1,0
CUST103090,1,1,0,1,0,0,0,0,0,0,0,0,0,0
CUST103495,0,1,0,0,1,0,1,0,0,0,0,1,0,0
CUST103215,0,1,0,0,0,0,0,0,0,0,0,0,0,0
CUST100285,1,1,1,1,0,0,0,1,1,1,1,0,0,0
CUST104938,0,1,1,0,0,0,0,1,0,1,1,1,0,0
CUST100428,0,1,1,1,0,0,0,0,0,0,0,0,0,0
CUST104448,0,1,0,0,0,0,0,0,0,0,1,0,0,0
CUST102332,0,1,0,1,0,1,0,0,0,0,1,0,0,0
CUST102717,0,0,1,0,0,0,0,0,1,0,1,0,0,1
CUST102079,0,1,0,0,0,0,0,0,1,0,0,0,0,0
CUST103389,0,1,0,0,0,0,1,1,0,1,1,1,1,1
CUST100722,1,1,0,1,0,0,0,0,1,0,0,0,0,0
CUST100951,1,0,1,1,0,0,0,0,0,0,1,0,0,0
CUST104383,0,1,0,0,0,0,0,0,1,0,1,0,0,0
CUST104366,1,1,1,1,0,0,0,0,1,0,1,1,1,1
CUST102262,1,0,1,1,0,0,0,0,1,0,1,0,0,1
CUST100989,0,1,0,0,1,0,0,0,0,0,1,0,1,1
CUST103212,0,1,0,0,1,0,0,0,0,1,1,0,0,0
CUST101759,0,1,0,0,0,0,0,0,0,0,1,0,0,0
CUST104579,0,1,0,0,0,0,1,0,0,0,0,0,0,0
CUST100326,0,1,0,0,1,0,1,0,1,1,1,1,1,0
CUST102608,0,1,0,0,0,0,1,1,1,1,0,0,0,0
CUST101383,0,1,0,0,0,1,0,0,0,1,1,0,0,0
CUST101724,1,1,1,1,0,0,0,0,0,0,1,0,0,0
CUST101086,1,1,1,0,0,1,0,1,0,1,0,1,0,0
CUST102523,1,1,1,0,0,1,0,0,1,1,0,0,0,1
CUST100341,0,1,0,0,0,0,0,1,0,1,0,0,0,0
CUST103701,1,1,1,0,1,0,0,0,1,1,0,0,1,1
CUST100147,0,1,0,0,1,0,0,1,0,1,1,1,0,1
CUST100688,0,1,0,0,1,0,0,1,1,1,1,0,0,0
CUST103432,0,1,0,0,0,0,0,0,0,1,0,0,0,0
CUST101107,0,1,0,0,0,0,0,0,0,0,1,0,0,0
CUST100848,1,1,1,1,0,0,0,0,1,0,0,0,0,0
CUST100966,0,1,0,0,0,0,0,0,0,1,0,0,0,0
CUST104727,0,1,0,0,0,0,0,0,0,1,0,1,0,0
CUST101492,0,1,0,0,0,0,0,0,0,0,0,0,0,0
CUST103953,1,1,0,1,1,1,0,0,1,0,1,0,0,0
CUST102203,1,1,0,1,0,0,0,0,0,1,0,0,0,0
CUST102713,0,1,0,0,0,0,0,1,0,0,1,0,0,0
CUST100661,1,1,1,0,1,0,0,1,0,0,0,0,0,1
CUST101002,1,1,1,0,1,0,0,0,0,0,0,1,0,0
CUST100062,0,1,0,0,0,0,0,0,0,0,0,0,0,0
CUST100284,0,1,0,0,0,1,0,0,0,0,0,0,0,0
CUST102224,1,1,0,0,1,0,0,1,0,0,0,0,0,0
CUST104706,0,1,0,1,1,0,0,1,0,1,1,1,0,0
CUST101879,0,1,0,0,0,0,0,0,0,1,0,0,0,0
CUST103572,0,1,0,0,0,0,0,0,0,0,0,0,0,0
CUST104857,0,1,0,0,1,0,0,0,1,1,1,1,1,1
CUST101203,1,1,0,0,0,0,0,0,0,0,0,0,0,0
CUST101990,0,1,0,0,0,0,1,0,0,1,0,0,0,0
CUST100024,0,1,0,0,1,0,0,1,0,1,0,0,0,0
CUST104852,1,1,1,0,0,0,0,0,0,0,0,0,0,0
CUST104102,1,1,1,0,1,0,0,0,1,0,1,0,0,0
CUST104167,0,1,0,1,0,1,0,1,1,0,0,0,0,0
CUST100762,1,1,1,1,0,0,1,0,0,0,0,0,1,1
CUST100875,0,1,0,0,0,0,1,1,0,1,1,0,0,0
CUST104742,0,1,0,1,0,0,0,0,0,0,0,0,0,0
CUST100938,0,1,0,0,0,0,1,0,0,0,0,0,0,1
CUST102687,0,1,0,0,0,1,0,1,0,0,0,0,0,0
CUST103600,0,1,1,0,1,0,0,1,1,0,1,0,0,1
CUST102394,0,1,0,0,0,0,0,0,0,0,0,0,0,0
CUST104567,0,1,0,0,0,0,0,1,0,0,1,0,0,0
CUST104980,0,1,0,1,0,1,1,0,0,0,0,1,0,0
CUST104124,0,1,0,0,0,0,0,0,0,1,1,1,1,0
CUST104564,0,1,1,0,0,0,0,1,0,1,1,1,0,0
CUST100385,0,1,1,0,0,0,0,1,0,1,1,1,1,1
CUST103877,0,1,0,1,1,1,1,1,0,1,1,1,0,0
CUST104370,1,1,1,0,0,0,0,0,0,0,1,0,0,1
CUST104569,0,1,0,0,0,0,0,0,1,0,0,0,0,0
CUST100536,1,1,1,0,1,0,0,1,0,0,1,1,0,1
CUST102291,1,1,1,0,0,0,1,1,1,0,1,0,0,1
CUST104665,0,1,0,1,0,0,0,0,0,0,0,0,1,0
CUST103874,1,1,1,1,0,0,1,0,0,1,0,0,0,1
CUST100936,0,1,0,0,0,0,0,1,0,1,0,0,0,1
CUST103737,0,1,0,1,1,0,1,1,1,0,1,0,0,0
CUST104728,0,1,0,1,0,0,0,0,0,0,1,0,0,0
CUST102360,0,1,0,0,1,1,0,1,1,0,1,0,0,0
CUST103507,1,1,1,1,0,0,0,1,1,0,1,0,0,1
CUST100201,0,1,1,0,1,0,0,0,0,1,1,1,1,1
CUST103208,1,1,0,0,0,0,0,0,0,1,1,0,0,0
CUST101332,0,1,0,0,0,0,0,0,0,1,1,0,0,0
CUST103016,1,1,1,0,1,0,0,1,1,0,1,0,1,1
CUST103502,0,1,0,0,0,0,0,1,0,0,1,0,0,0
CUST102708,0,1,0,0,0,0,1,0,1,0,0,0,0,0
CUST104021,0,1,1,0,0,0,0,1,1,1,1,1,0,0
CUST101854,1,1,1,0,0,0,0,0,1,0,0,0,0,1
CUST104469,0,1,0,0,0,1,0,0,1,0,0,0,0,0
CUST102872,0,1,0,0,0,0,0,0,0,0,0,0,0,0
CUST103030,0,1,0,0,0,0,0,0,0,0,0,0,0,0
CUST101205,0,1,0,1,1,0,0,0,0,0,1,0,0,0
CUST101645,0,1,0,1,0,0,0,0,0,0,1,0,0,0
CUST103417,1,1,1,0,0,0,0,0,1,0,0,0,0,0
CUST103476,0,1,0,0,0,0,0,0,0,0,0,0,0,0
CUST102861,1,1,1,0,0,0,0,0,1,0,1,0,1,1
CUST101792,0,1,0,0,1,1,1,1,1,1,1,1,1,0
CUST103797,0,0,0,0,0,0,1,0,0,0,0,0,0,0
CUST103368,1,1,1,0,1,0,0,0,0,0,1,0,0,0
CUST103367,1,0,1,0,0,0,0,1,0,0,0,0,0,1
CUST103533,0,1,1,0,0,0,0,0,0,0,1,0,0,1
CUST103449,1,1,0,0,0,0,0,0,1,1,0,1,0,0
CUST100603,0,1,0,1,0,0,0,0,1,1,0,0,0,0
CUST103056,0,1,0,0,0,0,0,1,0,0,0,0,0,0
CUST104531,0,1,0,0,0,1,0,1,0,0,0,0,0,0
CUST100126,0,1,0,1,0,0,0,0,0,0,1,0,0,0
CUST103876,0,1,0,1,0,0,1,0,1,0,1,0,0,0
CUST102935,1,1,1,0,0,0,0,0,1,0,0,0,1,1
CUST103531,0,1,0,0,1,0,0,1,0,1,1,1,1,0
CUST102730,1,1,1,0,0,0,0,0,0,0,0,1,1,1
CUST100827,0,1,0,1,0,0,0,0,0,0,0,0,0,0
CUST101639,1,0,1,0,1,1,0,0,0,0,1,0,1,1
CUST100984,0,1,1,0,1,0,0,0,1,1,1,1,0,0
CUST103281,0,1,0,1,0,0,1,0,0,0,0,0,0,0
CUST104971,0,1,0,1,0,0,0,0,1,1,0,0,1,0
CUST102188,0,1,0,1,0,0,1,0,0,0,0,0,0,0
CUST104612,0,1,0,0,0,0,0,0,0,0,1,0,0,0
CUST102443,0,0,0,1,0,0,0,0,0,0,0,0,0,0
CUST100362,1,1,1,0,0,0,0,0,1,0,0,0,0,0
CUST102349,1,1,0,0,0,0,1,1,0,0,0,1,0,0
CUST100345,1,1,1,1,0,0,0,1,0,0,0,0,0,0
CUST100814,0,1,0,1,0,0,1,1,1,0,0,0,0,0
CUST103205,0,0,0,1,1,0,1,1,0,1,1,1,0,0
CUST104160,0,1,1,0,0,0,0,1,0,1,0,0,0,0
CUST104795,0,1,1,0,1,1,0,1,1,1,1,1,1,1
CUST103325,0,1,0,0,0,0,0,0,1,0,0,0,0,0
CUST104106,0,1,0,0,0,0,0,0,1,0,1,0,0,0
CUST102116,1,1,1,1,0,0,0,0,0,0,0,0,1,1
CUST101834,1,1,1,0,0,0,0,1,0,1,1,1,0,0
CUST100793,0,1,0,1,0,0,0,0,0,0,0,0,0,0
CUST104946,0,1,0,1,0,0,0,1,0,0,1,0,0,0
CUST102674,0,1,0,0,0,0,0,0,0,1,1,0,1,1
CUST100094,0,1,0,0,0,0,0,1,0,0,1,1,0,0
CUST103756,0,1,0,1,0,0,0,1,0,0,0,0,0,0
CUST102891,1,1,1,0,1,0,0,0,0,1,1,1,0,1
CUST102371,0,1,0,0,0,0,1,1,1,0,1,0,0,0
CUST104149,0,0,0,0,0,0,0,0,1,0,0,0,0,0
CUST104432,1,1,1,0,0,1,0,1,0,0,0,0,0,0
CUST103228,1,1,1,0,0,0,0,0,0,0,0,0,1,1
CUST102853,0,1,0,0,0,0,0,1,0,1,1,1,0,0
CUST102912,0,1,0,0,0,0,0,1,0,0,0,0,0,0
CUST101865,0,1,0,0,0,0,0,0,1,0,0,0,0,0
CUST101857,0,1,0,0,1,0,0,1,0,1,1,1,0,1
CUST102645,0,1,0,1,0,0,0,1,0,1,1,1,0,0
CUST102243,0,1,0,0,0,0,0,0,0,0,0,0,0,0
CUST102336,0,1,0,1,0,0,0,1,0,0,1,0,0,1
CUST100950,0,0,0,1,0,1,0,1,0,0,1,0,0,0
CUST103068,0,0,1,1,0,0,0,0,1,0,1,1,0,1
CUST101120,0,1,1,0,0,0,1,1,0,0,0,0,1,0
CUST102597,1,1,1,0,0,0,1,1,1,0,0,0,0,0
CUST102204,1,1,0,0,0,1,0,1,0,0,0,0,1,0
CUST100419,0,0,0,1,0,0,0,0,0,0,0,1,0,0
CUST100922,0,1,1,0,1,0,0,0,0,1,1,0,0,0
CUST101254,0,1,1,1,1,0,0,0,1,0,1,0,0,0
CUST100477,1,1,1,0,1,0,0,1,0,0,1,0,0,0
CUST102035,0,1,0,1,0,0,0,0,0,0,0,0,0,0
CUST101202,0,1,1,0,0,0,0,0,0,0,0,0,0,0
CUST102626,0,1,0,1,0,0,0,1,0,1,0,0,1,0
CUST104818,0,1,0,0,1,1,0,1,0,1,1,0,0,0
CUST101970,0,1,1,0,1,1,0,1,0,1,1,1,0,0
CUST103110,1,1,1,1,0,1,0,0,0,0,0,0,1,1
CUST104018,0,1,0,0,0,0,0,0,0,0,1,0,0,0
CUST102151,1,1,1,0,0,0,0,0,0,0,0,0,1,1
CUST103687,0,1,1,0,0,0,1,0,0,0,0,0,0,1
CUST101997,1,1,1,0,0,1,0,1,0,1,1,1,0,0
CUST104033,0,1,0,0,1,0,0,0,0,0,1,0,0,0
CUST103054,0,1,0,0,0,0,0,0,0,0,0,0,0,0
CUST101248,1,1,1,0,1,0,0,0,0,0,1,0,1,1
CUST102192,1,1,1,0,0,0,0,0,0,1,0,1,0,1
CUST102712,0,1,0,0,0,0,1,0,0,0,1,0,0,0
CUST100992,0,1,0,0,0,0,0,0,0,0,0,0,0,0
CUST102190,0,1,0,0,0,0,0,1,0,0,0,0,0,0
CUST103762,1,1,1,0,1,1,0,0,0,1,1,1,0,0
CUST103597,1,1,1,0,1,1,0,1,0,1,1,1,0,1
CUST101318,0,0,0,0,0,1,1,0,0,0,1,0,0,0
CUST101863,0,1,0,0,1,1,1,1,1,0,1,1,0,0
CUST102343,0,1,1,0,0,1,0,0,0,0,0,0,0,0
CUST102449,1,1,1,0,0,1,0,1,0,0,1,0,0,1
CUST102136,1,0,1,0,0,0,0,0,0,0,0,0,0,0
CUST101065,0,1,0,0,0,1,0,1,0,0,0,0,1,1
CUST104960,1,1,1,0,0,0,0,0,1,0,0,0,0,0
CUST102621,0,1,0,0,0,1,0,0,0,0,0,0,0,0
CUST100077,0,1,0,0,0,1,1,1,0,0,0,0,0,0
CUST102898,0,1,0,0,0,0,0,0,0,0,1,0,0,0
CUST101314,0,0,0,0,0,0,1,1,0,0,0,0,1,1
CUST104372,0,1,0,0,0,0,0,0,0,0,0,0,0,0
CUST100872,1,1,0,0,0,0,1,0,0,0,1,0,0,0
CUST103850,0,1,0,0,0,0,0,0,1,1,0,0,0,0
CUST104787,1,0,0,0,0,0,0,1,1,0,1,0,1,0
CUST102965,0,1,0,0,0,0,0,0,0,0,0,0,0,0
CUST103391,0,1,0,0,0,0,1,0,0,1,0,1,0,0
CUST102560,0,1,0,0,0,0,0,0,0,0,1,0,0,0
CUST104896,0,1,0,1,0,0,0,0,0,0,0,0,0,0
CUST102635,0,1,1,1,0,0,0,1,0,0,0,0,0,0
CUST103530,1,1,1,0,1,0,1,0,0,0,1,0,0,0
CUST100375,1,1,1,0,0,0,0,0,0,0,0,0,0,0
CUST101908,0,1,1,1,1,1,0,1,0,0,1,0,0,0
CUST104332,1,1,1,1,1,0,0,0,0,1,1,0,0,1
CUST104379,1,1,1,0,0,1,0,0,0,0,1,0,0,0
CUST104027,0,1,0,0,0,0,0,0,1,0,1,0,0,0
CUST101604,0,1,0,0,0,0,0,0,1,0,0,1,0,0
CUST101118,1,1,0,0,1,0,0,0,1,1,1,0,0,0
CUST103677,1,1,1,0,0,0,0,0,0,0,0,0,0,0
CUST103490,0,1,1,0,0,0,0,0,0,1,1,1,0,0
CUST104864,0,1,0,0,1,0,0,0,0,0,1,1,0,0
CUST102958,1,1,0,0,0,1,0,1,0,1,0,1,0,0
CUST101994,1,1,1,0,0,1,0,0,1,0,0,0,1,1
CUST104955,0,1,1,0,0,0,0,1,1,0,1,0,0,0
CUST104355,0,1,0,0,0,1,1,0,1,1,1,0,0,0
CUST102376,1,0,1,0,0,0,0,0,0,0,1,0,0,1
CUST101342,1,1,1,0,0,1,0,0,1,0,0,0,0,0
CUST100320,1,1,1,1,0,1,0,0,1,0,0,0,1,1
CUST101619,0,1,0,0,1,0,1,1,0,1,1,1,0,0
CUST103713,1,1,1,0,0,1,0,1,0,1,0,1,1,1
CUST102060,1,0,0,1,0,0,1,1,0,0,0,0,0,0
CUST102219,0,1,1,1,1,0,0,0,0,1,0,0,1,1
CUST101673,0,0,0,0,0,0,1,1,0,0,0,0,0,0
CUST100260,1,1,1,0,1,1,0,0,0,0,1,0,1,1
CUST104417,1,1,0,0,0,0,0,1,1,0,1,0,0,0
CUST102039,1,1,1,0,1,0,0,0,1,0,1,0,0,0
CUST100901,0,1,0,0,0,0,0,1,0,0,0,1,0,0
CUST103744,1,1,1,1,1,0,0,0,0,0,0,0,1,1
CUST102026,0,1,0,0,0,0,0,0,0,0,1,0,0,0
CUST101917,1,1,1,0,1,1,0,1,0,1,1,0,1,1
CUST101828,1,1,1,0,0,0,0,0,0,0,0,0,1,1
CUST101573,1,1,1,0,0,1,1,0,0,0,1,0,1,1
CUST104394,1,1,1,0,0,0,0,0,1,0,0,0,0,1
CUST104208,0,0,0,1,0,0,1,0,0,0,1,0,1,1
CUST100224,0,1,1,0,1,0,0,0,1,0,1,0,0,0
CUST100723,1,1,1,0,1,0,0,1,0,0,1,0,1,1
CUST104485,1,1,0,0,1,1,1,0,0,1,1,0,0,0
CUST101141,0,1,0,0,0,0,0,0,1,1,0,0,0,0
CUST102762,1,1,1,0,0,0,0,0,0,0,0,0,1,1
CUST100846,1,1,1,1,0,0,0,0,1,0,0,0,0,1
CUST102551,1,1,0,0,0,0,1,1,1,1,1,0,0,0
CUST102928,1,1,1,0,0,0,0,1,0,0,0,0,0,0
CUST100117,0,1,0,0,0,0,1,0,0,0,1,0,0,0
CUST100645,0,1,1,0,0,1,0,0,0,1,0,1,0,1
CUST100003,0,1,1,0,1,0,0,1,1,0,1,0,1,1
CUST104170,0,1,1,0,0,0,0,1,0,0,1,0,0,0
CUST100467,1,1,1,0,1,0,0,0,0,1,1,0,0,0
CUST100005,0,1,0,1,0,0,0,0,1,0,0,0,1,0
CUST100919,1,1,1,0,0,1,0,0,1,1,0,0,0,0
CUST102595,0,1,0,0,0,0,0,1,0,0,0,0,0,0
CUST101063,0,1,0,1,1,0,1,1,0,1,1,0,0,0
CUST102590,0,1,0,0,0,1,1,0,0,1,0,0,0,0
CUST100242,1,1,1,0,1,0,1,1,0,1,1,1,0,0
CUST101160,0,1,0,0,0,0,0,0,0,0,1,0,0,0
CUST102870,0,1,0,1,0,1,0,0,0,0,0,0,0,0
CUST103735,0,1,0,0,0,1,1,1,0,0,0,0,0,0
CUST102397,0,1,0,0,0,1,0,1,0,0,1,0,0,0
CUST103517,1,1,0,1,1,1,0,1,1,1,1,0,0,0
CUST103421,1,1,0,0,0,0,0,0,1,0,0,0,1,0
CUST102563,0,1,0,1,0,0,0,0,0,0,0,0,0,0
CUST101605,1,1,1,0,0,0,0,0,1,0,0,0,0,0
CUST104828,1,1,1,0,1,0,0,1,0,0,1,0,1,1
CUST102324,0,1,1,1,0,1,0,1,0,1,0,0,0,1
CUST102709,0,1,0,0,0,0,0,1,0,0,1,0,0,0
CUST104398,0,1,0,0,1,0,1,0,1,1,1,0,0,0
CUST101312,0,1,0,1,0,0,0,0,0,0,0,0,0,0
CUST103448,0,1,1,0,0,0,0,1,0,0,0,0,1,1
CUST103812,0,1,1,0,0,1,0,1,0,1,1,1,0,1
CUST104655,1,1,0,0,0,0,0,0,0,0,1,0,0,0
CUST102362,0,1,0,0,0,1,1,0,0,0,1,0,0,1
CUST101975,0,1,0,1,0,1,0,0,0,0,0,0,0,0
CUST103514,0,1,0,1,0,0,1,0,1,0,0,1,0,0
CUST101761,1,0,1,0,1,0,0,1,0,0,1,0,0,1
CUST102739,0,1,0,1,0,0,0,0,1,0,1,0,0,0
CUST104844,0,1,0,0,0,0,0,0,1,0,0,0,0,0
CUST102472,1,1,0,0,1,0,1,0,0,1,1,1,0,0
CUST104007,1,1,1,0,0,0,0,0,0,0,1,0,1,1
CUST101493,0,1,0,1,1,0,0,0,0,1,1,1,0,0
CUST104206,1,1,1,0,0,0,0,0,0,0,1,1,0,1
CUST102158,0,0,0,0,0,0,0,0,0,0,0,0,0,0
CUST101169,0,1,0,0,0,0,1,0,0,0,0,1,0,0
CUST104516,1,1,0,0,0,0,0,1,1,1,0,0,0,0
CUST100232,1,1,1,0,0,0,0,0,1,0,0,0,0,0
CUST100066,0,1,0,0,0,0,0,0,0,1,0,1,0,0
CUST101603,0,1,0,0,0,0,0,0,0,1,0,1,0,0
CUST103283,0,1,0,0,0,0,0,1,0,0,0,0,0,0
CUST103596,0,0,0,0,1,0,0,1,1,0,0,0,0,0
CUST100125,0,1,0,0,1,0,0,1,0,1,1,0,0,0
CUST101296,1,1,1,1,0,1,0,0,0,0,0,0,1,1
CUST101976,1,1,1,0,0,1,0,1,1,1,0,1,0,0
CUST104517,0,1,0,1,1,0,0,0,0,0,1,0,0,0
CUST104481,0,1,1,0,0,0,0,0,0,0,1,0,0,0
CUST102075,1,1,0,0,0,0,0,0,0,0,1,0,0,0
CUST103086,0,1,0,0,0,0,0,0,1,0,0,0,0,0
CUST104345,1,1,0,0,0,0,1,0,0,1,0,0,0,0
CUST103345,0,1,0,0,1,0,0,1,0,0,1,0,0,1
CUST104464,1,1,1,0,0,1,0,0,1,0,1,0,0,0
CUST102797,1,1,1,0,1,1,0,0,1,0,1,0,0,1
CUST100918,0,1,1,0,0,0,0,0,0,1,1,0,0,1
CUST101646,1,1,0,0,0,0,0,0,0,0,1,0,0,0
CUST100364,0,1,0,0,0,0,0,1,0,0,0,0,0,0
CUST103287,1,1,1,0,1,0,0,0,0,1,1,1,0,0
CUST102125,1,0,0,0,0,1,0,0,0,0,0,0,1,1
CUST104123,1,1,0,0,0,0,0,0,0,0,1,1,0,0
CUST100525,0,1,1,1,1,0,0,1,1,1,1,0,0,0
CUST100055,0,1,0,0,0,0,1,0,0,0,1,0,0,0
CUST100638,0,1,0,0,0,0,0,1,0,0,1,0,1,1
CUST100302,0,1,0,0,1,1,1,1,0,1,1,1,0,0
CUST102766,1,0,1,0,0,0,0,0,1,0,0,0,0,0
CUST101276,0,1,0,1,1,0,1,1,0,1,1,1,0,0
CUST102055,1,1,1,0,0,0,0,0,0,0,1,0,0,1
CUST103644,1,1,1,1,0,0,0,1,1,0,0,1,0,0
CUST104143,1,0,0,0,0,0,0,1,1,0,1,0,0,0
CUST102878,0,1,1,0,1,0,0,1,0,0,1,0,0,1
CUST104202,0,1,0,0,0,0,0,1,0,0,0,0,0,0
CUST102286,0,0,0,0,1,1,0,0,0,0,1,0,0,0
CUST102261,0,1,0,0,0,0,0,0,0,0,1,0,0,0
CUST102296,1,1,1,0,0,0,0,0,0,0,0,1,0,0
CUST101753,1,1,1,0,0,1,1,0,0,0,0,0,0,0
CUST101968,0,1,0,0,1,0,0,1,0,1,0,0,1,1
CUST104351,1,1,1,0,0,0,1,0,0,0,0,0,0,1
CUST103117,0,1,0,0,0,1,0,1,0,0,0,0,0,0
CUST102393,1,0,1,0,1,0,0,0,0,0,1,0,1,1
CUST100523,0,0,0,0,0,0,1,0,1,0,0,0,0,0
CUST103900,0,1,1,0,0,0,0,0,1,1,0,1,0,0
CUST103122,1,0,1,0,1,1,0,1,0,0,1,0,1,1
CUST104156,0,1,0,1,0,0,0,0,0,0,1,0,0,0
CUST101969,0,1,0,0,0,0,0,1,0,0,0,0,0,0
CUST100671,0,1,0,0,0,0,0,0,1,0,1,0,0,0
CUST104188,1,1,1,1,0,0,0,1,1,0,0,1,1,1
CUST100666,0,1,1,0,0,1,0,0,1,1,1,0,0,0
CUST104338,1,1,1,0,0,0,1,0,0,0,0,0,1,1
CUST101887,1,1,0,0,0,0,0,1,0,0,0,0,0,0
CUST103266,0,1,0,0,0,0,0,0,1,0,0,0,0,0
CUST100280,1,1,1,0,1,1,0,0,0,1,1,1,1,1
CUST101719,0,1,0,0,1,0,0,1,0,1,1,1,0,0
CUST102947,0,1,0,1,0,1,0,0,0,0,1,0,0,0
CUST100899,1,1,1,0,0,0,1,0,1,0,0,0,0,0
CUST104850,0,1,1,1,0,0,1,1,0,1,1,1,0,0
CUST100760,0,1,0,0,1,1,0,0,1,0,1,0,0,0
CUST101906,1,1,1,0,1,0,1,0,0,0,0,0,0,1
CUST104042,1,0,1,0,0,0,0,0,0,0,0,0,0,1
CUST103823,1,1,0,0,1,0,1,1,1,0,1,0,0,0
CUST104138,1,1,0,0,0,0,0,0,0,1,1,0,0,0
CUST103818,1,1,1,0,1,1,0,0,0,1,0,1,0,0
CUST104300,0,1,0,0,1,1,0,0,0,0,1,0,0,0
CUST102593,0,1,0,0,0,0,0,1,0,0,0,0,0,0
CUST104164,1,1,1,0,1,0,0,0,1,0,1,0,0,0
CUST103031,0,1,0,0,1,0,0,0,0,0,1,0,0,0
CUST103579,1,1,0,0,0,0,0,1,0,0,0,0,0,0
CUST102832,0,1,0,0,0,0,0,0,1,0,0,0,0,0
CUST103472,1,1,1,1,0,0,0,0,0,0,0,1,0,1
CUST100137,0,1,0,0,0,0,0,1,0,0,0,0,0,0
CUST102180,1,1,1,0,0,0,0,0,0,0,0,0,0,0
CUST102128,0,0,0,0,0,0,1,0,0,1,0,0,0,1
CUST103177,1,0,1,0,0,1,1,1,0,0,0,0,0,0
CUST104367,0,1,1,0,0,0,1,0,0,0,0,1,0,0
CUST104261,0,1,1,0,0,0,0,0,0,0,1,0,0,1
CUST104344,0,1,0,1,0,0,0,0,0,0,1,0,0,0
CUST101331,1,1,1,0,0,0,0,0,0,0,0,0,0,0
CUST102017,0,1,0,0,0,0,0,0,0,0,1,0,0,0
CUST102482,0,1,0,0,1,0,1,1,0,0,1,0,0,0
CUST101358,0,1,1,0,0,0,0,0,0,0,1,0,0,0
CUST101329,1,1,1,0,0,0,0,0,1,0,1,1,0,0
CUST102150,0,1,1,0,0,1,0,1,0,1,1,1,1,0
CUST102122,1,1,1,1,0,1,1,0,0,0,0,0,0,0
CUST103981,0,1,1,1,0,1,0,0,1,0,1,0,0,1
CUST101252,1,1,1,0,0,0,0,0,1,1,0,0,0,0
CUST103278,0,1,0,1,0,0,0,0,0,0,0,0,0,0
CUST103374,0,1,0,0,0,1,0,0,0,1,1,0,0,0
CUST102814,1,1,1,0,0,0,0,0,0,0,0,0,0,0
CUST101848,0,1,0,0,1,1,0,1,0,1,1,0,0,0
CUST103037,0,1,0,0,0,0,1,0,1,0,0,0,0,0
CUST100388,0,1,0,1,0,0,0,1,0,1,0,1,0,0
CUST100235,1,1,1,0,1,0,0,1,0,0,1,0,1,1
CUST101077,0,0,1,0,0,0,0,0,1,0,1,0,0,0
CUST101984,0,1,1,1,1,1,1,0,0,0,0,0,0,0
CUST104363,1,1,0,1,0,0,0,0,1,0,1,0,0,0
CUST103962,0,1,0,0,0,1,0,0,0,0,0,0,0,0
CUST100770,0,1,0,0,0,0,0,1,0,0,1,0,0,0
CUST102165,0,1,0,1,1,0,0,0,0,0,1,0,0,0
CUST100673,0,1,0,0,0,0,0,0,0,0,0,0,0,0
CUST100249,0,1,1,0,1,1,0,1,0,1,1,1,1,1
CUST101574,1,1,1,0,0,0,0,0,1,1,1,0,1,1
CUST103419,0,1,0,1,0,0,0,0,0,0,1,0,0,0
CUST102081,0,1,1,0,0,0,1,1,0,0,1,0,0,0
CUST101823,0,1,0,0,0,0,1,0,1,0,0,0,0,0
CUST100716,0,1,0,0,0,0,0,0,1,0,0,0,0,0
CUST104668,1,0,1,0,0,0,1,0,0,0,0,0,0,1
CUST102048,1,0,1,1,0,1,0,0,1,0,0,0,0,0
CUST104178,1,1,1,0,1,0,0,0,1,0,1,1,0,0
CUST102724,0,1,0,0,0,0,1,1,1,0,0,0,1,0
CUST104521,0,1,0,1,0,0,0,0,0,0,1,0,1,0
CUST101460,0,1,0,0,0,0,0,0,1,0,0,0,0,0
CUST101668,0,1,0,0,0,0,0,0,0,0,0,0,0,0
CUST102756,1,1,1,0,1,0,0,0,0,0,1,0,0,0
CUST102000,0,1,0,0,1,1,0,0,1,1,1,0,0,0
CUST100404,0,1,0,0,0,1,0,0,0,0,1,1,0,0
CUST100384,0,1,0,1,0,0,1,0,1,0,0,0,0,0
CUST104535,0,1,0,0,0,0,0,1,0,0,0,0,0,0
CUST102152,0,1,0,0,0,0,0,0,1,0,0,0,0,0
CUST101633,0,1,0,1,0,0,0,1,0,0,0,0,0,0
CUST104586,0,1,1,0,0,0,0,0,0,0,1,0,0,1
CUST103925,0,0,0,0,0,1,1,1,0,0,0,0,0,0
CUST104158,1,1,1,0,1,1,0,0,0,0,1,0,1,1
CUST100223,0,1,0,0,0,0,0,0,0,0,0,0,0,0
CUST102193,0,1,0,0,0,0,1,0,0,0,0,0,0,0
CUST103136,0,1,0,1,0,0,1,1,0,1,0,1,0,0
CUST101824,1,1,1,0,0,0,0,1,0,1,0,1,0,0
CUST104600,1,1,1,0,0,1,0,0,1,1,0,0,0,1
CUST100797,1,1,1,0,0,1,0,1,0,0,0,0,0,1
CUST102871,0,1,1,0,0,0,0,1,0,1,1,0,0,0
CUST100009,0,0,0,0,0,0,0,1,1,0,0,0,1,0
CUST101944,1,1,0,1,1,0,0,0,0,1,1,1,0,0
CUST101838,1,1,1,0,0,1,0,0,0,0,1,0,0,0
CUST100255,0,1,0,0,0,0,0,0,0,1,0,0,0,0
CUST104508,1,1,1,1,1,0,0,0,0,0,1,0,0,0
CUST101581,0,1,0,0,0,0,0,0,0,1,0,1,0,0
CUST102956,1,1,1,1,0,0,0,0,1,0,0,0,0,0
CUST100924,1,1,1,0,0,0,0,0,0,0,1,0,0,0
CUST104429,0,1,0,0,0,0,1,0,0,0,1,0,0,0
CUST102508,0,1,0,0,0,0,0,0,0,0,0,1,0,0
CUST103775,0,1,0,0,1,0,1,0,0,1,1,0,0,0
CUST104136,0,1,1,0,0,0,0,0,0,0,0,0,0,0
CUST102779,0,1,0,0,1,1,0,0,1,0,1,0,0,0
CUST100539,1,1,0,0,0,0,0,0,1,0,0,0,0,0
CUST102745,0,1,1,0,0,0,0,1,1,0,0,0,0,1
CUST104498,0,1,0,0,0,0,0,0,0,0,1,0,0,0
CUST104571,0,1,0,0,0,0,0,0,0,0,1,0,0,0
CUST101145,1,1,1,0,1,1,0,1,1,1,1,1,0,1
CUST100667,0,1,0,0,0,0,0,0,0,0,0,0,0,0
CUST103019,1,1,1,1,0,0,1,0,1,0,1,0,0,1
CUST100357,1,1,1,0,0,0,0,0,1,0,1,0,0,0
CUST102831,0,1,0,1,0,0,1,1,0,0,0,0,0,0
CUST102783,0,1,0,1,0,1,0,1,0,0,1,0,0,0
CUST101353,0,1,0,0,0,0,1,0,0,0,0,0,0,0
CUST100470,1,0,0,0,0,0,1,0,0,0,0,0,1,0
CUST102703,0,1,0,0,0,0,0,1,1,0,0,0,0,0
CUST103330,0,1,1,0,0,0,0,1,0,1,1,1,0,1
CUST103637,1,1,1,0,1,0,0,1,0,1,1,0,0,1
CUST101396,0,1,0,1,0,1,0,1,0,0,0,0,0,0
CUST103584,0,1,0,0,0,0,0,0,1,0,0,0,1,0
CUST104486,0,1,0,0,0,1,0,1,0,1,0,1,0,0
CUST103376,0,1,0,0,0,0,0,1,0,0,0,0,0,0
CUST101256,1,1,1,0,0,1,0,0,0,1,0,0,1,1
CUST103512,0,0,0,1,0,0,0,0,1,0,1,0,0,0
CUST101250,0,1,0,0,0,0,0,0,1,0,0,0,1,0
CUST104807,0,1,1,0,1,0,0,1,0,1,1,0,0,1
CUST104298,0,1,0,0,0,0,0,0,1,0,1,0,0,0
CUST103284,0,1,0,0,0,1,0,1,1,1,1,1,1,1
CUST102933,0,1,0,1,0,0,0,0,0,0,0,0,0,0
CUST104175,0,1,1,0,1,0,0,0,0,0,1,0,0,0
CUST101852,1,1,0,0,0,0,0,1,1,0,0,1,0,0
CUST104869,0,1,0,0,0,0,0,0,0,0,0,0,0,0
CUST102105,1,1,1,0,0,0,0,1,1,0,0,0,0,0
CUST100133,0,1,0,1,0,0,1,0,0,0,1,0,0,0
CUST100928,0,1,0,0,0,0,0,0,1,0,1,0,0,0
CUST100823,0,1,0,0,1,0,0,1,0,1,1,1,0,0
CUST104543,1,1,1,0,0,0,1,1,0,1,0,0,0,0
CUST101531,1,1,1,0,1,0,0,0,0,0,1,0,0,1
CUST101214,1,1,1,0,1,0,0,0,0,1,0,0,1,1
CUST100504,1,1,1,1,0,0,0,1,0,0,1,0,1,1
CUST104285,0,1,0,0,0,0,1,1,0,0,1,0,0,0
CUST101996,0,1,0,0,0,0,0,0,0,0,0,0,0,0
CUST103072,0,1,0,1,0,0,0,0,0,0,1,0,0,0
CUST101958,1,1,1,0,0,0,1,0,0,0,0,0,0,0
CUST101384,1,1,1,0,0,1,0,0,0,1,0,0,0,0
CUST100894,0,1,1,0,0,0,0,1,0,0,0,1,1,1
CUST100455,1,1,1,0,0,0,0,0,0,1,0,1,0,0
CUST104879,0,1,0,0,1,0,0,0,1,1,0,1,1,1
CUST103709,0,0,0,0,0,0,0,1,0,0,0,0,1,0
CUST104618,0,1,0,0,0,0,0,1,1,1,0,0,0,0
CUST104268,0,1,0,0,0,1,0,0,0,0,1,0,0,0
CUST103522,0,1,0,0,1,0,0,0,0,1,1,0,0,0
CUST104134,1,1,1,1,0,0,0,0,0,1,0,0,0,0
CUST103602,1,1,1,1,0,0,0,0,1,0,0,0,0,1
CUST100713,0,1,0,1,1,1,0,1,1,0,1,0,0,0
CUST104186,1,1,1,0,0,0,1,1,0,0,1,0,0,1
CUST102214,0,1,0,0,1,0,0,0,0,1,1,0,1,1
CUST102923,0,1,0,0,0,0,0,1,0,1,1,0,0,0
CUST101810,1,1,0,0,1,0,0,0,1,0,1,0,0,0
CUST103486,0,1,1,0,0,0,0,1,0,1,0,1,1,1
CUST103141,1,1,1,0,1,1,0,0,0,0,1,0,0,0
CUST101827,1,1,1,0,0,0,0,1,1,1,1,1,1,0
CUST101155,0,1,0,0,0,0,0,0,0,0,1,0,1,0
CUST101324,1,1,1,0,0,1,0,0,0,1,0,0,1,1
CUST104312,1,1,1,0,0,0,0,0,0,1,0,1,0,1
CUST100510,1,1,1,1,0,0,1,1,0,0,0,0,0,0
CUST101680,1,1,1,0,0,0,0,0,0,0,0,0,1,1
CUST100499,0,1,0,0,0,0,0,0,0,0,0,0,0,0
CUST104536,0,1,1,0,0,0,0,1,0,0,1,0,0,0
CUST101856,0,1,0,1,0,0,0,1,0,0,1,0,0,0
CUST101388,0,1,0,0,0,1,0,0,1,0,0,1,0,0
CUST103719,1,1,1,0,0,0,0,0,0,0,0,0,0,0
CUST102386,0,1,0,0,0,0,1,0,1,0,0,0,1,0
CUST103236,0,1,1,0,0,0,0,1,0,1,1,1,1,1
CUST101540,0,1,0,0,1,0,0,0,0,0,1,0,0,0
CUST101217,0,1,1,1,0,1,0,1,0,1,0,1,1,1
CUST102681,0,1,0,0,0,0,0,1,0,0,0,0,0,0
CUST102993,0,1,0,0,1,0,0,1,0,1,1,1,0,0
CUST101191,0,1,0,1,0,0,0,1,0,1,0,1,1,0
CUST101542,1,1,0,0,0,0,0,0,0,1,0,1,1,0
CUST103301,1,1,1,0,0,0,0,1,0,0,0,0,0,1
CUST103324,0,1,1,1,1,0,0,0,0,1,1,1,1,1
CUST102539,0,1,0,0,1,0,1,1,0,0,1,0,0,0
CUST100953,0,1,1,1,0,1,0,0,0,1,0,1,0,0
CUST104330,0,1,0,0,0,1,0,1,1,0,0,0,0,0
CUST100732,1,1,1,0,0,0,0,0,1,0,0,0,0,0
CUST101156,1,1,1,0,0,0,0,0,1,0,0,0,1,1
CUST103294,1,1,1,0,1,0,0,0,1,1,1,0,0,0
CUST102982,0,0,0,0,0,0,0,0,0,0,0,1,0,0
CUST102156,1,1,1,1,0,0,0,0,0,1,0,1,0,0
CUST101062,0,1,0,0,1,0,0,0,0,1,1,0,0,0
CUST102616,0,1,0,0,1,1,0,0,0,1,1,1,0,0
CUST101167,1,1,1,0,0,0,0,1,0,1,1,1,1,1
CUST103222,0,1,0,0,0,0,0,0,1,0,0,0,0,0
CUST103636,1,1,1,1,0,0,0,0,0,0,0,0,0,1
CUST102938,0,1,0,0,1,0,0,1,0,0,0,0,0,0
CUST104491,0,1,0,0,0,0,0,0,0,0,1,1,0,0
CUST103140,1,0,1,0,0,0,0,0,0,0,0,0,1,1
CUST100143,1,1,1,0,1,0,0,0,1,0,1,0,0,0
CUST103577,0,0,0,0,0,0,0,0,1,0,1,0,0,0
CUST102782,0,1,1,0,0,0,1,0,1,1,1,1,0,0
CUST100717,0,1,0,0,1,0,0,0,0,0,0,0,0,0
CUST101819,0,1,0,1,0,0,0,0,0,1,1,0,0,0
CUST102502,0,1,0,0,1,0,0,1,0,1,1,1,0,0
CUST104360,0,1,0,0,0,0,0,0,0,0,1,0,0,0
CUST104171,0,1,1,0,1,0,0,0,0,0,1,0,0,1
CUST100395,0,1,0,0,0,0,0,0,1,0,0,0,0,0
CUST104836,1,1,1,0,0,0,0,0,0,0,1,0,1,0
CUST104492,1,1,1,0,0,1,0,0,0,1,0,1,1,1
CUST101365,0,1,1,1,1,0,1,1,0,1,1,0,1,1
CUST104558,0,1,0,0,1,1,0,0,0,0,1,0,0,0
CUST100595,0,1,0,0,0,0,0,1,1,0,0,0,0,0
CUST103952,0,1,0,0,0,0,1,0,0,0,1,1,0,0
CUST102914,0,1,0,0,0,1,0,0,0,0,0,0,0,0
CUST102326,0,1,0,0,0,0,1,0,1,1,1,0,1,0
CUST103766,1,1,1,0,0,0,0,0,1,1,1,0,0,0
CUST103440,1,1,1,0,0,0,0,0,0,0,1,0,0,0
CUST103851,0,1,1,0,0,0,0,0,0,0,1,0,0,0
CUST104132,1,1,1,1,0,0,1,0,1,1,0,1,1,0
CUST104591,0,1,0,0,0,1,0,0,1,0,1,0,0,0
CUST102143,0,1,0,0,0,0,0,0,1,0,1,0,0,0
CUST101571,0,1,1,0,0,0,0,1,0,1,0,0,0,1
CUST104079,1,1,1,1,0,0,1,0,0,0,1,0,1,1
CUST101122,0,1,1,1,0,0,0,0,0,1,0,0,0,0
CUST102786,1,1,1,0,0,0,0,0,1,0,0,0,1,1
CUST102967,0,1,0,0,0,1,0,0,0,0,1,0,0,0
CUST102504,0,1,0,0,0,0,0,1,0,0,0,0,0,0
CUST103465,0,1,0,1,0,0,0,1,0,1,0,1,0,0
CUST100675,1,1,1,1,0,0,0,1,0,0,0,0,0,1
CUST102808,0,1,0,0,0,1,1,1,0,0,1,0,0,0
CUST103348,0,1,1,1,1,0,0,0,0,0,1,0,0,0
CUST100728,0,1,1,0,0,0,0,1,1,0,1,1,0,0
CUST100412,0,1,0,0,0,0,0,0,0,0,1,0,0,0
CUST103146,0,1,0,0,0,0,0,1,1,1,1,1,0,1
CUST101516,0,1,0,0,0,0,0,1,0,0,1,1,0,0
CUST100825,0,1,0,0,0,1,0,1,0,1,0,0,0,0
CUST103267,1,1,1,0,0,0,1,0,0,0,0,0,1,0
CUST103974,0,1,0,0,0,0,0,0,0,1,1,1,0,0
CUST100616,0,1,0,0,0,0,0,0,1,1,0,0,0,0
CUST100114,1,1,1,1,0,0,1,1,0,1,1,1,1,1
CUST100417,1,1,1,1,0,1,0,1,0,0,0,0,0,0
CUST103069,0,1,1,0,0,0,1,1,1,1,1,0,1,1
CUST101625,0,0,1,0,1,0,1,1,1,1,1,1,1,1
CUST104950,0,1,0,1,0,0,1,0,0,0,0,0,0,0
CUST104185,0,1,0,0,0,0,0,1,1,0,0,0,0,0
CUST102896,1,0,1,0,0,1,0,1,0,0,1,1,1,1
CUST104671,0,1,0,1,0,0,1,0,1,0,0,0,0,0
CUST102082,1,1,1,0,0,0,0,1,0,1,1,0,0,1
CUST100753,1,1,1,1,0,0,0,0,0,0,0,0,0,0
CUST102546,1,1,1,0,0,0,0,0,1,0,1,0,0,0
CUST103969,0,1,0,0,0,0,0,0,0,1,0,0,0,0
CUST103373,0,1,0,1,0,0,0,0,0,0,1,0,0,0
CUST104107,1,1,1,0,0,0,1,0,0,1,0,0,0,0
CUST102444,0,1,1,0,1,1,0,0,0,1,1,0,0,0
CUST104380,1,1,0,0,1,0,1,0,1,1,1,1,0,0
CUST101066,1,1,1,0,1,0,0,0,0,0,1,0,0,0
CUST103913,1,1,1,0,1,0,0,1,0,0,1,0,1,1
CUST103498,0,1,0,1,0,0,0,1,0,0,1,0,0,0
CUST102738,0,1,0,0,0,0,0,1,0,0,0,0,0,0
CUST104000,0,1,0,1,0,0,0,0,0,1,0,0,0,0
CUST101568,1,1,1,1,0,0,0,0,1,0,0,0,1,1
CUST102427,0,1,0,1,0,0,0,0,0,0,1,0,0,1
CUST103746,1,1,0,1,0,0,1,0,0,1,0,1,0,0
CUST104639,0,1,0,1,0,0,0,0,1,1,0,1,0,0
CUST101687,1,1,0,0,0,0,1,0,1,0,0,0,0,0
CUST100851,1,1,0,0,0,1,0,0,1,0,1,0,0,0
CUST103546,0,0,0,0,0,0,0,0,0,0,0,0,0,0
CUST100895,1,1,1,0,1,0,0,0,0,1,1,1,0,0
CUST104592,0,1,0,0,0,1,1,0,1,0,1,0,1,1
CUST100335,0,1,0,0,0,0,0,0,0,0,0,0,0,0
CUST102839,0,1,0,0,0,0,0,0,0,0,0,0,0,0
CUST103087,0,1,0,1,0,0,0,0,0,0,1,0,0,0
CUST101348,0,1,0,0,0,0,0,0,0,0,0,0,0,0
CUST101015,0,0,0,0,0,0,0,1,1,0,0,0,0,0
CUST102816,1,1,1,0,0,0,0,0,0,0,1,0,1,1
CUST101631,1,1,1,0,1,0,0,0,0,1,1,0,1,1
CUST102489,0,1,1,1,0,0,0,0,0,0,1,1,1,1
CUST103730,1,0,1,0,0,0,0,1,1,0,0,0,1,1
CUST103251,1,1,0,0,0,0,0,0,1,0,0,0,0,0
CUST104634,1,0,1,0,1,1,0,0,0,0,1,0,0,0
CUST102070,0,1,0,0,0,1,0,0,1,0,0,0,0,0
CUST104452,1,1,1,1,0,0,0,0,0,1,1,1,0,0
CUST104882,0,1,1,0,1,1,0,1,0,0,1,0,1,1
CUST101635,0,1,0,0,0,0,0,1,0,0,0,0,0,0
CUST102479,0,1,1,0,0,0,0,0,0,0,0,0,1,1
CUST102265,0,1,0,1,0,0,0,0,0,0,0,0,0,0
CUST102959,1,1,0,0,0,0,0,0,0,0,0,0,0,0
CUST104731,0,1,0,0,0,0,1,1,0,0,1,0,0,0
CUST103059,0,1,0,0,0,1,0,0,0,0,0,0,0,0
CUST102141,1,0,1,1,0,0,0,1,1,0,0,0,0,1
CUST103118,0,1,0,0,0,0,0,1,0,1,1,1,0,0
CUST104725,1,1,1,0,1,1,0,1,0,0,0,1,1,1
CUST104045,0,1,0,0,1,0,0,0,0,0,1,0,0,0
CUST103356,1,1,1,0,0,0,0,0,0,0,1,0,0,1
CUST102744,1,0,1,0,0,1,0,0,1,1,1,0,0,0
CUST103506,1,1,1,0,0,0,0,0,0,1,1,1,1,1
CUST101679,0,1,0,0,1,0,0,0,1,0,1,0,0,1
CUST104249,0,1,0,1,0,0,1,0,0,0,0,0,0,1
CUST103147,1,1,0,0,0,0,0,0,0,0,1,0,0,0
CUST102294,1,1,0,0,0,0,0,0,0,0,1,0,0,0
CUST100580,0,1,0,0,0,0,0,0,0,0,1,0,0,0
CUST101470,1,1,1,0,0,0,1,0,0,0,1,0,1,1
CUST104070,1,1,1,0,0,0,1,0,1,1,1,0,0,0
CUST103343,1,1,1,0,1,1,0,0,0,0,1,0,0,1
CUST104583,0,1,0,1,1,1,0,1,0,1,1,1,0,0
CUST103672,0,0,0,1,0,0,1,0,0,0,0,0,0,0
CUST100559,0,0,1,0,1,0,0,0,0,0,1,0,0,0
CUST102849,0,1,0,0,1,0,0,1,0,1,1,1,1,1
CUST100512,0,0,1,0,0,1,0,0,0,1,0,0,0,1
CUST101081,1,1,1,0,1,1,0,1,1,1,1,0,0,0
CUST101664,1,1,1,0,0,0,0,0,0,0,0,0,0,0
CUST101012,0,1,0,0,0,0,0,1,1,0,1,0,0,0
CUST101931,0,1,0,0,1,0,0,0,0,0,1,0,0,0
CUST101150,1,1,0,0,0,0,0,0,1,0,0,0,0,0
CUST102838,0,1,0,0,1,0,0,0,0,1,1,1,0,0
CUST100116,1,1,1,1,0,0,0,1,0,0,1,0,0,0
CUST100740,0,1,0,0,0,0,1,1,0,1,1,0,0,0
CUST104806,1,0,1,0,0,0,0,1,1,0,0,0,0,0
CUST103675,0,0,0,0,0,0,0,0,1,0,0,0,0,0
CUST100830,0,1,0,1,0,0,0,0,0,0,0,0,0,0
CUST100119,1,1,1,0,0,1,0,0,0,1,0,0,0,0
CUST104853,0,1,0,1,1,0,0,1,1,1,1,0,0,0
CUST104738,0,0,0,0,0,1,0,0,1,1,0,1,0,0
CUST100635,1,1,0,0,0,0,1,0,0,0,1,1,0,0
CUST104465,1,1,0,0,0,0,0,0,0,0,0,0,0,0
CUST104364,0,1,0,0,0,0,1,1,0,0,0,0,0,0
CUST104142,1,1,1,0,0,0,1,1,1,0,0,1,1,1
CUST100991,0,1,0,0,0,0,1,0,0,0,0,0,0,0
CUST100876,0,1,0,0,1,0,0,1,0,0,1,0,0,0
CUST100004,0,0,0,0,0,0,0,0,0,1,0,0,0,0
CUST103051,1,1,0,0,0,1,0,1,0,0,0,0,0,1
CUST103124,0,1,0,0,0,1,1,1,0,1,1,1,0,1
CUST102660,0,0,0,1,0,0,0,0,0,0,0,0,0,0
CUST102491,1,0,1,1,0,0,0,0,0,0,1,0,0,0
CUST103854,1,1,1,0,1,0,0,0,0,1,0,1,0,0
CUST101715,0,1,0,0,0,0,0,0,1,0,0,0,0,0
CUST101148,0,1,0,0,1,1,0,1,1,0,1,0,0,0
CUST103261,0,1,0,0,0,0,1,1,1,1,0,0,0,0
CUST100574,0,1,0,0,0,0,0,0,1,0,0,0,0,0
CUST103769,1,0,0,0,0,0,0,1,0,0,0,0,0,0
CUST103736,0,0,0,0,1,0,0,1,1,1,1,0,1,1
CUST104146,0,1,0,0,0,0,1,1,0,0,0,0,0,0
CUST100853,0,0,0,0,0,0,0,0,0,0,0,0,0,0
CUST101982,0,1,0,1,0,1,0,0,0,1,0,0,1,0
CUST102774,0,1,0,0,0,0,1,1,0,1,1,0,0,0
CUST101166,0,0,0,0,0,0,0,0,0,0,0,0,0,0
CUST100971,1,1,1,0,1,0,0,1,1,0,1,0,1,1
CUST102701,1,1,0,0,0,0,0,0,1,0,0,0,0,0
CUST104495,1,1,1,0,1,1,0,1,1,1,1,1,1,1
CUST103847,0,1,0,0,0,1,0,0,0,0,0,0,0,0
CUST102368,1,1,1,0,0,0,1,0,1,0,0,0,0,0
CUST104115,1,1,1,0,1,0,0,1,1,1,1,1,1,1
CUST104131,1,1,1,0,0,0,0,0,0,0,0,0,1,1
CUST102950,0,1,0,0,0,1,0,0,0,0,0,0,0,0
CUST100524,1,1,1,0,0,0,0,0,0,0,1,0,0,0
CUST102455,1,1,1,0,1,0,0,1,0,0,1,0,1,1
CUST101841,1,1,1,1,0,0,0,0,1,0,1,0,0,1
CUST100537,1,1,1,0,0,0,0,1,0,0,1,0,0,1
CUST102806,0,0,1,0,0,0,0,1,1,0,1,0,0,0
CUST104341,1,1,1,0,0,1,0,1,0,0,0,0,1,1
CUST103175,0,1,0,0,0,0,0,0,1,1,1,0,0,0
CUST100784,1,1,0,1,0,0,0,0,0,0,0,0,0,0
CUST104057,1,1,0,0,0,0,0,0,0,1,0,1,0,0
CUST101409,0,1,0,0,0,0,0,0,1,0,0,0,0,0
CUST102537,1,1,0,1,0,0,0,0,0,1,0,0,0,0
CUST100154,1,1,1,1,0,0,0,1,1,1,0,1,1,1
CUST103009,0,0,0,0,1,0,0,0,0,0,1,0,0,0
CUST101686,0,1,0,1,1,0,0,0,0,0,1,1,0,0
CUST102901,0,1,0,0,1,0,0,0,0,0,1,0,0,0
CUST104949,1,1,1,1,0,0,0,1,1,0,0,0,0,0
CUST103863,1,1,1,1,0,0,0,0,0,0,0,0,1,1
CUST102733,0,1,0,0,0,1,1,1,0,1,1,0,0,0
CUST101895,1,1,1,0,1,1,0,1,0,0,1,0,0,0
CUST100569,0,1,0,0,1,0,0,0,1,0,1,0,0,0
CUST101816,1,1,1,1,0,0,0,0,0,0,0,0,0,0
CUST102065,0,1,0,0,1,0,0,1,0,1,1,0,0,0
CUST100127,1,1,0,0,0,1,0,0,1,1,0,0,0,0
CUST103394,1,1,0,0,0,0,0,1,1,0,0,0,0,0
CUST103327,0,1,0,0,0,0,1,0,1,0,0,0,0,0
CUST104986,0,1,0,1,0,1,0,0,0,0,0,0,0,0
CUST102975,0,1,0,0,1,1,0,1,0,0,0,0,0,0
CUST100980,1,1,0,0,0,0,0,0,1,0,0,0,0,1
CUST102300,0,1,0,0,0,0,1,1,0,1,1,1,0,0
CUST100190,0,1,0,0,1,0,0,0,0,0,1,0,0,0
CUST101139,1,0,1,1,0,0,0,1,1,0,0,1,0,1
CUST100699,1,1,1,0,1,0,0,0,1,1,1,0,0,0
CUST104780,1,1,1,0,0,0,1,0,1,0,1,0,0,0
CUST100606,0,1,0,0,0,0,0,0,0,0,1,0,0,0
CUST104276,0,1,0,1,1,1,0,0,0,1,0,0,0,0
CUST100301,0,1,0,0,1,1,0,0,1,0,1,0,0,0
CUST103420,0,1,0,0,1,0,0,0,1,0,1,0,0,0
CUST104820,0,1,0,0,0,0,0,0,0,0,1,0,1,1
CUST101060,1,1,1,0,1,0,0,0,1,1,0,0,0,1
CUST102565,0,1,0,0,1,0,0,0,0,1,1,0,0,0
CUST104994,0,1,0,0,1,0,1,1,0,0,1,0,0,0
CUST101069,0,1,0,0,0,0,0,1,0,0,0,0,1,1
CUST102524,1,1,1,1,0,0,0,0,1,1,0,0,0,0
CUST102205,0,1,0,0,0,0,0,1,0,0,1,0,1,1
CUST101243,1,1,1,0,0,0,0,1,1,1,0,0,1,1
CUST100016,0,1,0,0,0,0,0,0,0,1,1,0,0,0
CUST103120,0,0,0,0,0,0,0,0,0,0,0,0,0,0
CUST104642,1,1,1,0,0,0,0,0,0,0,1,0,0,0
CUST100815,1,1,0,1,0,0,0,0,0,0,1,1,0,0
CUST103067,1,1,1,0,0,1,0,0,0,0,0,0,0,0
CUST104784,0,1,0,1,0,0,0,0,0,0,1,0,0,0
CUST100959,1,1,1,0,0,1,0,0,0,0,0,0,0,0
CUST100225,1,0,0,0,0,0,0,0,0,0,1,0,0,0
CUST103354,0,1,0,0,0,0,0,0,0,0,0,0,0,0
CUST102485,0,0,0,0,0,0,1,1,1,0,1,0,0,0
CUST100562,0,1,1,0,0,0,0,0,0,0,0,0,0,1
CUST103436,0,1,0,0,0,0,0,1,0,1,1,1,0,0
CUST101693,0,1,0,1,1,0,0,0,0,0,0,0,0,0
CUST101045,0,1,1,0,0,0,0,0,0,0,1,0,0,0
CUST103446,1,1,0,0,0,0,0,0,1,0,0,0,0,0
CUST104565,0,1,0,0,0,0,1,1,0,0,0,0,0,0
CUST100954,0,1,0,1,0,0,1,0,0,1,0,0,0,0
CUST104985,0,1,1,0,0,0,0,1,0,1,1,1,1,1
CUST102735,0,1,0,0,1,1,0,0,1,1,1,1,0,0
CUST104903,0,1,0,1,0,0,0,1,0,0,1,1,1,1
CUST104735,1,1,0,0,1,1,0,1,0,0,1,0,0,0
CUST104823,0,1,0,1,1,0,0,0,1,0,1,0,0,0
CUST101218,0,1,1,0,1,1,0,1,0,1,1,0,0,0
CUST101527,0,1,0,0,0,0,0,0,1,0,0,0,0,0
CUST103987,0,1,0,0,1,1,0,1,0,1,1,0,0,0
CUST101300,1,1,1,0,1,0,0,0,1,0,1,0,0,1
CUST104891,0,1,0,0,1,0,1,0,0,0,1,0,0,0
CUST100160,0,1,0,0,0,1,0,1,0,0,0,0,0,0
CUST104067,1,1,1,0,0,0,0,1,0,1,0,1,0,0
CUST100956,1,1,1,0,0,1,0,0,1,0,0,0,0,1
CUST103791,0,1,0,0,0,0,0,0,0,0,0,0,0,0
CUST103234,0,1,1,0,1,0,0,1,0,1,1,0,0,0
CUST102869,0,1,1,1,0,0,0,0,0,0,1,0,0,1
CUST103777,0,1,0,0,0,0,0,0,0,0,0,0,0,0
CUST104433,0,1,0,1,0,0,0,0,1,1,1,0,0,0
CUST102961,0,1,0,0,0,1,0,0,0,1,0,1,0,0
CUST102200,1,1,1,0,0,0,0,0,0,1,0,0,0,1
CUST100098,1,1,0,0,0,1,0,0,1,1,1,0,0,0
CUST102557,0,1,0,0,0,0,0,0,0,0,0,0,0,0
CUST103183,0,1,0,0,1,1,0,1,0,1,1,1,0,0
CUST100253,1,1,1,0,0,0,0,1,0,0,0,0,0,0
CUST103923,0,1,0,0,0,0,0,0,0,1,1,0,0,0
CUST104199,1,1,1,0,0,0,0,0,0,1,0,0,0,0
CUST101445,0,1,1,0,1,1,0,1,0,1,1,1,1,1
CUST101648,0,1,0,0,0,0,0,0,1,0,0,0,0,0
CUST104682,0,0,0,1,0,0,0,0,1,0,1,0,0,0
CUST104723,0,1,0,0,1,0,0,0,1,1,1,0,0,0
CUST103991,0,1,0,0,0,0,0,0,0,0,0,0,0,0
CUST101696,1,1,1,1,0,1,0,0,0,0,1,1,0,0
CUST103191,0,1,0,0,0,0,0,1,1,1,0,0,0,0
CUST104499,1,1,0,0,0,0,0,0,1,0,0,0,0,0
CUST101154,0,1,0,1,0,0,0,0,0,1,0,0,0,0
CUST102255,0,1,1,1,1,1,0,1,1,1,1,0,0,1
CUST101682,0,1,0,0,1,1,1,1,0,1,1,1,0,0
CUST103170,1,0,1,0,0,0,0,0,0,0,0,0,0,0
CUST102056,1,0,1,0,0,0,0,0,0,1,0,1,0,0
CUST104090,1,1,1,1,0,1,0,0,1,1,0,1,0,0
CUST103108,0,1,0,1,0,0,0,1,0,1,0,0,0,0
CUST104548,0,1,0,0,0,0,0,1,0,1,0,1,0,0
CUST103723,0,1,1,0,1,1,0,1,0,0,1,0,0,1
CUST102049,1,1,1,1,0,0,0,1,1,0,1,0,0,1
CUST103643,0,1,0,1,0,0,0,0,0,1,0,1,0,0
CUST104927,0,1,0,0,1,0,0,1,0,0,1,0,0,0
CUST100623,0,1,0,0,0,0,0,0,0,0,0,0,0,0
CUST100262,0,1,1,0,0,0,0,0,1,0,0,0,0,0
CUST103369,0,1,0,1,0,1,0,0,0,0,0,0,0,0
CUST104061,0,1,0,0,0,0,0,0,0,0,0,0,0,0
CUST101802,1,1,0,0,0,0,0,1,0,0,0,0,0,0
CUST104736,0,0,0,1,0,0,0,1,0,0,0,0,0,0
CUST104992,0,1,0,0,1,0,0,1,0,0,1,0,0,0
CUST102385,0,0,0,0,0,0,0,0,0,0,1,0,0,0
CUST101959,1,1,1,0,0,0,0,1,1,0,1,0,1,1
CUST102976,1,1,1,0,0,0,0,0,0,0,0,0,0,1
CUST100488,1,1,0,1,1,0,0,0,0,1,1,1,0,0
CUST101843,1,1,1,0,0,1,0,0,1,0,0,0,0,0
CUST101734,0,1,0,0,0,0,0,0,0,0,0,0,0,0
CUST102911,0,1,0,0,0,0,0,0,1,1,1,0,0,0
CUST103219,0,1,0,0,0,0,0,0,1,0,0,0,0,0
CUST100146,1,1,0,0,0,0,0,0,1,0,1,0,0,0
CUST101986,0,0,1,0,0,0,0,0,0,1,0,0,0,0
CUST101369,0,1,1,1,0,0,0,1,0,0,0,0,0,1
CUST102811,0,1,0,0,0,0,0,0,0,1,0,1,0,0
CUST100659,0,1,0,0,0,0,0,1,0,0,1,0,1,1
CUST101794,1,1,1,0,0,0,1,1,0,0,1,0,1,1
CUST102511,0,1,1,0,0,0,0,0,1,1,0,1,1,0
CUST103397,1,0,0,0,1,0,1,0,0,0,1,0,0,1
CUST104282,0,1,1,1,0,0,1,0,0,0,1,0,1,1
CUST101147,0,1,0,0,0,0,0,1,0,0,0,0,0,0
CUST103272,0,1,0,0,0,0,0,0,0,1,0,1,0,0
CUST100608,1,1,1,0,1,0,0,0,0,0,1,0,0,1
CUST103582,0,1,0,0,0,0,0,0,1,0,0,0,0,0
CUST101930,1,1,1,0,0,0,0,1,0,0,0,0,0,0
CUST100197,0,0,1,1,1,0,1,1,0,1,1,1,0,0
CUST102931,1,1,0,0,0,0,0,0,1,0,0,0,0,0
CUST102327,0,1,0,0,0,0,0,0,0,0,0,0,0,0
CUST104389,0,1,0,0,1,0,0,1,1,1,1,1,0,1
CUST100766,0,1,0,1,1,0,0,1,0,1,1,0,0,0
CUST104496,1,1,1,0,0,0,0,0,1,0,1,0,0,0
CUST104218,1,1,0,1,0,0,0,0,1,0,0,0,0,0
CUST103255,0,1,1,1,0,1,0,0,0,0,1,0,0,0
CUST100202,0,1,0,0,0,0,1,0,0,0,0,0,1,0
CUST103510,0,0,0,0,0,0,0,0,0,0,1,0,0,0
CUST101733,0,1,0,0,0,0,0,0,0,0,1,1,0,0
CUST102777,1,0,1,1,1,0,0,1,1,0,1,0,0,0
CUST101707,0,1,0,0,1,0,0,0,1,0,1,0,0,0
CUST103474,1,1,1,0,1,1,0,0,0,1,0,0,0,1
CUST100854,1,1,1,0,0,1,0,1,0,0,1,0,0,0
CUST104737,1,1,1,0,0,0,0,0,0,1,1,1,1,1
CUST104097,0,1,1,0,0,1,0,0,0,0,0,0,1,1
CUST102160,1,1,0,0,0,1,1,0,0,0,0,0,0,1
CUST100698,0,1,0,0,1,0,0,1,1,0,1,0,0,0
CUST104947,1,1,1,0,1,1,0,0,0,0,1,1,0,0
CUST102999,1,1,1,0,1,0,1,1,0,1,1,1,0,0
CUST103696,0,1,1,0,0,1,1,1,0,0,0,0,0,0
CUST101636,1,1,1,0,0,0,0,0,0,0,1,0,0,0
CUST103457,1,1,0,1,1,0,1,1,1,0,1,0,1,1
CUST103581,0,1,0,0,1,1,0,1,0,1,1,1,0,0
CUST101291,0,1,0,0,1,0,0,1,1,1,0,0,0,0
CUST104659,1,1,0,0,0,0,0,1,1,1,0,0,0,0
CUST101853,0,1,0,0,0,0,0,1,0,1,1,0,1,1
CUST103763,0,1,0,0,0,0,0,1,1,0,0,0,0,1
CUST103304,1,1,1,0,0,0,0,0,1,1,0,0,0,0
CUST104912,0,1,1,0,1,0,0,1,0,1,1,0,0,0
CUST103743,1,1,1,1,1,0,0,0,0,0,1,0,1,1
CUST103445,1,0,0,1,1,0,1,0,0,0,1,0,1,1
CUST101998,1,1,1,0,1,1,0,0,0,1,1,1,0,0
CUST100663,0,1,0,1,1,0,0,0,1,1,1,1,0,1
CUST104779,1,1,1,1,0,0,0,0,1,0,1,1,0,0
CUST103748,1,1,1,0,0,0,0,1,1,0,0,0,0,0
CUST104413,1,1,1,0,0,1,0,1,0,0,0,0,0,0
CUST104744,0,1,0,0,0,0,0,0,0,0,1,0,0,0
CUST100709,0,1,0,0,1,1,0,0,0,0,1,0,0,0
CUST101282,0,0,0,0,0,1,0,0,1,0,0,0,0,0
CUST102675,1,1,1,0,0,0,0,0,0,0,0,0,0,0
CUST104029,1,1,1,0,0,0,0,1,0,1,1,1,1,1
CUST101306,0,0,0,1,0,0,0,0,0,0,0,1,0,0
CUST102237,0,1,0,0,0,1,0,1,0,1,0,1,0,0
CUST103302,0,1,0,0,0,0,0,0,1,1,0,1,1,0
CUST102038,0,1,1,0,1,0,0,1,0,1,1,1,0,1
CUST101529,0,1,0,0,0,0,1,1,0,0,1,0,1,0
CUST101663,1,1,1,0,0,0,0,0,0,1,0,0,0,1
CUST104934,0,0,0,0,0,1,0,0,1,0,1,0,0,0
CUST104953,0,1,1,0,1,0,0,1,0,0,1,0,0,0
CUST103627,0,1,0,0,0,1,1,1,0,1,0,1,0,0
CUST102693,1,1,1,0,0,0,0,1,0,1,0,1,0,0
CUST103060,0,1,0,1,0,0,1,0,1,0,1,0,0,0
CUST101597,0,1,0,0,1,1,1,1,0,0,1,0,0,0
CUST102729,0,1,0,0,0,0,1,0,0,1,1,0,0,0
CUST102625,0,1,0,0,0,0,0,0,1,0,0,0,0,0
CUST103157,0,1,0,0,0,0,0,1,1,0,1,0,0,0
CUST103314,0,1,0,0,0,1,0,0,0,1,1,0,0,0
CUST101722,1,1,1,1,0,0,0,0,0,1,1,0,0,0
CUST101059,0,0,0,0,0,1,1,0,0,0,1,0,0,0
CUST104636,0,1,0,0,0,0,0,0,1,0,0,0,0,0
CUST103242,0,1,0,1,0,1,1,0,0,1,0,0,0,0
CUST101678,0,1,0,0,1,0,0,1,0,1,1,1,0,0
CUST101757,0,1,0,1,1,0,0,0,0,0,1,0,0,0
CUST104191,0,1,1,0,1,0,1,0,0,0,1,0,0,0
CUST100563,0,1,1,0,0,1,0,1,0,0,1,1,0,0
CUST102790,1,1,1,0,1,1,0,0,0,1,1,1,1,1
CUST100863,1,1,1,1,0,0,0,0,0,0,1,0,0,0
CUST101484,0,1,1,0,0,0,0,0,0,0,1,0,1,1
CUST100206,0,1,0,0,0,0,0,1,0,0,0,0,1,0
CUST104488,0,1,0,1,0,0,1,1,0,0,1,0,0,0
CUST100870,0,1,0,0,0,0,0,0,0,0,1,0,0,0
CUST104493,0,1,0,0,0,1,0,1,1,0,0,0,0,0
CUST100502,0,1,0,0,1,0,0,0,0,1,1,0,1,1
CUST101028,0,1,0,0,0,0,0,0,0,1,1,0,0,0
CUST103840,0,1,0,0,0,0,0,1,1,0,0,0,0,0
CUST102690,0,1,0,0,0,0,0,0,0,0,1,0,0,0
CUST101570,0,1,0,1,1,0,0,1,0,1,1,0,0,0
CUST102773,1,1,1,0,0,0,0,1,0,0,1,0,1,1
CUST102731,0,1,0,0,0,0,0,1,0,0,0,0,0,0
CUST100804,0,1,0,0,0,0,0,0,1,0,0,0,0,0
CUST103645,0,1,0,0,0,0,0,0,0,0,0,0,0,0
CUST102454,1,1,1,0,1,1,0,0,0,0,1,0,0,1
CUST104598,0,1,0,0,0,0,0,1,1,0,0,0,0,0
CUST103104,0,1,0,0,0,0,0,1,0,0,0,0,0,0
CUST104875,0,1,0,0,0,0,0,0,1,0,0,0,0,0
CUST100200,0,1,0,0,0,0,0,0,1,1,0,1,0,0
CUST103099,0,1,0,0,0,1,0,0,1,0,0,0,0,0
CUST102278,0,0,0,0,0,0,0,0,0,0,1,0,0,0
CUST103561,0,1,0,0,0,0,0,1,1,0,1,0,0,0
CUST104474,0,1,0,0,0,1,0,0,0,0,1,0,0,0
CUST104514,0,1,0,1,0,0,0,0,0,0,0,0,0,0
CUST100391,0,1,0,0,0,0,0,0,0,0,0,0,0,0
CUST101495,1,1,0,1,1,0,0,0,1,0,0,0,0,0
CUST102695,0,1,0,0,0,0,0,0,0,0,1,0,0,0
CUST102027,0,1,0,0,1,1,0,0,0,0,1,0,0,0
CUST102568,0,0,0,0,0,1,0,0,1,0,0,0,0,0
CUST100064,0,1,1,1,1,1,0,0,0,0,0,0,0,1
CUST103884,0,1,1,0,0,0,1,0,0,0,0,0,0,0
CUST102062,0,1,0,0,0,0,0,0,0,0,0,0,0,0
CUST100492,0,1,1,0,0,0,0,0,0,1,0,1,0,0
CUST100379,1,1,1,0,0,0,0,0,0,1,1,0,0,0
CUST104859,1,1,1,0,0,0,0,1,1,1,0,0,0,0
CUST103993,1,1,1,0,0,0,0,1,0,1,0,1,0,1
CUST104887,1,1,1,0,1,0,1,1,0,1,1,1,1,1
CUST101076,0,0,0,0,0,0,0,0,0,0,0,0,0,0
CUST100878,0,1,1,0,0,0,1,0,0,1,0,0,0,0
CUST100337,0,0,0,1,0,0,0,1,0,0,1,0,0,0
CUST101016,0,1,0,0,0,0,1,0,0,0,0,0,1,0
CUST101275,1,1,1,0,0,0,0,0,1,0,0,1,0,1
CUST103798,0,1,0,1,0,0,0,0,0,0,0,0,0,0
CUST104551,0,1,0,0,0,0,1,0,0,0,0,0,1,1
CUST103342,0,1,1,0,0,0,0,0,0,0,1,0,0,0
CUST104911,1,0,1,0,0,0,1,0,1,0,0,0,1,0
CUST100995,0,1,0,0,0,0,0,0,0,1,0,0,0,0
CUST101981,1,1,1,1,1,0,0,0,1,0,1,0,0,0
CUST104297,0,1,0,0,0,0,0,1,0,0,1,0,0,0
CUST100161,0,1,0,0,0,0,0,0,1,0,0,0,0,0
CUST104798,0,1,1,0,0,1,0,1,0,0,1,1,0,1
CUST101500,1,1,0,0,0,0,0,0,0,0,0,0,0,0
CUST103843,0,1,0,0,0,0,0,0,0,0,1,0,0,0
CUST102613,1,0,1,0,0,0,0,0,1,0,0,0,1,1
CUST103461,0,1,0,1,1,0,0,0,1,1,0,1,0,1
CUST101021,1,1,1,0,0,1,0,1,1,0,0,0,0,1
CUST103073,0,0,1,1,0,1,0,0,1,1,0,1,0,1
CUST103943,0,1,0,0,0,0,1,1,0,0,0,0,0,0
CUST101585,1,1,1,0,0,0,0,0,0,0,0,0,0,0
CUST101955,0,1,0,0,0,0,0,0,1,0,0,0,0,0
CUST103152,0,1,0,0,1,0,1,0,1,1,0,1,0,0
CUST100034,1,1,1,0,0,0,0,0,0,1,0,0,0,1
CUST104014,0,1,1,0,0,0,0,1,0,1,0,1,0,0
CUST100775,0,1,1,0,0,0,0,0,1,1,0,1,0,1
CUST102556,0,1,1,0,0,1,0,1,0,1,1,0,1,1
CUST101478,1,0,1,0,0,0,0,0,1,0,0,0,0,0
CUST101363,0,1,0,0,0,0,1,0,1,0,0,0,0,1
CUST102612,0,1,1,0,0,0,0,0,0,0,0,0,1,1
CUST102824,0,0,0,0,0,1,0,1,1,0,1,0,1,0
CUST102041,0,1,1,0,0,0,1,0,1,0,0,0,1,0
CUST100241,0,0,1,0,0,0,0,0,0,1,0,0,0,0
CUST102061,1,1,1,0,1,0,0,1,1,1,0,1,0,0
CUST102363,0,1,0,1,1,0,0,0,1,0,1,0,0,0
CUST100600,1,1,1,0,0,0,1,0,0,0,0,0,0,0
CUST102435,0,1,0,0,1,1,1,1,1,0,0,0,0,0
CUST102888,1,1,1,0,0,0,0,0,0,0,0,0,0,1
CUST100646,1,1,1,0,1,0,0,0,1,1,1,0,0,0
CUST103890,0,1,0,0,0,0,0,1,0,1,1,0,0,0
CUST103556,0,1,0,0,0,0,0,0,1,0,1,0,0,0
CUST103202,1,1,0,0,0,0,0,0,0,0,1,0,0,0
CUST101528,1,1,1,0,0,0,0,0,1,0,0,0,0,0
CUST101267,0,1,0,0,0,1,0,1,0,0,0,0,0,0
CUST101899,1,0,1,0,0,0,1,0,0,0,0,0,1,1
CUST104658,0,1,0,1,0,0,0,0,0,0,0,1,0,0
CUST103005,1,1,1,1,1,1,0,0,1,1,1,1,0,0
CUST102734,1,1,1,1,0,1,0,0,1,1,0,0,1,0
CUST100189,0,1,0,1,0,0,0,0,1,0,0,0,0,0
CUST101806,1,1,0,1,1,0,1,0,0,1,1,1,1,0
CUST100975,1,1,1,0,1,0,0,1,1,1,1,0,0,0
CUST102747,0,1,0,1,1,0,1,0,0,0,1,0,1,1
CUST102047,0,1,1,1,1,0,0,0,1,1,1,1,0,0
CUST102558,0,1,1,0,0,0,0,0,1,0,0,0,0,0
CUST101082,0,1,0,1,0,0,0,0,0,0,0,0,0,0
CUST100474,0,1,0,0,0,0,1,0,0,0,0,0,1,1
CUST102904,0,1,1,0,0,0,1,1,0,1,1,1,0,0
CUST104843,0,1,0,0,0,0,0,0,0,0,0,0,0,0
CUST104117,0,1,1,0,0,0,0,0,0,0,1,0,1,1
CUST103385,0,1,1,0,0,0,0,0,0,0,0,0,0,0
CUST104555,0,1,0,0,1,0,0,1,0,1,1,1,0,0
CUST101184,0,1,0,1,0,0,0,0,0,0,0,0,0,0
CUST102433,0,1,0,0,0,0,0,1,0,1,0,0,0,0
CUST102391,0,1,0,1,1,0,0,0,0,1,1,0,0,0
CUST100769,0,1,0,0,0,0,0,0,0,0,1,0,0,0
CUST101685,0,1,1,0,0,0,0,0,0,0,1,0,0,0
CUST100130,0,1,1,0,0,0,0,1,1,0,1,0,0,0
CUST102919,1,1,1,0,0,0,0,0,0,0,0,0,0,0
CUST103171,0,1,0,1,0,0,1,0,0,0,1,0,0,0
CUST103444,1,1,0,0,0,0,0,0,0,0,0,0,0,0
CUST104426,1,1,1,1,0,0,0,0,0,0,0,0,0,0
CUST100466,1,1,1,0,0,0,0,0,1,1,1,1,1,1
CUST103092,0,1,0,1,0,0,0,0,1,1,1,0,0,0
CUST103772,1,1,0,0,0,0,0,1,0,0,1,0,0,0
CUST100860,0,1,0,0,0,0,0,0,1,0,1,0,1,0
